original_index,timestamp,target,partition,No,year,month,day,hour,PM2.5,PM10,SO2,NO2,CO,O3,TEMP,PRES,DEWP,RAIN,wd,WSPM,station,pm25_min,pm25_max,pm25_median,pm25_variance,temperature_min,temperature_max,temperature_median,temperature_variance,feature_timestamp,future_pm25,target_timestamp
24,2013-03-02 11:00:00,0,train,36,2013,3,2,11,18.0,29.0,36.0,70.0,800.0,27.0,2.2,1028.2,-16.8,0.0,SSW,3.1,Aotizhongxin,3.0,24.0,9.5,35.43297101449274,-2.5,6.2,0.75,7.600851449275366,2013-03-02 11:00:00,96.0,2013-03-03 11:00:00
103,2013-03-05 18:00:00,1,train,115,2013,3,5,18,203.0,248.0,107.0,197.0,2500.0,53.0,9.0,1008.2,-5.7,0.0,NE,1.4,Aotizhongxin,31.0,203.0,112.5,2377.9130434782614,-0.6,13.8,8.5,23.588097826086965,2013-03-05 18:00:00,239.0,2013-03-06 18:00:00
109,2013-03-06 00:00:00,1,train,121,2013,3,6,0,284.0,315.0,133.0,174.0,4000.0,28.0,4.9,1008.5,-6.4,0.0,NE,1.2,Aotizhongxin,91.0,284.0,152.5,2662.021739130435,-0.6,13.8,5.15,23.664347826086964,2013-03-06 00:00:00,250.0,2013-03-07 00:00:00
145,2013-03-07 12:00:00,0,train,157,2013,3,7,12,255.0,311.0,154.0,201.0,4000.0,17.0,17.1,1001.6,-3.1,0.0,SSW,3.7,Aotizhongxin,201.0,320.0,247.0,699.4329710144887,-0.9,17.1,4.75,35.74085144927539,2013-03-07 12:00:00,104.0,2013-03-08 12:00:00
221,2013-03-10 16:00:00,0,train,233,2013,3,10,16,36.0,94.0,18.0,26.0,500.0,84.0,10.4,1018.3,-13.7,0.0,SW,4.1,Aotizhongxin,6.0,37.0,18.0,89.98369565226838,-2.1,11.4,5.449999999999999,23.82650362318834,2013-03-10 16:00:00,113.0,2013-03-11 16:00:00
239,2013-03-11 10:00:00,0,train,251,2013,3,11,10,141.0,205.0,102.0,97.0,2500.0,84.0,6.7,1016.0,-8.1,0.0,NNE,1.4,Aotizhongxin,28.0,141.0,75.5,1194.6503623189128,-2.3,11.4,6.2,24.56079710144921,2013-03-11 10:00:00,123.0,2013-03-12 10:00:00
348,2013-03-15 23:00:00,1,train,360,2013,3,15,23,353.0,430.0,77.0,138.0,3200.0,44.0,7.3,1015.5,0.7,0.0,NNE,1.5,Aotizhongxin,3.0,353.0,182.5,6380.389492753645,0.6,12.3,7.05,16.104347826086933,2013-03-15 23:00:00,210.0,2013-03-16 23:00:00
387,2013-03-17 14:00:00,0,train,399,2013,3,17,14,332.0,372.0,116.0,124.0,2700.0,94.0,15.9,997.5,3.7,0.0,S,1.5,Aotizhongxin,150.0,332.0,206.0,2672.1086956521876,4.2,15.9,9.25,11.85563405797105,2013-03-17 14:00:00,12.0,2013-03-18 14:00:00
431,2013-03-19 10:00:00,0,train,443,2013,3,19,10,51.0,66.0,30.0,48.0,700.0,24.0,3.0,1008.0,-2.9,0.0,NNE,1.9,Aotizhongxin,3.0,78.0,31.0,284.73731884063636,0.1,12.0,3.0,18.588532608695594,2013-03-19 10:00:00,24.0,2013-03-20 10:00:00
460,2013-03-20 15:00:00,1,train,472,2013,3,20,15,30.0,32.0,15.0,27.0,700.0,70.0,5.4,1015.5,-4.2,0.0,W,3.2,Aotizhongxin,23.0,68.0,39.0,168.68840579715427,-5.7,5.4,0.9,8.321086956521597,2013-03-20 15:00:00,187.0,2013-03-21 15:00:00
519,2013-03-23 02:00:00,0,train,531,2013,3,23,2,51.0,76.0,13.0,84.0,1300.0,2.0,2.0,1009.1,-2.7,0.0,SSW,0.9,Aotizhongxin,10.0,160.0,65.5,1505.1286231884353,2.0,10.0,7.35,7.973623188405763,2013-03-23 02:00:00,10.0,2013-03-24 02:00:00
564,2013-03-24 23:00:00,0,train,576,2013,3,24,23,55.0,108.0,29.0,78.0,,23.0,0.9,1015.8,-7.6,0.0,NW,0.4,Aotizhongxin,3.0,61.0,12.0,307.3894927536641,0.9,10.6,5.4,10.660271739130383,2013-03-24 23:00:00,100.0,2013-03-25 23:00:00
584,2013-03-25 19:00:00,1,train,596,2013,3,25,19,123.0,174.0,50.0,79.0,1200.0,61.0,8.9,1012.7,-6.5,0.0,SSW,2.9,Aotizhongxin,43.0,133.0,94.0,788.7807971014776,-1.1,10.8,4.75,19.25201086956516,2013-03-25 19:00:00,204.0,2013-03-26 19:00:00
701,2013-03-30 16:00:00,1,train,713,2013,3,30,16,95.0,123.0,49.0,46.0,900.0,72.0,10.0,1014.5,-0.5,0.0,SE,2.5,Aotizhongxin,57.0,109.0,78.0,199.43297101453803,2.5,10.9,5.85,8.910851449275397,2013-03-30 16:00:00,226.0,2013-03-31 16:00:00
702,2013-03-30 17:00:00,1,train,714,2013,3,30,17,88.0,110.0,47.0,50.0,800.0,70.0,9.0,1015.1,-0.3,0.0,SSE,2.4,Aotizhongxin,57.0,95.0,78.0,161.73188405801656,2.5,10.9,5.85,8.888405797101482,2013-03-30 17:00:00,228.0,2013-03-31 17:00:00
771,2013-04-02 14:00:00,1,train,783,2013,4,2,14,136.0,168.0,43.0,47.0,1399.0,107.0,17.7,1008.0,-0.6,0.0,SW,4.6,Aotizhongxin,3.0,162.0,30.0,3533.6938405797437,0.0,17.7,10.15,33.51998188405801,2013-04-02 14:00:00,208.0,2013-04-03 14:00:00
851,2013-04-05 22:00:00,0,train,863,2013,4,5,22,3.0,6.0,3.0,10.0,300.0,75.0,5.9,1018.1,-8.8,0.0,NE,2.0,Aotizhongxin,3.0,116.0,80.0,2144.7228260869947,5.9,13.4,7.5,7.382536231884094,2013-04-05 22:00:00,35.0,2013-04-06 22:00:00
892,2013-04-07 15:00:00,0,train,904,2013,4,7,15,116.0,135.0,74.0,70.0,1300.0,64.0,15.3,997.9,-2.7,0.0,W,0.8,Aotizhongxin,3.0,116.0,62.5,968.8405797101836,2.0,15.3,9.25,20.128405797101497,2013-04-07 15:00:00,15.0,2013-04-08 15:00:00
918,2013-04-08 17:00:00,0,train,930,2013,4,8,17,32.0,231.0,4.0,9.0,400.0,75.0,9.8,1008.4,-12.8,0.0,NNW,5.4,Aotizhongxin,13.0,99.0,33.5,809.3840579710544,5.2,12.3,9.95,4.103405797101495,2013-04-08 17:00:00,14.0,2013-04-09 17:00:00
954,2013-04-10 05:00:00,0,train,966,2013,4,10,5,10.0,27.0,10.0,34.0,400.0,52.0506,4.9,1015.8,-8.3,0.0,N,1.9,Aotizhongxin,4.0,18.0,12.0,6.998188405845246,3.2,11.5,7.4,6.509836956521777,2013-04-10 05:00:00,25.0,2013-04-11 05:00:00
968,2013-04-10 19:00:00,0,train,980,2013,4,10,19,11.0,24.0,3.0,29.0,500.0,63.189,8.7,1012.1,-11.3,0.0,N,1.5,Aotizhongxin,3.0,18.0,12.0,10.869565217439645,3.2,12.8,7.9,9.45536231884062,2013-04-10 19:00:00,5.0,2013-04-11 19:00:00
971,2013-04-10 22:00:00,0,train,983,2013,4,10,22,22.0,54.0,6.0,87.0,700.0,9.4248,2.7,1013.4,-3.2,0.0,S,0.6,Aotizhongxin,3.0,24.0,12.0,21.259057971062642,2.7,12.8,7.9,11.342826086956562,2013-04-10 22:00:00,56.0,2013-04-11 22:00:00
991,2013-04-11 18:00:00,0,train,1003,2013,4,11,18,17.0,23.0,4.0,17.0,400.0,84.8232,14.9,1010.7,-13.3,0.0,NNE,2.0,Aotizhongxin,4.0,36.0,20.0,74.85326086961132,2.1,18.1,8.8,35.35275362318846,2013-04-11 18:00:00,58.0,2013-04-12 18:00:00
1014,2013-04-12 17:00:00,0,train,1026,2013,4,12,17,65.0,168.0,35.0,52.0,,72.6138,21.6,1002.3,0.7,0.0,SSW,2.0,Aotizhongxin,4.0,65.0,49.0,245.78079710148907,3.3,22.6,10.8,49.09297101449284,2013-04-12 17:00:00,13.0,2013-04-13 17:00:00
1023,2013-04-13 02:00:00,0,train,1035,2013,4,13,2,88.0,203.0,47.0,78.0,800.0,7.0,9.9,997.5,5.9,0.0,ESE,0.9,Aotizhongxin,44.0,88.0,55.0,130.43297101452976,3.3,22.6,17.05,39.5591123188407,2013-04-13 02:00:00,8.0,2013-04-14 02:00:00
1041,2013-04-13 20:00:00,0,train,1053,2013,4,13,20,17.0,63.0,5.0,20.0,400.0,72.0,16.9,1003.4,-7.6,0.0,N,5.2,Aotizhongxin,10.0,154.0,75.5,1727.0416666667008,8.9,26.1,17.45,31.11693840579724,2013-04-13 20:00:00,57.0,2013-04-14 20:00:00
1088,2013-04-15 19:00:00,0,train,1100,2013,4,15,19,83.0,242.0,37.0,54.0,800.0,56.0,12.6,996.7,4.3,0.0,SE,2.6,Aotizhongxin,49.0,115.0,71.0,360.57971014496127,6.4,19.5,13.1,18.21326086956533,2013-04-15 19:00:00,41.0,2013-04-16 19:00:00
1096,2013-04-16 03:00:00,0,train,1108,2013,4,16,3,63.0,157.0,51.0,71.0,1399.0,,9.2,997.4,2.3,0.0,NE,1.0,Aotizhongxin,46.0,115.0,70.0,445.4619565217734,6.4,19.5,12.1,16.084764492753738,2013-04-16 03:00:00,35.0,2013-04-17 03:00:00
1117,2013-04-17 00:00:00,0,train,1129,2013,4,17,0,51.0,94.0,20.0,59.0,600.0,49.0,9.0,1007.6,1.2,0.0,SSW,2.0,Aotizhongxin,21.0,93.0,56.0,360.8623188406181,8.5,22.2,13.45,27.657318840579816,2013-04-17 00:00:00,12.0,2013-04-18 00:00:00
1143,2013-04-18 02:00:00,0,train,1155,2013,4,18,2,9.0,83.0,3.0,20.0,300.0,64.0,8.4,1015.7,-10.0,0.0,NNE,3.1,Aotizhongxin,8.0,74.0,43.0,286.20108695656376,8.4,17.1,12.25,8.940271739130518,2013-04-18 02:00:00,50.0,2013-04-19 02:00:00
1157,2013-04-18 16:00:00,0,train,1169,2013,4,18,16,10.0,20.0,5.0,19.0,300.0,86.0,14.9,1014.5,-13.3,0.0,ESE,2.4,Aotizhongxin,5.0,74.0,10.5,442.86775362323635,6.3,15.6,11.85,8.179112318840643,2013-04-18 16:00:00,52.0,2013-04-19 16:00:00
1196,2013-04-20 07:00:00,0,train,1208,2013,4,20,7,79.0,87.0,5.0,60.0,700.0,2.0,5.0,1017.9,2.4,0.0,W,0.8,Aotizhongxin,31.0,79.0,52.5,148.97826086960325,0.9,7.9,4.300000000000001,4.1573188405796255,2013-04-20 07:00:00,108.0,2013-04-21 07:00:00
1238,2013-04-22 01:00:00,0,train,1250,2013,4,22,1,107.0,140.0,22.0,56.0,700.0,,10.2,1009.7,4.3,0.0,SSW,1.4,Aotizhongxin,87.0,162.0,128.0,477.432971014499,4.2,17.6,13.399999999999999,20.151286231884097,2013-04-22 01:00:00,119.0,2013-04-23 01:00:00
1239,2013-04-22 02:00:00,0,train,1251,2013,4,22,2,127.0,160.0,21.0,55.0,700.0,,9.8,1009.7,4.0,0.0,SW,1.9,Aotizhongxin,87.0,162.0,128.5,471.91304347826696,4.2,17.6,13.399999999999999,18.49259057971019,2013-04-22 02:00:00,114.0,2013-04-23 02:00:00
1307,2013-04-24 22:00:00,0,train,1319,2013,4,24,22,9.0,32.0,3.0,14.0,300.0,72.0,13.8,1008.0,-2.6,0.0,NNW,1.2,Aotizhongxin,9.0,193.0,113.0,4890.7663043478215,6.3,24.1,15.350000000000001,39.80318840579719,2013-04-24 22:00:00,12.0,2013-04-25 22:00:00
1366,2013-04-27 09:00:00,0,train,1378,2013,4,27,9,56.0,108.0,45.0,88.0,1100.0,22.0,19.2,1007.0,-0.3,0.0,SSE,1.9,Aotizhongxin,32.0,92.0,79.5,310.4275362318786,9.3,24.3,18.6,21.868242753623324,2013-04-27 09:00:00,88.0,2013-04-28 09:00:00
1399,2013-04-28 18:00:00,0,train,1411,2013,4,28,18,94.0,150.0,51.0,86.0,1600.0,82.0,19.1,1004.5,0.1,0.0,NNE,1.2,Aotizhongxin,73.0,96.0,82.5,43.37499999999377,11.9,20.7,17.0,5.965217391304501,2013-04-28 18:00:00,13.0,2013-04-29 18:00:00
1463,2013-05-01 10:00:00,0,train,1475,2013,5,1,10,26.0,71.0,27.0,49.0,600.0,,21.4,1010.9,-0.6,0.0,SSE,0.9,Aotizhongxin,11.0,41.0,22.0,60.56340579709452,7.8,29.1,20.7,50.700579710145,2013-05-01 10:00:00,98.0,2013-05-02 10:00:00
1501,2013-05-03 00:00:00,0,train,1513,2013,5,3,0,69.0,85.0,44.0,47.0,500.0,62.0,16.6,1009.0,5.8,0.0,ESE,2.4,Aotizhongxin,38.0,166.0,83.5,777.2173913043418,14.0,24.2,18.85,11.686503623188516,2013-05-03 00:00:00,93.0,2013-05-04 00:00:00
1534,2013-05-04 09:00:00,0,train,1546,2013,5,4,9,130.0,152.0,53.0,48.0,800.0,55.0,19.1,1012.7,11.4,0.0,SSW,2.3,Aotizhongxin,50.0,195.0,86.0,1852.809782608687,12.9,22.6,18.35,8.939057971014641,2013-05-04 09:00:00,170.0,2013-05-05 09:00:00
1621,2013-05-08 00:00:00,0,train,1633,2013,5,8,0,174.0,233.0,75.0,66.0,1399.0,41.0,20.2,1008.8,12.4,0.0,S,0.9,Aotizhongxin,112.0,243.0,175.0,1164.0706521739073,15.9,29.4,24.5,20.855869565217287,2013-05-08 00:00:00,47.0,2013-05-09 00:00:00
1622,2013-05-08 01:00:00,0,train,1634,2013,5,8,1,203.0,254.0,87.0,65.0,1500.0,129.0,18.9,1008.5,13.3,0.0,SSE,0.5,Aotizhongxin,112.0,243.0,177.0,1175.9112318840519,15.9,29.4,24.5,20.131231884057865,2013-05-08 01:00:00,52.0,2013-05-09 01:00:00
1717,2013-05-12 00:00:00,0,train,1729,2013,5,12,0,51.0,78.0,11.0,72.0,300.0,22.0,16.5,992.5,2.5,0.0,ENE,0.0,Aotizhongxin,9.0,82.0,48.5,503.7971014492985,11.3,33.0,22.15,66.95592391304345,2013-05-12 00:00:00,45.0,2013-05-13 00:00:00
1767,2013-05-14 02:00:00,0,train,1779,2013,5,14,2,172.0,298.0,40.0,142.0,2899.0,2.0,17.0,999.7,7.6,0.0,N,1.1,Aotizhongxin,47.0,178.0,89.0,1575.8478260869656,14.9,27.5,20.55,17.666068840579793,2013-05-14 02:00:00,69.0,2013-05-15 02:00:00
1833,2013-05-16 20:00:00,0,train,1845,2013,5,16,20,70.0,141.0,30.0,54.0,1300.0,151.0,22.4,1008.9,12.1,0.0,SSE,2.4,Aotizhongxin,28.0,665.0,63.0,42039.01449275363,14.2,26.1,21.95,15.276938405797148,2013-05-16 20:00:00,116.0,2013-05-17 20:00:00
1852,2013-05-17 15:00:00,0,train,1864,2013,5,17,15,121.0,234.0,48.0,46.0,900.0,164.0,24.2,1003.9,13.1,0.0,SW,3.4,Aotizhongxin,28.0,128.0,86.0,532.949275362334,17.3,25.1,20.7,6.775000000000056,2013-05-17 15:00:00,80.0,2013-05-18 15:00:00
1888,2013-05-19 03:00:00,0,train,1900,2013,5,19,3,55.0,56.0,14.0,27.0,800.0,58.0,17.7,996.3,14.4,0.0,SW,1.4,Aotizhongxin,34.0,182.0,83.5,2599.9981884058147,17.7,23.8,20.4,4.875362318840656,2013-05-19 03:00:00,24.0,2013-05-20 03:00:00
1962,2013-05-22 05:00:00,0,train,1974,2013,5,22,5,58.0,142.0,34.0,120.0,,,15.5,1004.2,11.3,0.0,W,0.1,Aotizhongxin,52.0,146.0,102.0,679.6739130435005,15.5,28.1,22.45,17.914619565217368,2013-05-22 05:00:00,65.0,2013-05-23 05:00:00
1972,2013-05-22 15:00:00,0,train,1984,2013,5,22,15,70.0,160.0,51.0,28.0,,196.2072,27.0,1004.4,9.8,0.0,SSE,1.7,Aotizhongxin,52.0,146.0,82.5,674.8623188406029,15.5,28.3,22.95,18.871014492753574,2013-05-22 15:00:00,87.0,2013-05-23 15:00:00
2043,2013-05-25 14:00:00,0,train,2055,2013,5,25,14,95.0,115.0,72.0,41.0,1700.0,197.0,30.0,1002.9,12.4,0.0,SSW,2.4,Aotizhongxin,19.0,95.0,39.0,373.50543478263336,17.9,30.0,22.1,14.796449275362242,2013-05-25 14:00:00,136.0,2013-05-26 14:00:00
2123,2013-05-28 22:00:00,0,train,2135,2013,5,28,22,83.0,102.0,3.0,87.0,900.0,5.0,21.1,1002.5,5.4,0.0,N,4.7,Aotizhongxin,35.0,107.0,71.5,355.302536231906,17.8,22.7,19.0,2.2904347826088802,2013-05-28 22:00:00,33.0,2013-05-29 22:00:00
2152,2013-05-30 03:00:00,0,train,2164,2013,5,30,3,43.0,138.0,14.0,108.0,600.0,4.0,13.9,1002.9,8.7,0.0,ENE,0.6,Aotizhongxin,5.0,44.0,9.5,195.5634057971262,13.6,30.4,23.7,31.166884057970982,2013-05-30 03:00:00,47.0,2013-05-31 03:00:00
2180,2013-05-31 07:00:00,0,train,2192,2013,5,31,7,90.0,117.0,20.0,57.0,700.0,56.0,21.8,998.8,14.9,0.0,W,1.0,Aotizhongxin,38.0,107.0,59.0,285.3894927536457,18.4,33.7,26.85,26.492753623188,2013-05-31 07:00:00,134.0,2013-06-01 07:00:00
2201,2013-06-01 04:00:00,0,train,2213,2013,6,1,4,127.0,219.0,4.0,117.0,1000.0,2.0,18.4,999.9,17.2,0.0,NE,0.9,Aotizhongxin,62.0,135.0,114.5,246.25362318842744,18.2,29.3,24.45,13.92434782608684,2013-06-01 04:00:00,70.0,2013-06-02 04:00:00
2217,2013-06-01 20:00:00,0,train,2229,2013,6,1,20,20.0,79.0,3.0,31.0,300.0,96.0,24.8,1002.2,9.5,0.0,SSE,2.2,Aotizhongxin,3.0,139.0,104.5,2627.8478260869756,18.2,30.8,24.4,21.3518840579708,2013-06-01 20:00:00,121.0,2013-06-02 20:00:00
2241,2013-06-02 20:00:00,0,train,2253,2013,6,2,20,121.0,133.0,6.0,69.0,1000.0,112.0,22.9,997.7,18.4,0.0,NNE,1.2,Aotizhongxin,41.0,250.0,136.0,5695.471014492771,17.2,25.9,21.85,7.7867934782609805,2013-06-02 20:00:00,89.0,2013-06-03 20:00:00
2270,2013-06-04 01:00:00,0,train,2282,2013,6,4,1,135.0,311.0,22.0,228.0,2200.0,6.0,19.6,1002.6,17.6,0.0,E,0.6,Aotizhongxin,50.0,180.0,120.0,1884.949275362331,17.8,33.1,24.05,30.356231884057728,2013-06-04 01:00:00,74.0,2013-06-05 01:00:00
2392,2013-06-09 03:00:00,0,train,2404,2013,6,9,3,124.0,135.0,9.0,72.0,2299.0,8.0,19.8,1001.6,19.6,0.0,NE,0.6,Aotizhongxin,118.0,240.0,174.5,1690.6666666666779,19.4,20.4,19.9,0.06956521739179655,2013-06-09 03:00:00,14.0,2013-06-10 03:00:00
2405,2013-06-09 16:00:00,0,train,2417,2013,6,9,16,10.0,10.0,3.0,56.0,300.0,38.0,17.0,1006.4,16.2,0.4,NE,1.2,Aotizhongxin,3.0,195.0,109.5,6045.722826086984,16.9,20.1,19.45,1.6967391304353847,2013-06-09 16:00:00,16.0,2013-06-10 16:00:00
2419,2013-06-10 06:00:00,0,train,2431,2013,6,10,6,25.0,28.0,5.0,55.0,700.0,4.0,16.4,1008.6,16.4,0.0,NE,0.5,Aotizhongxin,3.0,58.0,13.0,133.73731884062693,15.8,18.8,16.75,0.47818840579789224,2013-06-10 06:00:00,68.0,2013-06-11 06:00:00
2465,2013-06-12 04:00:00,0,train,2477,2013,6,12,4,20.0,21.0,3.0,106.0,500.0,16.0,14.4,1002.8,13.9,0.0,E,0.4,Aotizhongxin,15.0,139.0,57.5,1280.956521739166,14.4,26.3,21.05,15.56666666666714,2013-06-12 04:00:00,92.0,2013-06-13 04:00:00
2535,2013-06-15 02:00:00,0,train,2547,2013,6,15,2,75.0,126.0,39.0,79.0,1300.0,66.0,20.8,1001.8,14.7,0.0,NNE,1.1,Aotizhongxin,70.0,153.0,111.0,613.9402173913213,20.8,30.3,25.9,11.055869565217249,2013-06-15 02:00:00,132.0,2013-06-16 02:00:00
2538,2013-06-15 05:00:00,0,train,2550,2013,6,15,5,63.0,103.0,22.0,105.0,800.0,8.0,19.3,1003.1,15.4,0.0,NNW,0.6,Aotizhongxin,63.0,153.0,111.0,617.4329710145096,19.3,30.3,25.9,13.954492753623077,2013-06-15 05:00:00,122.0,2013-06-16 05:00:00
2579,2013-06-16 22:00:00,0,train,2591,2013,6,16,22,198.0,129.0,21.0,75.0,1700.0,20.0,21.6,998.2,20.9,0.0,ENE,0.7,Aotizhongxin,118.0,218.0,173.0,898.5144927536196,21.1,25.5,22.25,1.158677536232036,2013-06-16 22:00:00,50.0,2013-06-17 22:00:00
2583,2013-06-17 02:00:00,0,train,2595,2013,6,17,2,92.0,92.0,10.0,43.0,900.0,44.0,21.2,997.5,19.3,0.0,ENE,0.7,Aotizhongxin,92.0,218.0,190.0,1122.0579710144889,21.1,23.4,21.85,0.5134601449277265,2013-06-17 02:00:00,60.0,2013-06-18 02:00:00
2646,2013-06-19 17:00:00,0,train,2658,2013,6,19,17,16.0,9.0,16.0,48.0,,,32.5,996.4,15.1,0.0,WSW,2.9,Aotizhongxin,3.0,111.0,56.0,1001.8188405797392,21.2,35.4,27.0,22.852155797101016,2013-06-19 17:00:00,53.0,2013-06-20 17:00:00
2665,2013-06-20 12:00:00,0,train,2677,2013,6,20,12,26.0,72.0,11.0,53.0,300.0,99.0,28.0,1002.1,21.8,0.0,W,0.6,Aotizhongxin,3.0,106.0,39.5,747.4329710145253,24.0,35.4,27.0,13.59722826086912,2013-06-20 12:00:00,64.0,2013-06-21 12:00:00
2667,2013-06-20 14:00:00,0,train,2679,2013,6,20,14,24.0,35.0,10.0,54.0,300.0,122.0,29.2,1002.0,19.2,0.0,W,0.9,Aotizhongxin,3.0,106.0,39.5,697.3913043478584,24.0,34.4,27.0,9.14978260869526,2013-06-20 14:00:00,21.0,2013-06-21 14:00:00
2678,2013-06-21 01:00:00,0,train,2690,2013,6,21,1,40.0,94.0,10.8528,98.7493,,,22.2,1004.0,19.6,0.0,ESE,0.2,Aotizhongxin,23.0,106.0,48.5,613.5199275362608,22.2,29.2,25.0,3.917391304347627,2013-06-21 01:00:00,38.0,2013-06-22 01:00:00
2695,2013-06-21 18:00:00,0,train,2707,2013,6,21,18,56.0,171.0,9.1392,64.2589,,106.6716,25.5,1002.7,19.6,0.0,SW,2.0,Aotizhongxin,21.0,115.0,56.0,610.5199275362594,21.2,30.6,25.05,7.936068840579536,2013-06-21 18:00:00,59.0,2013-06-22 18:00:00
2718,2013-06-22 17:00:00,0,train,2730,2013,6,22,17,34.0,49.0,0.8568,52.7621,,46.9098,22.2,1001.3,19.7,0.0,NNE,1.0,Aotizhongxin,16.0,94.0,42.0,408.4927536232199,20.5,25.5,21.6,2.7821557971015367,2013-06-22 17:00:00,57.0,2013-06-23 17:00:00
2723,2013-06-22 22:00:00,0,train,2735,2013,6,22,22,48.0,52.0,2.2848,93.8221,,,20.4,1002.2,19.4,0.0,WNW,0.6,Aotizhongxin,20.0,94.0,45.0,344.56340579713225,20.4,23.4,21.15,0.6433152173914606,2013-06-22 22:00:00,61.0,2013-06-23 22:00:00
2753,2013-06-24 04:00:00,0,train,2765,2013,6,24,4,40.0,53.0,4.8552,54.4045,,55.2636,20.9,997.2,19.2,0.0,N,1.2,Aotizhongxin,29.0,83.0,57.0,222.75362318843477,20.3,31.2,26.450000000000003,12.996938405796811,2013-06-24 04:00:00,69.0,2013-06-25 04:00:00
2828,2013-06-27 07:00:00,1,train,2840,2013,6,27,7,69.0,105.0,8.2824,55.8416,,26.1324,25.3,993.4,20.5,0.0,ENE,1.3,Aotizhongxin,48.0,247.0,126.0,3688.2590579710172,22.6,31.2,26.450000000000003,8.681449275362079,2013-06-27 07:00:00,279.0,2013-06-28 07:00:00
2899,2013-06-30 06:00:00,0,train,2911,2013,6,30,6,194.0,181.0,40.0,70.0,3000.0,2.0,23.3,999.8,22.5,0.0,WSW,0.5,Aotizhongxin,65.0,194.0,147.0,1624.5199275361933,21.9,25.0,22.9,0.9547644927538346,2013-06-30 06:00:00,162.0,2013-07-01 06:00:00
2941,2013-07-02 00:00:00,0,train,2953,2013,7,2,0,37.0,37.0,8.0,66.0,2399.0,4.0,21.1,989.9,20.8,10.1,NE,2.7,Aotizhongxin,37.0,245.0,173.0,2856.4057971014017,21.1,27.8,24.6,2.123025362318867,2013-07-02 00:00:00,21.0,2013-07-03 00:00:00
2946,2013-07-02 05:00:00,0,train,2958,2013,7,2,5,11.0,11.0,3.0,23.0,200.0,69.0,21.8,989.4,18.2,0.0,NE,1.8,Aotizhongxin,9.0,225.0,169.5,6336.128623188373,20.9,27.8,24.6,4.373460144927648,2013-07-02 05:00:00,35.0,2013-07-03 05:00:00
2985,2013-07-03 20:00:00,0,train,2997,2013,7,3,20,23.0,47.0,8.0,81.0,600.0,72.0,26.6,990.2,21.4,0.0,N,0.0,Aotizhongxin,8.0,46.0,23.5,95.55797101450638,21.9,36.8,28.55,25.414130434781974,2013-07-03 20:00:00,21.0,2013-07-04 20:00:00
3001,2013-07-04 12:00:00,0,train,3013,2013,7,4,12,23.0,37.0,18.0,43.0,400.0,105.0,35.7,988.0,17.4,0.0,ESE,1.0,Aotizhongxin,8.0,46.0,23.0,93.9547101449414,23.5,36.8,27.6,23.773894927535633,2013-07-04 12:00:00,14.0,2013-07-05 12:00:00
3016,2013-07-05 03:00:00,0,train,3028,2013,7,5,3,17.0,28.0,3.0,51.0,200.0,28.0,21.0,991.1,19.6,0.0,NE,0.8,Aotizhongxin,14.0,28.0,19.0,12.737318840595389,21.0,37.2,24.05,33.14927536231842,2013-07-05 03:00:00,33.0,2013-07-06 03:00:00
3035,2013-07-05 22:00:00,0,train,3047,2013,7,5,22,31.0,79.0,5.0,66.0,700.0,90.0,29.1,995.1,19.7,0.0,WSW,1.7,Aotizhongxin,10.0,31.0,20.0,28.08695652175488,20.6,36.2,30.35,31.84954710144873,2013-07-05 22:00:00,70.0,2013-07-06 22:00:00
3082,2013-07-07 21:00:00,0,train,3094,2013,7,7,21,160.0,190.0,12.0,45.0,1399.0,160.0,28.0,994.6,25.6,0.0,SSW,0.6,Aotizhongxin,20.0,160.0,69.0,1869.0271739130349,21.4,31.8,27.3,16.503188405796795,2013-07-07 21:00:00,152.0,2013-07-08 21:00:00
3180,2013-07-11 23:00:00,0,train,3192,2013,7,11,23,49.0,82.0,4.284,59.537,,33.4152,23.1,1000.5,21.2,0.0,SW,1.3,Aotizhongxin,22.0,51.0,36.0,67.64492753624906,21.8,28.8,24.5,4.6921739130434466,2013-07-11 23:00:00,130.0,2013-07-12 23:00:00
3186,2013-07-12 05:00:00,0,train,3198,2013,7,12,5,51.0,84.0,5.712,75.1398,,,20.9,1001.2,20.4,0.0,NE,1.0,Aotizhongxin,25.0,62.0,38.5,121.81884057972289,20.6,28.8,24.5,5.756358695652153,2013-07-12 05:00:00,140.0,2013-07-13 05:00:00
3200,2013-07-12 19:00:00,0,train,3212,2013,7,12,19,42.0,55.0,3.0,35.0,700.0,113.0,27.7,1000.0,23.5,0.0,SSW,2.3,Aotizhongxin,38.0,80.0,55.5,124.21557971014934,20.6,32.1,25.549999999999997,17.073840579709987,2013-07-12 19:00:00,76.0,2013-07-13 19:00:00
3205,2013-07-13 00:00:00,0,train,3217,2013,7,13,0,126.0,106.0,12.0,41.0,800.0,75.0,25.4,1001.1,23.3,0.0,SSW,0.8,Aotizhongxin,42.0,137.0,61.0,796.7373188405763,20.6,32.1,26.85,15.153315217391107,2013-07-13 00:00:00,167.0,2013-07-14 00:00:00
3215,2013-07-13 10:00:00,0,train,3227,2013,7,13,10,185.0,129.0,11.0,55.0,1100.0,83.0,27.7,1002.3,24.3,0.0,NE,1.0,Aotizhongxin,42.0,185.0,128.0,1970.5634057970794,25.0,32.1,27.25,6.220851449275103,2013-07-13 10:00:00,110.0,2013-07-14 10:00:00
3239,2013-07-14 10:00:00,0,train,3251,2013,7,14,10,110.0,80.0,31.0,45.0,700.0,52.0,28.1,1003.5,22.6,0.0,NE,1.4,Aotizhongxin,76.0,179.0,119.5,1017.0652173912738,24.6,31.9,27.549999999999997,4.818188405796841,2013-07-14 10:00:00,34.0,2013-07-15 10:00:00
3259,2013-07-15 06:00:00,0,train,3271,2013,7,15,6,64.0,26.0,5.0,42.0,1800.0,2.0,22.9,996.1,22.7,9.8,NE,1.0,Aotizhongxin,51.0,171.0,71.5,997.5199275362196,22.6,31.2,25.5,9.504927536231701,2013-07-15 06:00:00,14.0,2013-07-16 06:00:00
3272,2013-07-15 19:00:00,0,train,3284,2013,7,15,19,49.0,35.0,3.0,73.0,1000.0,2.0,24.1,990.7,23.9,0.1,N,0.0,Aotizhongxin,20.0,85.0,51.0,286.07971014493023,22.6,25.5,23.65,0.9788405797100806,2013-07-15 19:00:00,12.0,2013-07-16 19:00:00
3278,2013-07-16 01:00:00,0,train,3290,2013,7,16,1,56.0,45.0,5.0,56.0,1200.0,2.0,23.2,990.3,23.2,0.1,NW,0.5,Aotizhongxin,20.0,72.0,48.5,179.90579710145386,22.6,25.5,23.75,0.7825362318839927,2013-07-16 01:00:00,36.0,2013-07-17 01:00:00
3300,2013-07-16 23:00:00,0,train,3312,2013,7,16,23,42.0,122.0,5.0,120.0,800.0,2.0,20.9,999.0,19.0,0.0,N,0.0,Aotizhongxin,5.0,58.0,11.0,395.7807971014651,20.9,34.3,25.5,21.41346014492732,2013-07-16 23:00:00,47.0,2013-07-17 23:00:00
3314,2013-07-17 13:00:00,1,train,3326,2013,7,17,13,69.0,107.0,25.0,70.0,700.0,181.0,32.4,999.3,19.3,0.0,SSW,3.3,Aotizhongxin,6.0,69.0,29.0,334.9981884058098,19.8,34.3,24.7,28.21259057970997,2013-07-17 13:00:00,192.0,2013-07-18 13:00:00
3411,2013-07-21 14:00:00,0,train,3423,2013,7,21,14,81.0,89.0,12.0,31.0,800.0,153.0,30.6,998.5,21.9,0.0,WSW,3.5,Aotizhongxin,9.0,128.0,83.0,1242.666666666644,23.6,34.2,26.7,7.599057971014262,2013-07-21 14:00:00,60.0,2013-07-22 14:00:00
3500,2013-07-25 07:00:00,0,train,3512,2013,7,25,7,11.0,27.0,5.0,39.0,200.0,7.0,26.9,996.8,19.5,0.0,NE,2.1,Aotizhongxin,8.0,52.0,17.5,114.42753623187501,22.6,37.9,27.65,34.8504166666663,2013-07-25 07:00:00,42.0,2013-07-26 07:00:00
3508,2013-07-25 15:00:00,0,train,3520,2013,7,25,15,23.0,42.0,7.0,26.0,300.0,192.0,35.7,994.3,18.3,0.0,SW,2.2,Aotizhongxin,11.0,27.0,19.0,16.418478260860876,22.6,37.6,27.65,28.517318840579353,2013-07-25 15:00:00,79.0,2013-07-26 15:00:00
3519,2013-07-26 02:00:00,0,train,3531,2013,7,26,2,34.0,79.0,17.0,56.0,400.0,6.0,25.9,997.4,20.7,0.0,E,0.9,Aotizhongxin,11.0,77.0,22.5,418.67934782607443,22.9,36.0,29.5,20.10302536231847,2013-07-26 02:00:00,91.0,2013-07-27 02:00:00
3520,2013-07-26 03:00:00,0,train,3532,2013,7,26,3,27.0,57.0,23.0,53.0,400.0,12.0,26.1,997.7,20.7,0.0,NNE,1.5,Aotizhongxin,11.0,77.0,23.0,410.0217391304222,22.9,36.0,29.5,18.7376086956518,2013-07-26 03:00:00,91.0,2013-07-27 03:00:00
3528,2013-07-26 11:00:00,0,train,3540,2013,7,26,11,49.0,105.0,55.0,65.0,2000.0,22.0,23.8,999.1,22.4,0.8,ENE,1.7,Aotizhongxin,19.0,77.0,41.0,282.4764492753479,23.8,36.0,27.1,18.47722826086921,2013-07-26 11:00:00,90.0,2013-07-27 11:00:00
3543,2013-07-27 02:00:00,0,train,3555,2013,7,27,2,91.0,78.0,8.0,62.0,1100.0,2.0,24.4,996.2,22.3,0.0,NE,1.1,Aotizhongxin,27.0,91.0,58.0,365.9112318840394,23.3,26.7,25.0,0.8136231884055197,2013-07-27 02:00:00,148.0,2013-07-28 02:00:00
3582,2013-07-28 17:00:00,0,train,3594,2013,7,28,17,50.0,75.0,10.0,38.0,400.0,181.0,34.6,993.5,23.3,0.0,SW,2.2,Aotizhongxin,46.0,149.0,91.0,1835.413043478233,22.0,37.1,25.0,29.342010869564987,2013-07-28 17:00:00,52.0,2013-07-29 17:00:00
3597,2013-07-29 08:00:00,0,train,3609,2013,7,29,8,46.0,73.0,6.0,50.0,800.0,29.0,28.2,995.2,24.0,0.0,NE,1.2,Aotizhongxin,29.0,70.0,46.0,106.23188405795679,26.1,37.1,29.950000000000003,13.863894927536004,2013-07-29 08:00:00,157.0,2013-07-30 08:00:00
3751,2013-08-04 18:00:00,0,train,3763,2013,8,4,18,64.0,120.0,8.0,29.0,,156.5802,30.4,992.0,25.7,0.0,WSW,2.1,Aotizhongxin,33.0,110.0,79.0,629.8532608695442,23.0,34.0,27.700000000000003,14.093025362318496,2013-08-04 18:00:00,61.0,2013-08-05 18:00:00
3762,2013-08-05 05:00:00,0,train,3774,2013,8,5,5,50.0,6.0,3.0,42.0,300.0,18.0,19.7,992.7,19.5,0.0,N,0.2,Aotizhongxin,6.0,146.0,65.0,1367.6739130434582,19.7,34.0,24.55,28.90998188405754,2013-08-05 05:00:00,88.0,2013-08-06 05:00:00
3814,2013-08-07 09:00:00,0,train,3826,2013,8,7,9,29.0,30.0,3.0,49.0,500.0,55.0,28.5,997.6,23.6,0.0,N,1.0,Aotizhongxin,26.0,220.0,148.0,4729.065217391281,24.1,34.4,29.7,12.940851449275101,2013-08-07 09:00:00,24.0,2013-08-08 09:00:00
3824,2013-08-07 19:00:00,0,train,3836,2013,8,7,19,16.0,33.0,6.0,43.0,,12.6378,22.5,995.8,20.8,0.0,N,1.2,Aotizhongxin,15.0,220.0,33.0,4612.427536231864,22.4,31.0,25.55,7.143405797101142,2013-08-07 19:00:00,40.0,2013-08-08 19:00:00
3914,2013-08-11 13:00:00,0,train,3926,2013,8,11,13,260.0,262.0,5.0,51.0,,115.4538,30.8,998.9,27.2,1.1,SSE,1.1,Aotizhongxin,86.0,260.0,135.0,3818.2608695651807,26.1,35.2,29.450000000000003,7.612010869565077,2013-08-11 13:00:00,28.0,2013-08-12 13:00:00
3949,2013-08-13 00:00:00,0,train,3961,2013,8,13,0,94.0,95.0,4.0,64.0,800.0,43.0,25.7,1000.0,23.7,0.0,WSW,1.0,Aotizhongxin,28.0,94.0,48.0,246.47644927534674,23.6,30.6,27.25,5.672101449275122,2013-08-13 00:00:00,29.0,2013-08-14 00:00:00
3976,2013-08-14 03:00:00,0,train,3988,2013,8,14,3,40.0,57.0,3.0,116.0,700.0,4.0,25.0,998.2,23.1,0.0,NE,0.5,Aotizhongxin,29.0,108.0,83.0,559.9112318840358,24.9,32.5,28.45,6.713260869565001,2013-08-14 03:00:00,80.0,2013-08-15 03:00:00
3993,2013-08-14 20:00:00,0,train,4005,2013,8,14,20,91.0,113.0,6.0,47.0,700.0,139.0,29.8,998.5,26.2,0.0,SSW,1.6,Aotizhongxin,29.0,108.0,62.0,529.9927536231695,23.9,33.7,29.1,10.034184782608493,2013-08-14 20:00:00,177.0,2013-08-15 20:00:00
4033,2013-08-16 12:00:00,0,train,4045,2013,8,16,12,127.0,169.0,8.0,43.0,1000.0,65.0,32.5,991.0,27.3,0.0,SW,0.8,Aotizhongxin,47.0,206.0,118.5,2504.7373188405454,27.1,33.2,29.25,4.096068840579528,2013-08-16 12:00:00,32.0,2013-08-17 12:00:00
4073,2013-08-18 04:00:00,0,train,4085,2013,8,18,4,4.0,18.0,6.0,33.0,200.0,15.0,22.5,1002.3,16.8,0.0,ENE,0.2,Aotizhongxin,4.0,32.0,17.5,53.992753623178594,22.5,36.3,29.1,21.253025362318652,2013-08-18 04:00:00,23.0,2013-08-19 04:00:00
4091,2013-08-18 22:00:00,0,train,4103,2013,8,18,22,25.0,58.0,6.0,70.0,500.0,94.0,24.0,1004.3,20.3,0.0,N,0.5,Aotizhongxin,3.0,25.0,12.5,39.884057971006065,22.5,35.0,28.1,19.820579710144663,2013-08-18 22:00:00,27.0,2013-08-19 22:00:00
4106,2013-08-19 13:00:00,0,train,4118,2013,8,19,13,18.0,29.0,5.0,33.0,400.0,121.0,34.1,1004.3,10.7,0.0,SSW,1.1,Aotizhongxin,3.0,34.0,19.5,54.070652173902765,20.7,35.0,27.4,26.908405797101093,2013-08-19 13:00:00,135.0,2013-08-20 13:00:00
4176,2013-08-22 11:00:00,0,train,4188,2013,8,22,11,127.0,142.0,6.0,89.0,,12.852,24.3,1003.7,21.6,0.1,ENE,1.1,Aotizhongxin,47.0,133.0,111.0,643.4710144927233,21.4,30.5,24.1,9.824764492753062,2013-08-22 11:00:00,62.0,2013-08-23 11:00:00
4312,2013-08-28 03:00:00,0,train,4324,2013,8,28,3,23.0,36.0,6.0,51.0,600.0,20.0,22.3,995.5,21.5,0.7,SSE,1.4,Aotizhongxin,21.0,88.0,51.0,431.36231884056303,22.3,26.4,23.75,1.4143297101441927,2013-08-28 03:00:00,95.0,2013-08-29 03:00:00
4426,2013-09-01 21:00:00,0,train,4438,2013,9,1,21,58.0,112.0,9.0,63.0,800.0,110.0,21.4,1009.4,16.6,0.0,W,0.8,Aotizhongxin,15.0,62.0,38.5,142.69384057969881,16.6,30.2,22.75,20.884619565216536,2013-09-01 21:00:00,88.0,2013-09-02 21:00:00
4465,2013-09-03 12:00:00,0,train,4477,2013,9,3,12,78.0,124.0,11.0,38.0,900.0,111.0,27.3,1010.4,18.0,0.0,NNE,1.3,Aotizhongxin,39.0,123.0,74.0,553.8840579709937,18.8,28.6,22.0,12.847536231883144,2013-09-03 12:00:00,34.0,2013-09-04 12:00:00
4475,2013-09-03 22:00:00,0,train,4487,2013,9,3,22,98.0,149.0,17.0,53.0,800.0,95.0,24.1,1010.7,18.7,0.0,S,1.0,Aotizhongxin,59.0,123.0,93.5,374.28804347823603,18.8,28.5,24.200000000000003,11.986884057970183,2013-09-03 22:00:00,79.0,2013-09-04 22:00:00
4479,2013-09-04 02:00:00,0,train,4491,2013,9,4,2,146.0,151.0,14.0,61.0,1000.0,26.0,20.8,1010.8,19.1,0.0,NNE,2.6,Aotizhongxin,59.0,146.0,99.5,573.3260869564951,18.8,28.5,24.200000000000003,9.560416666665912,2013-09-04 02:00:00,21.0,2013-09-05 02:00:00
4575,2013-09-08 02:00:00,0,train,4587,2013,9,8,2,100.0,203.0,15.0,95.0,1200.0,1.0,18.9,1011.5,16.5,0.0,NNE,1.1,Aotizhongxin,8.0,129.0,89.5,1204.3025362318633,17.8,29.1,20.6,15.812155797100491,2013-09-08 02:00:00,30.0,2013-09-09 02:00:00
4601,2013-09-09 04:00:00,0,train,4613,2013,9,9,4,54.0,52.0,5.0,49.0,500.0,46.0,18.7,1008.2,17.9,0.0,ESE,0.7,Aotizhongxin,21.0,165.0,70.5,1970.3025362318626,18.2,24.7,20.55,5.619927536230614,2013-09-09 04:00:00,93.0,2013-09-10 04:00:00
4670,2013-09-12 01:00:00,0,train,4682,2013,9,12,1,102.0,152.0,16.0,94.0,1000.0,36.0,18.3,1007.9,16.8,0.0,N,0.4,Aotizhongxin,16.0,102.0,71.5,948.0416666666478,13.6,28.8,23.25,26.17297101449177,2013-09-12 01:00:00,90.0,2013-09-13 01:00:00
4707,2013-09-13 14:00:00,0,train,4719,2013,9,13,14,102.0,118.0,4.0,78.0,1100.0,1.0,20.3,998.9,19.0,0.0,NNE,1.4,Aotizhongxin,39.0,224.0,81.0,3472.9492753622903,17.8,25.2,19.6,4.6321014492739065,2013-09-13 14:00:00,15.0,2013-09-14 14:00:00
4712,2013-09-13 19:00:00,0,train,4724,2013,9,13,19,157.0,219.0,5.0,72.0,1900.0,1.0,19.8,1001.8,19.3,0.0,NNE,2.6,Aotizhongxin,39.0,224.0,81.0,2842.4565217391028,17.8,22.3,19.6,1.1892753623171821,2013-09-13 19:00:00,15.0,2013-09-14 19:00:00
4909,2013-09-22 00:00:00,0,train,4921,2013,9,22,0,32.0,64.0,6.0,63.0,400.0,26.0,19.0,1010.2,16.8,0.0,N,0.7,Aotizhongxin,21.0,67.0,35.0,173.29710144924874,17.5,28.9,21.85,15.053749999999031,2013-09-22 00:00:00,143.0,2013-09-23 00:00:00
4919,2013-09-22 10:00:00,0,train,4931,2013,9,22,10,86.0,138.0,10.0,68.0,1400.0,1.0,21.7,1010.2,17.5,0.0,ENE,1.2,Aotizhongxin,26.0,86.0,44.0,249.67934782605928,18.6,28.9,21.0,14.33913043478156,2013-09-22 10:00:00,13.0,2013-09-23 10:00:00
4992,2013-09-25 11:00:00,0,train,5004,2013,9,25,11,16.0,39.0,11.0,55.0,500.0,16.0,23.0,1015.9,-0.5,0.0,WNW,1.1,Aotizhongxin,3.0,26.0,10.0,53.30434782607177,6.3,23.0,12.9,36.59818840579465,2013-09-25 11:00:00,37.0,2013-09-26 11:00:00
5059,2013-09-28 06:00:00,1,train,5071,2013,9,28,6,212.0,231.0,14.0,83.0,1100.0,2.0,12.7,1005.6,12.5,0.0,NNE,0.8,Aotizhongxin,76.0,278.0,209.0,3225.6739130434335,12.0,24.6,15.75,18.81304347825886,2013-09-28 06:00:00,263.0,2013-09-29 06:00:00
5113,2013-09-30 12:00:00,0,train,5125,2013,9,30,12,146.0,128.0,32.0,83.0,1400.0,21.0,21.1,1012.8,17.1,0.0,S,1.3,Aotizhongxin,87.0,239.0,178.0,1650.4764492753054,16.4,21.1,17.75,1.7477536231865978,2013-09-30 12:00:00,5.0,2013-10-01 12:00:00
5179,2013-10-03 06:00:00,0,train,5191,2013,10,3,6,23.0,35.0,5.0,49.0,300.0,3.0,9.2,1014.4,8.3,0.0,N,0.6,Aotizhongxin,4.0,58.0,16.0,236.97826086950408,8.8,23.7,17.85,30.707173913041252,2013-10-03 06:00:00,68.0,2013-10-04 06:00:00
5230,2013-10-05 09:00:00,1,train,5242,2013,10,5,9,267.0,294.0,31.0,78.0,2100.0,6.0,18.3,1015.1,13.8,0.0,ENE,1.3,Aotizhongxin,97.0,349.0,237.0,4756.94927536226,13.7,22.1,16.35,8.868967391302352,2013-10-05 09:00:00,261.0,2013-10-06 09:00:00
5257,2013-10-06 12:00:00,0,train,5269,2013,10,6,12,174.0,116.0,49.0,74.0,2000.0,16.0,20.1,1016.9,15.5,0.0,ESE,2.2,Aotizhongxin,174.0,355.0,279.5,1832.4275362318253,13.3,23.3,15.8,9.780271739128393,2013-10-06 12:00:00,24.0,2013-10-07 12:00:00
5320,2013-10-09 03:00:00,0,train,5332,2013,10,9,3,120.0,198.0,39.0,97.0,1400.0,5.0,11.9,1006.5,11.3,0.0,NE,0.8,Aotizhongxin,24.0,120.0,61.5,782.4329710144204,11.9,21.6,16.8,11.47710144927331,2013-10-09 03:00:00,162.0,2013-10-10 03:00:00
5442,2013-10-14 05:00:00,0,train,5454,2013,10,14,5,64.0,64.0,5.1408,52.0,700.0,1.0,12.5,1016.6,11.9,0.0,NW,1.1,Aotizhongxin,19.0,87.0,61.5,424.73731884050585,12.5,16.3,14.35,1.5434601449251024,2013-10-14 05:00:00,7.0,2013-10-15 05:00:00
5447,2013-10-14 10:00:00,0,train,5459,2013,10,14,10,14.0,14.0,2.856,40.0,300.0,10.0,15.4,1021.9,0.8,0.0,NNE,2.4,Aotizhongxin,14.0,87.0,61.5,367.0851449274624,12.4,16.3,13.649999999999999,1.7060144927511616,2013-10-14 10:00:00,10.0,2013-10-15 10:00:00
5457,2013-10-14 20:00:00,0,train,5469,2013,10,14,20,13.0,18.0,2.2848,68.0,500.0,1.0,6.2,1026.9,4.4,0.0,WNW,0.5,Aotizhongxin,3.0,87.0,30.5,972.2536231883323,6.2,15.8,13.4,6.4891123188379245,2013-10-14 20:00:00,33.0,2013-10-15 20:00:00
5588,2013-10-20 07:00:00,0,train,5600,2013,10,20,7,21.0,52.0,4.0,58.0,400.0,1.0,7.7,1021.5,3.7,0.0,NNE,0.9,Aotizhongxin,3.0,25.0,12.5,59.041666666572894,4.3,18.8,12.45,29.603695652170977,2013-10-20 07:00:00,86.0,2013-10-21 07:00:00
5611,2013-10-21 06:00:00,0,train,5623,2013,10,21,6,89.0,145.0,14.0,72.0,1100.0,1.0,7.0,1017.6,4.5,0.0,NE,1.2,Aotizhongxin,3.0,116.0,30.5,1010.853260869474,5.8,19.6,10.3,25.36166666666386,2013-10-21 06:00:00,164.0,2013-10-22 06:00:00
5622,2013-10-21 17:00:00,0,train,5634,2013,10,21,17,71.0,88.0,28.0,53.7886,,68.544,13.9,1016.4,4.2,0.0,SSW,1.0,Aotizhongxin,27.0,116.0,68.5,630.519927536144,5.8,18.6,10.3,20.07362318840291,2013-10-21 17:00:00,134.0,2013-10-22 17:00:00
5665,2013-10-23 12:00:00,0,train,5677,2013,10,23,12,16.0,56.0,12.0,20.0,300.0,50.0,15.5,1014.8,-8.1,0.0,SW,2.7,Aotizhongxin,16.0,147.0,53.5,2021.650362318754,3.0,17.0,9.8,22.159057971011386,2013-10-23 12:00:00,11.0,2013-10-24 12:00:00
5754,2013-10-27 05:00:00,1,train,5766,2013,10,27,5,111.0,163.0,16.0,82.0,1300.0,1.0,3.9,1013.0,2.3,0.0,NE,0.7,Aotizhongxin,32.0,151.0,60.0,1710.8242753622342,2.1,17.5,6.6,26.81101449275035,2013-10-27 05:00:00,244.0,2013-10-28 05:00:00
5818,2013-10-29 21:00:00,0,train,5830,2013,10,29,21,50.0,123.0,12.0,92.0,1000.0,1.0,4.4,1023.2,0.5,0.0,SSW,0.5,Aotizhongxin,3.0,352.0,18.0,12265.101449275293,4.4,17.4,9.850000000000001,15.440271739127438,2013-10-29 21:00:00,155.0,2013-10-30 21:00:00
5819,2013-10-29 22:00:00,0,train,5831,2013,10,29,22,50.0,121.0,12.0,91.0,1000.0,1.0,4.0,1023.1,1.0,0.0,E,0.6,Aotizhongxin,3.0,341.0,18.0,8427.731884057901,4.0,17.4,9.850000000000001,17.05041666666364,2013-10-29 22:00:00,130.0,2013-10-30 22:00:00
5856,2013-10-31 11:00:00,0,train,5868,2013,10,31,11,117.0,119.0,16.0,80.0,1300.0,2.0,12.8,1021.5,3.7,0.0,ENE,1.1,Aotizhongxin,32.0,161.0,118.0,1062.6793478260186,2.7,15.3,6.15,17.925797101445845,2013-10-31 11:00:00,152.0,2013-11-01 11:00:00
5877,2013-11-01 08:00:00,0,train,5889,2013,11,1,8,151.0,156.0,13.0,86.0,1600.0,,7.4,1022.4,4.5,0.0,NE,0.9,Aotizhongxin,117.0,247.0,174.5,1801.6068840579057,4.3,14.3,6.699999999999999,13.685434782605292,2013-11-01 08:00:00,182.0,2013-11-02 08:00:00
5885,2013-11-01 16:00:00,1,train,5897,2013,11,1,16,234.0,237.0,54.0,147.0,1600.0,,10.6,1018.6,6.2,0.0,SSW,1.6,Aotizhongxin,121.0,275.0,195.0,1393.362318840513,4.3,12.7,6.699999999999999,8.966666666663178,2013-11-01 16:00:00,258.0,2013-11-02 16:00:00
5905,2013-11-02 12:00:00,0,train,5917,2013,11,2,12,266.0,315.0,25.0,165.0,2700.0,,13.3,1015.6,7.1,0.0,SSW,1.4,Aotizhongxin,137.0,275.0,186.0,1310.346014492688,3.3,13.3,6.8,9.812971014489328,2013-11-02 12:00:00,15.0,2013-11-03 12:00:00
5929,2013-11-03 12:00:00,0,train,5941,2013,11,3,12,15.0,38.0,7.0,12.0,300.0,59.1192,17.9,1018.4,-0.4,0.0,NE,2.5,Aotizhongxin,3.0,321.0,234.0,16061.036231883982,6.9,17.9,10.4,11.189275362315923,2013-11-03 12:00:00,31.0,2013-11-04 12:00:00
5947,2013-11-04 06:00:00,0,train,5959,2013,11,4,6,26.0,35.0,9.0,57.0,500.0,,1.8,1023.5,0.9,0.0,NNE,0.4,Aotizhongxin,3.0,26.0,11.5,62.927536231755965,1.8,18.8,7.65,40.00260869564902,2013-11-04 06:00:00,99.0,2013-11-05 06:00:00
5975,2013-11-05 10:00:00,0,train,5987,2013,11,5,10,144.0,207.0,41.0,81.0,1800.0,,11.7,1015.1,3.2,0.0,NE,1.2,Aotizhongxin,26.0,154.0,89.5,1808.4329710143884,5.3,17.7,8.05,17.43635869564909,2013-11-05 10:00:00,174.0,2013-11-06 10:00:00
5992,2013-11-06 03:00:00,0,train,6004,2013,11,6,3,179.0,185.0,18.0,89.0,2500.0,,4.0,1011.2,3.1,0.0,ENE,1.0,Aotizhongxin,99.0,262.0,177.5,2446.369565217317,3.3,14.2,7.85,11.200416666663319,2013-11-06 03:00:00,5.0,2013-11-07 03:00:00
5999,2013-11-06 10:00:00,0,train,6011,2013,11,6,10,174.0,189.0,32.0,100.0,2300.0,,13.5,1010.6,4.6,0.0,NW,0.6,Aotizhongxin,164.0,262.0,183.0,788.7373188405096,2.0,14.2,6.6,16.488242753619716,2013-11-06 10:00:00,13.0,2013-11-07 10:00:00
6038,2013-11-08 01:00:00,0,train,6050,2013,11,8,1,162.0,254.0,33.0,85.0,2900.0,,3.1,1015.2,-2.6,0.0,E,0.8,Aotizhongxin,3.0,162.0,24.0,1990.7228260868737,2.0,13.8,5.9,18.705634057967476,2013-11-08 01:00:00,163.0,2013-11-09 01:00:00
6064,2013-11-09 03:00:00,0,train,6076,2013,11,9,3,156.0,177.0,78.0,104.0,2800.0,,5.0,1016.1,2.0,0.0,E,0.5,Aotizhongxin,82.0,170.0,151.5,1255.5054347825271,1.7,12.8,5.1,12.0408514492717,2013-11-09 03:00:00,4.0,2013-11-10 03:00:00
6076,2013-11-09 15:00:00,0,train,6088,2013,11,9,15,38.0,59.0,43.0,46.0,1000.0,12.4236,14.5,1017.9,-4.3,0.0,NNE,2.1,Aotizhongxin,38.0,181.0,160.5,1646.3695652173105,4.4,15.4,5.25,16.308967391300897,2013-11-09 15:00:00,5.0,2013-11-10 15:00:00
6167,2013-11-13 10:00:00,0,train,6179,2013,11,13,10,143.0,175.0,81.0,80.0,3800.0,,7.3,1016.4,0.7,0.0,E,0.8,Aotizhongxin,13.0,148.0,78.0,2214.0797101448475,2.3,16.4,6.05,23.42753623188059,2013-11-13 10:00:00,20.0,2013-11-14 10:00:00
6211,2013-11-15 06:00:00,0,train,6223,2013,11,15,6,96.0,158.0,32.0,94.0,3000.0,,-1.3,1013.1,-2.4,0.0,W,0.6,Aotizhongxin,16.0,97.0,66.0,1030.940217391215,-1.3,14.8,4.2,35.469782608691965,2013-11-15 06:00:00,42.0,2013-11-16 06:00:00
6213,2013-11-15 08:00:00,0,train,6225,2013,11,15,8,109.0,165.0,39.0,80.0,2400.0,,4.9,1013.5,-0.9,0.0,NE,1.1,Aotizhongxin,18.0,109.0,73.0,1087.9402173912138,-1.3,14.8,3.3,35.57499999999624,2013-11-15 08:00:00,30.0,2013-11-16 08:00:00
6238,2013-11-16 09:00:00,0,train,6250,2013,11,16,9,22.0,60.0,13.0,23.0,400.0,43.0542,10.8,1013.1,-6.1,0.0,N,5.1,Aotizhongxin,22.0,159.0,97.5,1547.3025362317899,3.8,15.8,9.600000000000001,15.664057971011244,2013-11-16 09:00:00,9.0,2013-11-17 09:00:00
6244,2013-11-16 15:00:00,0,train,6256,2013,11,16,15,8.0,37.0,3.0,9.0,300.0,61.6896,11.2,1015.3,-11.0,0.0,NNW,4.3,Aotizhongxin,8.0,159.0,96.0,2922.172101449181,3.8,12.0,9.600000000000001,9.016231884054623,2013-11-16 15:00:00,9.0,2013-11-17 15:00:00
6356,2013-11-21 07:00:00,0,train,6368,2013,11,21,7,99.0,123.0,28.0,66.0,2700.0,,-2.6,1021.2,-4.3,0.0,NE,0.6,Aotizhongxin,17.0,166.0,92.0,2117.8840579709217,-3.1,11.7,1.05,25.963315217387212,2013-11-21 07:00:00,35.0,2013-11-22 07:00:00
6372,2013-11-21 23:00:00,1,train,6384,2013,11,21,23,190.0,194.0,45.0,111.0,2800.0,,-1.1,1021.0,-3.0,0.0,SW,0.1,Aotizhongxin,45.0,190.0,100.5,2285.8677536230975,-3.1,12.2,2.25,27.49693840579307,2013-11-21 23:00:00,322.0,2013-11-22 23:00:00
6414,2013-11-23 17:00:00,0,train,6426,2013,11,23,17,210.0,257.0,80.0,145.0,3000.0,1.0,6.1,1013.2,-0.6,0.0,NE,0.7,Aotizhongxin,90.0,322.0,188.5,4333.536231883963,-1.3,14.1,2.3499999999999996,25.76606884057583,2013-11-23 17:00:00,64.0,2013-11-24 17:00:00
6457,2013-11-25 12:00:00,0,train,6469,2013,11,25,12,6.0,10.0,6.0,8.0,300.0,46.0,6.9,1012.0,-14.0,0.0,N,3.6,Aotizhongxin,5.0,68.0,16.5,569.5579710143978,1.9,10.1,5.35,6.165797101445565,2013-11-25 12:00:00,18.0,2013-11-26 12:00:00
6515,2013-11-27 22:00:00,0,train,6527,2013,11,27,22,7.0,30.0,3.0,11.0,300.0,42.0,-2.5,1023.1,-25.7,0.0,NNW,3.0,Aotizhongxin,3.0,11.0,8.0,4.3405797100506645,-4.3,-0.3,-2.05,1.2547101449227132,2013-11-27 22:00:00,61.0,2013-11-28 22:00:00
6541,2013-11-29 00:00:00,0,train,6553,2013,11,29,0,49.0,95.0,23.0,71.0,1600.0,1.0,-3.7,1017.9,-10.1,0.0,SSE,0.4,Aotizhongxin,4.0,79.0,9.5,518.4057971013544,-4.4,7.0,-1.3,14.559057971009976,2013-11-29 00:00:00,103.0,2013-11-30 00:00:00
6576,2013-11-30 11:00:00,0,train,6588,2013,11,30,11,20.0,46.0,26.0,21.0,600.0,35.0,9.6,1018.3,-11.7,0.0,NE,3.6,Aotizhongxin,14.0,121.0,54.5,1299.8478260868592,-3.1,13.5,5.199999999999999,24.795579710141105,2013-11-30 11:00:00,60.0,2013-12-01 11:00:00
6681,2013-12-04 20:00:00,0,train,6693,2013,12,4,20,52.0,63.0,36.0,67.0,1200.0,1.0,2.0,1014.0,-4.3,0.0,ESE,0.0,Aotizhongxin,37.0,160.0,75.0,1762.9565217390327,-3.0,14.4,1.5,41.60027173912645,2013-12-04 20:00:00,40.0,2013-12-05 20:00:00
6697,2013-12-05 12:00:00,0,train,6709,2013,12,5,12,11.0,15.0,9.0,14.0,500.0,49.0,10.0,1018.9,-11.4,0.0,NE,2.8,Aotizhongxin,6.0,125.0,47.5,1380.1576086955488,1.0,14.3,5.050000000000001,13.07536231883694,2013-12-05 12:00:00,114.0,2013-12-06 12:00:00
6822,2013-12-10 17:00:00,0,train,6834,2013,12,10,17,7.0,47.0,3.0,14.0,400.0,48.0,3.1,1014.9,-15.1,0.0,NNW,4.2,Aotizhongxin,7.0,47.0,20.5,129.362318840381,-4.3,6.5,-2.1500000000000004,14.92606884057514,2013-12-10 17:00:00,41.0,2013-12-11 17:00:00
6882,2013-12-13 05:00:00,0,train,6894,2013,12,13,5,39.0,51.0,31.0,41.0,1100.0,1.0,-7.0,1020.7,-19.0,0.0,NE,0.2,Aotizhongxin,3.0,43.0,12.0,153.60688405776892,-7.0,0.8,-2.5999999999999996,8.159347826082042,2013-12-13 05:00:00,54.0,2013-12-14 05:00:00
6920,2013-12-14 19:00:00,0,train,6932,2013,12,14,19,111.0,147.0,61.0,84.0,,,-1.8,1024.3,-14.9,0.0,NE,1.4,Aotizhongxin,19.0,127.0,45.0,1245.5579710143127,-8.0,5.7,-2.8,19.45818840579225,2013-12-14 19:00:00,55.0,2013-12-15 19:00:00
6927,2013-12-15 02:00:00,0,train,6939,2013,12,15,2,85.0,125.0,84.0,73.0,,,-5.0,1027.0,-13.6,0.0,NE,1.2,Aotizhongxin,19.0,123.0,38.0,1014.3188405795271,-8.0,5.7,-2.95,17.444275362314023,2013-12-15 02:00:00,183.0,2013-12-16 02:00:00
7045,2013-12-20 00:00:00,0,train,7057,2013,12,20,0,93.0,154.0,62.0,94.0,2900.0,1.0,-8.5,1026.8,-12.0,0.0,WSW,0.7,Aotizhongxin,13.0,93.0,27.0,527.9057971012599,-8.5,3.2,-5.75,12.279999999994837,2013-12-20 00:00:00,70.0,2013-12-21 00:00:00
7253,2013-12-28 16:00:00,0,train,7265,2013,12,28,16,8.0,16.0,,9.0,500.0,58.0,0.0,1018.6,-20.3,0.0,SW,1.0,Aotizhongxin,8.0,76.0,12.0,398.173913043266,-5.0,3.1,-1.05,5.901141304343119,2013-12-28 16:00:00,53.0,2013-12-29 16:00:00
7281,2013-12-29 20:00:00,0,train,7293,2013,12,29,20,95.0,144.0,,125.0,2300.0,1.0,-3.7,1011.5,-14.5,0.0,SW,1.2,Aotizhongxin,15.0,95.0,38.0,470.25905797081884,-9.2,6.9,-4.4,34.90679347825595,2013-12-29 20:00:00,68.0,2013-12-30 20:00:00
7300,2013-12-30 15:00:00,0,train,7312,2013,12,30,15,20.0,77.0,,11.0,500.0,60.0,7.7,1009.0,-16.6,0.0,NW,2.1,Aotizhongxin,18.0,104.0,26.5,869.4764492751652,-4.2,8.3,3.7,16.181449275358137,2013-12-30 15:00:00,21.0,2013-12-31 15:00:00
7325,2013-12-31 16:00:00,0,train,7337,2013,12,31,16,16.0,94.0,4.0,7.0,400.0,64.0,8.3,1006.6,-14.0,0.0,NW,2.9,Aotizhongxin,16.0,159.0,58.5,1656.3460144925716,-4.8,9.9,-0.2,32.249547101444975,2013-12-31 16:00:00,20.0,2014-01-01 16:00:00
7449,2014-01-05 20:00:00,0,train,7461,2014,1,5,20,47.0,78.0,24.0,86.0,1200.0,1.0,-2.0,1020.3,-10.1,0.0,SW,1.0,Aotizhongxin,23.0,184.0,116.5,3270.9275362317167,-5.3,7.4,-1.8,17.54057971014035,2014-01-05 20:00:00,160.0,2014-01-06 20:00:00
7469,2014-01-06 16:00:00,0,train,7481,2014,1,6,16,135.0,146.0,55.0,66.0,1600.0,7.0,-1.1,1018.2,-4.8,0.0,W,0.9,Aotizhongxin,31.0,137.0,107.0,1135.8242753621478,-2.0,1.1,-0.2,0.3411413043431792,2014-01-06 16:00:00,137.0,2014-01-07 16:00:00
7536,2014-01-09 11:00:00,0,train,7548,2014,1,9,11,21.0,30.0,27.0,30.0,800.0,29.0,-0.9,1025.9,-26.0,0.0,ENE,1.6,Aotizhongxin,9.0,103.0,18.0,745.476449275152,-6.7,0.5,-2.3499999999999996,4.197373188400829,2014-01-09 11:00:00,62.0,2014-01-10 11:00:00
7538,2014-01-09 13:00:00,0,train,7550,2014,1,9,13,13.0,6.0,8.0,7.0,500.0,54.0,1.2,1023.1,-25.2,0.0,N,2.6,Aotizhongxin,9.0,103.0,16.0,756.6358695650068,-6.7,1.2,-2.3499999999999996,4.635054347821129,2014-01-09 13:00:00,56.0,2014-01-10 13:00:00
7565,2014-01-10 16:00:00,0,train,7577,2014,1,10,16,48.0,114.0,53.0,82.0,1600.0,4.0,1.1,1023.3,-19.4,0.0,SSW,2.2,Aotizhongxin,24.0,68.0,48.0,154.67934782588725,-8.7,4.0,-3.45,16.915652173907937,2014-01-10 16:00:00,96.0,2014-01-11 16:00:00
7631,2014-01-13 10:00:00,0,train,7643,2014,1,13,10,59.0,79.0,71.0,55.0,1500.0,7.0,-1.1,1026.5,-16.5,0.0,ENE,1.1,Aotizhongxin,9.0,99.0,40.5,621.9402173911049,-10.2,4.7,-3.2,20.367373188400737,2014-01-13 10:00:00,130.0,2014-01-14 10:00:00
7799,2014-01-20 10:00:00,0,train,7811,2014,1,20,10,14.0,25.0,11.0,8.0,,47.0,0.6,1024.5,-17.7,0.0,NNE,3.1,Aotizhongxin,3.0,182.0,17.5,5144.34057971002,-1.8,5.2,0.6499999999999999,4.0376630434737715,2014-01-20 10:00:00,23.0,2014-01-21 10:00:00
7800,2014-01-20 11:00:00,0,train,7812,2014,1,20,11,9.0,20.0,8.0,4.0,,53.0,1.5,1024.1,-17.4,0.0,NW,5.5,Aotizhongxin,3.0,182.0,16.0,5077.0144927534975,-1.8,5.2,0.9,4.033749999995519,2014-01-20 11:00:00,23.0,2014-01-21 11:00:00
7854,2014-01-22 17:00:00,1,train,7866,2014,1,22,17,117.0,155.0,74.0,124.0,2500.0,1.0,1.5,1015.5,-13.4,0.0,W,1.1,Aotizhongxin,54.0,148.0,103.5,755.5923913042345,-7.5,7.0,-3.35,21.209492753618342,2014-01-22 17:00:00,207.0,2014-01-23 17:00:00
7870,2014-01-23 09:00:00,1,train,7882,2014,1,23,9,178.0,211.0,136.0,122.0,3800.0,1.0,-1.1,1011.8,-13.3,0.0,ENE,1.4,Aotizhongxin,65.0,287.0,172.5,3906.432971014395,-4.9,7.0,-3.1,15.513460144922774,2014-01-23 09:00:00,206.0,2014-01-24 09:00:00
7876,2014-01-23 15:00:00,0,train,7888,2014,1,23,15,200.0,218.0,156.0,114.0,2700.0,3.0,3.8,1007.5,-11.8,0.0,ENE,1.3,Aotizhongxin,114.0,287.0,180.0,1906.505434782516,-4.9,3.9,-3.1,10.696793478256057,2014-01-23 15:00:00,76.0,2014-01-24 15:00:00
7903,2014-01-24 18:00:00,0,train,7915,2014,1,24,18,30.0,36.0,24.0,59.0,800.0,13.0,5.1,1014.6,-16.1,0.0,NE,0.7,Aotizhongxin,30.0,286.0,222.0,6593.563405797011,-3.6,8.8,-0.9500000000000001,19.22231884057527,2014-01-24 18:00:00,11.0,2014-01-25 18:00:00
7934,2014-01-26 02:00:00,0,train,7947,2014,1,26,2,28.0,69.0,21.0,40.0,900.0,19.0,-0.9,1027.8,-6.5,0.0,SSW,2.8,Aotizhongxin,5.0,55.0,11.0,154.31620553349174,-1.6,8.2,4.1,8.306304347821973,2014-01-26 02:00:00,105.0,2014-01-27 02:00:00
8057,2014-01-31 05:00:00,0,train,8070,2014,1,31,5,122.0,148.0,80.0,54.0,1800.0,6.0,-1.1,1014.0,-4.6,0.0,ENE,1.2,Aotizhongxin,11.0,333.0,27.5,8880.824275362225,-1.3,9.6,2.5,15.45201086956105,2014-01-31 05:00:00,153.0,2014-02-01 05:00:00
8089,2014-02-01 13:00:00,0,train,8102,2014,2,1,13,102.0,78.0,55.0,50.0,1600.0,6.0,4.9,1009.0,1.4,0.0,SSW,1.4,Aotizhongxin,83.0,170.0,139.0,399.20108695643734,1.6,4.9,2.55,0.9908514492711101,2014-02-01 13:00:00,11.0,2014-02-02 13:00:00
8171,2014-02-04 23:00:00,0,train,8184,2014,2,4,23,98.0,143.0,55.0,49.0,1100.0,24.0,-4.4,1023.4,-17.3,0.0,WSW,0.2,Aotizhongxin,3.0,158.0,7.5,1513.7373188404592,-6.6,0.7,-2.35,4.992753623183464,2014-02-04 23:00:00,108.0,2014-02-05 23:00:00
8316,2014-02-11 00:00:00,0,train,8329,2014,2,11,0,59.0,53.0,37.0,65.0,1200.0,16.0,-10.7,1024.8,-13.3,0.0,ENE,0.7,Aotizhongxin,5.0,59.0,15.5,264.7373188404567,-12.2,-1.2,-6.85,13.08679347825539,2014-02-11 00:00:00,173.0,2014-02-12 00:00:00
8358,2014-02-12 18:00:00,1,train,8371,2014,2,12,18,114.0,128.0,50.0,83.0,1700.0,1.0,0.1,1027.2,-10.7,0.0,SW,1.7,Aotizhongxin,25.0,194.0,144.5,2957.244565217305,-7.5,4.8,-4.85,19.574782608690683,2014-02-12 18:00:00,205.0,2014-02-13 18:00:00
8411,2014-02-14 23:00:00,1,train,8424,2014,2,14,23,501.0,561.0,134.0,130.0,3600.0,1.0,-3.6,1018.9,-6.1,0.0,NE,1.1,Aotizhongxin,114.0,501.0,218.5,7697.244565217356,-5.9,3.2,-3.25,9.060416666661729,2014-02-14 23:00:00,503.0,2014-02-15 23:00:00
8418,2014-02-15 06:00:00,1,train,8431,2014,2,15,6,307.0,298.0,76.0,103.0,4000.0,1.0,-3.6,1018.6,-5.9,0.0,ENE,2.3,Aotizhongxin,114.0,584.0,294.0,16325.128623188402,-5.6,3.2,-3.1,6.7460144927487535,2014-02-15 06:00:00,407.0,2014-02-16 06:00:00
8430,2014-02-15 18:00:00,1,train,8443,2014,2,15,18,401.0,382.0,94.0,129.0,3100.0,5.0,-1.8,1018.4,-5.1,0.0,NW,0.6,Aotizhongxin,293.0,584.0,357.0,7676.72282608699,-4.5,4.5,-2.7,9.987373188401053,2014-02-15 18:00:00,218.0,2014-02-16 18:00:00
8477,2014-02-17 17:00:00,0,train,8490,2014,2,17,17,77.0,85.0,50.0,55.0,1700.0,56.0,2.8,1027.4,-13.5,0.0,SSW,2.0,Aotizhongxin,42.0,296.0,81.5,7238.983695651984,-1.2,5.0,2.3,2.9765036231841275,2014-02-17 17:00:00,77.0,2014-02-18 17:00:00
8588,2014-02-22 08:00:00,1,train,8601,2014,2,22,8,274.0,317.0,108.0,111.0,3900.0,1.0,2.2,1024.7,-2.9,0.0,NE,1.5,Aotizhongxin,196.0,313.0,246.0,859.6068840579053,-1.1,4.0,1.35,2.619927536227477,2014-02-22 08:00:00,189.0,2014-02-23 08:00:00
8596,2014-02-22 16:00:00,1,train,8609,2014,2,22,16,299.0,339.0,153.0,113.0,4400.0,7.0,5.4,1022.9,-2.7,0.0,NE,1.7,Aotizhongxin,229.0,313.0,264.5,604.7536231883505,-1.1,6.1,1.65,6.17940217390874,2014-02-22 16:00:00,209.0,2014-02-23 16:00:00
8608,2014-02-23 04:00:00,1,train,8621,2014,2,23,4,191.0,191.0,67.0,65.0,2300.0,1.0,1.7,1025.3,-3.0,0.0,SW,0.8,Aotizhongxin,189.0,300.0,243.5,1348.2155797100734,0.9,6.1,3.75,2.553043478256777,2014-02-23 04:00:00,231.0,2014-02-24 04:00:00
8673,2014-02-26 03:00:00,0,train,8692,2014,2,26,3,489.0,,,,,,2.3,1018.1,-1.0,0.0,NE,1.0,Aotizhongxin,293.0,489.0,414.5,5701.568421052692,0.5,8.6,3.3,7.044619565213372,2014-02-26 03:00:00,15.0,2014-02-27 03:00:00
8744,2014-03-01 02:00:00,0,train,8763,2014,3,1,2,177.0,193.0,57.0,87.0,2900.0,,0.5,1018.9,-4.2,0.0,NE,1.3,Aotizhongxin,42.0,210.0,94.0,2651.8967391303527,-1.4,6.2,1.5,5.329492753618847,2014-03-01 02:00:00,136.0,2014-03-02 02:00:00
8881,2014-03-06 19:00:00,0,train,8900,2014,3,6,19,11.0,45.0,13.0,36.0,600.0,52.0,4.5,1021.8,-17.8,0.0,WSW,2.4,Aotizhongxin,3.0,46.0,10.0,133.47101449264733,-1.7,8.8,3.2,10.327807971010364,2014-03-06 19:00:00,38.0,2014-03-07 19:00:00
9042,2014-03-13 12:00:00,0,train,9061,2014,3,13,12,11.0,18.0,15.0,30.0,600.0,57.0,11.6,1014.9,-14.2,0.0,S,2.2,Aotizhongxin,3.0,52.0,18.0,123.73731884049292,-2.1,11.6,6.9,20.841721014488986,2014-03-13 12:00:00,7.0,2014-03-14 12:00:00
9100,2014-03-15 22:00:00,0,train,9119,2014,3,15,22,162.0,266.0,61.0,139.0,1900.0,2.0,13.6,1007.5,-3.2,0.0,ESE,0.9,Aotizhongxin,52.0,162.0,89.5,1029.7971014492093,1.9,22.1,11.35,44.256503623185395,2014-03-15 22:00:00,132.0,2014-03-16 22:00:00
9101,2014-03-15 23:00:00,0,train,9120,2014,3,15,23,170.0,271.0,83.0,134.0,1800.0,2.0,11.1,1008.4,-0.4,0.0,NNE,0.8,Aotizhongxin,52.0,170.0,93.5,1174.2608695651525,1.9,22.1,11.6,43.485489130431795,2014-03-15 23:00:00,137.0,2014-03-16 23:00:00
9157,2014-03-18 07:00:00,0,train,9176,2014,3,18,7,15.0,68.0,7.0,63.0,400.0,24.0,12.0,1018.4,-5.5,0.0,NE,1.0,Aotizhongxin,15.0,163.0,24.5,2019.3913043477523,6.8,20.7,14.7,16.481666666664072,2014-03-18 07:00:00,63.0,2014-03-19 07:00:00
9194,2014-03-19 20:00:00,0,train,9213,2014,3,19,20,23.0,147.0,2.0,17.0,400.0,72.0,11.1,1020.6,-11.7,0.0,N,4.9,Aotizhongxin,23.0,88.0,55.5,319.97101449268223,4.1,13.7,9.1,7.18666666666327,2014-03-19 20:00:00,21.0,2014-03-20 20:00:00
9207,2014-03-20 09:00:00,0,train,9226,2014,3,20,9,11.0,31.0,10.0,22.0,400.0,55.0,12.8,1023.5,-9.6,0.0,NNE,3.3,Aotizhongxin,6.0,88.0,17.5,786.3405797100692,6.5,13.7,9.95,4.79737318840252,2014-03-20 09:00:00,29.0,2014-03-21 09:00:00
9215,2014-03-20 17:00:00,0,train,9234,2014,3,20,17,12.0,30.0,2.0,10.0,300.0,88.0,17.2,1017.2,-8.1,0.0,NW,1.7,Aotizhongxin,6.0,41.0,12.5,77.43297101441354,6.5,18.9,11.05,17.912590579707118,2014-03-20 17:00:00,24.0,2014-03-21 17:00:00
9263,2014-03-22 17:00:00,0,train,9282,2014,3,22,17,16.0,90.0,2.0,18.0,300.0,103.0,20.0,1012.9,-8.4,0.0,E,1.3,Aotizhongxin,15.0,86.0,56.0,594.0797101448561,3.4,23.6,15.6,52.376068840576984,2014-03-22 17:00:00,164.0,2014-03-23 17:00:00
9312,2014-03-24 18:00:00,0,train,9331,2014,3,24,18,165.0,212.0,59.0,62.0,1200.0,128.0,17.5,1004.5,5.7,0.0,SSW,1.3,Aotizhongxin,112.0,280.0,234.5,2142.606884057937,7.5,20.3,13.6,20.74592391304066,2014-03-24 18:00:00,171.0,2014-03-25 18:00:00
9392,2014-03-28 02:00:00,0,train,9411,2014,3,28,2,147.0,254.0,33.0,82.0,1800.0,2.0,12.8,1002.5,7.0,0.0,NNE,0.9,Aotizhongxin,81.0,396.0,166.0,11882.282608695588,11.3,15.5,13.55,1.741449275359533,2014-03-28 02:00:00,54.0,2014-03-29 02:00:00
9394,2014-03-28 04:00:00,0,train,9413,2014,3,28,4,137.0,209.0,30.0,61.0,1400.0,2.0,12.4,1002.5,9.4,0.0,NNE,0.6,Aotizhongxin,81.0,396.0,147.0,11005.297101449201,12.0,15.5,13.55,1.493749999997226,2014-03-28 04:00:00,22.0,2014-03-29 04:00:00
9401,2014-03-28 11:00:00,0,train,9420,2014,3,28,11,114.0,129.0,24.0,46.0,1200.0,49.0,18.8,1002.2,11.4,0.0,ENE,1.4,Aotizhongxin,81.0,396.0,119.5,5698.804347825981,11.5,18.8,13.25,3.2956340579682517,2014-03-28 11:00:00,25.0,2014-03-29 11:00:00
9410,2014-03-28 20:00:00,0,train,9429,2014,3,28,20,140.0,177.0,36.0,87.0,2000.0,45.0,16.8,1004.1,9.9,0.0,SW,1.3,Aotizhongxin,24.0,168.0,117.0,1241.5579710143634,11.5,23.6,14.45,18.508913043475847,2014-03-28 20:00:00,39.0,2014-03-29 20:00:00
9449,2014-03-30 11:00:00,1,train,9468,2014,3,30,11,33.0,38.0,15.0,46.0,500.0,56.0,23.5,1010.5,-1.5,0.0,SSW,1.6,Aotizhongxin,23.0,71.0,38.5,208.0416666664793,8.1,23.5,18.2,33.04927536231645,2014-03-30 11:00:00,225.0,2014-03-31 11:00:00
9514,2014-04-02 04:00:00,0,train,9533,2014,4,2,4,111.0,121.0,27.0,117.0,800.0,2.0,11.5,1004.8,6.2,0.0,NE,0.4,Aotizhongxin,43.0,209.0,108.5,1836.0869565216126,8.8,23.6,18.75,22.75172101449052,2014-04-02 04:00:00,58.0,2014-04-03 04:00:00
9581,2014-04-04 23:00:00,0,train,9600,2014,4,4,23,39.0,170.0,12.0,55.0,600.0,41.0,11.1,1016.0,-1.3,0.0,SW,1.6,Aotizhongxin,13.0,62.0,33.0,214.780797101278,3.8,26.4,14.8,53.928913043475674,2014-04-04 23:00:00,54.0,2014-04-05 23:00:00
9680,2014-04-09 02:00:00,0,train,9699,2014,4,9,2,149.0,258.0,30.0,72.0,1000.0,69.0,12.5,1003.6,9.0,0.0,S,0.0,Aotizhongxin,148.0,238.0,170.0,662.4764492752842,10.5,24.3,19.55,24.3554891304327,2014-04-09 02:00:00,129.0,2014-04-10 02:00:00
9803,2014-04-14 05:00:00,0,train,9822,2014,4,14,5,253.0,269.0,23.0,99.0,2100.0,2.0,11.7,1012.3,9.9,0.0,NE,1.1,Aotizhongxin,140.0,253.0,194.0,1265.954710144862,11.0,23.3,16.6,18.18476449275133,2014-04-14 05:00:00,164.0,2014-04-15 05:00:00
9909,2014-04-18 15:00:00,0,train,9928,2014,4,18,15,111.0,122.0,15.0,42.0,1000.0,132.0,20.4,1012.2,11.3,0.0,S,1.2,Aotizhongxin,84.0,188.0,126.5,718.8913043477074,12.6,21.0,15.850000000000001,6.592391304345432,2014-04-18 15:00:00,46.0,2014-04-19 15:00:00
9925,2014-04-19 07:00:00,0,train,9944,2014,4,19,7,61.0,136.0,18.0,106.0,700.0,2.0,13.9,1016.3,3.9,0.0,SW,1.8,Aotizhongxin,61.0,188.0,103.0,1948.6956521737804,12.7,21.0,15.45,7.9794021739106595,2014-04-19 07:00:00,95.0,2014-04-20 07:00:00
9935,2014-04-19 17:00:00,0,train,9954,2014,4,19,17,63.0,104.0,15.0,67.0,700.0,61.0,13.9,1012.6,4.2,0.0,SW,3.1,Aotizhongxin,40.0,165.0,67.5,804.9492753621626,12.7,16.9,14.3,0.6791123188377454,2014-04-19 17:00:00,53.0,2014-04-20 17:00:00
9944,2014-04-20 02:00:00,0,train,9963,2014,4,20,2,121.0,222.0,11.0,116.0,1200.0,2.0,9.3,1012.5,6.4,0.0,NNE,0.0,Aotizhongxin,40.0,121.0,63.0,296.07971014476755,8.9,14.9,13.55,3.995362318837389,2014-04-20 02:00:00,90.0,2014-04-21 02:00:00
9988,2014-04-21 22:00:00,0,train,10007,2014,4,21,22,51.0,122.0,7.0,65.0,500.0,68.0,12.3,1009.9,6.1,0.0,W,0.0,Aotizhongxin,24.0,90.0,64.5,443.9547101447621,7.9,24.1,18.75,37.02940217391077,2014-04-21 22:00:00,52.0,2014-04-22 22:00:00
9995,2014-04-22 05:00:00,0,train,10014,2014,4,22,5,75.0,157.0,13.0,108.0,800.0,2.0,6.9,1010.0,4.7,0.0,NW,0.5,Aotizhongxin,24.0,89.0,59.0,375.0416666664999,6.9,24.1,18.75,39.96282608695421,2014-04-22 05:00:00,106.0,2014-04-23 05:00:00
10028,2014-04-23 14:00:00,0,train,10047,2014,4,23,14,202.0,232.0,36.0,35.0,1100.0,121.0,24.3,1002.3,13.8,0.0,S,2.4,Aotizhongxin,52.0,205.0,90.0,2588.079710144797,12.3,26.0,19.85,18.483460144925854,2014-04-23 14:00:00,140.0,2014-04-24 14:00:00
10065,2014-04-25 03:00:00,0,train,10084,2014,4,25,3,141.0,154.0,15.0,133.0,1200.0,2.0,14.6,1010.3,13.1,0.0,NE,1.7,Aotizhongxin,89.0,177.0,127.0,521.4130434781429,14.4,23.7,18.35,9.55188405796923,2014-04-25 03:00:00,23.0,2014-04-26 03:00:00
10067,2014-04-25 05:00:00,0,train,10086,2014,4,25,5,150.0,177.0,16.0,142.0,1400.0,2.0,14.2,1011.2,10.8,0.0,NE,1.1,Aotizhongxin,95.0,177.0,136.0,387.0416666665535,14.2,23.7,18.35,10.105199275360519,2014-04-25 05:00:00,23.0,2014-04-26 05:00:00
10214,2014-05-05 08:00:00,0,train,10329,2014,5,5,8,33.0,91.0,2.0,36.0,400.0,46.0,14.9,1014.8,-8.6,0.0,NNE,3.2,Aotizhongxin,26.0,98.0,36.5,291.5579710144839,5.4,17.7,11.5,23.867826086952718,2014-05-05 08:00:00,118.0,2014-05-06 08:00:00
10319,2014-05-09 17:00:00,0,train,10434,2014,5,9,17,59.0,106.0,27.0,59.0,900.0,91.0,19.6,1007.1,4.5,0.0,NNE,0.9,Aotizhongxin,52.0,83.0,68.5,63.7971014492674,16.1,21.3,17.5,1.8273731884036313,2014-05-09 17:00:00,66.0,2014-05-10 17:00:00
10398,2014-05-13 00:00:00,0,train,10513,2014,5,13,0,54.0,129.0,20.0,57.0,600.0,67.0,19.4,994.8,11.2,0.0,SSW,0.9,Aotizhongxin,12.0,60.0,43.0,220.07065217389885,9.9,29.0,23.85,51.624764492752554,2014-05-13 00:00:00,28.0,2014-05-14 00:00:00
10467,2014-05-15 21:00:00,0,train,10582,2014,5,15,21,122.0,416.0,11.0,113.0,700.0,22.0,21.8,994.3,9.0,0.0,SE,0.0,Aotizhongxin,27.0,123.0,55.0,1064.1286231883983,8.7,27.8,21.55,56.30389492753444,2014-05-15 21:00:00,50.0,2014-05-16 21:00:00
10481,2014-05-16 11:00:00,0,train,10596,2014,5,16,11,27.0,60.0,2.0,18.0,200.0,104.0,27.4,1002.6,6.2,0.0,SE,1.3,Aotizhongxin,27.0,158.0,96.5,805.9112318840599,13.8,27.8,24.45,24.611231884057105,2014-05-16 11:00:00,98.0,2014-05-17 11:00:00
10484,2014-05-16 14:00:00,0,train,10599,2014,5,16,14,31.0,31.0,2.0,16.0,200.0,123.0,29.2,1001.1,3.9,0.0,SE,1.3,Aotizhongxin,24.0,158.0,96.5,1272.2318840579708,13.8,29.2,24.45,26.40911231883976,2014-05-16 14:00:00,87.0,2014-05-17 14:00:00
10576,2014-05-20 10:00:00,0,train,10691,2014,5,20,10,62.0,210.0,5.0,22.0,300.0,81.0,28.1,999.5,9.9,0.0,ENE,1.6,Aotizhongxin,38.0,220.0,145.0,2502.3460144927767,18.1,28.3,22.75,13.59536231884006,2014-05-20 10:00:00,101.0,2014-05-21 10:00:00
10586,2014-05-20 20:00:00,0,train,10701,2014,5,20,20,38.0,106.0,7.0,45.0,600.0,153.0,26.6,998.7,14.0,0.0,SSW,1.4,Aotizhongxin,15.0,220.0,73.0,5544.231884057975,18.1,31.9,25.65,25.933260869565135,2014-05-20 20:00:00,141.0,2014-05-21 20:00:00
10604,2014-05-21 14:00:00,0,train,10719,2014,5,21,14,125.0,209.0,27.0,66.0,1300.0,177.0,30.6,998.0,15.8,0.0,S,1.7,Aotizhongxin,20.0,130.0,85.8,1189.4051449275314,17.2,31.9,24.5,23.342608695651947,2014-05-21 14:00:00,82.0,2014-05-22 14:00:00
10768,2014-05-28 10:00:00,0,train,10883,2014,5,28,10,49.0,49.0,11.0,127.0,800.0,25.0,32.0,996.2,7.6,0.0,S,1.4,Aotizhongxin,7.0,53.0,19.0,277.6358695652259,15.1,32.0,25.1,41.01650362318795,2014-05-28 10:00:00,71.0,2014-05-29 10:00:00
10848,2014-05-31 18:00:00,0,train,10963,2014,5,31,18,140.0,298.0,33.0,58.0,1900.0,271.0,29.3,998.8,18.4,0.0,SE,0.0,Aotizhongxin,76.0,151.0,104.0,618.8677536231972,21.5,33.5,27.45,17.1091123188412,2014-05-31 18:00:00,105.0,2014-06-01 18:00:00
10897,2014-06-02 19:00:00,0,train,11012,2014,6,2,19,26.0,44.0,4.0,21.0,300.0,154.0,21.0,1004.2,16.8,0.0,E,0.0,Aotizhongxin,17.0,56.0,28.5,156.26086956522974,17.7,26.3,20.2,9.071286231882473,2014-06-02 19:00:00,57.0,2014-06-03 19:00:00
11005,2014-06-07 07:00:00,0,train,11120,2014,6,7,7,9.0,9.0,2.0,29.0,100.0,39.0,20.8,1000.1,11.7,0.0,N,3.4,Aotizhongxin,5.0,121.0,12.5,1618.5434782608804,14.7,26.1,18.35,10.61043478260622,2014-06-07 07:00:00,13.0,2014-06-08 07:00:00
11028,2014-06-08 06:00:00,0,train,11143,2014,6,8,6,18.0,18.0,2.0,50.0,400.0,8.0,19.3,997.5,14.1,0.0,E,1.0,Aotizhongxin,3.0,33.0,9.5,91.30253623189579,18.2,30.7,24.05,19.721449275361696,2014-06-08 06:00:00,21.0,2014-06-09 06:00:00
11040,2014-06-08 18:00:00,0,train,11155,2014,6,8,18,14.0,14.0,2.0,65.0,400.0,47.0,21.6,995.7,16.3,0.0,WSW,2.0,Aotizhongxin,5.0,56.0,25.0,232.82427536233027,17.5,29.3,21.0,13.933315217390001,2014-06-08 18:00:00,22.0,2014-06-09 18:00:00
11114,2014-06-11 20:00:00,0,train,11229,2014,6,11,20,21.0,21.0,2.0,46.0,400.0,88.0,25.9,1002.3,15.0,0.0,WSW,1.9,Aotizhongxin,13.0,109.0,38.0,1288.5434782608813,17.3,30.6,24.1,21.780706521738356,2014-06-11 20:00:00,36.0,2014-06-12 20:00:00
11125,2014-06-12 07:00:00,0,train,11240,2014,6,12,7,31.0,31.0,4.0,75.0,400.0,18.0,24.1,1001.8,15.6,0.0,NE,2.1,Aotizhongxin,13.0,91.0,29.0,363.259057971029,17.7,30.6,24.6,16.914999999999495,2014-06-12 07:00:00,117.0,2014-06-13 07:00:00
11139,2014-06-12 21:00:00,0,train,11254,2014,6,12,21,35.0,35.0,6.0,47.0,800.0,132.0,27.3,1000.0,18.0,0.0,SSW,1.3,Aotizhongxin,13.0,53.0,33.0,136.2318840579858,17.7,35.0,28.5,39.46862318840617,2014-06-12 21:00:00,16.0,2014-06-13 21:00:00
11162,2014-06-13 20:00:00,0,train,11277,2014,6,13,20,15.0,15.0,2.0,39.0,300.0,100.0,19.9,1003.1,19.7,0.0,W,1.1,Aotizhongxin,15.0,117.0,50.5,1170.8532608695741,19.9,31.5,25.3,15.380706521739082,2014-06-13 20:00:00,57.0,2014-06-14 20:00:00
11164,2014-06-13 22:00:00,0,train,11279,2014,6,13,22,23.0,23.0,2.0,64.0,500.0,57.0,19.4,1002.4,19.2,0.0,E,0.6,Aotizhongxin,15.0,117.0,50.5,1264.302536231893,19.4,31.5,23.799999999999997,18.24253623188383,2014-06-13 22:00:00,83.0,2014-06-14 22:00:00
11221,2014-06-16 07:00:00,0,train,11336,2014,6,16,7,169.0,169.0,2.0,44.0,800.0,38.0,23.5,997.6,20.2,0.0,E,1.0,Aotizhongxin,55.0,169.0,108.0,797.9710144927518,21.2,31.7,23.35,15.046503623188254,2014-06-16 07:00:00,23.0,2014-06-17 07:00:00
11262,2014-06-18 00:00:00,0,train,11377,2014,6,18,0,55.0,55.0,2.0,52.0,900.0,46.0,19.0,998.1,19.0,0.0,ENE,0.0,Aotizhongxin,14.0,245.0,59.0,3982.8677536231944,18.4,26.7,20.45,8.136231884056572,2014-06-18 00:00:00,128.0,2014-06-19 00:00:00
11375,2014-06-22 17:00:00,0,train,11490,2014,6,22,17,41.0,41.0,3.0,23.0,500.0,165.0,26.6,1001.8,17.7,0.0,ENE,3.8,Aotizhongxin,13.0,69.0,29.0,243.47101449276317,16.9,28.6,18.950000000000003,19.456231884056464,2014-06-22 17:00:00,27.0,2014-06-23 17:00:00
11387,2014-06-23 05:00:00,0,train,11502,2014,6,23,5,23.0,23.0,2.0,64.0,800.0,2.0,17.9,1004.1,17.9,0.0,NE,0.5,Aotizhongxin,18.0,58.0,33.5,99.02717391305295,17.3,28.6,21.85,15.51418478260752,2014-06-23 05:00:00,55.0,2014-06-24 05:00:00
11436,2014-06-25 06:00:00,0,train,11551,2014,6,25,6,91.0,91.0,9.0,97.0,1100.0,5.0,24.1,997.4,19.8,0.0,NE,1.3,Aotizhongxin,3.0,463.0,64.0,14585.971014492758,22.9,31.0,27.25,8.331304347826649,2014-06-25 06:00:00,177.0,2014-06-26 06:00:00
11445,2014-06-25 15:00:00,0,train,11560,2014,6,25,15,114.0,114.0,6.0,43.0,800.0,142.0,24.6,996.7,21.5,0.0,SW,2.1,Aotizhongxin,3.0,463.0,84.5,12394.23188405797,22.9,30.8,26.0,4.887173913043645,2014-06-25 15:00:00,72.0,2014-06-26 15:00:00
11449,2014-06-25 19:00:00,0,train,11564,2014,6,25,19,112.0,112.0,4.0,44.0,800.0,100.0,23.5,997.4,21.6,0.0,SW,0.8,Aotizhongxin,57.0,127.0,93.0,444.5054347826115,22.9,27.5,25.1,2.035199275362137,2014-06-25 19:00:00,92.0,2014-06-26 19:00:00
11499,2014-06-27 21:00:00,0,train,11614,2014,6,27,21,25.0,25.0,5.0,67.0,300.0,79.0,23.2,1001.1,16.7,0.0,W,1.6,Aotizhongxin,4.0,88.0,15.0,630.6884057971196,21.7,34.5,28.1,20.06543478260957,2014-06-27 21:00:00,26.0,2014-06-28 21:00:00
11567,2014-06-30 17:00:00,0,train,11682,2014,6,30,17,71.0,71.0,18.0,36.0,900.0,197.0,33.6,997.5,15.1,0.0,WSW,3.4,Aotizhongxin,44.0,114.0,77.5,294.66666666666913,24.0,35.2,28.65,16.28079710145041,2014-06-30 17:00:00,79.0,2014-07-01 17:00:00
11589,2014-07-01 15:00:00,0,train,11704,2014,7,1,15,130.0,,49.0,46.0,1000.0,232.0,31.2,996.7,21.4,0.0,WSW,1.8,Aotizhongxin,47.0,136.0,74.0,969.8097826086953,23.3,34.3,29.55,9.083478260870617,2014-07-01 15:00:00,70.0,2014-07-02 15:00:00
11592,2014-07-01 18:00:00,0,train,11707,2014,7,1,18,146.0,146.0,17.0,37.0,1100.0,222.0,29.3,996.0,20.7,0.0,S,0.6,Aotizhongxin,47.0,146.0,83.5,1132.2010869565197,23.3,31.4,29.3,6.428097826087866,2014-07-01 18:00:00,84.0,2014-07-02 18:00:00
11631,2014-07-03 09:00:00,1,train,11746,2014,7,3,9,259.0,259.0,3.0,71.0,1500.0,16.0,25.7,996.1,24.1,0.0,ENE,1.0,Aotizhongxin,41.0,259.0,110.0,5043.5199275362165,22.5,27.0,23.95,1.24867753623126,2014-07-03 09:00:00,194.0,2014-07-04 09:00:00
11637,2014-07-03 15:00:00,0,train,11752,2014,7,3,15,248.0,248.0,3.0,50.0,1300.0,180.0,29.3,994.3,24.2,0.0,WSW,2.1,Aotizhongxin,78.0,259.0,173.5,5221.499999999965,23.3,30.8,24.8,5.320217391304209,2014-07-03 15:00:00,155.0,2014-07-04 15:00:00
11645,2014-07-03 23:00:00,0,train,11760,2014,7,3,23,269.0,269.0,2.0,71.0,1400.0,54.0,24.5,996.5,24.0,0.0,NNE,0.0,Aotizhongxin,111.0,269.0,225.5,2571.9981884057515,23.3,30.8,25.7,5.901666666666791,2014-07-03 23:00:00,155.0,2014-07-04 23:00:00
11694,2014-07-06 00:00:00,0,train,11809,2014,7,6,0,190.0,190.0,3.0,42.0,1700.0,136.0,26.7,999.4,23.6,0.0,SW,2.0,Aotizhongxin,75.0,190.0,131.5,1211.4492753622915,22.9,31.9,28.450000000000003,8.617228260870387,2014-07-06 00:00:00,159.0,2014-07-07 00:00:00
11787,2014-07-09 21:00:00,0,train,11902,2014,7,9,21,46.0,46.0,8.0,99.0,600.0,55.0,26.3,996.3,17.9,0.0,SW,1.0,Aotizhongxin,11.0,55.0,25.5,238.3460144928045,22.5,32.4,27.35,11.833750000000531,2014-07-09 21:00:00,41.0,2014-07-10 21:00:00
11802,2014-07-10 12:00:00,0,train,11917,2014,7,10,12,24.0,24.0,17.0,26.0,400.0,133.0,36.9,993.3,13.6,0.0,S,1.0,Aotizhongxin,11.0,60.0,26.5,219.73731884062926,21.6,36.9,27.6,24.113025362319593,2014-07-10 12:00:00,9.0,2014-07-11 12:00:00
11830,2014-07-11 16:00:00,0,train,11945,2014,7,11,16,13.0,13.0,3.0,14.0,300.0,122.0,32.7,992.9,15.2,0.0,S,0.8,Aotizhongxin,8.0,62.0,33.0,328.86775362323596,21.2,36.6,30.75,28.81384057971156,2014-07-11 16:00:00,9.0,2014-07-12 16:00:00
11904,2014-07-14 18:00:00,0,train,12019,2014,7,14,18,36.0,36.0,5.0,37.0,400.0,226.0,31.5,994.9,19.5,0.0,SSW,0.0,Aotizhongxin,12.0,52.0,27.0,136.3315217391808,20.1,35.4,25.85,31.899547101449947,2014-07-14 18:00:00,51.0,2014-07-15 18:00:00
11946,2014-07-16 12:00:00,0,train,12061,2014,7,16,12,166.0,166.0,2.0,62.0,1400.0,71.0,27.0,997.9,24.1,0.5,N,0.0,Aotizhongxin,48.0,166.0,67.5,1454.949275362336,21.8,31.6,25.75,11.991884057970994,2014-07-16 12:00:00,147.0,2014-07-17 12:00:00
11978,2014-07-17 20:00:00,0,train,12093,2014,7,17,20,166.0,166.0,2.0,63.0,2700.0,104.0,27.1,1001.2,24.6,0.0,NE,0.4,Aotizhongxin,38.0,186.0,125.0,2227.548913043474,20.8,28.5,25.15,8.953840579709714,2014-07-17 20:00:00,112.0,2014-07-18 20:00:00
11981,2014-07-17 23:00:00,0,train,12096,2014,7,17,23,195.0,195.0,2.0,73.0,2800.0,43.0,26.0,1000.6,24.4,0.0,ENE,0.7,Aotizhongxin,38.0,195.0,139.5,2030.6068840579562,20.8,28.5,26.700000000000003,6.782318840579542,2014-07-17 23:00:00,90.0,2014-07-18 23:00:00
12026,2014-07-19 20:00:00,0,train,12141,2014,7,19,20,53.0,53.0,2.0,26.0,300.0,131.0,32.0,1001.7,24.8,0.0,SW,1.0,Aotizhongxin,37.0,94.0,72.5,248.3478260869901,25.2,36.0,31.3,14.285489130436531,2014-07-19 20:00:00,54.0,2014-07-20 20:00:00
12043,2014-07-20 13:00:00,0,train,12158,2014,7,20,13,73.0,73.0,2.0,23.0,500.0,168.0,33.8,997.7,26.3,0.0,SSW,3.2,Aotizhongxin,37.0,73.0,59.0,104.19565217395503,27.1,36.0,31.05,9.051884057972787,2014-07-20 13:00:00,18.0,2014-07-21 13:00:00
12044,2014-07-20 14:00:00,0,train,12159,2014,7,20,14,81.0,81.0,2.0,21.0,600.0,166.0,34.0,996.9,26.0,0.0,SSW,2.3,Aotizhongxin,37.0,81.0,59.0,126.67934782612834,27.1,36.0,31.05,8.571521739132185,2014-07-20 14:00:00,13.0,2014-07-21 14:00:00
12045,2014-07-20 15:00:00,0,train,12160,2014,7,20,15,105.0,105.0,2.0,20.0,900.0,179.0,33.9,996.1,25.6,0.0,WSW,3.5,Aotizhongxin,37.0,105.0,59.5,211.47101449279344,27.1,35.4,31.05,7.792010869566936,2014-07-20 15:00:00,9.0,2014-07-21 15:00:00
12071,2014-07-21 17:00:00,0,train,12186,2014,7,21,17,7.0,7.0,6.0,17.0,400.0,102.0,33.2,996.0,15.2,0.0,NE,3.5,Aotizhongxin,7.0,79.0,49.5,542.2318840580265,25.7,35.1,31.25,6.424764492755432,2014-07-21 17:00:00,15.0,2014-07-22 17:00:00
12086,2014-07-22 08:00:00,0,train,12201,2014,7,22,8,14.0,14.0,6.0,56.0,200.0,9.0,26.5,1001.6,18.1,0.0,NE,1.0,Aotizhongxin,5.0,19.0,11.0,12.244565217465018,26.2,35.1,29.6,8.425923913044912,2014-07-22 08:00:00,20.0,2014-07-23 08:00:00
12142,2014-07-24 16:00:00,0,train,12257,2014,7,24,16,75.0,75.0,3.0,44.0,700.0,120.0,30.3,998.8,21.9,0.0,ESE,1.0,Aotizhongxin,25.0,106.0,66.5,549.8260869565578,23.2,30.3,25.55,4.407536231884016,2014-07-24 16:00:00,40.0,2014-07-25 16:00:00
12184,2014-07-26 10:00:00,0,train,12299,2014,7,26,10,129.0,129.0,3.0,90.0,1300.0,80.0,31.0,1003.4,20.9,0.0,NW,1.1,Aotizhongxin,31.0,146.0,75.0,1324.1286231884312,21.9,34.3,28.75,16.333894927537248,2014-07-26 10:00:00,128.0,2014-07-27 10:00:00
12199,2014-07-27 01:00:00,0,train,12314,2014,7,27,1,73.0,73.0,10.0,38.0,500.0,110.0,26.1,1003.9,18.2,0.0,WSW,1.4,Aotizhongxin,65.0,146.0,96.5,788.027173913055,21.9,34.7,29.6,17.06041666666787,2014-07-27 01:00:00,109.0,2014-07-28 01:00:00
12220,2014-07-27 22:00:00,0,train,12335,2014,7,27,22,96.0,96.0,6.0,30.0,600.0,166.0,28.7,999.2,20.7,0.0,WSW,2.3,Aotizhongxin,69.0,155.0,109.0,458.3405797101523,22.1,34.5,29.6,15.387807971015738,2014-07-27 22:00:00,94.0,2014-07-28 22:00:00
12222,2014-07-28 00:00:00,0,train,12337,2014,7,28,0,106.0,106.0,6.0,32.0,600.0,147.0,27.0,999.2,21.1,0.0,WSW,2.1,Aotizhongxin,73.0,155.0,109.0,330.3025362318899,22.1,34.5,29.6,15.38260869565342,2014-07-28 00:00:00,100.0,2014-07-29 00:00:00
12233,2014-07-28 11:00:00,0,train,12348,2014,7,28,11,172.0,172.0,3.0,55.0,1000.0,156.0,32.7,998.3,21.2,0.0,WSW,3.9,Aotizhongxin,96.0,187.0,123.5,747.3623188405749,22.2,34.5,29.75,16.909112318841782,2014-07-28 11:00:00,127.0,2014-07-29 11:00:00
12276,2014-07-30 06:00:00,1,train,12391,2014,7,30,6,115.0,115.0,2.0,24.0,700.0,92.0,23.0,999.5,23.0,2.5,ESE,0.9,Aotizhongxin,35.0,201.0,98.0,1685.8097826087057,23.0,33.1,28.950000000000003,15.549275362319657,2014-07-30 06:00:00,236.0,2014-07-31 06:00:00
12305,2014-07-31 11:00:00,0,train,12420,2014,7,31,11,239.0,239.0,2.0,48.0,1600.0,80.0,29.0,1001.2,24.8,0.0,W,1.0,Aotizhongxin,141.0,256.0,201.5,1251.81884057967,24.9,29.3,26.2,2.287807971014862,2014-07-31 11:00:00,169.0,2014-08-01 11:00:00
12417,2014-08-05 03:00:00,0,train,12532,2014,8,5,3,11.0,11.0,2.0,35.0,100.0,9.0,19.9,1001.2,19.9,0.0,WNW,0.0,Aotizhongxin,3.0,108.0,11.0,1068.8677536232392,19.9,27.1,22.1,5.8438949275353185,2014-08-05 03:00:00,57.0,2014-08-06 03:00:00
12525,2014-08-09 15:00:00,0,train,12640,2014,8,9,15,67.0,67.0,8.0,20.0,800.0,204.0,31.5,997.2,15.9,0.0,SW,2.0,Aotizhongxin,43.0,177.0,79.0,1337.288043478276,20.6,31.7,26.85,14.21304347826121,2014-08-09 15:00:00,34.0,2014-08-10 15:00:00
12610,2014-08-13 04:00:00,0,train,12725,2014,8,13,4,24.0,24.0,3.0,45.0,300.0,54.0,20.8,1002.1,20.8,0.1,WSW,1.1,Aotizhongxin,13.0,38.0,24.0,67.64492753628313,18.9,32.9,26.75,22.058532608695874,2014-08-13 04:00:00,26.0,2014-08-14 04:00:00
12658,2014-08-15 04:00:00,0,train,12773,2014,8,15,4,38.0,38.0,2.0,75.0,300.0,2.0,17.7,1001.1,17.4,0.0,ENE,0.1,Aotizhongxin,18.0,58.0,33.0,105.04166666671387,17.1,30.0,22.950000000000003,20.686014492752864,2014-08-15 04:00:00,74.0,2014-08-16 04:00:00
12684,2014-08-16 06:00:00,0,train,12799,2014,8,16,6,42.0,42.0,2.0,89.0,400.0,15.0,21.3,1003.4,19.2,0.0,ENE,0.5,Aotizhongxin,25.0,127.0,44.0,889.2971014493114,20.3,32.7,25.799999999999997,18.79041666666685,2014-08-16 06:00:00,37.0,2014-08-17 06:00:00
12704,2014-08-17 02:00:00,0,train,12819,2014,8,17,2,147.0,147.0,6.0,50.0,900.0,86.0,24.5,1002.3,17.5,0.0,WSW,0.5,Aotizhongxin,33.0,183.0,62.0,1432.2155797101716,20.3,34.3,25.95,20.34954710144969,2014-08-17 02:00:00,56.0,2014-08-18 02:00:00
12726,2014-08-18 00:00:00,0,train,12841,2014,8,18,0,100.0,169.0,4.0,80.0,1100.0,51.0,23.1,1006.1,21.0,0.0,WNW,0.6,Aotizhongxin,27.0,183.0,42.0,1444.9981884058323,22.3,30.6,25.15,8.463478260869742,2014-08-18 00:00:00,72.0,2014-08-19 00:00:00
12744,2014-08-18 18:00:00,0,train,12859,2014,8,18,18,84.0,113.0,4.0,38.0,600.0,163.0,28.1,1004.7,19.6,0.0,WSW,3.2,Aotizhongxin,28.0,100.0,57.5,519.3750000000307,21.8,30.9,24.6,11.866884057971088,2014-08-18 18:00:00,53.0,2014-08-19 18:00:00
12788,2014-08-20 14:00:00,0,train,12903,2014,8,20,14,82.0,128.0,15.0,24.0,800.0,201.0,32.1,1000.5,21.9,0.0,SSW,1.7,Aotizhongxin,53.0,149.0,86.5,752.2318840579775,21.4,32.5,27.55,13.404764492754158,2014-08-20 14:00:00,159.0,2014-08-21 14:00:00
12789,2014-08-20 15:00:00,0,train,12904,2014,8,20,15,101.0,164.0,24.0,26.0,1100.0,229.0,32.2,1000.1,22.0,0.0,WSW,2.3,Aotizhongxin,53.0,149.0,87.5,700.8677536231935,21.4,32.5,27.55,13.447173913044015,2014-08-20 15:00:00,160.0,2014-08-21 15:00:00
12796,2014-08-20 22:00:00,0,train,12911,2014,8,20,22,94.0,142.0,3.0,62.0,700.0,103.0,27.3,1002.0,21.1,0.0,WSW,0.5,Aotizhongxin,82.0,149.0,102.65,406.1269384057941,21.4,32.5,27.8,13.537608695652748,2014-08-20 22:00:00,20.0,2014-08-21 22:00:00
12813,2014-08-21 15:00:00,0,train,12928,2014,8,21,15,160.0,160.0,3.0,52.0,1200.0,224.0,32.2,999.0,22.3,0.0,SW,2.1,Aotizhongxin,92.0,178.0,126.5,783.3117210144698,23.0,32.9,27.0,9.7921014492759,2014-08-21 15:00:00,65.0,2014-08-22 15:00:00
12889,2014-08-24 19:00:00,0,train,13004,2014,8,24,19,16.0,20.0,4.0,23.0,200.0,84.0,26.0,1001.7,15.7,0.0,SE,0.6,Aotizhongxin,7.0,163.0,15.0,2047.3025362319418,20.8,32.6,26.25,19.101956521739297,2014-08-24 19:00:00,16.0,2014-08-25 19:00:00
12909,2014-08-25 15:00:00,0,train,13024,2014,8,25,15,13.0,13.0,,11.0,,,33.4,1003.1,7.4,0.0,NW,2.2,Aotizhongxin,3.0,46.0,16.5,141.69384057978002,19.0,33.5,26.450000000000003,21.949782608696015,2014-08-25 15:00:00,8.0,2014-08-26 15:00:00
12914,2014-08-25 20:00:00,0,train,13029,2014,8,25,20,18.0,77.0,2.0,43.0,300.0,104.0,26.5,1005.9,12.9,0.0,WSW,1.2,Aotizhongxin,3.0,46.0,16.5,138.6068840580411,19.0,33.5,26.85,22.19809782608736,2014-08-25 20:00:00,24.0,2014-08-26 20:00:00
12928,2014-08-26 10:00:00,0,train,13043,2014,8,26,10,27.0,90.0,8.0,61.0,600.0,38.0,31.4,1007.9,9.6,0.0,E,1.2,Aotizhongxin,3.0,45.0,23.5,167.47644927542913,16.4,33.5,26.65,35.839402173913044,2014-08-26 10:00:00,25.0,2014-08-27 10:00:00
12975,2014-08-28 09:00:00,0,train,13090,2014,8,28,9,62.0,95.0,4.0,37.0,500.0,119.0,22.6,1009.8,19.8,0.1,NE,0.6,Aotizhongxin,25.0,113.6,70.5,677.7457971014774,22.6,33.1,24.15,16.935634057971345,2014-08-28 09:00:00,63.0,2014-08-29 09:00:00
13034,2014-08-30 20:00:00,0,train,13149,2014,8,30,20,159.0,159.0,2.0,83.0,1800.0,39.0,23.6,1008.1,22.0,0.0,ENE,1.4,Aotizhongxin,114.0,170.0,144.0,277.10144927534117,21.1,25.6,23.05,1.7231884057964084,2014-08-30 20:00:00,64.0,2014-08-31 20:00:00
13035,2014-08-30 21:00:00,0,train,13150,2014,8,30,21,142.0,142.0,2.0,73.0,1400.0,45.0,23.1,1007.7,22.3,1.0,NNE,0.7,Aotizhongxin,114.0,170.0,144.0,251.99275362316658,22.0,25.6,23.200000000000003,1.475362318839915,2014-08-30 21:00:00,75.0,2014-08-31 21:00:00
13057,2014-08-31 19:00:00,0,train,13172,2014,8,31,19,61.0,63.0,2.0,30.0,600.0,115.0,21.0,1007.5,21.0,12.9,SE,1.1,Aotizhongxin,40.0,159.0,75.0,920.2826086956808,20.1,27.6,22.6,6.652155797100593,2014-08-31 19:00:00,122.0,2014-09-01 19:00:00
13063,2014-09-01 01:00:00,0,train,13178,2014,9,1,1,75.0,75.0,2.0,74.0,1500.0,19.0,21.1,1008.2,21.1,0.0,ENE,0.1,Aotizhongxin,40.0,94.0,75.0,191.38949275366073,20.1,27.6,21.4,6.869981884057043,2014-09-01 01:00:00,33.0,2014-09-02 01:00:00
13080,2014-09-01 18:00:00,0,train,13195,2014,9,1,18,141.0,141.0,2.0,87.0,2000.0,55.0,23.9,1005.0,21.8,0.0,E,0.9,Aotizhongxin,61.0,153.0,99.5,1035.7101449275458,20.8,26.2,21.65,3.0684057971004437,2014-09-01 18:00:00,14.0,2014-09-02 18:00:00
13127,2014-09-03 17:00:00,0,train,13242,2014,9,3,17,17.0,64.0,11.0,,300.0,,27.6,1000.6,14.6,0.0,WSW,2.4,Aotizhongxin,11.0,23.0,16.0,10.983695652258472,15.7,30.2,19.4,29.25971014492629,2014-09-03 17:00:00,30.0,2014-09-04 17:00:00
13167,2014-09-05 09:00:00,0,train,13282,2014,9,5,9,99.0,181.0,7.0,89.0,1500.0,21.0,25.3,1005.7,18.0,0.0,NE,2.2,Aotizhongxin,25.0,99.0,58.5,506.2318840580222,19.0,33.6,24.6,28.30000000000008,2014-09-05 09:00:00,136.0,2014-09-06 09:00:00
13239,2014-09-08 09:00:00,0,train,13354,2014,9,8,9,7.0,29.0,11.0,30.0,300.0,42.0,26.5,1006.5,6.0,0.0,E,1.4,Aotizhongxin,4.0,226.0,106.5,6253.971014492786,18.1,29.6,24.4,12.649275362318493,2014-09-08 09:00:00,18.0,2014-09-09 09:00:00
13270,2014-09-09 16:00:00,0,train,13385,2014,9,9,16,52.0,100.0,9.0,34.0,500.0,179.0,27.8,1002.9,11.8,0.0,SW,2.2,Aotizhongxin,14.0,61.0,24.0,187.58695652185222,14.5,30.1,22.55,29.395054347824736,2014-09-09 16:00:00,36.0,2014-09-10 16:00:00
13385,2014-09-14 11:00:00,0,train,13500,2014,9,14,11,13.0,13.0,2.0,27.0,300.0,38.0,22.0,1013.1,6.6,0.0,NE,1.8,Aotizhongxin,13.0,108.0,71.0,493.6358695652845,19.5,27.6,22.25,7.940217391303286,2014-09-14 11:00:00,45.0,2014-09-15 11:00:00
13422,2014-09-16 00:00:00,0,train,13537,2014,9,16,0,27.0,118.0,3.0,77.0,400.0,2.0,13.9,1012.0,9.5,0.0,NE,1.3,Aotizhongxin,3.0,45.0,17.5,119.69384057983417,13.9,28.7,20.95,30.506503623186482,2014-09-16 00:00:00,49.0,2014-09-17 00:00:00
13438,2014-09-16 16:00:00,0,train,13553,2014,9,16,16,53.0,138.0,7.0,106.0,600.0,12.0,19.8,1011.8,12.1,0.0,NE,0.9,Aotizhongxin,12.0,53.0,22.5,106.82427536243476,13.1,24.3,19.700000000000003,12.258840579707233,2014-09-16 16:00:00,64.0,2014-09-17 16:00:00
13639,2014-09-25 01:00:00,0,train,13754,2014,9,25,1,105.0,118.0,7.0,78.0,1700.0,2.0,15.7,1011.3,15.7,0.0,WSW,0.0,Aotizhongxin,11.0,108.0,21.5,931.5634057972146,15.7,26.6,19.299999999999997,12.093840579707981,2014-09-25 01:00:00,72.0,2014-09-26 01:00:00
13663,2014-09-26 01:00:00,0,train,13778,2014,9,26,1,72.0,72.0,6.0,59.0,700.0,23.0,19.4,1007.4,16.4,0.0,SW,1.0,Aotizhongxin,67.0,169.0,127.5,1081.623188405811,14.9,22.2,19.700000000000003,5.448677536229223,2014-09-26 01:00:00,78.0,2014-09-27 01:00:00
13693,2014-09-27 07:00:00,0,train,13808,2014,9,27,7,56.0,56.0,3.0,47.0,600.0,14.0,17.7,1012.2,12.8,0.0,E,1.3,Aotizhongxin,8.0,194.0,123.5,3572.9275362318976,13.3,23.2,17.9,8.7457971014461,2014-09-27 07:00:00,43.0,2014-09-28 07:00:00
13694,2014-09-27 08:00:00,0,train,13809,2014,9,27,8,30.0,30.0,2.0,37.0,400.0,25.0,21.0,1012.5,11.1,0.0,NE,2.1,Aotizhongxin,8.0,194.0,123.5,3883.9710144927726,13.3,23.2,17.9,9.073840579707005,2014-09-27 08:00:00,44.0,2014-09-28 08:00:00
13730,2014-09-28 20:00:00,0,train,13845,2014,9,28,20,46.0,81.0,8.0,84.0,900.0,23.0,17.5,1009.0,15.3,0.0,WSW,0.9,Aotizhongxin,24.0,101.0,59.5,365.30253623197194,15.8,22.4,17.65,6.133043478257886,2014-09-28 20:00:00,9.0,2014-09-29 20:00:00
13869,2014-10-04 15:00:00,0,train,13984,2014,10,4,15,91.0,91.0,2.0,49.0,900.0,33.0,16.4,1012.7,15.1,0.1,SSW,0.7,Aotizhongxin,49.0,175.0,91.0,1497.9927536232221,14.6,17.0,15.45,0.5042753623145795,2014-10-04 15:00:00,10.0,2014-10-05 15:00:00
13901,2014-10-05 23:00:00,0,train,14016,2014,10,5,23,24.0,24.0,2.0,75.0,400.0,2.0,7.9,1021.5,5.9,0.0,N,0.0,Aotizhongxin,8.0,74.0,23.0,547.449275362456,7.9,21.8,12.75,21.173840579705402,2014-10-05 23:00:00,88.0,2014-10-06 23:00:00
13928,2014-10-07 02:00:00,1,train,14043,2014,10,7,2,92.0,168.0,6.0,104.0,800.0,2.0,10.7,1014.4,8.6,0.0,ENE,1.3,Aotizhongxin,16.0,97.0,24.0,962.8043478262089,5.3,21.7,14.55,28.653840579705328,2014-10-07 02:00:00,245.0,2014-10-08 02:00:00
13942,2014-10-07 16:00:00,1,train,14057,2014,10,7,16,178.0,217.0,26.0,111.0,1200.0,66.0,19.3,1012.0,12.8,0.0,SSE,0.0,Aotizhongxin,28.0,178.0,85.5,1111.7608695652727,9.1,21.5,14.600000000000001,17.610362318835996,2014-10-07 16:00:00,337.0,2014-10-08 16:00:00
13947,2014-10-07 21:00:00,1,train,14062,2014,10,7,21,252.0,359.0,7.0,154.0,1900.0,2.0,12.4,1014.0,12.2,0.0,N,0.0,Aotizhongxin,57.0,252.0,94.0,3652.9547101449284,9.1,21.5,12.899999999999999,16.950652173908196,2014-10-07 21:00:00,402.0,2014-10-08 21:00:00
13958,2014-10-08 08:00:00,1,train,14073,2014,10,8,8,222.0,222.0,7.0,108.0,1300.0,2.0,14.3,1015.1,13.7,0.0,ENE,1.0,Aotizhongxin,61.0,258.0,210.5,4022.505434782506,12.4,21.5,13.1,10.943478260865128,2014-10-08 08:00:00,332.0,2014-10-09 08:00:00
13969,2014-10-08 19:00:00,1,train,14084,2014,10,8,19,388.0,388.0,8.0,182.0,2700.0,2.0,14.8,1012.8,14.5,0.0,NW,0.0,Aotizhongxin,204.0,388.0,246.5,3071.5362318838515,12.4,20.2,13.65,7.35036231883603,2014-10-08 19:00:00,435.0,2014-10-09 19:00:00
13997,2014-10-10 11:00:00,1,train,14124,2014,10,10,11,139.0,310.0,19.0,111.0,2000.0,13.0,19.5,1017.5,16.0,0.0,ENE,1.1,Aotizhongxin,139.0,446.0,367.0,10206.083333332634,12.5,21.7,15.45,8.280706521735219,2014-10-10 11:00:00,251.0,2014-10-11 11:00:00
14003,2014-10-10 17:00:00,1,train,14130,2014,10,10,17,274.0,274.0,21.0,77.0,1600.0,130.0,18.4,1014.3,17.2,0.0,ENE,1.0,Aotizhongxin,139.0,446.0,352.0,8388.204545453855,12.5,21.5,15.45,8.256068840575814,2014-10-10 17:00:00,297.0,2014-10-11 17:00:00
14120,2014-10-15 14:00:00,0,train,14247,2014,10,15,14,11.0,154.0,3.0,10.0,200.0,63.0,21.9,1008.7,-3.5,0.0,N,4.5,Aotizhongxin,11.0,135.0,80.5,1364.6666666666647,6.8,21.9,14.95,34.64954710144438,2014-10-15 14:00:00,25.0,2014-10-16 14:00:00
14147,2014-10-16 17:00:00,0,train,14274,2014,10,16,17,58.0,165.0,17.0,42.0,500.0,80.0,17.8,1011.8,-1.5,0.0,SSW,1.4,Aotizhongxin,6.0,58.0,24.5,126.51449275367195,3.3,21.7,13.75,46.8402717391248,2014-10-16 17:00:00,121.0,2014-10-17 17:00:00
14167,2014-10-17 13:00:00,0,train,14294,2014,10,17,13,86.0,149.0,23.0,101.0,1000.0,27.0,23.8,1008.1,5.2,0.0,WSW,1.8,Aotizhongxin,25.0,93.0,77.0,398.173913043475,6.0,23.8,13.6,38.06318840579196,2014-10-17 13:00:00,146.0,2014-10-18 13:00:00
14190,2014-10-18 12:00:00,1,train,14317,2014,10,18,12,115.0,214.0,15.0,123.0,1000.0,34.0,23.7,1010.1,5.6,0.0,SSE,0.9,Aotizhongxin,86.0,191.0,121.5,869.6521739129719,7.0,24.2,12.899999999999999,33.048623188401194,2014-10-18 12:00:00,367.0,2014-10-19 12:00:00
14231,2014-10-20 05:00:00,0,train,14358,2014,10,20,5,223.0,223.0,5.0,110.0,1500.0,2.0,13.1,1010.4,13.1,0.0,E,0.1,Aotizhongxin,149.0,367.0,223.5,6847.172101449076,13.1,20.2,16.15,4.50492753622795,2014-10-20 05:00:00,31.0,2014-10-21 05:00:00
14242,2014-10-20 16:00:00,0,train,14369,2014,10,20,16,228.0,228.0,5.0,78.0,1300.0,75.0,17.5,1012.8,13.2,0.0,SW,1.0,Aotizhongxin,149.0,360.0,225.5,4067.123188405618,12.1,20.2,16.15,5.242826086952545,2014-10-20 16:00:00,32.0,2014-10-21 16:00:00
14279,2014-10-22 05:00:00,0,train,14406,2014,10,22,5,83.0,165.0,10.0,82.0,1600.0,2.0,8.5,1018.1,3.7,0.0,NE,1.3,Aotizhongxin,31.0,107.0,42.0,527.5362318840407,6.7,16.1,11.2,10.479981884051615,2014-10-22 05:00:00,104.0,2014-10-23 05:00:00
14354,2014-10-25 08:00:00,0,train,14481,2014,10,25,8,258.0,258.0,5.0,85.0,2100.0,2.0,11.7,1006.9,11.7,0.0,N,0.0,Aotizhongxin,180.0,333.0,280.5,1667.114130434548,9.9,18.9,12.1,9.615579710139622,2014-10-25 08:00:00,12.0,2014-10-26 08:00:00
14357,2014-10-25 11:00:00,0,train,14484,2014,10,25,11,302.0,302.0,8.0,68.0,1800.0,49.0,17.8,1005.7,13.7,0.0,ESE,0.4,Aotizhongxin,241.0,333.0,299.0,609.3749999997538,9.9,18.9,12.1,9.986068840574427,2014-10-25 11:00:00,15.0,2014-10-26 11:00:00
14472,2014-10-30 06:00:00,0,train,14599,2014,10,30,6,140.0,179.0,9.0,107.0,1500.0,2.0,10.7,1017.2,8.3,0.0,ENE,1.0,Aotizhongxin,94.0,172.0,138.5,743.6503623187363,7.3,16.4,11.1,5.278242753617243,2014-10-30 06:00:00,160.0,2014-10-31 06:00:00
14478,2014-10-30 12:00:00,0,train,14605,2014,10,30,12,160.0,160.0,15.0,,1700.0,16.0,14.4,1016.6,8.8,0.0,WNW,1.1,Aotizhongxin,108.0,172.0,148.0,386.5217391303217,10.5,16.4,11.2,3.2834601449216554,2014-10-30 12:00:00,112.0,2014-10-31 12:00:00
14529,2014-11-01 15:00:00,0,train,14656,2014,11,1,15,10.0,32.0,9.0,22.0,400.0,52.0,15.3,1021.0,-8.9,0.0,N,3.2,Aotizhongxin,10.0,182.0,93.5,4948.693840579634,6.2,15.4,12.75,10.001141304341582,2014-11-01 15:00:00,8.0,2014-11-02 15:00:00
14544,2014-11-02 06:00:00,0,train,14671,2014,11,2,6,4.0,10.0,7.0,18.0,300.0,40.0,7.9,1025.0,-9.5,0.0,N,1.7,Aotizhongxin,3.0,38.0,12.0,81.91123188404435,6.2,15.4,12.9,8.610271739124487,2014-11-02 06:00:00,13.0,2014-11-03 06:00:00
14577,2014-11-03 15:00:00,0,train,14704,2014,11,3,15,12.0,19.0,2.0,21.0,300.0,75.0,18.9,1020.0,-4.6,0.0,SW,3.6,Aotizhongxin,5.0,33.0,13.5,51.151231884043426,0.6,19.2,7.85,46.06041666665915,2014-11-03 15:00:00,146.0,2014-11-04 15:00:00
14596,2014-11-04 10:00:00,0,train,14723,2014,11,4,10,70.0,121.0,22.0,62.0,900.0,11.0,10.6,1019.0,-0.6,0.0,ENE,2.2,Aotizhongxin,12.0,71.0,46.0,469.99999999996544,2.2,19.2,7.95,37.88195652173178,2014-11-04 10:00:00,31.0,2014-11-05 10:00:00
14615,2014-11-05 05:00:00,0,train,14742,2014,11,5,5,140.0,140.0,13.0,77.0,1400.0,5.0,4.4,1019.0,2.3,0.0,ENE,1.2,Aotizhongxin,54.0,349.0,147.5,4430.086956521623,2.2,16.1,5.85,21.63210144926753,2014-11-05 05:00:00,4.0,2014-11-06 05:00:00
14890,2014-11-16 16:00:00,0,train,15017,2014,11,16,16,14.0,55.0,8.0,17.0,400.0,50.0,11.1,1023.0,-4.6,0.0,NNW,1.8,Aotizhongxin,10.0,225.0,154.5,5659.97101449265,0.1,12.6,3.2,18.652590579700956,2014-11-16 16:00:00,10.0,2014-11-17 16:00:00
14908,2014-11-17 10:00:00,0,train,15035,2014,11,17,10,19.0,38.0,28.0,44.0,700.0,20.0,8.7,1022.0,-7.1,0.0,E,1.3,Aotizhongxin,8.0,32.0,12.0,23.992753623202905,-1.7,12.6,7.85,22.952880434773896,2014-11-17 10:00:00,38.0,2014-11-18 10:00:00
14952,2014-11-19 06:00:00,1,train,15079,2014,11,19,6,124.0,141.0,34.0,149.0,2500.0,2.0,1.4,1008.0,-3.1,0.0,ENE,1.2,Aotizhongxin,38.0,248.0,81.5,4520.166666666589,-2.2,13.7,2.6,25.399547101439882,2014-11-19 06:00:00,302.0,2014-11-20 06:00:00
14991,2014-11-20 21:00:00,0,train,15118,2014,11,20,21,404.0,568.0,25.0,204.0,5700.0,2.0,3.8,1012.0,1.5,0.0,ENE,1.2,Aotizhongxin,186.0,404.0,299.5,1738.346014492477,0.2,9.9,3.25,10.008623188396014,2014-11-20 21:00:00,29.0,2014-11-21 21:00:00
14997,2014-11-21 03:00:00,0,train,15124,2014,11,21,3,394.0,482.0,10.0,123.0,4000.0,2.0,1.8,1014.0,0.9,0.0,E,0.7,Aotizhongxin,186.0,464.0,302.0,5137.374999999696,0.2,9.9,3.25,9.713025362309088,2014-11-21 03:00:00,7.0,2014-11-22 03:00:00
15014,2014-11-21 20:00:00,0,train,15141,2014,11,21,20,33.0,70.0,19.0,112.0,2500.0,2.0,4.6,1027.0,-4.7,0.0,W,0.5,Aotizhongxin,17.0,464.0,304.5,26999.259057970787,-0.7,14.6,3.25,28.063894927527166,2014-11-21 20:00:00,67.0,2014-11-22 20:00:00
15099,2014-11-25 09:00:00,0,train,15226,2014,11,25,9,130.0,213.0,41.0,103.0,3700.0,2.0,2.3,1021.0,-2.0,0.0,ENE,1.4,Aotizhongxin,18.0,136.0,66.0,1637.7373188405195,-0.7,12.2,2.5999999999999996,21.663894927526588,2014-11-25 09:00:00,176.0,2014-11-26 09:00:00
15120,2014-11-26 06:00:00,0,train,15247,2014,11,26,6,191.0,226.0,19.0,117.0,3700.0,2.0,1.3,1021.0,0.3,0.0,ENE,1.2,Aotizhongxin,107.0,270.0,191.0,2802.666666666465,-0.1,8.5,2.4,7.071521739120281,2014-11-26 06:00:00,37.0,2014-11-27 06:00:00
15124,2014-11-26 10:00:00,0,train,15251,2014,11,26,10,189.0,246.0,53.0,122.0,3600.0,2.0,4.8,1018.0,1.5,0.0,ENE,1.0,Aotizhongxin,107.0,270.0,191.0,1979.5199275360212,1.1,8.5,2.7,6.438188405787053,2014-11-26 10:00:00,13.0,2014-11-27 10:00:00
15192,2014-11-29 06:00:00,1,train,15319,2014,11,29,6,229.0,315.0,20.0,116.0,4800.0,2.0,0.5,1026.0,-1.3,0.0,ENE,1.2,Aotizhongxin,66.0,229.0,100.0,3389.606884057834,-1.0,10.2,4.35,16.810144927526316,2014-11-29 06:00:00,240.0,2014-11-30 06:00:00
15244,2014-12-01 10:00:00,0,train,15371,2014,12,1,10,7.0,26.0,10.0,13.0,400.0,39.0,-3.4,1011.0,-22.1,0.0,NNW,4.2,Aotizhongxin,7.0,42.0,18.0,110.37499999994365,-5.4,7.5,-3.2,19.095579710132473,2014-12-01 10:00:00,17.0,2014-12-02 10:00:00
15296,2014-12-03 14:00:00,0,train,15423,2014,12,3,14,5.0,53.0,8.0,9.0,400.0,54.0,1.1,1030.0,-23.5,0.0,NW,4.8,Aotizhongxin,5.0,131.0,36.5,1669.652173912965,-7.7,1.1,-3.1500000000000004,6.8891123188270305,2014-12-03 14:00:00,8.0,2014-12-04 14:00:00
15392,2014-12-07 14:00:00,0,train,15519,2014,12,7,14,15.0,41.0,15.0,12.0,400.0,50.0,5.2,1018.0,-17.9,0.0,N,4.0,Aotizhongxin,15.0,117.0,61.0,658.2318840578766,-3.3,5.2,0.5,5.285199275350773,2014-12-07 14:00:00,93.0,2014-12-08 14:00:00
15459,2014-12-10 09:00:00,0,train,15586,2014,12,10,9,148.0,264.0,57.0,83.0,2600.0,2.0,-0.5,1025.0,-8.0,0.0,N,1.5,Aotizhongxin,148.0,325.0,274.5,1930.3894927533702,-5.4,-0.4,-0.8500000000000001,2.8382427536103467,2014-12-10 09:00:00,12.0,2014-12-11 09:00:00
15495,2014-12-11 21:00:00,0,train,15622,2014,12,11,21,36.0,109.0,17.0,43.0,700.0,32.0,1.1,1029.0,-17.8,0.0,NW,3.1,Aotizhongxin,8.0,74.0,12.0,383.1231884057243,-4.5,5.0,-0.4,6.486014492741616,2014-12-11 21:00:00,13.0,2014-12-12 21:00:00
15505,2014-12-12 07:00:00,0,train,15632,2014,12,12,7,5.0,24.0,13.0,17.0,400.0,37.0,-1.7,1028.0,-19.2,0.0,NNE,3.9,Aotizhongxin,5.0,74.0,11.0,415.6449275361602,-2.7,5.0,-0.15,4.7005797101330975,2014-12-12 07:00:00,17.0,2014-12-13 07:00:00
15532,2014-12-13 10:00:00,0,train,15659,2014,12,13,10,30.0,89.0,34.0,63.0,1100.0,2.0,2.3,1028.0,-17.3,0.0,WSW,1.2,Aotizhongxin,7.0,30.0,12.5,31.737318840512962,-3.9,3.6,1.05,3.5877536231767837,2014-12-13 10:00:00,56.0,2014-12-14 10:00:00
15535,2014-12-13 13:00:00,0,train,15662,2014,12,13,13,26.0,66.0,22.0,35.0,600.0,34.0,4.4,1026.0,-17.9,0.0,WSW,3.0,Aotizhongxin,7.0,43.0,13.0,84.47644927529358,-3.9,4.4,1.05,4.391721014481223,2014-12-13 13:00:00,49.0,2014-12-14 13:00:00
15610,2015-01-01 09:00:00,0,train,16114,2015,1,1,9,12.0,20.0,11.0,50.0,,11.0,-5.0,1026.0,-23.5,0.0,ENE,1.7,Aotizhongxin,6.0,13.0,10.0,6.61764705882353,-7.0,0.1,-1.4,4.2104166666536536,2015-01-01 09:00:00,13.0,2015-01-02 09:00:00
15703,2015-01-05 06:00:00,0,train,16207,2015,1,5,6,211.0,257.0,124.0,131.0,6100.0,2.0,1.0,1008.0,-8.3,0.0,E,0.6,Aotizhongxin,92.0,295.0,174.0,3340.4927536231944,-5.0,9.0,3.0,13.201086956511007,2015-01-05 06:00:00,9.0,2015-01-06 06:00:00
15713,2015-01-05 16:00:00,0,train,16217,2015,1,5,16,15.0,160.0,3.0,2.0,400.0,62.0,6.0,1017.0,-18.0,0.0,NNE,4.9,Aotizhongxin,15.0,295.0,177.5,6011.818840579717,0.0,9.0,3.0,7.326086956511553,2015-01-05 16:00:00,26.0,2015-01-06 16:00:00
15758,2015-01-07 13:00:00,0,train,16262,2015,1,7,13,36.0,48.0,33.0,40.0,1300.0,30.0,3.0,1021.0,-19.1,0.0,NNW,2.8,Aotizhongxin,15.0,105.0,37.0,998.5054347826299,-7.0,4.0,-1.0,16.824275362305997,2015-01-07 13:00:00,84.0,2015-01-08 13:00:00
15788,2015-01-08 19:00:00,0,train,16292,2015,1,8,19,163.0,227.0,54.0,136.0,3700.0,2.0,0.0,1019.0,-12.0,0.0,N,0.7,Aotizhongxin,59.0,177.0,83.5,1794.9275362318951,-7.0,4.0,-5.0,17.471014492740345,2015-01-08 19:00:00,18.0,2015-01-09 19:00:00
15792,2015-01-08 23:00:00,1,train,16296,2015,1,8,23,222.0,287.0,80.0,159.0,4700.0,2.0,-1.0,1022.0,-11.2,0.0,ENE,2.1,Aotizhongxin,59.0,274.0,129.0,3838.650362318846,-7.0,4.0,-1.0,15.766304347813156,2015-01-08 23:00:00,262.0,2015-01-09 23:00:00
15864,2015-01-11 23:00:00,1,train,16368,2015,1,11,23,84.0,108.0,32.0,78.0,1500.0,7.0,1.0,1030.0,-8.0,0.0,SW,2.1,Aotizhongxin,4.0,84.0,16.0,764.6014492754059,-4.0,6.0,2.5,4.766304347815245,2015-01-11 23:00:00,195.0,2015-01-12 23:00:00
15890,2015-01-13 01:00:00,1,train,16394,2015,1,13,1,202.0,244.0,82.0,113.0,4600.0,2.0,-3.1,1030.0,-8.4,0.0,ESE,1.9,Aotizhongxin,52.0,213.0,116.0,2689.3840579710236,-7.0,3.0,-2.15,10.05563405795806,2015-01-13 01:00:00,227.0,2015-01-14 01:00:00
15893,2015-01-13 04:00:00,1,train,16397,2015,1,13,4,152.0,176.0,52.0,95.0,3600.0,2.0,-4.5,1028.8,-8.6,0.0,E,1.2,Aotizhongxin,52.0,213.0,139.0,2382.476449275367,-7.0,3.0,-2.7,9.415923913030555,2015-01-13 04:00:00,197.0,2015-01-14 04:00:00
15971,2015-01-16 10:00:00,0,train,16475,2015,1,16,10,11.0,15.0,10.0,16.0,700.0,47.0,1.0,1023.0,-16.9,0.0,N,4.9,Aotizhongxin,11.0,497.0,405.5,31138.128623188386,-5.0,2.0,-0.5,6.115199275349796,2015-01-16 10:00:00,16.0,2015-01-17 10:00:00
15975,2015-01-16 14:00:00,0,train,16479,2015,1,16,14,13.0,42.0,11.0,5.0,600.0,63.0,3.0,1026.0,-17.8,0.0,NNW,4.9,Aotizhongxin,11.0,497.0,405.5,42515.73913043478,-5.0,3.0,0.5,7.0362318840456854,2015-01-16 14:00:00,89.0,2015-01-17 14:00:00
15987,2015-01-17 02:00:00,0,train,16491,2015,1,17,2,15.0,15.0,17.0,25.0,700.0,36.0,-4.0,1026.0,-17.6,0.0,NNE,2.0,Aotizhongxin,9.0,425.0,13.0,11606.862318840622,-4.0,3.0,1.0,3.2101449275244285,2015-01-17 02:00:00,114.1,2015-01-18 02:00:00
16103,2015-01-21 22:00:00,0,train,16607,2015,1,21,22,46.0,75.0,37.0,86.0,1900.0,2.0,-5.0,1022.0,-13.8,0.0,WNW,0.1,Aotizhongxin,7.0,90.0,13.0,332.4927536232381,-5.0,6.0,2.5,7.818840579699077,2015-01-21 22:00:00,176.0,2015-01-22 22:00:00
16202,2015-01-26 01:00:00,0,train,16706,2015,1,26,1,191.0,197.0,16.0,62.0,2500.0,2.0,-4.0,1016.0,-5.3,0.0,ENE,0.9,Aotizhongxin,66.0,191.0,110.0,1830.9565217391487,-4.0,4.0,0.0,5.1625905796983655,2015-01-26 01:00:00,6.0,2015-01-27 01:00:00
16299,2015-01-30 03:00:00,0,train,16804,2015,1,30,3,9.0,14.0,10.0,14.0,800.0,48.0,-5.0,1029.0,-20.3,0.0,NE,1.7,Aotizhongxin,6.0,95.0,13.5,1363.6449275362647,-5.0,4.0,-1.0,7.536231884045792,2015-01-30 03:00:00,13.0,2015-01-31 03:00:00
16313,2015-01-30 17:00:00,0,train,16818,2015,1,30,17,9.0,52.0,15.0,13.0,300.0,80.0,3.0,1031.0,-22.8,0.0,WNW,2.2,Aotizhongxin,6.0,14.0,11.0,7.055335968420035,-7.0,3.0,-1.0,10.263188405784392,2015-01-30 17:00:00,12.0,2015-01-31 17:00:00
16363,2015-02-01 19:00:00,0,train,16868,2015,2,1,19,120.0,158.0,75.0,107.0,2500.0,2.0,-1.0,1027.0,-15.3,0.0,W,1.2,Aotizhongxin,30.0,120.0,47.0,948.0851449275639,-10.0,4.0,-4.5,26.543478260855736,2015-02-01 19:00:00,173.0,2015-02-02 19:00:00
16370,2015-02-02 02:00:00,0,train,16875,2015,2,2,2,203.0,244.0,130.0,113.0,5800.0,11.0,-4.0,1026.0,-17.6,0.0,NE,1.2,Aotizhongxin,30.0,203.0,47.0,2233.4492753623445,-10.0,4.0,-3.9,22.479927536218344,2015-02-02 02:00:00,132.0,2015-02-03 02:00:00
16374,2015-02-02 06:00:00,0,train,16879,2015,2,2,6,116.0,124.0,67.0,78.0,3400.0,2.0,-5.0,1026.0,-17.8,0.0,NE,1.3,Aotizhongxin,30.0,213.0,106.5,3425.8260869565424,-10.0,4.0,-3.9,13.819057971001396,2015-02-02 06:00:00,157.0,2015-02-03 06:00:00
16395,2015-02-03 03:00:00,0,train,16900,2015,2,3,3,138.0,138.0,41.0,106.0,2300.0,2.0,-2.0,1023.0,-4.3,0.0,ENE,0.6,Aotizhongxin,66.0,198.0,123.0,1321.905797101466,-6.0,3.0,0.0,9.28804347824856,2015-02-03 03:00:00,13.0,2015-02-04 03:00:00
16419,2015-02-04 03:00:00,0,train,16924,2015,2,4,3,13.0,32.0,18.0,34.0,500.0,43.0,-1.0,1026.0,-16.4,0.0,NNE,2.4,Aotizhongxin,10.0,213.0,53.0,6120.476449275386,-7.0,8.0,2.0,26.14492753622053,2015-02-04 03:00:00,8.0,2015-02-05 03:00:00
16475,2015-02-06 11:00:00,0,train,16980,2015,2,6,11,46.0,,,,,,7.0,1015.0,-13.3,0.0,ENE,1.8,Aotizhongxin,12.0,79.0,51.0,355.7373188406083,-7.0,7.0,1.5,28.867753623176494,2015-02-06 11:00:00,11.0,2015-02-07 11:00:00
16484,2015-02-06 20:00:00,0,train,16989,2015,2,6,20,86.0,106.0,44.0,111.0,1600.0,17.0,4.0,1013.0,-12.5,0.0,WSW,0.0,Aotizhongxin,33.0,97.0,56.0,301.63586956524404,-7.0,10.0,1.5,39.867753623176895,2015-02-06 20:00:00,6.0,2015-02-07 20:00:00
16550,2015-02-09 14:00:00,0,train,17055,2015,2,9,14,75.0,76.0,50.0,74.0,1400.0,216.0,5.0,1019.0,-21.2,0.0,NW,0.8,Aotizhongxin,14.0,112.0,72.5,669.0851449275626,-8.0,5.0,-3.0,20.03780797100104,2015-02-09 14:00:00,56.0,2015-02-10 14:00:00
16571,2015-02-10 11:00:00,0,train,17076,2015,2,10,11,104.0,131.0,42.0,120.0,3100.0,27.0,6.0,1012.0,-15.3,0.0,WNW,1.7,Aotizhongxin,75.0,193.0,123.0,1150.8677536232049,-8.0,7.0,-1.5,26.59722826085718,2015-02-10 11:00:00,28.0,2015-02-11 11:00:00
16573,2015-02-10 13:00:00,0,train,17078,2015,2,10,13,104.0,,41.0,93.0,1700.0,47.0,11.0,1011.0,-18.4,0.0,SW,1.9,Aotizhongxin,75.0,193.0,123.0,971.8242753623349,-8.0,11.0,-1.5,34.432971014480636,2015-02-10 13:00:00,26.0,2015-02-11 13:00:00
16586,2015-02-11 02:00:00,0,train,17091,2015,2,11,2,42.0,76.0,29.0,61.0,1100.0,36.0,0.4,1012.1,-13.3,0.0,E,1.3,Aotizhongxin,42.0,167.0,107.5,1037.2753623188596,-8.0,12.5,3.0,49.3402717391195,2015-02-11 02:00:00,6.0,2015-02-12 02:00:00
16600,2015-02-11 16:00:00,0,train,17105,2015,2,11,16,13.0,36.0,9.0,10.0,600.0,101.0,11.0,1011.0,-17.4,0.0,NW,2.4,Aotizhongxin,13.0,168.0,62.0,3148.231884057994,-4.0,11.0,3.0,18.29217391303342,2015-02-11 16:00:00,35.0,2015-02-12 16:00:00
16644,2015-02-13 12:00:00,1,train,17149,2015,2,13,12,94.0,109.0,39.0,81.0,2000.0,215.0,5.0,1011.0,-9.6,0.0,S,1.4,Aotizhongxin,22.0,105.0,84.5,773.5054347826348,-4.0,8.0,2.5,15.999999999988686,2015-02-13 12:00:00,216.0,2015-02-14 12:00:00
16684,2015-02-15 04:00:00,1,train,17189,2015,2,15,4,290.0,298.0,69.0,143.0,5300.0,15.0,-2.0,1015.0,-7.7,0.0,ESE,0.2,Aotizhongxin,168.0,351.0,242.0,3180.650362318828,-2.0,11.0,3.0,18.95471014491704,2015-02-15 04:00:00,232.0,2015-02-16 04:00:00
16729,2015-02-17 01:00:00,0,train,17234,2015,2,17,1,22.0,38.0,14.0,27.0,500.0,42.0,3.0,1016.0,-9.6,0.0,ENE,1.4,Aotizhongxin,12.0,250.0,27.0,10216.405797101494,-4.0,12.0,4.5,30.476449275352547,2015-02-17 01:00:00,78.0,2015-02-18 01:00:00
16812,2015-02-20 12:00:00,1,train,17317,2015,2,20,12,97.0,97.0,15.0,51.0,1500.0,15.0,2.0,1016.0,0.4,0.4,WSW,1.1,Aotizhongxin,76.0,143.0,109.0,313.5362318841087,0.0,5.0,2.0,1.693840579699092,2015-02-20 12:00:00,230.0,2015-02-21 12:00:00
17028,2015-03-01 12:00:00,0,train,17533,2015,3,1,12,31.0,58.0,10.0,30.0,800.0,67.0,8.7,1016.7,-15.1,0.0,WSW,5.2,Aotizhongxin,9.0,211.0,61.0,6498.476449275419,-3.2,8.7,0.85,10.278242753611769,2015-03-01 12:00:00,91.0,2015-03-02 12:00:00
17063,2015-03-02 23:00:00,0,train,17568,2015,3,2,23,9.0,36.0,2.0,8.0,300.0,80.0,7.5,1011.3,-17.5,0.0,N,4.4,Aotizhongxin,8.0,116.0,54.5,1307.2445652174665,-2.7,14.0,7.7,35.36427536230983,2015-03-02 23:00:00,13.0,2015-03-03 23:00:00
17126,2015-03-05 14:00:00,1,train,17631,2015,3,5,14,98.0,122.0,48.0,,1100.0,81.0,7.3,1020.0,-18.5,0.0,SW,4.8,Aotizhongxin,23.0,147.0,98.0,1814.1666666667338,-5.4,7.3,2.0,13.95505434781482,2015-03-05 14:00:00,223.0,2015-03-06 14:00:00
17154,2015-03-06 18:00:00,1,train,17659,2015,3,6,18,234.0,264.0,76.0,70.0,2000.0,92.0,7.7,1011.3,-8.0,0.0,SE,0.8,Aotizhongxin,85.0,234.0,179.0,1478.2445652174267,-4.1,9.6,3.2,19.464057971003754,2015-03-06 18:00:00,191.0,2015-03-07 18:00:00
17282,2015-03-12 05:00:00,0,train,17790,2015,3,12,5,88.0,133.0,26.0,83.0,2200.0,13.0,-0.9,1014.0,-12.8,0.0,NE,1.6,Aotizhongxin,9.0,88.0,33.5,873.913043478327,-2.6,9.7,5.7,15.312590579700446,2015-03-12 05:00:00,124.0,2015-03-13 05:00:00
17295,2015-03-12 18:00:00,0,train,17803,2015,3,12,18,50.0,73.0,17.0,60.0,900.0,62.0,10.8,1010.0,-15.7,0.0,SE,1.7,Aotizhongxin,27.0,93.0,83.0,546.4476190476864,-2.8,12.2,5.55,22.676521739120993,2015-03-12 18:00:00,17.0,2015-03-13 18:00:00
17299,2015-03-12 22:00:00,0,train,17807,2015,3,12,22,82.0,116.0,24.0,102.0,1700.0,17.0,6.0,1013.5,-12.1,0.0,SE,2.0,Aotizhongxin,46.0,93.0,83.0,225.70000000006522,-2.8,12.2,5.55,23.461576086947126,2015-03-12 22:00:00,37.0,2015-03-13 22:00:00
17308,2015-03-13 07:00:00,0,train,17816,2015,3,13,7,127.0,127.0,37.0,93.0,2200.0,9.0,-3.2,1017.3,-6.0,0.0,NNE,0.9,Aotizhongxin,46.0,139.0,93.0,713.690476190537,-3.3,12.2,5.5,29.015054347816427,2015-03-13 07:00:00,56.0,2015-03-14 07:00:00
17316,2015-03-13 15:00:00,0,train,17824,2015,3,13,15,9.0,9.0,4.0,16.0,300.0,100.0,11.9,1016.7,-21.4,0.0,NE,2.4,Aotizhongxin,9.0,139.0,82.0,1831.8379446640902,-3.3,11.9,6.05,28.81679347825136,2015-03-13 15:00:00,129.0,2015-03-14 15:00:00
17386,2015-03-16 13:00:00,0,train,17894,2015,3,16,13,216.0,320.0,46.0,102.0,2200.0,21.0,11.6,1007.2,4.1,0.0,E,2.7,Aotizhongxin,48.0,216.0,118.5,1731.0362318840996,6.2,16.4,10.75,12.714184782602153,2015-03-16 13:00:00,142.0,2015-03-17 13:00:00
17533,2015-03-22 16:00:00,0,train,18041,2015,3,22,16,20.0,51.0,5.0,21.0,400.0,94.0,13.6,1022.9,-21.7,0.0,SSW,2.7,Aotizhongxin,9.0,44.0,12.5,74.89130434794427,5.7,18.3,11.65,13.16824275361686,2015-03-22 16:00:00,20.0,2015-03-23 16:00:00
17539,2015-03-22 22:00:00,0,train,18047,2015,3,22,22,38.0,206.0,11.0,41.0,700.0,47.0,8.2,1025.3,-8.4,0.0,WSW,3.7,Aotizhongxin,9.0,47.0,17.5,141.04347826098547,5.7,13.7,10.35,7.119927536224955,2015-03-22 22:00:00,36.0,2015-03-23 22:00:00
17570,2015-03-24 05:00:00,0,train,18078,2015,3,24,5,74.0,102.0,49.0,73.0,2600.0,16.0,2.6,1028.6,-6.8,0.0,ENE,1.0,Aotizhongxin,9.0,114.0,36.5,736.6068840580771,-0.3,17.9,12.95,35.04405797100788,2015-03-24 05:00:00,115.0,2015-03-25 05:00:00
17648,2015-03-27 11:00:00,0,train,18156,2015,3,27,11,108.0,146.0,,96.0,,42.0,14.9,1018.5,-0.8,0.0,SSE,1.8,Aotizhongxin,56.0,146.0,74.0,469.362318840671,6.8,20.1,14.850000000000001,15.732971014488033,2015-03-27 11:00:00,63.0,2015-03-28 11:00:00
17699,2015-03-29 14:00:00,0,train,18207,2015,3,29,14,129.0,474.0,31.0,63.0,1400.0,120.0,22.3,1008.7,-1.1,0.0,S,2.9,Aotizhongxin,22.0,147.0,41.0,1709.563405797205,7.4,23.1,15.8,33.178188405792696,2015-03-29 14:00:00,182.0,2015-03-30 14:00:00
17716,2015-03-30 07:00:00,0,train,18224,2015,3,30,7,121.0,303.0,22.0,104.0,2000.0,2.0,10.7,1006.1,3.9,0.0,ENE,0.7,Aotizhongxin,59.0,157.0,121.0,1203.9710144928276,10.7,22.7,16.4,16.9282427536194,2015-03-30 07:00:00,159.0,2015-03-31 07:00:00
17818,2015-04-03 14:00:00,0,train,18327,2015,4,3,14,38.0,86.0,7.0,28.0,600.0,132.0,16.1,1008.2,0.6,0.0,S,2.8,Aotizhongxin,10.0,38.0,19.0,64.34601449288932,6.4,16.1,13.5,7.657807971008619,2015-04-03 14:00:00,70.0,2015-04-04 14:00:00
17850,2015-04-04 22:00:00,0,train,18359,2015,4,4,22,104.0,123.0,8.0,49.0,800.0,124.0,13.9,1010.6,3.6,0.0,WSW,2.8,Aotizhongxin,31.0,104.0,69.5,532.244565217501,8.6,16.7,12.399999999999999,8.767173913037627,2015-04-04 22:00:00,21.0,2015-04-05 22:00:00
17854,2015-04-05 02:00:00,0,train,18363,2015,4,5,2,124.0,141.0,6.0,77.0,900.0,55.0,11.0,1009.6,4.9,0.0,SE,0.5,Aotizhongxin,35.0,126.0,74.0,777.3840579711149,8.6,16.7,13.2,6.868405797095853,2015-04-05 02:00:00,17.0,2015-04-06 02:00:00
17929,2015-04-08 05:00:00,0,train,18438,2015,4,8,5,73.0,116.0,6.0,95.0,1000.0,3.0,4.5,1021.6,-3.8,0.0,WNW,1.1,Aotizhongxin,6.0,77.0,24.0,733.6793478262131,1.7,12.6,9.35,8.004275362311361,2015-04-08 05:00:00,131.0,2015-04-09 05:00:00
17964,2015-04-09 16:00:00,0,train,18473,2015,4,9,16,164.0,191.0,17.0,38.0,1000.0,136.0,17.8,1013.4,2.5,0.0,SW,3.0,Aotizhongxin,111.0,196.0,138.0,535.79710144933,3.0,17.8,9.350000000000001,20.251286231876882,2015-04-09 16:00:00,122.0,2015-04-10 16:00:00
17984,2015-04-10 12:00:00,0,train,18493,2015,4,10,12,205.0,205.0,22.0,65.0,1300.0,90.0,17.8,1015.8,4.0,0.0,ESE,2.3,Aotizhongxin,116.0,242.0,212.5,1160.5797101449496,6.5,17.8,13.95,15.322880434777082,2015-04-10 12:00:00,136.0,2015-04-11 12:00:00
17996,2015-04-11 00:00:00,0,train,18505,2015,4,11,0,64.0,101.0,9.0,98.0,800.0,25.0,15.9,1014.2,4.3,0.0,SSE,1.2,Aotizhongxin,53.0,234.0,181.5,4287.445199275408,6.5,20.8,15.45,24.628242753618235,2015-04-11 00:00:00,13.0,2015-04-12 00:00:00
18000,2015-04-11 04:00:00,0,train,18509,2015,4,11,4,244.0,259.0,26.0,82.0,3400.0,,11.7,1014.6,8.2,0.1,E,1.3,Aotizhongxin,53.0,244.0,127.5,4336.369112318891,6.5,20.8,15.45,19.42259057970551,2015-04-11 04:00:00,13.0,2015-04-12 04:00:00
18013,2015-04-11 17:00:00,0,train,18522,2015,4,11,17,94.0,116.0,9.0,37.0,1100.0,122.0,16.2,1014.3,7.4,0.1,SE,3.3,Aotizhongxin,53.0,246.0,121.5,4586.032155797155,10.4,19.8,15.55,7.29157608695195,2015-04-11 17:00:00,11.0,2015-04-12 17:00:00
18035,2015-04-12 15:00:00,0,train,18544,2015,4,12,15,14.0,33.9,2.0,12.0,300.0,84.0,8.2,1022.4,-3.3,0.0,ENE,6.5,Aotizhongxin,7.0,134.0,14.0,2006.9565217392383,7.5,17.5,9.05,9.091721014485946,2015-04-12 15:00:00,28.0,2015-04-13 15:00:00
18129,2015-04-16 13:00:00,0,train,18638,2015,4,16,13,12.0,36.0,2.0,7.0,200.0,104.0,18.7,1008.0,-14.9,0.0,W,6.0,Aotizhongxin,9.0,403.0,74.0,8444.954710145004,12.3,24.7,16.85,15.43346014492412,2015-04-16 13:00:00,83.0,2015-04-17 13:00:00
18133,2015-04-16 17:00:00,1,train,18642,2015,4,16,17,9.0,50.0,2.0,19.0,200.0,104.0,19.7,1004.9,-11.6,0.0,SW,5.5,Aotizhongxin,8.0,403.0,46.0,8181.302536231972,12.3,23.5,16.85,9.701666666662984,2015-04-16 17:00:00,214.0,2015-04-17 17:00:00
18176,2015-04-18 12:00:00,0,train,18685,2015,4,18,12,185.0,365.0,41.0,125.0,1600.0,48.0,20.8,1007.0,9.1,0.0,E,1.7,Aotizhongxin,74.0,243.0,124.5,2207.2101449275956,13.7,25.2,18.3,13.618967391301675,2015-04-18 12:00:00,43.0,2015-04-19 12:00:00
18235,2015-04-22 08:00:00,0,train,18777,2015,4,22,8,61.0,148.0,9.0,92.0,1100.0,8.0,15.8,1015.6,6.0,0.0,E,1.5,Aotizhongxin,11.0,120.0,40.0,981.9644268775646,8.2,26.5,19.15,38.574492753620106,2015-04-22 08:00:00,91.0,2015-04-23 08:00:00
18265,2015-04-23 14:00:00,0,train,18807,2015,4,23,14,80.0,136.0,14.0,69.0,900.0,100.0,26.6,1009.3,3.1,0.0,ENE,1.2,Aotizhongxin,34.0,188.0,62.5,1015.3260869566047,12.6,26.6,20.5,18.62579710144704,2015-04-23 14:00:00,101.0,2015-04-24 14:00:00
18309,2015-04-25 10:00:00,0,train,18851,2015,4,25,10,68.0,185.0,8.0,85.0,900.0,85.0,23.4,1012.6,2.8,0.0,SSW,1.2,Aotizhongxin,35.0,101.0,71.5,415.1014492754435,10.2,26.0,21.45,29.925144927533932,2015-04-25 10:00:00,135.0,2015-04-26 10:00:00
18322,2015-04-25 23:00:00,0,train,18864,2015,4,25,23,102.0,214.0,28.0,67.0,1600.0,133.0,25.2,1006.8,10.3,0.0,WSW,5.4,Aotizhongxin,44.0,106.0,70.5,296.2010869566024,10.2,31.9,25.299999999999997,58.72389492753539,2015-04-25 23:00:00,46.0,2015-04-26 23:00:00
18404,2015-04-29 09:00:00,0,train,18946,2015,4,29,9,128.0,161.0,11.0,88.0,1600.0,31.0,19.8,1011.0,12.5,0.0,S,0.9,Aotizhongxin,37.0,128.0,56.0,1276.7536231884844,13.9,24.6,20.75,11.844057971012422,2015-04-29 09:00:00,164.0,2015-04-30 09:00:00
18476,2015-05-02 09:00:00,0,train,19018,2015,5,2,9,44.0,92.0,2.0,44.0,800.0,32.0,18.3,1007.7,10.4,0.0,NNE,2.0,Aotizhongxin,25.0,198.0,35.5,3492.9981884058793,13.5,25.2,14.7,12.426358695648318,2015-05-02 09:00:00,25.0,2015-05-03 09:00:00
18506,2015-05-03 15:00:00,0,train,19048,2015,5,3,15,14.0,62.0,3.0,10.0,300.0,121.0,22.5,1009.1,-9.5,0.0,WNW,8.2,Aotizhongxin,9.0,129.0,47.0,1340.9981884058807,15.5,24.0,20.5,5.517807971012553,2015-05-03 15:00:00,14.0,2015-05-04 15:00:00
18537,2015-05-04 22:00:00,0,train,19079,2015,5,4,22,51.0,130.0,11.0,42.0,500.0,118.0,19.2,1004.7,2.9,0.0,WSW,5.8,Aotizhongxin,6.0,57.0,12.0,254.9112318841571,13.3,22.9,18.9,11.070851449272432,2015-05-04 22:00:00,17.0,2015-05-05 22:00:00
18563,2015-05-06 00:00:00,0,train,19105,2015,5,6,0,10.0,33.0,2.0,33.0,200.0,80.0,19.0,1005.0,-7.4,0.0,NE,1.5,Aotizhongxin,10.0,137.0,50.5,963.3260869566074,11.9,27.5,20.700000000000003,22.02688405796925,2015-05-06 00:00:00,37.0,2015-05-07 00:00:00
18587,2015-05-07 00:00:00,0,train,19129,2015,5,7,0,37.0,164.0,8.0,61.0,600.0,45.0,16.4,1007.8,-4.8,0.0,SSE,1.4,Aotizhongxin,8.0,37.0,16.5,97.95471014502725,13.7,21.1,17.950000000000003,5.212010869562064,2015-05-07 00:00:00,11.0,2015-05-08 00:00:00
18633,2015-05-08 22:00:00,0,train,19175,2015,5,8,22,94.0,212.0,14.0,53.0,1900.0,74.0,17.2,1009.7,10.3,0.0,ESE,3.3,Aotizhongxin,11.0,94.0,32.0,727.4492753624073,12.1,23.7,18.45,13.244764492750537,2015-05-08 22:00:00,34.0,2015-05-09 22:00:00
18672,2015-05-10 13:00:00,0,train,19214,2015,5,10,13,41.0,51.0,2.0,71.0,1600.0,24.0,8.6,1011.4,7.7,3.0,NNE,1.8,Aotizhongxin,22.0,53.0,35.0,65.78079710154059,8.2,13.2,12.1,2.177807971007859,2015-05-10 13:00:00,25.0,2015-05-11 13:00:00
18712,2015-05-12 05:00:00,0,train,19254,2015,5,12,5,8.0,37.0,2.0,30.0,300.0,66.0,10.9,991.8,4.8,0.0,WSW,0.7,Aotizhongxin,3.0,41.0,11.0,162.6666666667673,9.3,18.5,15.05,7.263460144922654,2015-05-12 05:00:00,50.0,2015-05-13 05:00:00
18719,2015-05-12 12:00:00,0,train,19261,2015,5,12,12,16.0,28.0,2.0,23.0,400.0,115.0,22.5,991.3,4.5,0.0,S,1.6,Aotizhongxin,3.0,25.0,10.0,25.449275362422924,10.9,22.5,15.8,8.043894927532106,2015-05-12 12:00:00,40.0,2015-05-13 12:00:00
18759,2015-05-14 04:00:00,0,train,19301,2015,5,14,4,17.0,75.0,6.0,26.0,200.0,70.0,19.7,999.6,-2.0,0.0,N,4.3,Aotizhongxin,11.0,146.0,50.5,1193.7971014493567,10.6,30.9,23.9,28.95737318840574,2015-05-14 04:00:00,14.0,2015-05-15 04:00:00
18937,2015-05-21 14:00:00,0,train,19479,2015,5,21,14,44.0,101.0,18.0,30.0,500.0,154.0,27.9,1006.1,4.8,0.0,SW,3.7,Aotizhongxin,16.0,109.0,40.0,589.0706521739945,15.1,29.0,24.1,18.798967391304302,2015-05-21 14:00:00,98.0,2015-05-22 14:00:00
18942,2015-05-21 19:00:00,0,train,19484,2015,5,21,19,48.0,132.0,6.0,27.0,300.0,145.0,24.9,1004.7,6.1,0.0,WSW,5.9,Aotizhongxin,21.0,109.0,43.5,543.1721014493552,15.1,28.1,24.1,16.45650362318824,2015-05-21 19:00:00,60.0,2015-05-22 19:00:00
18964,2015-05-22 17:00:00,0,train,19506,2015,5,22,17,48.0,104.0,12.0,40.0,700.0,224.0,29.1,1002.1,7.6,0.0,SW,3.2,Aotizhongxin,27.0,107.0,49.5,610.4057971015244,15.7,29.5,22.4,17.899112318840135,2015-05-22 17:00:00,72.0,2015-05-23 17:00:00
18968,2015-05-22 21:00:00,0,train,19510,2015,5,22,21,51.0,100.0,11.0,49.0,800.0,162.0,24.7,1003.7,7.8,0.0,SSW,1.1,Aotizhongxin,29.0,107.0,51.0,545.0362318841329,15.7,29.5,22.4,20.075923913043187,2015-05-22 21:00:00,94.0,2015-05-23 21:00:00
19027,2015-05-25 08:00:00,0,train,19569,2015,5,25,8,131.0,233.0,14.0,104.0,1400.0,31.0,24.5,1003.1,14.0,0.0,ENE,1.5,Aotizhongxin,68.0,202.0,87.0,1801.3460144928101,19.7,31.7,27.65,15.459836956522945,2015-05-25 08:00:00,105.0,2015-05-26 08:00:00
19029,2015-05-25 10:00:00,0,train,19571,2015,5,25,10,136.0,225.0,21.0,79.0,1200.0,103.0,27.2,1003.0,13.9,0.0,SSE,1.3,Aotizhongxin,68.0,197.0,87.0,1081.64492753629,19.7,31.7,27.65,15.009836956523005,2015-05-25 10:00:00,102.0,2015-05-26 10:00:00
19076,2015-05-27 09:00:00,0,train,19618,2015,5,27,9,133.0,201.0,14.0,53.0,1000.0,118.0,25.2,1002.5,16.3,0.0,ESE,1.5,Aotizhongxin,62.0,133.0,85.0,498.7807971015121,22.2,33.4,28.05,14.27331521739295,2015-05-27 09:00:00,160.0,2015-05-28 09:00:00
19098,2015-05-28 07:00:00,0,train,19640,2015,5,28,7,136.0,180.0,18.0,55.0,1500.0,99.0,22.9,999.9,15.0,0.0,SE,1.8,Aotizhongxin,77.0,145.0,120.5,448.65036231889627,21.8,31.1,26.5,8.877373188406949,2015-05-28 07:00:00,101.0,2015-05-29 07:00:00
19127,2015-05-29 12:00:00,0,train,19669,2015,5,29,12,76.0,76.0,5.0,60.0,900.0,111.0,27.8,1001.5,15.8,0.0,E,1.6,Aotizhongxin,76.0,108.0,90.0,96.04166666672775,20.1,29.5,25.5,9.70331521739192,2015-05-29 12:00:00,50.0,2015-05-30 12:00:00
19197,2015-06-01 10:00:00,0,train,19739,2015,6,1,10,119.0,217.0,2.0,75.0,1300.0,90.0,27.3,996.8,18.3,0.0,NNE,1.6,Aotizhongxin,50.0,119.0,71.0,362.51992753629605,23.3,32.6,28.9,7.774492753625143,2015-06-01 10:00:00,14.0,2015-06-02 10:00:00
19207,2015-06-01 20:00:00,0,train,19749,2015,6,1,20,64.0,138.0,9.0,53.0,800.0,182.0,28.1,996.6,16.4,0.0,SE,0.8,Aotizhongxin,51.0,134.0,91.0,674.0271739131028,23.3,32.2,28.549999999999997,6.45519927536416,2015-06-01 20:00:00,23.0,2015-06-02 20:00:00
19210,2015-06-01 23:00:00,0,train,19752,2015,6,1,23,149.0,191.0,2.0,41.0,1500.0,174.0,26.3,998.6,17.1,0.0,ENE,1.7,Aotizhongxin,63.0,149.0,99.0,635.8188405797679,23.3,32.2,28.1,6.120271739132158,2015-06-01 23:00:00,20.0,2015-06-02 23:00:00
19220,2015-06-02 09:00:00,0,train,19762,2015,6,2,9,15.0,83.0,2.0,7.0,200.0,99.0,27.3,1005.2,1.6,0.0,NW,5.8,Aotizhongxin,7.0,149.0,86.5,1815.7608695652787,21.6,32.2,27.3,10.265144927537659,2015-06-02 09:00:00,64.0,2015-06-03 09:00:00
19269,2015-06-04 10:00:00,0,train,19811,2015,6,4,10,34.0,157.0,3.0,61.0,700.0,71.0,21.7,1001.5,15.1,0.2,SW,0.4,Aotizhongxin,19.0,75.0,34.0,202.8677536232617,21.7,31.6,26.9,10.293025362320003,2015-06-04 10:00:00,55.0,2015-06-05 10:00:00
19291,2015-06-05 08:00:00,0,train,19833,2015,6,5,8,76.0,126.0,4.0,82.0,1100.0,18.0,18.4,995.0,15.6,0.0,E,1.3,Aotizhongxin,13.0,76.0,44.5,329.0271739131153,15.2,22.7,19.1,3.0825362318826137,2015-06-05 08:00:00,11.0,2015-06-06 08:00:00
19319,2015-06-06 12:00:00,0,train,19861,2015,6,6,12,8.0,20.0,2.0,14.0,300.0,133.0,28.1,997.3,10.3,0.0,ENE,2.4,Aotizhongxin,7.0,71.0,36.0,340.2445652174651,20.6,30.9,23.9,13.347663043478757,2015-06-06 12:00:00,9.0,2015-06-07 12:00:00
19331,2015-06-07 00:00:00,0,train,19873,2015,6,7,0,15.0,29.0,2.0,43.0,8000.0,47.0,17.2,1001.2,15.0,0.0,ENE,0.9,Aotizhongxin,7.0,51.0,23.0,147.0271739131196,17.2,28.7,21.950000000000003,12.313025362318779,2015-06-07 00:00:00,9.0,2015-06-08 00:00:00
19341,2015-06-07 10:00:00,0,train,19883,2015,6,7,10,14.0,19.0,7.0,29.0,4000.0,65.0,24.9,1004.9,8.8,0.0,N,0.9,Aotizhongxin,8.0,51.0,16.0,116.57971014500454,14.4,28.7,21.200000000000003,22.838188405796526,2015-06-07 10:00:00,13.0,2015-06-08 10:00:00
19394,2015-06-09 15:00:00,0,train,19936,2015,6,9,15,95.0,123.0,35.0,34.0,1500.0,218.0,28.6,996.3,12.9,0.0,E,3.3,Aotizhongxin,16.0,121.0,32.0,921.1884057971733,18.8,30.7,23.3,13.513025362319006,2015-06-09 15:00:00,34.0,2015-06-10 15:00:00
19419,2015-06-10 16:00:00,0,train,19961,2015,6,10,16,26.0,26.0,,,,,23.1,994.1,17.3,0.0,NE,1.1,Aotizhongxin,26.0,85.0,51.0,317.7101449276048,18.5,28.3,20.85,7.916503623187896,2015-06-10 16:00:00,3.0,2015-06-11 16:00:00
19444,2015-06-13 00:00:00,0,train,20017,2015,6,13,0,9.0,21.0,14.0,41.0,400.0,74.0,24.2,995.1,11.5,0.0,NNW,2.7,Aotizhongxin,3.0,9.0,5.0,4.568181818345511,19.0,28.5,25.299999999999997,5.296231884058572,2015-06-13 00:00:00,28.0,2015-06-14 00:00:00
19446,2015-06-13 02:00:00,0,train,20019,2015,6,13,2,6.0,19.0,10.0,39.0,300.0,72.0,21.9,996.0,11.9,0.0,ENE,1.6,Aotizhongxin,3.0,9.0,5.5,4.423076923215346,21.9,28.5,25.299999999999997,3.6449275362325624,2015-06-13 02:00:00,21.0,2015-06-14 02:00:00
19527,2015-06-16 12:00:00,0,train,20101,2015,6,16,12,162.0,178.0,27.0,67.0,1600.0,200.0,30.1,999.7,16.5,0.0,E,2.1,Aotizhongxin,71.0,162.0,91.0,1173.8972332016392,21.0,31.6,27.6,12.00057971014639,2015-06-16 12:00:00,34.0,2015-06-17 12:00:00
19624,2015-06-20 13:00:00,0,train,20198,2015,6,20,13,10.0,10.0,2.0,12.0,200.0,167.0,28.9,1007.2,13.6,0.0,ENE,2.1,Aotizhongxin,10.0,45.0,22.5,119.80978260876999,17.1,28.9,20.5,11.857807971013473,2015-06-20 13:00:00,30.0,2015-06-21 13:00:00
19625,2015-06-20 14:00:00,0,train,20199,2015,6,20,14,16.0,16.0,2.0,14.0,200.0,176.0,29.5,1006.6,12.9,0.0,SE,2.1,Aotizhongxin,10.0,45.0,21.5,123.03623188413243,17.1,29.5,20.5,14.74405797101359,2015-06-20 14:00:00,27.0,2015-06-21 14:00:00
19631,2015-06-20 20:00:00,0,train,20205,2015,6,20,20,22.0,59.0,2.0,34.0,300.0,179.0,28.4,1005.3,13.1,0.0,SW,2.4,Aotizhongxin,10.0,45.0,19.5,124.94021739137922,17.1,31.0,23.0,28.937101449275357,2015-06-20 20:00:00,36.0,2015-06-21 20:00:00
19661,2015-06-22 02:00:00,1,train,20235,2015,6,22,2,76.0,154.0,21.0,55.0,1300.0,95.0,24.2,1001.9,14.0,0.0,SW,1.3,Aotizhongxin,27.0,76.0,50.5,260.42753623195216,20.3,31.9,27.15,12.700579710146316,2015-06-22 02:00:00,196.0,2015-06-23 02:00:00
19695,2015-06-23 12:00:00,0,train,20269,2015,6,23,12,280.0,280.0,29.0,56.0,2400.0,182.0,27.8,1003.1,18.8,0.0,ESE,2.1,Aotizhongxin,60.0,309.0,146.0,9143.128623188446,21.9,30.7,25.85,8.940706521740191,2015-06-23 12:00:00,142.0,2015-06-24 12:00:00
19726,2015-06-24 19:00:00,0,train,20300,2015,6,24,19,83.0,90.0,6.0,94.0,1000.0,66.0,25.2,999.8,17.9,0.0,E,2.2,Aotizhongxin,80.0,178.0,111.5,856.331521739179,24.5,29.7,25.6,2.2988405797111526,2015-06-24 19:00:00,90.0,2015-06-25 19:00:00
19819,2015-06-28 16:00:00,0,train,20393,2015,6,28,16,131.0,131.0,12.0,23.0,700.0,224.0,31.1,999.9,22.7,0.0,SE,2.2,Aotizhongxin,100.0,205.0,152.0,1019.7101449275907,23.2,31.1,26.6,6.325923913044744,2015-06-28 16:00:00,10.0,2015-06-29 16:00:00
19821,2015-06-28 18:00:00,0,train,20395,2015,6,28,18,138.0,138.0,14.0,24.0,700.0,234.0,30.5,999.2,22.1,0.0,SSE,3.0,Aotizhongxin,100.0,205.0,139.0,1040.7228260870108,23.2,31.2,26.6,7.328405797102773,2015-06-28 18:00:00,16.0,2015-06-29 18:00:00
19830,2015-06-29 03:00:00,0,train,20404,2015,6,29,3,182.0,182.0,7.0,66.0,1100.0,38.0,23.5,999.1,20.6,0.0,ENE,1.3,Aotizhongxin,100.0,207.0,175.0,1017.6503623188971,23.2,31.2,27.4,7.331884057972452,2015-06-29 03:00:00,16.0,2015-06-30 03:00:00
19837,2015-06-29 10:00:00,0,train,20411,2015,6,29,10,185.0,,,,,,26.3,999.5,21.3,0.0,E,1.0,Aotizhongxin,122.0,207.0,183.5,482.56340579716,23.4,31.2,27.4,7.318677536233316,2015-06-29 10:00:00,13.0,2015-06-30 10:00:00
19845,2015-06-29 18:00:00,0,train,20419,2015,6,29,18,16.0,16.0,2.0,38.0,900.0,58.0,18.5,1003.7,17.5,0.0,ENE,1.4,Aotizhongxin,10.0,207.0,185.0,3658.4329710145503,18.5,29.4,24.5,9.693260869565572,2015-06-29 18:00:00,10.0,2015-06-30 18:00:00
19858,2015-06-30 07:00:00,0,train,20432,2015,6,30,7,9.0,9.0,2.0,29.0,500.0,49.0,18.1,1002.5,13.4,0.1,NW,3.3,Aotizhongxin,9.0,207.0,21.0,7606.766304347875,18.1,26.6,19.6,7.96172101449178,2015-06-30 07:00:00,34.0,2015-07-01 07:00:00
19884,2015-07-01 09:00:00,0,train,20458,2015,7,1,9,30.0,50.0,2.0,56.0,700.0,47.0,26.6,993.7,15.3,0.0,NE,1.2,Aotizhongxin,5.0,35.0,15.0,100.42753623192846,17.2,26.9,22.85,11.025144927535848,2015-07-01 09:00:00,6.0,2015-07-02 09:00:00
19886,2015-07-01 11:00:00,0,train,20460,2015,7,1,11,8.0,8.0,4.0,27.0,500.0,91.0,30.3,993.2,10.3,0.0,WNW,3.6,Aotizhongxin,5.0,35.0,16.5,103.99818840584149,17.2,30.3,24.0,14.199130434782534,2015-07-01 11:00:00,3.0,2015-07-02 11:00:00
19903,2015-07-02 04:00:00,0,train,20477,2015,7,2,4,3.0,5.0,2.0,30.0,200.0,,22.6,997.9,9.4,0.0,NNW,1.8,Aotizhongxin,3.0,34.0,9.5,102.36956521743522,17.2,32.2,24.05,18.766014492754454,2015-07-02 04:00:00,18.0,2015-07-03 04:00:00
19963,2015-07-04 16:00:00,0,train,20537,2015,7,4,16,29.0,90.0,6.0,34.0,600.0,136.0,24.3,1004.8,14.1,0.0,WNW,1.0,Aotizhongxin,12.0,45.0,29.0,84.9112318841032,19.6,30.2,24.1,8.846938405797442,2015-07-04 16:00:00,73.0,2015-07-05 16:00:00
20007,2015-07-06 12:00:00,0,train,20581,2015,7,6,12,69.0,69.0,13.0,40.0,1100.0,163.0,28.1,1007.0,14.7,0.0,SE,1.5,Aotizhongxin,55.0,129.0,73.0,311.25905797106435,19.2,29.1,25.3,11.812173913044036,2015-07-06 12:00:00,90.0,2015-07-07 12:00:00
20008,2015-07-06 13:00:00,0,train,20582,2015,7,6,13,61.0,61.0,13.0,35.0,1000.0,198.0,28.8,1006.2,14.2,0.0,E,1.8,Aotizhongxin,55.0,129.0,72.5,320.60869565222373,19.2,29.1,25.3,12.139981884058546,2015-07-06 13:00:00,69.0,2015-07-07 13:00:00
20017,2015-07-06 22:00:00,0,train,20591,2015,7,6,22,44.0,85.0,6.0,41.0,600.0,158.0,26.5,1005.7,15.8,0.0,SSE,2.0,Aotizhongxin,44.0,129.0,63.5,424.5634057971509,19.2,30.4,26.3,15.233460144928287,2015-07-06 22:00:00,64.0,2015-07-07 22:00:00
20024,2015-07-07 05:00:00,0,train,20598,2015,7,7,5,76.0,93.0,3.0,78.0,800.0,6.0,20.2,1006.1,16.4,0.0,E,1.1,Aotizhongxin,44.0,129.0,63.0,441.9927536232379,20.2,30.4,26.3,11.513913043479182,2015-07-07 05:00:00,141.0,2015-07-08 05:00:00
20028,2015-07-07 09:00:00,1,train,20602,2015,7,7,9,86.0,86.0,10.0,69.0,1000.0,58.0,25.7,1006.2,17.1,0.0,ESE,1.4,Aotizhongxin,44.0,86.0,63.0,147.04166666671563,20.2,30.4,26.3,10.810416666667644,2015-07-07 09:00:00,193.0,2015-07-08 09:00:00
20072,2015-07-09 05:00:00,0,train,20646,2015,7,9,5,85.0,105.0,5.0,58.0,700.0,27.0,22.4,1008.8,17.3,0.0,E,1.0,Aotizhongxin,59.0,197.0,118.0,2138.1666666667224,22.0,32.7,27.4,14.284275362320404,2015-07-09 05:00:00,48.0,2015-07-10 05:00:00
20075,2015-07-09 08:00:00,0,train,20649,2015,7,9,8,105.0,105.0,10.0,89.0,1000.0,9.0,25.5,1010.2,17.4,0.0,E,1.6,Aotizhongxin,59.0,197.0,105.0,1785.7318840580263,22.4,32.7,27.4,13.252010869566831,2015-07-09 08:00:00,68.0,2015-07-10 08:00:00
20096,2015-07-10 05:00:00,0,train,20670,2015,7,10,5,48.0,144.0,13.0,81.0,800.0,13.0,23.0,1008.1,19.0,0.0,E,2.0,Aotizhongxin,25.0,107.0,71.0,977.7228260870111,23.0,32.5,28.15,10.550144927537962,2015-07-10 05:00:00,113.0,2015-07-11 05:00:00
20104,2015-07-10 13:00:00,0,train,20678,2015,7,10,13,48.0,48.0,8.0,26.0,500.0,224.0,31.0,1006.5,16.6,0.0,SSW,1.9,Aotizhongxin,25.0,90.0,52.0,369.89673913048887,23.0,32.5,27.75,10.857373188407456,2015-07-10 13:00:00,151.0,2015-07-11 13:00:00
20123,2015-07-11 08:00:00,1,train,20697,2015,7,11,8,134.0,152.0,17.0,84.0,1500.0,43.0,26.0,1005.6,21.2,0.0,ESE,1.2,Aotizhongxin,48.0,134.0,72.0,629.4492753623736,23.3,32.6,27.799999999999997,9.481449275364099,2015-07-11 08:00:00,188.0,2015-07-12 08:00:00
20150,2015-07-12 11:00:00,0,train,20724,2015,7,12,11,151.0,151.0,13.0,42.0,1200.0,260.0,32.0,996.4,20.6,0.0,SE,1.2,Aotizhongxin,82.0,195.0,122.0,1132.2318840580247,24.1,33.9,29.1,10.468097826089334,2015-07-12 11:00:00,45.0,2015-07-13 11:00:00
20198,2015-07-14 11:00:00,0,train,20772,2015,7,14,11,30.0,30.0,2.0,46.0,600.0,194.0,31.8,1000.2,16.9,0.0,E,1.6,Aotizhongxin,18.0,83.0,37.0,305.3025362319456,23.4,38.8,33.0,28.06114130435114,2015-07-14 11:00:00,38.0,2015-07-15 11:00:00
20351,2015-07-20 20:00:00,0,train,20925,2015,7,20,20,97.0,97.0,2.0,59.0,1000.0,146.0,24.6,1001.5,22.8,17.8,SW,0.2,Aotizhongxin,52.0,107.0,93.5,270.5144927536841,22.5,28.5,23.95,5.377373188406321,2015-07-20 20:00:00,150.0,2015-07-21 20:00:00
20379,2015-07-22 00:00:00,0,train,20953,2015,7,22,0,65.0,65.0,2.0,57.0,800.0,86.0,23.3,1000.8,20.1,0.0,WSW,1.6,Aotizhongxin,59.0,196.0,143.5,2030.5634057971627,22.9,29.6,24.200000000000003,6.778677536232745,2015-07-22 00:00:00,24.0,2015-07-23 00:00:00
20407,2015-07-23 04:00:00,0,train,20981,2015,7,23,4,35.0,35.0,2.0,44.0,600.0,48.0,21.3,1000.5,20.8,0.0,SE,0.6,Aotizhongxin,9.0,103.0,57.0,923.1304347826807,21.2,30.9,24.45,13.25259057971084,2015-07-23 04:00:00,35.0,2015-07-24 04:00:00
20418,2015-07-23 15:00:00,0,train,20992,2015,7,23,15,87.0,87.0,,,,,30.8,997.9,20.7,0.0,S,1.0,Aotizhongxin,9.0,87.0,41.0,342.0271739131179,21.2,30.9,24.55,12.1640579710151,2015-07-23 15:00:00,44.0,2015-07-24 15:00:00
20439,2015-07-24 12:00:00,0,train,21013,2015,7,24,12,103.0,103.0,,46.0,1200.0,122.0,27.6,997.7,21.4,0.0,ESE,0.7,Aotizhongxin,27.0,103.0,41.5,577.7101449276087,22.5,30.8,25.4,7.651304347827106,2015-07-24 12:00:00,127.0,2015-07-25 12:00:00
20474,2015-07-25 23:00:00,0,train,21048,2015,7,25,23,132.0,141.0,9.0,34.0,1000.0,169.0,29.9,997.1,22.6,0.0,SSW,2.9,Aotizhongxin,65.0,148.0,78.0,675.5054347826745,22.1,32.8,29.65,14.86405797101628,2015-07-25 23:00:00,92.0,2015-07-26 23:00:00
