original_index,timestamp,target,partition,No,year,month,day,hour,PM2.5,PM10,SO2,NO2,CO,O3,TEMP,PRES,DEWP,RAIN,wd,WSPM,station,pm25_min,pm25_max,pm25_median,pm25_variance,temperature_min,temperature_max,temperature_median,temperature_variance,feature_timestamp,future_pm25,target_timestamp
9,2013-03-01 20:00:00,0,train,21,2013,3,1,20,11.0,17.0,13.0,33.0,600.0,55.0,1.7,1029.1,-17.3,0.0,N,2.1,Aotizhongxin,3.0,11.0,5.0,8.614285714285714,-2.6,6.2,1.7,8.813142857142859,2013-03-01 20:00:00,67.0,2013-03-02 20:00:00
100,2013-03-05 15:00:00,1,train,112,2013,3,5,15,165.0,171.0,85.0,172.0,2200.0,78.0,13.8,1007.2,-7.6,0.0,NE,1.2,Aotizhongxin,14.0,168.0,103.5,2331.7971014492764,-0.6,14.5,8.5,25.241086956521748,2013-03-05 15:00:00,246.0,2013-03-06 15:00:00
133,2013-03-07 00:00:00,1,train,145,2013,3,7,0,250.0,319.0,102.0,139.0,4000.0,17.0,1.5,1007.1,-2.6,0.0,NNE,0.8,Aotizhongxin,175.0,272.0,230.0,1018.0579710144928,1.5,14.7,5.4,17.040797101449293,2013-03-07 00:00:00,344.0,2013-03-08 00:00:00
150,2013-03-07 17:00:00,0,train,162,2013,3,7,17,216.0,257.0,64.0,86.0,1600.0,84.0,15.4,997.1,-1.7,0.0,NNW,1.4,Aotizhongxin,216.0,320.0,254.0,646.8405797101397,-0.9,18.6,4.75,50.304347826086975,2013-03-07 17:00:00,114.0,2013-03-08 17:00:00
214,2013-03-10 09:00:00,0,train,226,2013,3,10,9,26.0,75.0,34.0,69.0,900.0,82.0,6.8,1023.1,-15.9,0.0,SSW,5.2,Aotizhongxin,6.0,145.0,18.0,954.4275362319748,-2.1,16.7,5.449999999999999,31.67275362318835,2013-03-10 09:00:00,120.0,2013-03-11 09:00:00
226,2013-03-10 21:00:00,0,train,238,2013,3,10,21,64.0,114.0,28.0,62.0,800.0,84.0,6.5,1018.9,-10.3,0.0,SSW,2.7,Aotizhongxin,6.0,70.0,27.5,306.56340579719244,-2.1,11.4,6.65,24.774492753623125,2013-03-10 21:00:00,174.0,2013-03-11 21:00:00
337,2013-03-15 12:00:00,1,train,349,2013,3,15,12,110.0,331.0,125.0,91.0,1700.0,17.0,10.3,1013.2,-2.1,0.0,WSW,1.6,Aotizhongxin,3.0,183.0,138.5,1682.4329710145412,0.6,10.3,5.050000000000001,11.320579710144875,2013-03-15 12:00:00,227.0,2013-03-16 12:00:00
465,2013-03-20 20:00:00,1,train,477,2013,3,20,20,69.0,89.0,8.0,52.0,900.0,35.0,3.1,1013.8,-2.4,0.0,SW,2.9,Aotizhongxin,23.0,78.0,40.5,246.8242753623699,-5.7,5.4,1.4,9.893894927536097,2013-03-20 20:00:00,202.0,2013-03-21 20:00:00
510,2013-03-22 17:00:00,0,train,522,2013,3,22,17,78.0,170.0,30.0,46.0,900.0,66.0,8.9,1010.3,-2.4,0.0,SSW,3.9,Aotizhongxin,10.0,228.0,139.5,4769.536231884077,1.1,10.0,5.65,7.877807971014455,2013-03-22 17:00:00,63.0,2013-03-23 17:00:00
540,2013-03-23 23:00:00,0,train,552,2013,3,23,23,5.0,18.0,3.0,12.0,,76.0,3.5,1016.7,-14.7,0.0,NE,2.1,Aotizhongxin,5.0,89.0,56.5,770.021739130469,0.8,11.9,4.35,10.260416666666611,2013-03-23 23:00:00,55.0,2013-03-24 23:00:00
551,2013-03-24 10:00:00,0,train,563,2013,3,24,10,3.0,10.0,11.0,16.0,,67.0,5.9,1019.0,-16.0,0.0,NNW,3.0,Aotizhongxin,3.0,89.0,14.0,1052.6304347826472,1.0,11.9,4.8,9.683025362318787,2013-03-24 10:00:00,121.0,2013-03-25 10:00:00
588,2013-03-25 23:00:00,0,train,600,2013,3,25,23,100.0,138.0,46.0,80.0,1100.0,34.0,2.7,1011.9,-3.6,0.0,WNW,0.4,Aotizhongxin,56.0,146.0,109.5,586.630434782635,-1.1,10.8,5.95,19.417391304347777,2013-03-25 23:00:00,181.0,2013-03-26 23:00:00
621,2013-03-27 08:00:00,0,train,633,2013,3,27,8,221.0,319.0,,65.0,2399.0,2.0,7.6,1004.6,3.6,0.0,NE,2.0,Aotizhongxin,128.0,229.0,202.0,1344.9981884058066,2.8,12.9,7.85,10.32867753623191,2013-03-27 08:00:00,13.0,2013-03-28 08:00:00
630,2013-03-27 17:00:00,0,train,642,2013,3,27,17,14.0,42.0,7.0,13.0,400.0,90.0,14.5,1005.5,-12.7,0.0,NE,3.9,Aotizhongxin,13.0,229.0,140.5,4833.152173913067,2.8,19.5,9.15,30.659057971014555,2013-03-27 17:00:00,10.0,2013-03-28 17:00:00
632,2013-03-27 19:00:00,0,train,644,2013,3,27,19,10.0,26.0,4.0,19.0,400.0,82.0,11.6,1009.0,-15.1,0.0,NE,4.2,Aotizhongxin,10.0,229.0,135.0,5712.927536231912,2.8,19.5,9.15,30.810416666666733,2013-03-27 19:00:00,49.0,2013-03-28 19:00:00
767,2013-04-02 10:00:00,0,train,779,2013,4,2,10,162.0,177.0,87.0,92.0,,22.0626,12.4,1014.0,-0.2,0.0,WSW,2.1,Aotizhongxin,3.0,162.0,18.5,2178.0416666667043,0.0,16.7,10.15,33.01413043478265,2013-04-02 10:00:00,129.0,2013-04-03 10:00:00
791,2013-04-03 10:00:00,0,train,803,2013,4,3,10,129.0,197.0,53.0,74.0,1300.0,58.0,18.0,1006.8,-1.3,0.0,ENE,3.6,Aotizhongxin,108.0,168.0,135.5,325.043478260888,5.4,18.2,13.149999999999999,20.66427536231885,2013-04-03 10:00:00,69.0,2013-04-04 10:00:00
792,2013-04-03 11:00:00,0,train,804,2013,4,3,11,129.0,197.0,53.0,74.0,1100.0,73.0,19.6,1006.6,2.0,0.0,ESE,1.4,Aotizhongxin,108.0,168.0,134.5,299.5362318840767,5.4,19.6,13.149999999999999,22.829402173913053,2013-04-03 11:00:00,74.0,2013-04-04 11:00:00
834,2013-04-05 05:00:00,0,train,846,2013,4,5,5,112.0,80.0,13.0,67.0,1899.0,2.0,6.1,1010.7,5.8,0.1,NE,0.9,Aotizhongxin,48.0,112.0,80.0,190.40579710148205,5.6,10.7,6.15,3.1878079710145513,2013-04-05 05:00:00,3.0,2013-04-06 05:00:00
870,2013-04-06 17:00:00,0,train,882,2013,4,6,17,3.0,6.0,4.0,9.0,400.0,88.0,14.7,1005.6,-2.3,0.0,SW,1.2,Aotizhongxin,3.0,18.0,3.0,33.15217391309526,-1.3,15.2,7.5,27.40998188405802,2013-04-06 17:00:00,125.0,2013-04-07 17:00:00
974,2013-04-11 01:00:00,0,train,986,2013,4,11,1,34.0,87.0,11.0,103.0,1000.0,2.0,3.8,1013.6,-4.7,0.0,NNE,1.1,Aotizhongxin,3.0,36.0,12.0,65.64492753627948,2.1,12.8,7.9,13.21606884057975,2013-04-11 01:00:00,56.0,2013-04-12 01:00:00
1075,2013-04-15 06:00:00,0,train,1087,2013,4,15,6,77.0,167.0,26.0,95.0,1399.0,2.0,8.1,1000.2,0.6,0.0,ENE,1.2,Aotizhongxin,5.0,77.0,56.0,400.86231884061783,6.4,16.2,12.6,10.660797101449395,2013-04-15 06:00:00,58.0,2013-04-16 06:00:00
1095,2013-04-16 02:00:00,0,train,1107,2013,4,16,2,46.0,136.0,53.0,46.0,1300.0,56.0,9.4,996.4,2.5,0.0,S,1.1,Aotizhongxin,46.0,115.0,71.0,441.43297101452697,6.4,19.5,12.1,16.62954710144939,2013-04-16 02:00:00,43.0,2013-04-17 02:00:00
1114,2013-04-16 21:00:00,0,train,1126,2013,4,16,21,78.0,242.0,29.0,46.0,1000.0,94.0,10.0,1005.8,-0.8,0.0,S,2.2,Aotizhongxin,21.0,93.0,53.5,342.0416666667052,8.5,22.2,13.45,25.717228260869675,2013-04-16 21:00:00,47.0,2013-04-17 21:00:00
1153,2013-04-18 12:00:00,0,train,1165,2013,4,18,12,9.0,18.0,4.0,12.0,300.0,81.0,13.5,1017.4,-12.7,0.0,ENE,2.4,Aotizhongxin,5.0,74.0,12.0,590.4927536232339,6.3,17.1,11.85,10.825199275362388,2013-04-18 12:00:00,31.0,2013-04-19 12:00:00
1230,2013-04-21 17:00:00,1,train,1242,2013,4,21,17,143.0,194.0,67.0,64.0,,,16.5,1008.7,3.9,0.0,SSW,4.4,Aotizhongxin,62.0,159.0,120.0,892.2010869565331,4.2,17.6,10.7,20.215199275362334,2013-04-21 17:00:00,236.0,2013-04-22 17:00:00
1293,2013-04-24 08:00:00,0,train,1305,2013,4,24,8,166.0,145.0,17.0,56.0,1200.0,2.0,14.7,1005.5,8.9,0.0,WSW,0.9,Aotizhongxin,128.0,263.0,186.5,1427.8840579709997,6.3,17.1,11.3,11.063025362318855,2013-04-24 08:00:00,18.0,2013-04-25 08:00:00
1301,2013-04-24 16:00:00,0,train,1313,2013,4,24,16,10.0,86.0,3.0,13.0,300.0,91.0,21.5,1001.6,-3.1,0.0,NE,3.7,Aotizhongxin,10.0,263.0,162.0,4227.760869565209,6.3,24.1,11.5,40.21128623188412,2013-04-24 16:00:00,9.0,2013-04-25 16:00:00
1303,2013-04-24 18:00:00,0,train,1315,2013,4,24,18,10.0,68.0,3.0,24.0,300.0,66.0,18.8,1003.2,-1.1,0.0,N,2.2,Aotizhongxin,10.0,229.0,150.5,4433.101449275355,6.3,24.1,11.5,42.88601449275369,2013-04-24 18:00:00,8.0,2013-04-25 18:00:00
1376,2013-04-27 19:00:00,0,train,1388,2013,4,27,19,75.0,158.0,30.0,51.0,800.0,140.0,19.3,1005.7,6.4,0.0,S,1.5,Aotizhongxin,32.0,89.0,59.5,248.30253623187843,9.3,23.9,18.6,21.7321014492755,2013-04-27 19:00:00,55.0,2013-04-28 19:00:00
1533,2013-05-04 08:00:00,0,train,1545,2013,5,4,8,118.0,140.0,37.0,55.0,800.0,35.0,17.4,1013.3,9.8,0.0,WNW,1.2,Aotizhongxin,50.0,254.0,86.0,2880.302536231876,12.9,22.6,18.35,8.906666666666816,2013-05-04 08:00:00,156.0,2013-05-05 08:00:00
1568,2013-05-05 19:00:00,0,train,1580,2013,5,5,19,237.0,272.0,51.0,42.0,1800.0,159.0,23.0,1008.9,15.3,0.0,SSW,1.3,Aotizhongxin,73.0,366.0,170.5,4247.826086956507,13.8,27.3,20.049999999999997,25.071286231884123,2013-05-05 19:00:00,85.0,2013-05-06 19:00:00
1603,2013-05-07 06:00:00,0,train,1615,2013,5,7,6,141.0,145.0,23.0,76.0,1300.0,2.0,18.3,1010.7,11.8,0.0,NE,1.5,Aotizhongxin,85.0,308.0,170.0,5304.02173913043,15.9,30.9,23.200000000000003,26.277663043478178,2013-05-07 06:00:00,117.0,2013-05-08 06:00:00
1607,2013-05-07 10:00:00,0,train,1619,2013,5,7,10,230.0,305.0,45.0,136.0,1700.0,21.0,24.8,1011.4,14.3,0.0,ENE,0.9,Aotizhongxin,85.0,278.0,151.0,3096.027173913042,15.9,30.9,22.6,26.07259057971006,2013-05-07 10:00:00,136.0,2013-05-08 10:00:00
1644,2013-05-08 23:00:00,0,train,1656,2013,5,8,23,48.0,58.0,25.0,46.0,400.0,60.0,17.6,1007.1,11.4,0.0,SW,2.7,Aotizhongxin,48.0,203.0,133.5,1731.3460144927578,16.4,22.4,20.35,3.0256340579710956,2013-05-08 23:00:00,75.0,2013-05-09 23:00:00
1682,2013-05-10 13:00:00,0,train,1694,2013,5,10,13,17.0,36.0,11.0,15.0,200.0,98.0,29.3,995.2,0.0,0.0,NNW,4.3,Aotizhongxin,9.0,113.0,68.5,1070.5634057971201,9.5,29.3,17.4,38.36166666666688,2013-05-10 13:00:00,25.0,2013-05-11 13:00:00
1693,2013-05-11 00:00:00,0,train,1705,2013,5,11,0,49.0,153.0,32.0,104.0,600.0,23.0,14.3,993.1,8.9,0.0,NW,0.8,Aotizhongxin,9.0,113.0,40.0,1436.3894927536448,9.5,31.0,23.75,58.38201086956527,2013-05-11 00:00:00,51.0,2013-05-12 00:00:00
1760,2013-05-13 19:00:00,0,train,1772,2013,5,13,19,124.0,250.0,81.0,78.0,2100.0,154.0,22.1,995.2,10.6,0.0,SW,1.3,Aotizhongxin,34.0,124.0,71.0,553.2173913043647,14.9,27.5,22.3,16.41606884057976,2013-05-13 19:00:00,30.0,2013-05-14 19:00:00
1839,2013-05-17 02:00:00,0,train,1851,2013,5,17,2,85.0,106.0,24.0,40.0,1899.0,73.0,18.1,1007.7,11.6,0.0,SSW,0.9,Aotizhongxin,28.0,665.0,74.0,40613.81884057972,14.2,26.1,22.1,13.797101449275404,2013-05-17 02:00:00,160.0,2013-05-18 02:00:00
1883,2013-05-18 22:00:00,0,train,1895,2013,5,18,22,34.0,115.0,16.0,28.0,700.0,104.0,19.5,999.5,13.9,0.0,SSW,1.4,Aotizhongxin,34.0,182.0,143.0,1862.7753623188514,17.8,23.8,20.5,4.2101449275363,2013-05-18 22:00:00,29.0,2013-05-19 22:00:00
1917,2013-05-20 08:00:00,0,train,1929,2013,5,20,8,29.0,119.0,17.0,59.0,,23.1336,21.6,998.4,0.1,0.0,SSW,2.3,Aotizhongxin,13.0,117.0,34.5,1059.0706521739478,9.4,25.6,20.35,31.885144927536416,2013-05-20 08:00:00,79.0,2013-05-21 08:00:00
1944,2013-05-21 11:00:00,0,train,1956,2013,5,21,11,132.0,264.0,70.0,59.0,,109.4562,26.3,992.9,11.6,0.0,SE,1.2,Aotizhongxin,31.0,132.0,65.0,578.6666666666961,15.5,27.3,23.35,17.317391304347794,2013-05-21 11:00:00,72.0,2013-05-22 11:00:00
1961,2013-05-22 04:00:00,0,train,1973,2013,5,22,4,60.0,138.0,40.0,121.0,,,15.6,1003.5,10.1,0.0,NE,0.1,Aotizhongxin,52.0,146.0,102.0,624.0797101449494,15.6,28.1,22.45,17.686068840579683,2013-05-22 04:00:00,57.0,2013-05-23 04:00:00
1975,2013-05-22 18:00:00,0,train,1987,2013,5,22,18,35.0,82.0,28.0,37.0,,136.2312,24.6,1005.3,6.3,0.0,SSW,1.2,Aotizhongxin,35.0,146.0,70.5,796.6014492753866,15.5,28.3,22.95,18.447373188405752,2013-05-22 18:00:00,95.0,2013-05-23 18:00:00
1988,2013-05-23 07:00:00,1,train,2000,2013,5,23,7,40.0,98.0,25.0,99.0,,,19.8,1006.6,10.8,0.0,ENE,0.9,Aotizhongxin,22.0,101.0,42.5,622.8242753623473,15.3,28.3,22.549999999999997,22.40608695652174,2013-05-23 07:00:00,185.0,2013-05-24 07:00:00
2067,2013-05-26 14:00:00,0,train,2079,2013,5,26,14,136.0,174.0,13.0,68.0,2899.0,28.0,22.9,1001.7,17.8,0.0,SSE,2.1,Aotizhongxin,68.0,136.0,99.0,373.33152173915107,20.3,29.8,22.6,7.908695652173798,2013-05-26 14:00:00,87.0,2013-05-27 14:00:00
2074,2013-05-26 21:00:00,0,train,2086,2013,5,26,21,51.0,54.0,12.0,44.0,500.0,27.0,18.1,1005.3,17.1,0.1,NNE,0.6,Aotizhongxin,51.0,144.0,100.5,642.5923913043683,18.1,23.7,21.85,1.9469384057971293,2013-05-26 21:00:00,100.0,2013-05-27 21:00:00
2089,2013-05-27 12:00:00,0,train,2101,2013,5,27,12,67.0,407.0,9.0,54.0,1200.0,34.0,19.8,1001.9,16.4,0.0,WSW,1.8,Aotizhongxin,35.0,144.0,57.0,1294.9836956521965,16.4,22.9,18.35,4.640579710145165,2013-05-27 12:00:00,35.0,2013-05-28 12:00:00
2102,2013-05-28 01:00:00,0,train,2114,2013,5,28,1,78.0,83.0,3.0,65.0,1300.0,16.0,18.5,998.8,17.0,0.0,SW,1.8,Aotizhongxin,35.0,107.0,75.5,518.8097826087177,16.4,22.2,19.0,3.2328804347828313,2013-05-28 01:00:00,34.0,2013-05-29 01:00:00
2155,2013-05-30 06:00:00,0,train,2167,2013,5,30,6,41.0,105.0,21.0,91.0,500.0,6.0,17.2,1004.0,5.8,0.0,E,1.1,Aotizhongxin,5.0,48.0,15.5,248.84057971016946,13.6,30.4,23.7,36.659710144927544,2013-05-30 06:00:00,75.0,2013-05-31 06:00:00
2204,2013-06-01 07:00:00,1,train,2216,2013,6,1,7,134.0,218.0,12.0,101.0,900.0,8.0,22.7,1001.9,15.0,0.0,NNE,1.8,Aotizhongxin,98.0,139.0,115.0,103.2880434782827,18.2,29.3,24.45,14.211231884057856,2013-06-01 07:00:00,202.0,2013-06-02 07:00:00
2207,2013-06-01 10:00:00,1,train,2219,2013,6,1,10,92.0,69.0,22.0,42.0,500.0,102.0,29.8,1001.6,0.4,0.0,ENE,2.1,Aotizhongxin,92.0,139.0,115.5,115.95471014494935,18.2,29.8,24.9,16.534492753623027,2013-06-01 10:00:00,228.0,2013-06-02 10:00:00
2220,2013-06-01 23:00:00,0,train,2232,2013,6,1,23,41.0,146.0,22.0,78.0,500.0,66.0,20.7,1002.9,11.3,0.0,SE,0.6,Aotizhongxin,3.0,139.0,50.5,2551.780797101468,18.2,30.8,24.4,21.670652173912835,2013-06-01 23:00:00,133.0,2013-06-02 23:00:00
2223,2013-06-02 02:00:00,0,train,2235,2013,6,2,2,60.0,101.0,32.0,88.0,700.0,34.0,18.0,1001.4,14.1,0.0,W,0.5,Aotizhongxin,3.0,139.0,50.5,2219.0362318840766,18.0,30.8,24.4,21.633315217391093,2013-06-02 02:00:00,129.0,2013-06-03 02:00:00
2292,2013-06-04 23:00:00,0,train,2304,2013,6,4,23,77.0,100.0,3.0,61.0,1000.0,40.0,18.5,1006.8,17.8,3.3,SSE,0.6,Aotizhongxin,73.0,203.0,131.5,1522.4057971014636,18.5,22.1,20.2,1.027536231884425,2013-06-04 23:00:00,166.0,2013-06-05 23:00:00
2352,2013-06-07 11:00:00,1,train,2364,2013,6,7,11,74.0,93.0,9.0,58.0,2700.0,5.0,19.8,1003.9,19.5,0.3,WSW,0.7,Aotizhongxin,74.0,162.0,127.0,458.89673913045124,19.2,20.5,19.95,0.11623188405846163,2013-06-07 11:00:00,212.0,2013-06-08 11:00:00
2363,2013-06-07 22:00:00,0,train,2375,2013,6,7,22,130.0,132.0,6.0,78.0,2200.0,6.0,20.2,1004.2,19.4,0.0,N,1.1,Aotizhongxin,74.0,146.0,131.5,408.17391304349474,19.3,20.7,20.2,0.11014492753670144,2013-06-07 22:00:00,161.0,2013-06-08 22:00:00
2380,2013-06-08 15:00:00,0,train,2392,2013,6,8,15,235.0,311.0,11.0,93.0,3200.0,9.0,20.4,1001.5,19.6,0.0,NNE,1.1,Aotizhongxin,102.0,240.0,135.0,1847.6449275362456,19.4,20.7,20.05,0.128405797101934,2013-06-08 15:00:00,12.0,2013-06-09 15:00:00
2406,2013-06-09 17:00:00,0,train,2418,2013,6,9,17,13.0,13.0,3.0,51.0,300.0,38.0,17.1,1006.4,16.6,0.4,ENE,0.7,Aotizhongxin,3.0,195.0,99.5,5927.471014492783,16.9,20.1,19.2,1.7382427536238025,2013-06-09 17:00:00,14.0,2013-06-10 17:00:00
2439,2013-06-11 02:00:00,0,train,2451,2013,6,11,2,42.0,90.0,5.0,110.0,500.0,5.0,17.5,1003.9,15.7,0.0,N,0.5,Aotizhongxin,11.0,42.0,24.5,95.0144927536677,15.8,26.6,20.85,13.268623188406234,2013-06-11 02:00:00,22.0,2013-06-12 02:00:00
2462,2013-06-12 01:00:00,0,train,2474,2013,6,12,1,21.0,29.0,3.0,95.0,400.0,30.0,14.9,1003.4,14.3,0.0,SSE,0.5,Aotizhongxin,15.0,139.0,57.5,1112.4329710145278,14.9,26.3,21.05,12.260416666667114,2013-06-12 01:00:00,79.0,2013-06-13 01:00:00
2511,2013-06-14 02:00:00,0,train,2523,2013,6,14,2,75.0,116.0,25.0,78.0,600.0,101.0,23.4,1002.5,10.8,0.0,SSW,1.2,Aotizhongxin,75.0,162.0,111.5,673.9402173913206,17.2,29.7,24.4,14.931286231884073,2013-06-14 02:00:00,75.0,2013-06-15 02:00:00
2527,2013-06-14 18:00:00,0,train,2539,2013,6,14,18,139.0,179.0,28.0,56.0,900.0,248.0,28.7,1000.8,15.2,0.0,SSW,1.6,Aotizhongxin,70.0,153.0,105.0,588.5434782608874,21.9,30.3,24.6,9.51288043478247,2013-06-14 18:00:00,158.0,2013-06-15 18:00:00
2650,2013-06-19 21:00:00,0,train,2662,2013,6,19,21,43.0,43.0,,98.1334,,171.5742,28.2,997.6,17.7,0.0,SW,1.0,Aotizhongxin,3.0,111.0,56.0,1113.6231884058268,21.2,35.4,28.799999999999997,23.073623188405328,2013-06-19 21:00:00,90.0,2013-06-20 21:00:00
2741,2013-06-23 16:00:00,0,train,2753,2013,6,23,16,40.0,85.0,6.8544,57.0734,,244.188,30.4,995.1,17.5,0.0,SSW,2.1,Aotizhongxin,29.0,83.0,55.0,245.04166666669587,19.8,31.2,21.7,19.52108695652165,2013-06-23 16:00:00,133.0,2013-06-24 16:00:00
2933,2013-07-01 16:00:00,0,train,2945,2013,7,1,16,224.0,235.0,30.0,91.0,2799.0,17.0,26.5,991.8,23.6,0.0,NE,2.0,Aotizhongxin,149.0,277.0,183.5,1828.172101449207,23.9,27.8,24.8,0.9588405797101196,2013-07-01 16:00:00,11.0,2013-07-02 16:00:00
2943,2013-07-02 02:00:00,0,train,2955,2013,7,2,2,12.0,12.0,3.0,23.0,300.0,67.0,21.1,989.0,20.1,0.0,NE,1.2,Aotizhongxin,12.0,225.0,169.5,4145.49999999996,21.1,27.8,24.6,3.164184782608759,2013-07-02 02:00:00,23.0,2013-07-03 02:00:00
3057,2013-07-06 20:00:00,0,train,3069,2013,7,6,20,62.0,117.0,24.0,32.0,1300.0,199.0,31.1,995.4,20.7,0.0,SSE,2.0,Aotizhongxin,24.0,107.0,45.5,662.4565217391315,23.8,34.3,29.85,14.128242753622558,2013-07-06 20:00:00,151.0,2013-07-07 20:00:00
3080,2013-07-07 19:00:00,0,train,3092,2013,7,7,19,143.0,194.0,12.0,47.0,1100.0,179.0,29.1,993.6,25.5,0.0,SE,0.0,Aotizhongxin,20.0,143.0,62.0,1281.5362318840528,21.4,31.8,26.75,17.228242753622872,2013-07-07 19:00:00,123.0,2013-07-08 19:00:00
3081,2013-07-07 20:00:00,0,train,3093,2013,7,7,20,151.0,182.0,12.0,46.0,1300.0,182.0,28.1,994.6,25.7,0.0,E,0.2,Aotizhongxin,20.0,151.0,65.0,1558.6938405797032,21.4,31.8,26.75,16.40215579710115,2013-07-07 20:00:00,143.0,2013-07-08 20:00:00
3090,2013-07-08 05:00:00,0,train,3102,2013,7,8,5,67.0,32.0,4.0,46.0,500.0,84.0,23.2,996.9,22.7,0.0,ESE,0.8,Aotizhongxin,47.0,214.0,77.0,2730.1141304347625,22.3,31.8,27.95,10.085144927535813,2013-07-08 05:00:00,150.0,2013-07-09 05:00:00
3151,2013-07-10 18:00:00,0,train,3163,2013,7,10,18,21.0,23.0,3.0,55.0,500.0,46.0,23.2,1000.2,20.9,0.0,N,1.1,Aotizhongxin,19.0,54.0,31.5,116.68840579711893,21.9,24.8,22.8,0.7400000000000766,2013-07-10 18:00:00,30.0,2013-07-11 18:00:00
3153,2013-07-10 20:00:00,0,train,3165,2013,7,10,20,34.0,36.0,3.0,64.0,500.0,25.0,22.5,1000.9,21.8,0.0,SSW,0.1,Aotizhongxin,19.0,54.0,31.5,119.28804347827852,21.9,24.8,22.75,0.7580978260870358,2013-07-10 20:00:00,38.0,2013-07-11 20:00:00
3262,2013-07-15 09:00:00,0,train,3274,2013,7,15,9,34.0,19.0,4.0,46.0,1500.0,2.0,23.1,994.5,22.9,3.3,NE,0.5,Aotizhongxin,34.0,110.0,67.5,251.82427536231302,22.6,31.2,23.65,10.55739130434766,2013-07-15 09:00:00,9.0,2013-07-16 09:00:00
3346,2013-07-18 21:00:00,0,train,3358,2013,7,18,21,101.0,99.0,12.0,48.0,800.0,107.0,25.1,998.8,20.6,0.0,WSW,1.1,Aotizhongxin,47.0,192.0,157.5,2022.9275362318463,25.0,29.1,26.25,1.6771014492751848,2013-07-18 21:00:00,112.0,2013-07-19 21:00:00
3372,2013-07-19 23:00:00,0,train,3384,2013,7,19,23,118.0,141.0,6.0,52.0,800.0,63.0,24.4,997.6,22.8,0.0,NNW,1.2,Aotizhongxin,99.0,176.0,126.0,603.3025362318504,22.5,32.9,26.450000000000003,11.194764492753425,2013-07-19 23:00:00,116.0,2013-07-20 23:00:00
3543,2013-07-27 02:00:00,0,train,3555,2013,7,27,2,91.0,78.0,8.0,62.0,1100.0,2.0,24.4,996.2,22.3,0.0,NE,1.1,Aotizhongxin,27.0,91.0,58.0,365.9112318840394,23.3,26.7,25.0,0.8136231884055197,2013-07-27 02:00:00,148.0,2013-07-28 02:00:00
3548,2013-07-27 07:00:00,0,train,3560,2013,7,27,7,90.0,73.0,6.0,49.0,1200.0,14.0,24.0,996.2,23.3,0.2,NE,0.9,Aotizhongxin,39.0,95.0,67.5,338.9547101449058,23.3,26.1,24.55,0.5814492753620482,2013-07-27 07:00:00,63.0,2013-07-28 07:00:00
3587,2013-07-28 22:00:00,0,train,3599,2013,7,28,22,31.0,75.0,3.0,58.0,500.0,59.0,27.3,994.7,24.0,0.0,WSW,0.4,Aotizhongxin,29.0,149.0,54.0,1904.2155797101225,22.0,37.1,29.950000000000003,27.763460144927304,2013-07-28 22:00:00,71.0,2013-07-29 22:00:00
3602,2013-07-29 13:00:00,1,train,3614,2013,7,29,13,89.0,109.0,6.0,104.0,1200.0,23.0,29.8,994.8,22.5,0.0,SW,1.8,Aotizhongxin,29.0,90.0,49.5,320.8532608695494,26.1,37.1,28.6,11.655199275362088,2013-07-29 13:00:00,189.0,2013-07-30 13:00:00
3680,2013-08-01 19:00:00,0,train,3692,2013,8,1,19,59.0,67.0,4.0,79.0,900.0,58.0,24.2,998.6,21.7,0.0,ESE,1.1,Aotizhongxin,19.0,89.0,38.0,285.78079710143373,20.6,27.4,22.700000000000003,3.54896739130391,2013-08-01 19:00:00,100.0,2013-08-02 19:00:00
3716,2013-08-03 07:00:00,0,train,3728,2013,8,3,7,16.0,38.0,1.9992,49.272,,23.3478,24.5,998.8,19.3,0.0,E,0.7,Aotizhongxin,13.0,113.0,47.0,1346.1666666666479,21.6,31.6,25.2,11.87389492753583,2013-08-03 07:00:00,101.0,2013-08-04 07:00:00
3723,2013-08-03 14:00:00,0,train,3735,2013,8,3,14,27.0,41.0,2.856,27.0996,,195.993,32.2,997.1,20.1,0.0,SW,2.9,Aotizhongxin,13.0,113.0,26.0,1139.449275362303,21.6,32.4,25.25,15.277318840579314,2013-08-03 14:00:00,66.0,2013-08-04 14:00:00
3729,2013-08-03 20:00:00,0,train,3741,2013,8,3,20,33.0,65.0,6.0,29.0,,152.7246,27.6,997.4,22.1,0.0,SW,1.8,Aotizhongxin,13.0,35.0,21.0,43.188405797087775,21.6,32.4,27.5,16.526503623188024,2013-08-03 20:00:00,146.0,2013-08-04 20:00:00
3749,2013-08-04 16:00:00,0,train,3761,2013,8,4,16,110.0,171.0,8.0,39.0,,241.8318,32.8,990.5,24.3,0.0,SSW,1.4,Aotizhongxin,20.0,110.0,78.0,851.6068840579505,23.0,34.0,27.700000000000003,13.85557971014458,2013-08-04 16:00:00,47.0,2013-08-05 16:00:00
3776,2013-08-05 19:00:00,0,train,3788,2013,8,5,19,61.0,90.0,4.0,48.0,,173.502,28.2,991.9,22.7,0.0,SW,1.4,Aotizhongxin,6.0,146.0,45.0,672.519927536214,19.7,34.3,24.1,25.846956521738665,2013-08-05 19:00:00,151.0,2013-08-06 19:00:00
3878,2013-08-10 01:00:00,0,train,3890,2013,8,10,1,98.0,260.0,4.5696,133.2397,,,26.2,997.5,23.1,0.0,NE,1.1,Aotizhongxin,15.0,98.0,36.5,315.91123188403935,21.1,36.4,28.700000000000003,26.265634057970832,2013-08-10 01:00:00,90.0,2013-08-11 01:00:00
3924,2013-08-11 23:00:00,0,train,3936,2013,8,11,23,59.0,30.0,0.8568,77.1928,,,24.1,998.5,23.9,0.0,WSW,1.5,Aotizhongxin,41.0,260.0,146.0,6412.650362318805,23.4,31.8,26.75,6.1854891304345445,2013-08-11 23:00:00,84.0,2013-08-12 23:00:00
4038,2013-08-16 17:00:00,0,train,4050,2013,8,16,17,183.0,240.0,10.0,95.0,1800.0,64.0,30.7,991.1,28.5,0.0,NE,0.1,Aotizhongxin,47.0,206.0,136.0,2894.3315217390937,27.1,32.5,29.25,3.1628804347824184,2013-08-16 17:00:00,13.0,2013-08-17 17:00:00
4093,2013-08-19 00:00:00,0,train,4105,2013,8,19,0,30.0,110.0,6.0,103.0,600.0,12.0,22.5,1004.5,19.7,0.0,NNE,0.9,Aotizhongxin,3.0,30.0,12.5,59.065217391295675,22.5,35.0,28.1,21.93652173913015,2013-08-19 00:00:00,32.0,2013-08-20 00:00:00
4215,2013-08-24 02:00:00,0,train,4227,2013,8,24,2,71.0,197.0,9.0,108.0,1100.0,1.0,22.9,1004.5,18.2,0.0,NE,1.4,Aotizhongxin,5.0,114.0,46.0,1138.6014492753472,22.1,34.8,24.4,25.465489130434474,2013-08-24 02:00:00,47.0,2013-08-25 02:00:00
4263,2013-08-26 02:00:00,0,train,4275,2013,8,26,2,52.0,127.0,8.0,110.0,800.0,3.0,22.1,999.4,19.1,0.0,NE,1.4,Aotizhongxin,29.0,52.0,34.5,38.34601449274311,19.4,34.9,28.35,28.098840579709936,2013-08-26 02:00:00,58.0,2013-08-27 02:00:00
4296,2013-08-27 11:00:00,0,train,4308,2013,8,27,11,65.0,103.0,16.0,79.0,1900.0,10.0,24.7,1002.9,20.4,0.0,NNE,1.1,Aotizhongxin,11.0,122.0,53.5,710.3894927536069,22.8,34.6,24.85,18.12456521739099,2013-08-27 11:00:00,67.0,2013-08-28 11:00:00
4372,2013-08-30 15:00:00,0,train,4384,2013,8,30,15,3.0,3.0,2.0,18.0,200.0,67.0,28.3,1005.2,9.1,0.0,NNW,1.8,Aotizhongxin,3.0,12.0,5.5,10.259057971013744,18.2,28.3,22.35,10.143695652172958,2013-08-30 15:00:00,12.0,2013-08-31 15:00:00
4381,2013-08-31 00:00:00,0,train,4393,2013,8,31,0,30.0,93.0,6.0,77.0,600.0,1.0,15.5,1006.3,13.2,0.0,W,0.0,Aotizhongxin,3.0,30.0,6.0,64.94927536231715,15.5,28.5,20.200000000000003,18.513460144926395,2013-08-31 00:00:00,46.0,2013-09-01 00:00:00
4567,2013-09-07 18:00:00,0,train,4579,2013,9,7,18,22.0,30.0,7.0,35.0,400.0,121.0,23.7,1010.4,15.5,0.0,SW,1.4,Aotizhongxin,8.0,129.0,95.5,1292.9492753622967,17.8,29.1,20.75,16.05606884057875,2013-09-07 18:00:00,148.0,2013-09-08 18:00:00
4594,2013-09-08 21:00:00,0,train,4606,2013,9,8,21,98.0,85.0,12.0,42.0,1900.0,73.0,19.4,1010.2,17.9,0.0,NE,1.6,Aotizhongxin,28.0,165.0,90.0,1461.6068840579483,18.5,24.7,20.55,4.940797101448038,2013-09-08 21:00:00,97.0,2013-09-09 21:00:00
4645,2013-09-11 00:00:00,0,train,4657,2013,9,11,0,33.0,71.0,11.0,81.0,1100.0,1.0,16.0,1008.7,11.8,0.0,NNE,0.9,Aotizhongxin,3.0,132.0,29.0,2244.891304347809,16.0,29.7,19.9,27.18492753623088,2013-09-11 00:00:00,94.0,2013-09-12 00:00:00
4801,2013-09-17 12:00:00,0,train,4813,2013,9,17,12,85.0,100.0,13.0,71.0,1900.0,1.0,20.3,1009.7,19.6,0.8,NE,1.0,Aotizhongxin,30.0,97.0,69.5,330.20108695649714,19.3,26.4,20.25,4.581666666665382,2013-09-17 12:00:00,123.0,2013-09-18 12:00:00
4812,2013-09-17 23:00:00,0,train,4824,2013,9,17,23,93.0,102.0,17.0,83.0,2600.0,1.0,19.5,1013.0,19.3,0.0,NE,0.6,Aotizhongxin,67.0,97.0,85.5,82.0706521738849,18.9,20.6,19.85,0.27217391304192246,2013-09-17 23:00:00,86.0,2013-09-18 23:00:00
4814,2013-09-18 01:00:00,0,train,4826,2013,9,18,1,93.0,108.0,16.0,68.0,2600.0,1.0,19.6,1013.3,19.3,0.0,NNE,0.8,Aotizhongxin,71.0,97.0,88.0,71.90579710142079,18.9,20.6,19.85,0.2725905797085882,2013-09-18 01:00:00,84.0,2013-09-19 01:00:00
4859,2013-09-19 22:00:00,0,train,4871,2013,9,19,22,127.0,92.0,11.0,48.0,1300.0,25.0,19.9,1008.4,19.6,0.0,NE,0.7,Aotizhongxin,81.0,131.0,99.5,308.02173913040286,19.6,26.1,20.799999999999997,4.612101449274216,2013-09-19 22:00:00,55.0,2013-09-20 22:00:00
4874,2013-09-20 13:00:00,0,train,4886,2013,9,20,13,9.0,9.0,2.0,15.0,100.0,81.0,27.2,1008.9,10.4,0.0,NE,1.2,Aotizhongxin,3.0,146.0,105.0,2209.5362318840275,16.4,27.7,21.1,13.188097826085848,2013-09-20 13:00:00,60.0,2013-09-21 13:00:00
4935,2013-09-23 02:00:00,0,train,4947,2013,9,23,2,137.0,178.0,23.0,77.0,3200.0,1.0,19.3,1009.0,17.8,0.4,NW,2.1,Aotizhongxin,36.0,143.0,91.0,985.1014492753294,18.6,22.3,20.0,1.150851449273931,2013-09-23 02:00:00,13.0,2013-09-24 02:00:00
4945,2013-09-23 12:00:00,0,train,4957,2013,9,23,12,9.0,26.0,9.0,25.0,300.0,13.0,15.9,1014.0,7.6,0.1,NNE,2.6,Aotizhongxin,7.0,143.0,94.5,2523.5579710144625,14.7,22.3,19.4,5.623405797099728,2013-09-23 12:00:00,3.0,2013-09-24 12:00:00
4955,2013-09-23 22:00:00,0,train,4967,2013,9,23,22,18.0,50.0,6.0,39.0,1100.0,1.0,9.7,1016.7,8.1,0.0,E,0.5,Aotizhongxin,3.0,143.0,13.5,2965.0144927536007,9.7,20.0,16.0,7.5908514492731705,2013-09-23 22:00:00,26.0,2013-09-24 22:00:00
5012,2013-09-26 07:00:00,0,train,5024,2013,9,26,7,16.0,26.0,5.0,47.0,400.0,1.0,14.0,1014.2,7.1,0.0,NE,1.1,Aotizhongxin,6.0,40.0,16.0,82.07971014491082,8.7,24.6,16.1,34.52519927536018,2013-09-26 07:00:00,76.0,2013-09-27 07:00:00
5096,2013-09-29 19:00:00,0,train,5108,2013,9,29,19,198.0,214.0,27.0,90.0,1500.0,21.0,17.9,1013.7,15.3,0.0,NE,0.5,Aotizhongxin,148.0,321.0,241.0,2261.288043478213,14.0,19.3,16.549999999999997,3.342318840577607,2013-09-29 19:00:00,165.0,2013-09-30 19:00:00
5134,2013-10-01 09:00:00,0,train,5146,2013,10,1,9,92.0,112.0,10.0,62.0,900.0,4.0,17.1,1011.5,16.8,0.2,S,0.5,Aotizhongxin,92.0,240.0,136.0,2057.536231884,17.1,21.3,17.55,2.2595471014475406,2013-10-01 09:00:00,7.0,2013-10-02 09:00:00
5168,2013-10-02 19:00:00,0,train,5180,2013,10,2,19,18.0,48.0,5.0,47.0,400.0,59.0,18.5,1012.5,4.6,0.0,WSW,2.8,Aotizhongxin,3.0,41.0,10.5,174.99818840573585,10.5,23.7,17.5,18.053840579708176,2013-10-02 19:00:00,55.0,2013-10-03 19:00:00
5212,2013-10-04 15:00:00,1,train,5224,2013,10,4,15,187.0,235.0,71.0,99.0,2700.0,97.0,22.1,1006.6,14.0,0.0,WSW,1.4,Aotizhongxin,37.0,187.0,68.0,1795.9710144926962,13.6,22.1,16.5,7.65896739130239,2013-10-04 15:00:00,311.0,2013-10-05 15:00:00
5228,2013-10-05 07:00:00,1,train,5240,2013,10,5,7,239.0,257.0,12.0,87.0,2300.0,1.0,14.8,1013.7,14.5,0.0,NE,1.2,Aotizhongxin,73.0,349.0,207.5,6416.840579710086,13.7,22.1,16.35,8.834492753621191,2013-10-05 07:00:00,246.0,2013-10-06 07:00:00
5261,2013-10-06 16:00:00,0,train,5273,2013,10,6,16,154.0,177.0,64.0,74.0,2000.0,52.0,19.7,1014.7,16.0,0.0,ENE,0.2,Aotizhongxin,137.0,355.0,263.5,3900.4619565216767,13.3,20.6,15.8,6.097971014490628,2013-10-06 16:00:00,3.0,2013-10-07 16:00:00
5274,2013-10-07 05:00:00,0,train,5286,2013,10,7,5,167.0,138.0,52.0,78.0,1700.0,3.0,13.4,1016.2,13.2,0.0,SE,0.5,Aotizhongxin,137.0,261.0,173.5,1420.456521739064,13.4,20.6,15.65,5.685797101447153,2013-10-07 05:00:00,39.0,2013-10-08 05:00:00
5318,2013-10-09 01:00:00,1,train,5330,2013,10,9,1,104.0,127.0,33.0,85.0,800.0,7.0,12.1,1007.6,11.5,0.0,S,0.2,Aotizhongxin,24.0,104.0,57.0,627.5489130434058,12.1,21.6,16.8,9.539999999998011,2013-10-09 01:00:00,189.0,2013-10-10 01:00:00
5323,2013-10-09 06:00:00,0,train,5335,2013,10,9,6,102.0,155.0,37.0,71.0,1400.0,4.0,12.0,1007.3,11.4,0.0,NE,1.1,Aotizhongxin,24.0,121.0,74.0,888.2318840578987,11.5,21.6,16.8,13.4537499999979,2013-10-09 06:00:00,165.0,2013-10-10 06:00:00
5361,2013-10-10 20:00:00,0,train,5373,2013,10,10,20,3.0,7.0,37.4136,19.0,,43.0,14.6,1009.8,0.4,0.0,NNE,2.1,Aotizhongxin,3.0,219.0,156.5,7610.86956521732,13.3,20.4,15.25,8.002318840577647,2013-10-10 20:00:00,134.0,2013-10-11 20:00:00
5449,2013-10-14 12:00:00,0,train,5461,2013,10,14,12,10.0,15.0,1.9992,25.0,300.0,28.0,15.8,1021.9,-0.5,0.0,NNE,2.3,Aotizhongxin,10.0,87.0,61.5,503.25905797094066,12.4,16.0,13.649999999999999,1.5234057970989796,2013-10-14 12:00:00,6.0,2013-10-15 12:00:00
5577,2013-10-19 20:00:00,0,train,5589,2013,10,19,20,3.0,6.0,4.0,23.0,200.0,37.0,11.6,1021.5,0.9,0.0,NNE,0.7,Aotizhongxin,3.0,274.0,14.5,13427.157608695567,9.9,18.8,12.65,8.286086956519215,2013-10-19 20:00:00,41.0,2013-10-20 20:00:00
5580,2013-10-19 23:00:00,0,train,5592,2013,10,19,23,3.0,12.0,5.0,54.0,300.0,4.0,5.6,1020.7,3.9,0.0,NNE,0.5,Aotizhongxin,3.0,274.0,13.0,9924.766304347737,5.6,18.8,12.65,14.043405797098819,2013-10-19 23:00:00,59.0,2013-10-20 23:00:00
5617,2013-10-21 12:00:00,0,train,5629,2013,10,21,12,107.0,151.0,26.0,95.0,,2.142,17.8,1016.4,4.4,0.0,SSW,2.2,Aotizhongxin,3.0,116.0,57.5,1075.940217391215,5.8,19.6,10.3,21.725797101446407,2013-10-21 12:00:00,163.0,2013-10-22 12:00:00
5640,2013-10-22 11:00:00,0,train,5652,2013,10,22,11,163.0,272.0,31.0,127.0,,,15.5,1015.5,6.8,0.0,S,1.8,Aotizhongxin,71.0,182.0,116.0,1353.0434782607904,6.1,18.6,8.95,20.495869565214406,2013-10-22 11:00:00,26.0,2013-10-23 11:00:00
5670,2013-10-23 17:00:00,0,train,5682,2013,10,23,17,21.0,58.0,9.0,46.0,400.0,28.0,7.6,1015.7,1.6,0.0,SW,0.8,Aotizhongxin,15.0,129.0,28.0,993.0652173912142,3.0,16.0,9.25,18.67913043477941,2013-10-23 17:00:00,23.0,2013-10-24 17:00:00
5677,2013-10-24 00:00:00,0,train,5689,2013,10,24,0,9.0,34.0,1.0,19.0,200.0,31.0,6.8,1021.5,-4.9,0.0,NNW,1.0,Aotizhongxin,9.0,42.0,21.5,91.24456521729867,3.0,16.0,8.5,18.57650362318519,2013-10-24 00:00:00,37.0,2013-10-25 00:00:00
5682,2013-10-24 05:00:00,0,train,5694,2013,10,24,5,10.0,38.0,2.0,26.0,200.0,22.0,2.7,1021.8,-3.0,0.0,NW,0.0,Aotizhongxin,9.0,39.0,17.5,58.65036231874718,2.7,16.0,8.5,18.984057971011275,2013-10-24 05:00:00,38.0,2013-10-25 05:00:00
5734,2013-10-26 09:00:00,0,train,5746,2013,10,26,9,32.0,64.0,7.0,56.0,500.0,12.0,11.9,1019.2,2.1,0.0,E,1.0,Aotizhongxin,24.0,74.0,36.0,300.1286231883156,2.1,18.5,6.4,35.771884057967675,2013-10-26 09:00:00,92.0,2013-10-27 09:00:00
5809,2013-10-29 12:00:00,0,train,5821,2013,10,29,12,3.0,6.0,7.0,11.0,300.0,63.0,16.2,1021.8,-3.4,0.0,NE,3.2,Aotizhongxin,3.0,361.0,146.5,22006.418478260806,6.4,16.2,10.399999999999999,9.729492753620264,2013-10-29 12:00:00,32.0,2013-10-30 12:00:00
5812,2013-10-29 15:00:00,0,train,5824,2013,10,29,15,7.0,6.0,6.0,14.0,300.0,65.0,16.7,1020.7,-4.6,0.0,N,1.9,Aotizhongxin,3.0,361.0,20.0,23097.4782608695,6.4,17.4,10.399999999999999,11.655652173910148,2013-10-29 15:00:00,99.0,2013-10-30 15:00:00
5838,2013-10-30 17:00:00,0,train,5850,2013,10,30,17,102.0,124.0,24.0,80.0,1100.0,47.0,9.0,1019.9,4.6,0.0,SSW,0.7,Aotizhongxin,18.0,104.0,50.0,928.2318840579021,2.0,15.3,6.45,21.678967391300866,2013-10-30 17:00:00,144.0,2013-10-31 17:00:00
5891,2013-11-01 22:00:00,1,train,5903,2013,11,1,22,151.0,154.0,20.0,85.0,1500.0,1.071,6.5,1018.6,6.1,0.0,WNW,0.5,Aotizhongxin,121.0,275.0,181.0,1473.4710144926876,4.3,12.7,7.0,8.670144927532776,2013-11-01 22:00:00,254.0,2013-11-02 22:00:00
5994,2013-11-06 05:00:00,0,train,6006,2013,11,6,5,175.0,215.0,20.0,89.0,2400.0,,3.2,1011.0,2.0,0.0,WNW,0.5,Aotizhongxin,99.0,262.0,180.5,2035.6068840578978,3.2,14.2,7.2,13.101721014489351,2013-11-06 05:00:00,5.0,2013-11-07 05:00:00
6043,2013-11-08 06:00:00,0,train,6055,2013,11,8,6,87.0,116.0,20.0,61.0,1600.0,,1.7,1015.6,-2.6,0.0,NE,1.1,Aotizhongxin,3.0,162.0,59.0,2439.391304347744,1.7,13.8,4.25,21.81304347825726,2013-11-08 06:00:00,162.0,2013-11-09 06:00:00
6057,2013-11-08 20:00:00,0,train,6069,2013,11,8,20,167.0,209.0,56.0,122.0,3400.0,,4.7,1014.8,2.2,0.0,N,0.0,Aotizhongxin,82.0,170.0,114.0,1094.6666666665856,1.7,12.8,4.75,14.643025362315093,2013-11-08 20:00:00,12.0,2013-11-09 20:00:00
6086,2013-11-10 01:00:00,0,train,6098,2013,11,10,1,8.0,27.0,1.0,8.0,400.0,61.4754,2.2,1028.0,-19.7,0.0,NE,3.0,Aotizhongxin,6.0,181.0,52.5,5105.586956521662,2.2,15.4,8.6,18.394782608692392,2013-11-10 01:00:00,10.0,2013-11-11 01:00:00
6106,2013-11-10 21:00:00,0,train,6118,2013,11,10,21,69.0,121.0,18.0,79.0,1400.0,,6.8,1022.3,-11.9,0.0,NNE,1.5,Aotizhongxin,4.0,69.0,9.5,389.59239130427056,-0.9,11.4,4.55,14.29302536231497,2013-11-10 21:00:00,77.0,2013-11-11 21:00:00
6257,2013-11-17 04:00:00,0,train,6269,2013,11,17,4,11.0,11.0,19.0,53.0,800.0,,1.3,1016.8,-7.7,0.0,NW,1.1,Aotizhongxin,4.0,69.0,11.0,225.62318840570262,-1.9,12.0,8.05,27.42079710144559,2013-11-17 04:00:00,14.0,2013-11-18 04:00:00
6264,2013-11-17 11:00:00,0,train,6276,2013,11,17,11,8.0,18.0,12.0,11.0,400.0,51.8364,9.1,1018.2,-12.7,0.0,NNW,3.3,Aotizhongxin,4.0,20.0,9.5,15.014492753528618,-1.9,12.0,6.1,21.781576086952708,2013-11-17 11:00:00,7.0,2013-11-18 11:00:00
6272,2013-11-17 19:00:00,0,train,6284,2013,11,17,19,11.0,21.0,6.0,19.0,500.0,42.1974,4.1,1020.8,-12.0,0.0,NNE,1.0,Aotizhongxin,4.0,20.0,9.5,15.128623188311224,-1.9,9.9,6.1,17.5595471014454,2013-11-17 19:00:00,12.0,2013-11-18 19:00:00
6301,2013-11-19 00:00:00,0,train,6313,2013,11,19,0,7.0,9.0,9.0,15.0,100.0,33.8436,0.9,1021.4,-12.9,0.0,SE,1.3,Aotizhongxin,4.0,17.0,8.0,11.731884057876412,-3.3,9.2,3.6,16.527753623184346,2013-11-19 00:00:00,94.0,2013-11-20 00:00:00
6340,2013-11-20 15:00:00,0,train,6352,2013,11,20,15,20.0,23.0,9.0,25.0,500.0,35.9856,11.4,1016.4,-7.0,0.0,W,1.1,Aotizhongxin,17.0,117.0,78.0,900.3749999999062,-3.4,11.7,-0.7,30.422445652169685,2013-11-20 15:00:00,54.0,2013-11-21 15:00:00
6347,2013-11-20 22:00:00,1,train,6359,2013,11,20,22,107.0,146.0,25.0,92.0,2200.0,,-0.8,1019.5,-3.5,0.0,ENE,0.5,Aotizhongxin,17.0,117.0,81.5,1147.9130434781673,-3.4,11.7,1.05,29.166666666662525,2013-11-20 22:00:00,190.0,2013-11-21 22:00:00
6363,2013-11-21 14:00:00,0,train,6375,2013,11,21,14,56.0,66.0,55.0,48.0,1100.0,17.5644,12.1,1018.6,-5.4,0.0,SSW,1.0,Aotizhongxin,17.0,166.0,79.5,1665.346014492661,-3.1,12.2,1.05,27.384927536227806,2013-11-21 14:00:00,83.0,2013-11-22 14:00:00
6480,2013-11-26 11:00:00,0,train,6492,2013,11,26,11,12.0,16.0,11.0,19.0,500.0,39.0,6.5,1012.6,-12.7,0.0,NW,4.1,Aotizhongxin,3.0,73.0,13.0,306.77536231874586,-2.5,7.7,1.05,13.979547101445025,2013-11-26 11:00:00,8.0,2013-11-27 11:00:00
6512,2013-11-27 19:00:00,0,train,6524,2013,11,27,19,8.0,48.0,6.0,13.0,400.0,41.0,-1.6,1022.9,-24.2,0.0,NW,5.9,Aotizhongxin,3.0,12.0,8.0,4.737318840485443,-4.3,0.3,-1.75,1.638967391299556,2013-11-27 19:00:00,50.0,2013-11-28 19:00:00
6523,2013-11-28 06:00:00,0,train,6535,2013,11,28,6,4.0,12.0,9.0,18.0,400.0,32.0,-3.0,1022.1,-22.9,0.0,NE,2.9,Aotizhongxin,4.0,11.0,8.0,3.3840579709202308,-4.4,-0.3,-2.35,1.5390579710096373,2013-11-28 06:00:00,27.0,2013-11-29 06:00:00
6543,2013-11-29 02:00:00,0,train,6555,2013,11,29,2,31.0,66.0,21.0,67.0,1300.0,1.0,-4.8,1017.8,-10.2,0.0,WSW,0.6,Aotizhongxin,4.0,79.0,10.5,499.9999999999052,-4.8,7.0,-1.3,15.325634057966484,2013-11-29 02:00:00,79.0,2013-11-30 02:00:00
6561,2013-11-29 20:00:00,0,train,6573,2013,11,29,20,102.0,132.0,30.0,92.0,2100.0,1.0,1.1,1011.5,-7.4,0.0,SW,1.5,Aotizhongxin,18.0,121.0,42.5,803.2155797100486,-5.3,13.5,1.05,46.08347826086538,2013-11-29 20:00:00,39.0,2013-11-30 20:00:00
6563,2013-11-29 22:00:00,0,train,6575,2013,11,29,22,109.0,165.0,37.0,89.0,2100.0,1.0,-1.2,1011.7,-7.4,0.0,ENE,0.8,Aotizhongxin,18.0,121.0,42.5,1022.6068840578744,-5.3,13.5,0.65,46.110652173908846,2013-11-29 22:00:00,40.0,2013-11-30 22:00:00
6598,2013-12-01 09:00:00,0,train,6610,2013,12,1,9,60.0,81.0,44.0,68.0,1600.0,1.0,5.9,1019.3,-9.6,0.0,ENE,1.6,Aotizhongxin,12.0,63.0,37.0,285.3623188404826,-5.6,10.9,-0.75,40.16346014492325,2013-12-01 09:00:00,107.0,2013-12-02 09:00:00
6630,2013-12-02 17:00:00,0,train,6642,2013,12,2,17,101.0,182.0,51.0,86.0,2300.0,1.0,3.0,1012.0,-7.8,0.0,SSW,0.7,Aotizhongxin,52.0,155.0,96.0,678.3025362317838,-4.6,12.0,0.6,33.07302536231462,2013-12-02 17:00:00,24.0,2013-12-03 17:00:00
6691,2013-12-05 06:00:00,0,train,6703,2013,12,5,6,30.0,29.0,36.0,51.0,1100.0,1.0,4.4,1018.8,-8.0,0.0,NE,2.0,Aotizhongxin,30.0,125.0,66.0,763.710144927435,-2.6,14.4,4.85,23.05172101448911,2013-12-05 06:00:00,115.0,2013-12-06 06:00:00
6695,2013-12-05 10:00:00,0,train,6707,2013,12,5,10,13.0,14.0,8.0,19.0,600.0,40.0,8.5,1020.8,-11.5,0.0,NE,3.0,Aotizhongxin,6.0,125.0,51.5,1206.166666666564,1.0,14.4,5.050000000000001,16.927753623184813,2013-12-05 10:00:00,85.0,2013-12-06 10:00:00
6770,2013-12-08 13:00:00,0,train,6782,2013,12,8,13,189.0,146.0,73.0,80.0,2800.0,7.0,11.3,1012.6,-9.1,0.0,NNW,4.7,Aotizhongxin,189.0,420.0,334.5,2737.9981884057806,1.3,11.3,2.8,6.166068840575778,2013-12-08 13:00:00,3.0,2013-12-09 13:00:00
6795,2013-12-09 14:00:00,0,train,6807,2013,12,9,14,10.0,88.0,8.0,11.0,400.0,52.0,6.7,1016.4,-14.1,0.0,N,2.6,Aotizhongxin,3.0,21.0,8.5,29.128623188199036,1.0,9.0,3.75,5.459999999996046,2013-12-09 14:00:00,10.0,2013-12-10 14:00:00
6800,2013-12-09 19:00:00,0,train,6812,2013,12,9,19,13.0,13.0,14.0,41.0,700.0,17.0,-2.1,1016.8,-10.7,0.0,WSW,0.8,Aotizhongxin,3.0,13.0,4.5,11.971014492545677,-2.1,6.7,2.7,5.033315217387212,2013-12-09 19:00:00,11.0,2013-12-10 19:00:00
6804,2013-12-09 23:00:00,0,train,6816,2013,12,9,23,21.0,8.0,19.0,54.0,800.0,1.0,-4.0,1016.1,-9.0,0.0,NNE,0.8,Aotizhongxin,3.0,41.0,6.5,91.82608695631572,-4.0,6.7,1.7,10.975652173908772,2013-12-09 23:00:00,7.0,2013-12-10 23:00:00
6844,2013-12-11 15:00:00,0,train,6856,2013,12,11,15,18.0,39.0,14.0,38.0,700.0,27.0,6.0,1010.7,-14.2,0.0,SW,1.0,Aotizhongxin,3.0,29.0,9.0,54.19565217370872,-2.3,6.0,1.0,6.243188405792811,2013-12-11 15:00:00,7.0,2013-12-12 15:00:00
6877,2013-12-13 00:00:00,0,train,6889,2013,12,13,0,11.0,9.0,17.0,39.0,,12.2094,-6.9,1019.5,-16.6,0.0,SW,1.5,Aotizhongxin,3.0,43.0,9.5,153.12862318820325,-6.9,2.8,-0.4,8.483894927531447,2013-12-13 00:00:00,59.0,2013-12-14 00:00:00
6959,2013-12-16 10:00:00,0,train,6971,2013,12,16,10,50.0,35.0,40.0,48.0,,6.2118,0.1,1025.8,-14.7,0.0,ENE,1.6,Aotizhongxin,27.0,186.0,64.5,2843.476449275199,-6.8,5.4,-2.7,13.391721014488029,2013-12-16 10:00:00,24.0,2013-12-17 10:00:00
7002,2013-12-18 05:00:00,0,train,7014,2013,12,18,5,10.0,6.0,16.0,24.0,,26.5608,-6.6,1029.2,-16.9,0.0,NE,1.3,Aotizhongxin,9.0,109.0,23.5,462.157608695459,-7.0,3.0,-0.1,11.683749999995245,2013-12-18 05:00:00,25.0,2013-12-19 05:00:00
7008,2013-12-18 11:00:00,0,train,7020,2013,12,18,11,17.0,14.0,22.0,20.0,,41.3406,-1.4,1026.1,-18.0,0.0,SW,1.7,Aotizhongxin,9.0,27.0,15.0,39.97101449255605,-7.0,3.0,-2.9000000000000004,11.42650362318349,2013-12-18 11:00:00,29.0,2013-12-19 11:00:00
7145,2013-12-24 04:00:00,1,train,7157,2013,12,24,4,256.0,353.0,113.0,147.0,7400.0,4.0,-5.1,1029.4,-10.7,0.0,NE,1.2,Aotizhongxin,34.0,256.0,136.5,4698.514492753487,-9.3,6.3,-3.95,25.11275362318349,2013-12-24 04:00:00,254.0,2013-12-25 04:00:00
7172,2013-12-25 07:00:00,0,train,7184,2013,12,25,7,265.0,298.0,115.0,150.0,6300.0,1.0,-7.0,1022.5,-9.9,0.0,W,0.6,Aotizhongxin,129.0,295.0,256.0,2467.536231883984,-7.6,1.1,-2.35,6.682880434777644,2013-12-25 07:00:00,7.0,2013-12-26 07:00:00
7184,2013-12-25 19:00:00,0,train,7196,2013,12,25,19,22.0,269.0,9.0,20.0,600.0,50.0,-1.5,1025.6,-19.0,0.0,N,7.0,Aotizhongxin,22.0,321.0,257.5,9282.492753623106,-7.6,6.5,-2.35,18.618478260864777,2013-12-25 19:00:00,9.0,2013-12-26 19:00:00
7231,2013-12-27 18:00:00,0,train,7243,2013,12,27,18,12.0,33.0,17.0,37.0,600.0,27.0,-1.2,1021.1,-15.5,0.0,W,1.2,Aotizhongxin,9.0,21.0,13.5,10.456521738914363,-6.6,2.3,-3.5,6.85563405796608,2013-12-27 18:00:00,16.0,2013-12-28 18:00:00
7278,2013-12-29 17:00:00,0,train,7290,2013,12,29,17,37.0,78.0,,77.0,900.0,10.0,0.5,1010.9,-16.4,0.0,SW,0.1,Aotizhongxin,15.0,80.0,33.0,343.76630434762546,-9.2,6.9,-3.5999999999999996,34.8040579710096,2013-12-29 17:00:00,19.0,2013-12-30 17:00:00
7306,2013-12-30 21:00:00,0,train,7318,2013,12,30,21,84.0,149.0,50.0,102.0,1900.0,1.0,-0.3,1008.9,-15.0,0.0,SW,1.8,Aotizhongxin,17.0,97.0,23.5,626.0869565215368,-4.2,8.3,3.7,13.13548913043066,2013-12-30 21:00:00,18.0,2013-12-31 21:00:00
7384,2014-01-03 03:00:00,0,train,7396,2014,1,3,3,53.0,96.0,22.0,38.0,600.0,4.0,5.2,1014.0,-11.9,0.0,NE,2.6,Aotizhongxin,53.0,402.0,138.0,4970.02717391291,-1.3,7.9,3.0,8.128623188401631,2014-01-03 03:00:00,69.0,2014-01-04 03:00:00
7410,2014-01-04 05:00:00,0,train,7422,2014,1,4,5,67.0,94.0,27.0,61.0,1700.0,1.0,-3.1,1018.5,-5.1,0.0,ENE,1.2,Aotizhongxin,16.0,90.0,35.5,594.2608695650149,-3.1,9.5,1.6,20.271576086952255,2014-01-04 05:00:00,171.0,2014-01-05 05:00:00
7446,2014-01-05 17:00:00,0,train,7458,2014,1,5,17,31.0,41.0,22.0,54.0,700.0,20.0,-0.3,1018.6,-11.4,0.0,SSW,0.8,Aotizhongxin,23.0,185.0,144.5,3237.6503623186873,-5.3,7.4,-2.05,18.126086956517135,2014-01-05 17:00:00,134.0,2014-01-06 17:00:00
7470,2014-01-06 17:00:00,0,train,7482,2014,1,6,17,134.0,147.0,52.0,75.0,1700.0,1.0,-2.9,1018.0,-5.5,0.0,WSW,0.8,Aotizhongxin,32.0,137.0,110.0,979.644927536064,-2.9,1.1,-0.2,0.6199818840533087,2014-01-06 17:00:00,40.0,2014-01-07 17:00:00
7473,2014-01-06 20:00:00,0,train,7485,2014,1,6,20,160.0,171.0,80.0,87.0,2400.0,1.0,-2.5,1018.6,-4.5,0.0,WSW,0.6,Aotizhongxin,54.0,160.0,116.0,552.7753623186819,-3.0,1.1,-0.25,1.1434601449228408,2014-01-06 20:00:00,27.0,2014-01-07 20:00:00
7474,2014-01-06 21:00:00,0,train,7486,2014,1,6,21,158.0,163.0,73.0,87.0,2400.0,1.0,-2.3,1018.8,-4.5,0.0,WNW,0.6,Aotizhongxin,84.0,160.0,119.0,446.5144927534673,-3.0,0.1,-0.3,1.10650362318369,2014-01-06 21:00:00,22.0,2014-01-07 21:00:00
7523,2014-01-08 22:00:00,0,train,7535,2014,1,8,22,19.0,23.0,29.0,50.0,900.0,10.0,-2.5,1027.9,-19.4,0.0,NW,2.6,Aotizhongxin,7.0,19.0,13.0,14.37499999978081,-4.4,0.5,-1.85,2.019547101444418,2014-01-08 22:00:00,53.0,2014-01-09 22:00:00
7546,2014-01-09 21:00:00,0,train,7558,2014,1,9,21,47.0,76.0,31.0,70.0,1000.0,4.0,-3.1,1024.4,-20.9,0.0,SW,2.5,Aotizhongxin,9.0,103.0,21.0,739.5199275360251,-6.7,1.2,-2.7,4.286884057966028,2014-01-09 21:00:00,103.0,2014-01-10 21:00:00
7565,2014-01-10 16:00:00,0,train,7577,2014,1,10,16,48.0,114.0,53.0,82.0,1600.0,4.0,1.1,1023.3,-19.4,0.0,SSW,2.2,Aotizhongxin,24.0,68.0,48.0,154.67934782588725,-8.7,4.0,-3.45,16.915652173907937,2014-01-10 16:00:00,96.0,2014-01-11 16:00:00
7762,2014-01-18 21:00:00,0,train,7774,2014,1,18,21,102.0,129.0,47.0,103.0,2200.0,1.0,1.0,1025.0,-10.8,0.0,S,1.9,Aotizhongxin,15.0,282.0,41.0,4836.563405796978,-7.8,6.0,0.6,25.34927536231411,2014-01-18 21:00:00,19.0,2014-01-19 21:00:00
7782,2014-01-19 17:00:00,0,train,7794,2014,1,19,17,182.0,219.0,98.0,125.0,3500.0,1.0,5.2,1016.7,-14.3,0.0,NW,3.3,Aotizhongxin,87.0,182.0,118.0,808.6666666665608,-2.1,5.2,-0.15,4.549782608691061,2014-01-19 17:00:00,9.0,2014-01-20 17:00:00
7786,2014-01-19 21:00:00,0,train,7798,2014,1,19,21,19.0,328.0,8.0,4.0,500.0,59.0,1.5,1020.1,-16.9,0.0,NNW,7.5,Aotizhongxin,19.0,182.0,121.5,1995.1014492752545,-2.1,5.2,-0.15,5.503188405792544,2014-01-19 21:00:00,10.0,2014-01-20 21:00:00
7802,2014-01-20 13:00:00,0,train,7814,2014,1,20,13,12.0,31.0,9.0,,,56.0,2.2,1023.2,-17.4,0.0,N,4.1,Aotizhongxin,3.0,182.0,13.0,4314.08695652161,-1.8,5.2,0.9,3.9504347826042117,2014-01-20 13:00:00,23.0,2014-01-21 13:00:00
7900,2014-01-24 15:00:00,0,train,7912,2014,1,24,15,76.0,93.0,39.0,62.0,1500.0,18.0,8.8,1011.7,-13.0,0.0,ENE,1.8,Aotizhongxin,76.0,286.0,222.0,3085.4619565216494,-3.6,8.8,-1.2000000000000002,15.694492753618636,2014-01-24 15:00:00,9.0,2014-01-25 15:00:00
7927,2014-01-25 19:00:00,0,train,7940,2014,1,25,19,11.0,,,,,,2.5,1025.1,-19.5,0.0,NNE,1.4,Aotizhongxin,5.0,65.0,14.5,384.86775362308856,-1.0,8.2,4.1,6.360416666662596,2014-01-25 19:00:00,74.0,2014-01-26 19:00:00
7942,2014-01-26 10:00:00,0,train,7955,2014,1,26,10,24.0,54.0,42.0,29.0,500.0,40.0,0.2,1025.9,-7.6,0.0,SW,4.2,Aotizhongxin,5.0,55.0,16.0,115.60474308289893,-2.3,8.2,0.2,12.177373188401416,2014-01-26 10:00:00,134.0,2014-01-27 10:00:00
8045,2014-01-30 17:00:00,0,train,8058,2014,1,30,17,23.0,41.0,16.0,34.0,600.0,57.0,5.7,1011.6,-13.3,0.0,SW,2.7,Aotizhongxin,11.0,217.0,27.0,7243.215579710053,-4.7,9.6,-0.9,22.302608695647844,2014-01-30 17:00:00,129.0,2014-01-31 17:00:00
8050,2014-01-30 22:00:00,0,train,8063,2014,1,30,22,119.0,186.0,63.0,59.0,1400.0,12.0,0.6,1014.2,-4.4,0.0,SSW,1.0,Aotizhongxin,11.0,209.0,27.0,4679.867753623091,-4.7,9.6,2.5,19.719112318836363,2014-01-30 22:00:00,140.0,2014-01-31 22:00:00
8059,2014-01-31 07:00:00,0,train,8072,2014,1,31,7,93.0,118.0,72.0,59.0,1400.0,3.0,-1.2,1014.6,-5.2,0.0,NNE,1.1,Aotizhongxin,11.0,333.0,67.5,8464.434782608603,-1.3,9.6,2.5,16.388677536227696,2014-01-31 07:00:00,153.0,2014-02-01 07:00:00
8075,2014-01-31 23:00:00,0,train,8088,2014,1,31,23,142.0,157.0,56.0,57.0,1600.0,3.0,2.3,1013.5,-2.8,0.0,NE,1.0,Aotizhongxin,55.0,333.0,125.5,4454.8967391303495,-1.3,3.6,2.05,3.3921557970969913,2014-01-31 23:00:00,128.0,2014-02-01 23:00:00
8122,2014-02-02 22:00:00,0,train,8135,2014,2,2,22,3.0,13.0,8.0,13.0,300.0,61.0,2.0,1016.0,-24.5,0.0,NE,2.9,Aotizhongxin,3.0,151.0,28.0,3973.9836956520694,1.1,9.7,2.85,9.512101449271341,2014-02-02 22:00:00,8.0,2014-02-03 22:00:00
8203,2014-02-06 07:00:00,0,train,8216,2014,2,6,7,119.0,113.0,55.0,60.0,1900.0,1.0,-3.8,1024.9,-10.2,0.0,NE,0.9,Aotizhongxin,59.0,167.0,90.5,1097.3043478259947,-5.1,0.8,-2.95,3.8673731884008866,2014-02-06 07:00:00,90.0,2014-02-07 07:00:00
8213,2014-02-06 17:00:00,0,train,8226,2014,2,6,17,90.0,84.0,69.0,55.0,1400.0,38.0,0.0,1023.2,-12.0,0.0,SSW,0.5,Aotizhongxin,78.0,167.0,119.0,628.8532608694777,-4.5,1.8,-2.7,4.460706521734264,2014-02-06 17:00:00,84.0,2014-02-07 17:00:00
8372,2014-02-13 08:00:00,1,train,8385,2014,2,13,8,151.0,126.0,55.0,82.0,2000.0,1.0,-3.3,1031.6,-7.6,0.0,S,1.6,Aotizhongxin,25.0,222.0,135.5,2968.8242753622308,-5.7,4.8,-2.7,10.529492753618431,2014-02-13 08:00:00,208.0,2014-02-14 08:00:00
8448,2014-02-16 12:00:00,0,train,8461,2014,2,16,12,258.0,174.0,59.0,65.0,2200.0,39.0,6.5,1023.8,-11.2,0.0,S,2.0,Aotizhongxin,258.0,505.0,414.0,3378.896739130481,-3.4,6.5,-1.5,11.06389492753166,2014-02-16 12:00:00,93.0,2014-02-17 12:00:00
8509,2014-02-19 01:00:00,0,train,8522,2014,2,19,1,131.0,152.0,71.0,86.0,2300.0,1.0,-1.9,1022.5,-8.9,0.0,NE,1.1,Aotizhongxin,41.0,131.0,71.5,593.3623188403387,-5.0,1.7,0.30000000000000004,5.725797101444563,2014-02-19 01:00:00,131.0,2014-02-20 01:00:00
8551,2014-02-20 19:00:00,1,train,8564,2014,2,20,19,343.0,357.0,41.0,102.0,2700.0,1.0,-0.6,1023.3,-3.3,0.0,NE,2.2,Aotizhongxin,40.0,343.0,140.5,5928.331521738986,-3.5,1.8,-0.1,2.918840579705489,2014-02-20 19:00:00,232.0,2014-02-21 19:00:00
8581,2014-02-22 01:00:00,1,train,8594,2014,2,22,1,313.0,319.0,104.0,109.0,3500.0,1.0,0.1,1023.1,-3.1,0.0,NE,1.2,Aotizhongxin,196.0,313.0,244.0,932.3025362318165,-1.1,4.0,-0.05,3.1846195652129237,2014-02-22 01:00:00,205.0,2014-02-23 01:00:00
8670,2014-02-26 00:00:00,0,train,8689,2014,2,26,0,489.0,475.0,,,,,3.2,1019.2,-0.6,0.0,NE,1.4,Aotizhongxin,293.0,489.0,385.5,4206.252631578995,0.7,8.6,3.3,7.230851449271336,2014-02-26 00:00:00,20.0,2014-02-27 00:00:00
8853,2014-03-05 15:00:00,0,train,8872,2014,3,5,15,27.0,53.0,13.0,23.0,500.0,67.0,8.1,1018.8,-16.3,0.0,SW,3.9,Aotizhongxin,3.0,28.0,11.0,72.82427536221232,-5.4,8.5,3.3,20.342608695647897,2014-03-05 15:00:00,3.0,2014-03-06 15:00:00
8880,2014-03-06 18:00:00,0,train,8899,2014,3,6,18,7.0,13.0,9.0,17.0,400.0,74.0,5.3,1021.7,-18.6,0.0,SW,3.4,Aotizhongxin,3.0,46.0,10.0,163.67934782598118,-1.7,8.8,3.2,10.29780797101036,2014-03-06 18:00:00,38.0,2014-03-07 18:00:00
8936,2014-03-09 02:00:00,0,train,8955,2014,3,9,2,40.0,82.0,21.0,77.0,1100.0,2.0,-0.1,1018.8,-12.7,0.0,NNE,1.0,Aotizhongxin,38.0,188.0,156.0,2255.7318840579187,-1.2,10.4,2.9,16.017101449271305,2014-03-09 02:00:00,23.0,2014-03-10 02:00:00
9015,2014-03-12 09:00:00,0,train,9034,2014,3,12,9,10.0,18.0,4.0,12.0,300.0,72.0,6.7,1022.6,-18.2,0.0,NE,3.9,Aotizhongxin,3.0,247.0,15.5,8528.780797101384,5.7,13.6,8.65,7.5317210144894515,2014-03-12 09:00:00,28.0,2014-03-13 09:00:00
9047,2014-03-13 17:00:00,0,train,9066,2014,3,13,17,22.0,85.0,6.0,25.0,400.0,73.0,11.4,1011.1,-12.8,0.0,SW,4.2,Aotizhongxin,6.0,52.0,20.0,86.34057971005888,-2.1,13.1,6.9,24.517373188402075,2014-03-13 17:00:00,21.0,2014-03-14 17:00:00
9085,2014-03-15 07:00:00,0,train,9104,2014,3,15,7,73.0,151.0,44.0,77.0,1600.0,2.0,6.3,1005.5,-8.8,0.0,ENE,1.4,Aotizhongxin,7.0,83.0,35.5,622.1721014491943,1.9,16.5,11.95,24.04086956521422,2014-03-15 07:00:00,89.0,2014-03-16 07:00:00
9130,2014-03-17 04:00:00,0,train,9149,2014,3,17,4,139.0,215.0,53.0,109.0,1900.0,2.0,4.9,1004.3,1.4,0.0,E,0.0,Aotizhongxin,61.0,147.0,122.5,882.2590579709539,4.9,17.6,11.55,17.053460144924546,2014-03-17 04:00:00,21.0,2014-03-18 04:00:00
9143,2014-03-17 17:00:00,0,train,9162,2014,3,17,17,28.0,382.0,5.0,11.0,300.0,75.0,17.8,1007.5,-4.2,0.0,NNW,5.1,Aotizhongxin,26.0,167.0,136.5,2414.5923913042875,4.7,20.7,11.45,30.580579710142025,2014-03-17 17:00:00,67.0,2014-03-18 17:00:00
9186,2014-03-19 12:00:00,0,train,9205,2014,3,19,12,70.0,111.0,34.0,82.0,1200.0,11.0,10.3,1017.1,-4.5,0.0,NNE,1.8,Aotizhongxin,31.0,88.0,62.5,248.73731884050906,4.1,14.5,9.1,8.529547101445901,2014-03-19 12:00:00,10.0,2014-03-20 12:00:00
9227,2014-03-21 05:00:00,0,train,9246,2014,3,21,5,30.0,110.0,23.0,80.0,600.0,2.0,1.8,1017.6,-4.7,0.0,NW,0.2,Aotizhongxin,8.0,30.0,12.0,21.389492753543692,1.8,18.9,11.05,26.984619565214267,2014-03-21 05:00:00,82.0,2014-03-22 05:00:00
9237,2014-03-21 15:00:00,0,train,9256,2014,3,21,15,24.0,59.0,4.0,23.0,400.0,100.0,20.7,1010.8,-7.8,0.0,SW,4.4,Aotizhongxin,8.0,49.0,18.0,88.1449275361535,1.8,21.0,11.25,42.9473731884028,2014-03-21 15:00:00,19.0,2014-03-22 15:00:00
9291,2014-03-23 21:00:00,1,train,9310,2014,3,23,21,131.0,199.0,38.0,121.0,1000.0,51.0,14.6,1013.3,2.8,0.0,SSE,2.7,Aotizhongxin,84.0,164.0,129.0,594.0706521738568,5.0,18.9,14.35,23.321141304344934,2014-03-23 21:00:00,204.0,2014-03-24 21:00:00
9316,2014-03-24 22:00:00,0,train,9335,2014,3,24,22,223.0,292.0,50.0,160.0,1900.0,2.0,10.3,1005.6,6.1,0.0,NE,1.2,Aotizhongxin,157.0,280.0,234.5,976.4184782608379,7.5,20.3,11.85,20.954130434779735,2014-03-24 22:00:00,147.0,2014-03-25 22:00:00
9334,2014-03-25 16:00:00,1,train,9353,2014,3,25,16,223.0,272.0,55.0,82.0,1300.0,168.0,21.5,1002.0,5.4,0.0,SW,2.4,Aotizhongxin,157.0,274.0,233.0,1061.4999999999668,9.1,22.3,13.25,24.199347826084328,2014-03-25 16:00:00,266.0,2014-03-26 16:00:00
9364,2014-03-26 22:00:00,0,train,9383,2014,3,26,22,383.0,478.0,42.0,162.0,2900.0,2.0,13.1,1005.3,10.8,0.0,ENE,0.6,Aotizhongxin,166.0,383.0,274.5,3192.427536231862,8.6,23.2,14.55,25.66862318840329,2014-03-26 22:00:00,111.0,2014-03-27 22:00:00
9425,2014-03-29 11:00:00,0,train,9444,2014,3,29,11,25.0,47.0,5.0,8.0,300.0,81.0,19.8,1008.4,2.6,0.0,ENE,1.5,Aotizhongxin,5.0,204.0,58.0,3976.679347825929,12.0,23.6,16.9,15.141449275360035,2014-03-29 11:00:00,33.0,2014-03-30 11:00:00
9426,2014-03-29 12:00:00,0,train,9445,2014,3,29,12,23.0,38.0,6.0,6.0,200.0,92.0,20.9,1007.3,2.2,0.0,NE,3.6,Aotizhongxin,5.0,204.0,55.5,4039.3460144925934,12.0,23.6,16.9,15.072971014490468,2014-03-29 12:00:00,19.0,2014-03-30 12:00:00
9455,2014-03-30 17:00:00,0,train,9474,2014,3,30,17,24.0,41.0,5.0,29.0,300.0,91.0,23.3,1008.4,-2.4,0.0,SSW,2.3,Aotizhongxin,3.0,71.0,38.5,349.41847826067993,8.1,26.0,18.2,43.172010869562925,2014-03-30 17:00:00,67.0,2014-03-31 17:00:00
9515,2014-04-02 05:00:00,0,train,9534,2014,4,2,5,115.0,163.0,24.0,125.0,1000.0,2.0,10.8,1005.4,5.7,0.0,ESE,0.2,Aotizhongxin,43.0,209.0,108.5,1788.4057971013222,8.8,23.6,18.75,21.497101449273142,2014-04-02 05:00:00,43.0,2014-04-03 05:00:00
9536,2014-04-03 02:00:00,0,train,9555,2014,4,3,2,52.0,145.0,15.0,68.0,600.0,9.0,8.9,1018.6,4.3,0.0,SW,0.5,Aotizhongxin,27.0,156.0,102.0,1208.476449275228,8.9,23.6,15.65,21.92606884057734,2014-04-03 02:00:00,31.0,2014-04-04 02:00:00
9588,2014-04-05 06:00:00,0,train,9607,2014,4,5,6,25.0,83.0,6.0,60.0,500.0,20.0,8.8,1019.2,-9.2,0.0,NE,1.7,Aotizhongxin,13.0,62.0,33.0,201.88405797084246,4.8,26.4,14.8,48.949547101446726,2014-04-05 06:00:00,71.0,2014-04-06 06:00:00
9608,2014-04-06 02:00:00,0,train,9627,2014,4,6,2,75.0,234.0,10.0,94.0,700.0,2.0,5.3,1014.6,1.9,0.0,WSW,0.0,Aotizhongxin,6.0,78.0,27.5,466.1721014491025,4.8,20.9,13.55,27.230144927533303,2014-04-06 02:00:00,57.0,2014-04-07 02:00:00
9787,2014-04-13 13:00:00,1,train,9806,2014,4,13,13,217.0,239.0,38.0,99.0,1300.0,112.0,23.1,1010.7,8.0,0.0,S,1.8,Aotizhongxin,93.0,221.0,136.5,1335.6739130433757,8.8,23.1,15.2,20.279112318837992,2014-04-13 13:00:00,278.0,2014-04-14 13:00:00
9850,2014-04-16 04:00:00,0,train,9869,2014,4,16,4,69.0,155.0,12.0,85.0,600.0,2.0,12.6,1010.2,4.3,0.0,W,0.4,Aotizhongxin,35.0,164.0,78.0,1958.9112318839059,12.6,22.1,16.85,10.000217391301998,2014-04-16 04:00:00,96.0,2014-04-17 04:00:00
9875,2014-04-17 05:00:00,0,train,9894,2014,4,17,5,109.0,283.0,41.0,121.0,1300.0,2.0,11.4,1005.4,9.8,0.0,WNW,0.6,Aotizhongxin,19.0,128.0,74.0,531.644927536072,11.4,22.2,15.3,10.736503623185998,2014-04-17 05:00:00,125.0,2014-04-18 05:00:00
10014,2014-04-23 00:00:00,0,train,10033,2014,4,23,0,76.0,219.0,19.0,67.0,700.0,58.0,17.7,1005.3,9.1,0.0,WSW,1.5,Aotizhongxin,52.0,105.0,71.0,131.47101449259534,6.9,26.0,20.299999999999997,47.474492753621334,2014-04-23 00:00:00,77.0,2014-04-24 00:00:00
10025,2014-04-23 11:00:00,0,train,10044,2014,4,23,11,193.0,211.0,31.0,56.0,900.0,56.0,22.5,1004.7,13.8,0.0,SSW,1.8,Aotizhongxin,52.0,193.0,79.5,1399.7318840578293,12.3,26.0,19.85,21.67101449275201,2014-04-23 11:00:00,114.0,2014-04-24 11:00:00
10034,2014-04-23 20:00:00,0,train,10053,2014,4,23,20,126.0,198.0,33.0,34.0,900.0,139.0,21.4,1005.4,13.1,0.0,S,1.7,Aotizhongxin,52.0,205.0,132.0,2295.346014492637,12.3,24.3,19.85,15.680869565215644,2014-04-23 20:00:00,121.0,2014-04-24 20:00:00
10036,2014-04-23 22:00:00,0,train,10055,2014,4,23,22,89.0,133.0,18.0,62.0,600.0,75.0,19.9,1005.8,11.9,0.0,SSW,2.6,Aotizhongxin,52.0,205.0,132.0,1889.7663043477128,12.3,24.3,20.35,15.78983695652001,2014-04-23 22:00:00,127.0,2014-04-24 22:00:00
10053,2014-04-24 15:00:00,0,train,10072,2014,4,24,15,161.0,200.0,36.0,41.0,900.0,110.0,23.7,1006.8,14.4,0.0,S,2.5,Aotizhongxin,72.0,164.0,114.0,754.1086956520408,14.4,23.7,19.25,7.263695652172287,2014-04-24 15:00:00,145.0,2014-04-25 15:00:00
10089,2014-04-30 03:00:00,0,train,10204,2014,4,30,3,99.0,153.0,20.0,81.0,700.0,13.0,12.8,1003.9,10.5,0.0,W,0.2,Aotizhongxin,61.0,139.0,108.0,359.9122807017544,11.7,26.6,20.45,23.084764492752196,2014-04-30 03:00:00,118.0,2014-05-01 03:00:00
10113,2014-05-01 03:00:00,0,train,10228,2014,5,1,3,118.0,176.0,16.0,64.0,600.0,66.0,15.1,1001.9,13.1,0.0,SW,0.0,Aotizhongxin,85.0,185.0,114.0,864.7373188405795,12.6,27.6,21.95,22.07710144927429,2014-05-01 03:00:00,36.0,2014-05-02 03:00:00
10188,2014-05-04 06:00:00,0,train,10303,2014,5,4,6,47.0,47.0,5.0,13.0,300.0,68.0,11.2,1012.3,-8.1,0.0,N,3.7,Aotizhongxin,32.0,99.0,50.0,433.1231884057896,9.5,23.0,15.2,24.117373188403135,2014-05-04 06:00:00,31.0,2014-05-05 06:00:00
10214,2014-05-05 08:00:00,0,train,10329,2014,5,5,8,33.0,91.0,2.0,36.0,400.0,46.0,14.9,1014.8,-8.6,0.0,NNE,3.2,Aotizhongxin,26.0,98.0,36.5,291.5579710144839,5.4,17.7,11.5,23.867826086952718,2014-05-05 08:00:00,118.0,2014-05-06 08:00:00
10239,2014-05-06 09:00:00,0,train,10354,2014,5,6,9,118.0,,,,,,16.6,1004.5,1.8,0.0,NE,2.1,Aotizhongxin,16.0,130.0,42.0,995.2445652173831,8.9,20.8,15.85,18.022318840576837,2014-05-06 09:00:00,56.0,2014-05-07 09:00:00
10284,2014-05-08 06:00:00,0,train,10399,2014,5,8,6,135.0,181.0,12.0,83.0,1400.0,2.0,11.2,1010.4,7.5,0.0,ENE,0.8,Aotizhongxin,14.0,135.0,48.5,2044.5199275362247,10.3,26.0,19.1,29.282880434780676,2014-05-08 06:00:00,79.0,2014-05-09 06:00:00
10303,2014-05-09 01:00:00,0,train,10418,2014,5,9,1,70.0,107.0,31.0,55.0,900.0,79.0,16.6,1009.1,8.8,0.0,NE,1.1,Aotizhongxin,52.0,146.0,75.0,1014.3405797101401,10.3,22.2,18.9,17.300416666664503,2014-05-09 01:00:00,48.0,2014-05-10 01:00:00
10354,2014-05-11 04:00:00,0,train,10469,2014,5,11,4,48.0,48.0,4.0,28.0,1100.0,46.0,11.1,1005.2,10.9,1.2,NE,0.8,Aotizhongxin,33.0,76.0,53.0,165.8260869565107,10.5,19.3,16.549999999999997,8.676231884055136,2014-05-11 04:00:00,43.0,2014-05-12 04:00:00
10415,2014-05-13 17:00:00,0,train,10530,2014,5,13,17,39.0,89.0,7.0,14.0,300.0,115.0,28.1,992.8,-1.0,0.0,N,2.8,Aotizhongxin,38.0,102.0,54.0,424.2155797101352,13.0,29.8,23.15,32.59128623188328,2014-05-13 17:00:00,10.0,2014-05-14 17:00:00
10420,2014-05-13 22:00:00,0,train,10535,2014,5,13,22,26.0,100.0,4.0,37.0,300.0,67.0,22.4,998.3,-6.4,0.0,N,3.9,Aotizhongxin,26.0,102.0,49.0,552.7826086956414,13.0,29.8,22.65,32.5144927536224,2014-05-13 22:00:00,30.0,2014-05-14 22:00:00
10426,2014-05-14 04:00:00,0,train,10541,2014,5,14,4,31.0,133.0,6.0,30.0,200.0,53.0,16.7,1000.7,-2.4,0.0,NNE,2.7,Aotizhongxin,25.0,102.0,43.0,676.6014492753505,14.4,29.8,22.65,25.272590579709483,2014-05-14 04:00:00,52.0,2014-05-15 04:00:00
10443,2014-05-14 21:00:00,0,train,10558,2014,5,14,21,27.0,84.0,7.0,78.0,500.0,24.0,14.2,998.1,2.7,0.0,WSW,0.0,Aotizhongxin,10.0,91.0,19.0,291.73913043476296,13.8,23.2,18.1,5.317663043476316,2014-05-14 21:00:00,122.0,2014-05-15 21:00:00
10459,2014-05-15 13:00:00,0,train,10574,2014,5,15,13,72.0,221.0,11.0,53.0,500.0,71.0,27.6,993.2,4.0,0.0,S,2.1,Aotizhongxin,10.0,72.0,37.0,301.244565217375,8.7,27.6,16.35,37.39847826086709,2014-05-15 13:00:00,24.0,2014-05-16 13:00:00
10465,2014-05-15 19:00:00,0,train,10580,2014,5,15,19,95.0,301.0,7.0,52.0,400.0,95.0,24.9,993.2,8.0,0.0,E,0.8,Aotizhongxin,27.0,123.0,48.5,997.4492753623093,8.7,27.8,17.15,56.43623188405594,2014-05-15 19:00:00,25.0,2014-05-16 19:00:00
10479,2014-05-16 09:00:00,0,train,10594,2014,5,16,9,77.0,135.0,3.0,55.0,400.0,53.0,25.5,1002.7,4.0,0.0,ENE,2.2,Aotizhongxin,40.0,158.0,96.5,723.8532608695674,13.8,27.8,24.1,23.34579710144835,2014-05-16 09:00:00,79.0,2014-05-17 09:00:00
10652,2014-05-23 14:00:00,0,train,10767,2014,5,23,14,73.0,140.0,18.0,27.0,500.0,213.0,32.3,1003.4,12.0,0.0,SW,3.1,Aotizhongxin,42.0,120.0,78.5,506.6068840579782,19.5,33.5,27.7,19.86911231884135,2014-05-23 14:00:00,70.0,2014-05-24 14:00:00
10656,2014-05-23 18:00:00,0,train,10771,2014,5,23,18,54.0,92.0,13.0,34.0,400.0,173.0,29.4,1002.8,14.0,0.0,SW,1.3,Aotizhongxin,42.0,120.0,78.5,521.0851449275432,19.5,32.3,27.7,17.01693840579776,2014-05-23 18:00:00,95.0,2014-05-24 18:00:00
10677,2014-05-24 15:00:00,0,train,10792,2014,5,24,15,72.0,72.0,2.0,48.0,800.0,34.0,21.5,1001.1,20.5,0.0,ENE,0.4,Aotizhongxin,54.0,107.0,80.0,282.00000000000745,19.2,30.8,21.4,14.707753623187715,2014-05-24 15:00:00,17.0,2014-05-25 15:00:00
10718,2014-05-26 08:00:00,0,train,10833,2014,5,26,8,39.0,39.0,6.0,82.0,600.0,5.0,27.0,996.3,7.9,0.0,WSW,1.4,Aotizhongxin,11.0,198.0,21.5,3086.4275362318936,13.4,27.9,23.549999999999997,29.852155797100323,2014-05-26 08:00:00,145.0,2014-05-27 08:00:00
10747,2014-05-27 13:00:00,0,train,10862,2014,5,27,13,7.0,7.0,2.0,11.0,100.0,111.0,30.3,990.1,6.2,0.0,NNE,5.2,Aotizhongxin,7.0,145.0,40.5,1212.9492753623274,17.5,35.5,28.05,40.18195652173936,2014-05-27 13:00:00,23.0,2014-05-28 13:00:00
10757,2014-05-27 23:00:00,0,train,10872,2014,5,27,23,14.0,14.0,2.0,52.0,300.0,44.0,18.1,995.7,10.7,0.0,NNE,0.1,Aotizhongxin,7.0,145.0,28.0,1522.8967391304434,17.5,31.9,28.25,32.797318840579585,2014-05-27 23:00:00,43.0,2014-05-28 23:00:00
10777,2014-05-28 19:00:00,0,train,10892,2014,5,28,19,30.0,30.0,9.0,41.0,300.0,165.0,32.7,991.9,8.9,0.0,WSW,2.7,Aotizhongxin,12.0,52.0,33.0,177.95471014493603,15.1,36.2,25.1,66.47652173913052,2014-05-28 19:00:00,38.0,2014-05-29 19:00:00
10911,2014-06-03 09:00:00,0,train,11026,2014,6,3,9,30.0,74.0,4.0,44.0,400.0,74.0,27.6,1002.7,13.5,0.0,NE,2.0,Aotizhongxin,20.0,51.0,30.5,79.71014492754858,16.2,27.6,21.85,15.23413043478106,2014-06-03 09:00:00,96.0,2014-06-04 09:00:00
10922,2014-06-03 20:00:00,0,train,11037,2014,6,3,20,48.0,48.0,8.0,49.0,700.0,147.0,25.9,1001.4,14.7,0.0,WSW,0.6,Aotizhongxin,21.0,57.0,35.5,101.25905797102658,16.2,32.0,25.7,39.43884057970957,2014-06-03 20:00:00,48.0,2014-06-04 20:00:00
10924,2014-06-03 22:00:00,0,train,11039,2014,6,3,22,56.0,56.0,5.0,97.0,800.0,52.0,22.9,1002.2,14.7,0.0,S,0.8,Aotizhongxin,21.0,57.0,39.5,118.94021739131637,16.2,32.0,25.7,35.983025362318415,2014-06-03 22:00:00,53.0,2014-06-04 22:00:00
10940,2014-06-04 14:00:00,0,train,11055,2014,6,4,14,45.0,45.0,9.0,25.0,500.0,186.0,28.7,998.7,14.9,0.0,WSW,1.8,Aotizhongxin,31.0,96.0,53.5,275.59239130435833,20.0,31.6,26.0,14.658260869565177,2014-06-04 14:00:00,42.0,2014-06-05 14:00:00
10970,2014-06-05 20:00:00,0,train,11085,2014,6,5,20,69.0,69.0,7.0,63.0,600.0,165.0,29.5,997.2,17.0,0.0,WSW,1.9,Aotizhongxin,42.0,103.0,61.0,419.5652173913139,19.7,33.7,27.6,24.401141304348204,2014-06-05 20:00:00,8.0,2014-06-06 20:00:00
10976,2014-06-06 02:00:00,0,train,11091,2014,6,6,2,96.0,96.0,10.0,87.0,800.0,67.0,22.9,997.6,18.9,0.0,ENE,0.7,Aotizhongxin,42.0,103.0,74.0,351.5634057971106,19.7,33.7,28.75,19.734492753623876,2014-06-06 02:00:00,24.0,2014-06-07 02:00:00
10987,2014-06-06 13:00:00,0,train,11102,2014,6,6,13,5.0,5.0,8.0,21.0,300.0,53.0,18.7,999.5,18.4,5.4,NNE,2.1,Aotizhongxin,5.0,121.0,85.0,760.3478260869653,18.7,33.7,25.6,19.223188405797238,2014-06-06 13:00:00,8.0,2014-06-07 13:00:00
11018,2014-06-07 20:00:00,0,train,11133,2014,6,7,20,15.0,15.0,2.0,42.0,300.0,69.0,24.6,996.9,11.9,0.0,ESE,1.1,Aotizhongxin,3.0,27.0,8.5,49.98369565218581,14.7,30.7,24.05,36.78201086956405,2014-06-07 20:00:00,28.0,2014-06-08 20:00:00
11057,2014-06-09 11:00:00,0,train,11172,2014,6,9,11,53.0,53.0,14.0,60.0,900.0,61.0,27.8,999.1,12.6,0.0,ENE,1.1,Aotizhongxin,5.0,54.0,31.0,212.37500000001123,15.0,29.3,18.45,19.193260869563233,2014-06-09 11:00:00,103.0,2014-06-10 11:00:00
11094,2014-06-11 00:00:00,0,train,11209,2014,6,11,0,88.0,88.0,2.0,78.0,1000.0,17.0,19.9,1004.7,18.7,0.0,NE,0.8,Aotizhongxin,48.0,113.0,81.0,357.64492753623927,17.4,26.8,20.85,8.290271739128908,2014-06-11 00:00:00,42.0,2014-06-12 00:00:00
11095,2014-06-11 01:00:00,0,train,11210,2014,6,11,1,92.0,92.0,2.0,63.0,1000.0,23.0,18.9,1004.8,18.2,0.0,NNE,0.5,Aotizhongxin,49.0,113.0,83.0,321.29710144928254,17.4,26.8,20.85,8.125797101447759,2014-06-11 01:00:00,43.0,2014-06-12 01:00:00
11230,2014-06-16 16:00:00,0,train,11345,2014,6,16,16,135.0,135.0,4.0,32.0,700.0,208.0,29.1,993.6,20.0,0.0,SW,1.3,Aotizhongxin,55.0,180.0,127.5,1614.201086956517,21.2,30.0,23.35,9.430851449274964,2014-06-16 16:00:00,160.0,2014-06-17 16:00:00
11291,2014-06-19 05:00:00,0,train,11406,2014,6,19,5,124.0,124.0,2.0,101.0,800.0,2.0,19.4,998.0,18.9,0.0,NNE,0.6,Aotizhongxin,27.0,136.0,70.0,1445.6231884058036,19.3,30.6,25.049999999999997,16.302318840579357,2014-06-19 05:00:00,44.0,2014-06-20 05:00:00
11316,2014-06-20 06:00:00,0,train,11431,2014,6,20,6,39.0,39.0,2.0,34.0,1400.0,50.0,19.3,1002.2,19.3,0.1,NE,1.3,Aotizhongxin,26.0,223.0,91.5,3372.635869565219,19.1,27.8,24.35,11.410851449274572,2014-06-20 06:00:00,75.0,2014-06-21 06:00:00
11418,2014-06-24 12:00:00,0,train,11533,2014,6,24,12,3.0,3.0,9.0,41.0,500.0,185.0,29.7,998.2,17.8,0.0,W,3.1,Aotizhongxin,3.0,73.0,37.5,351.69384057971916,19.1,32.3,25.299999999999997,21.182155797101416,2014-06-24 12:00:00,114.0,2014-06-25 12:00:00
11456,2014-06-26 02:00:00,0,train,11571,2014,6,26,2,180.0,180.0,3.0,27.0,1000.0,57.0,22.9,997.3,22.2,0.0,W,1.4,Aotizhongxin,73.0,180.0,113.0,642.8967391304338,22.5,26.6,23.55,1.684057971014037,2014-06-26 02:00:00,55.0,2014-06-27 02:00:00
11487,2014-06-27 09:00:00,0,train,11602,2014,6,27,9,13.0,13.0,3.0,18.0,100.0,63.0,31.1,1002.4,11.5,0.0,NE,3.1,Aotizhongxin,8.0,141.0,70.5,1611.152173913052,21.7,32.7,28.549999999999997,13.029275362319588,2014-06-27 09:00:00,19.0,2014-06-28 09:00:00
11520,2014-06-28 18:00:00,0,train,11635,2014,6,28,18,24.0,24.0,8.0,25.0,1600.0,126.0,33.5,997.4,13.5,0.0,SSW,1.1,Aotizhongxin,13.0,56.0,23.0,99.86775362320704,19.2,36.6,27.950000000000003,45.02867753623268,2014-06-28 18:00:00,52.0,2014-06-29 18:00:00
11559,2014-06-30 09:00:00,0,train,11674,2014,6,30,9,68.0,68.0,8.0,70.0,1600.0,104.0,30.3,1000.9,19.0,0.0,SE,0.8,Aotizhongxin,25.0,100.0,65.0,345.15760869565884,24.0,34.3,28.65,13.524329710145949,2014-06-30 09:00:00,127.0,2014-07-01 09:00:00
11564,2014-06-30 14:00:00,0,train,11679,2014,6,30,14,114.0,114.0,40.0,52.0,1400.0,309.0,35.2,998.4,17.9,0.0,SW,3.1,Aotizhongxin,44.0,114.0,74.5,307.18840579710485,24.0,35.2,28.65,15.623025362319947,2014-06-30 14:00:00,130.0,2014-07-01 14:00:00
11577,2014-07-01 03:00:00,0,train,11692,2014,7,1,3,63.0,63.0,10.0,42.0,500.0,84.0,23.3,999.3,19.7,0.0,NW,0.6,Aotizhongxin,47.0,114.0,69.0,308.34601449275704,23.3,35.2,29.8,14.5543297101463,2014-07-01 03:00:00,42.0,2014-07-02 03:00:00
11590,2014-07-01 16:00:00,0,train,11705,2014,7,1,16,130.0,,42.0,,900.0,216.0,31.1,996.5,21.0,0.0,SSW,1.6,Aotizhongxin,47.0,136.0,74.0,1039.2010869565208,23.3,33.6,29.55,7.979710144928539,2014-07-01 16:00:00,78.0,2014-07-02 16:00:00
11595,2014-07-01 21:00:00,0,train,11710,2014,7,1,21,188.0,188.0,5.0,52.0,1300.0,169.0,24.8,998.6,20.5,0.1,SE,1.4,Aotizhongxin,47.0,188.0,120.0,1571.2155797101382,23.3,31.2,28.75,6.333043478261645,2014-07-01 21:00:00,118.0,2014-07-02 21:00:00
11605,2014-07-02 07:00:00,1,train,11720,2014,7,2,7,42.0,42.0,2.0,26.0,600.0,94.0,21.6,998.1,21.6,0.0,ENE,0.8,Aotizhongxin,22.0,188.0,120.0,2565.043478260866,21.2,31.2,27.950000000000003,17.520271739130518,2014-07-02 07:00:00,248.0,2014-07-03 07:00:00
11643,2014-07-03 21:00:00,0,train,11758,2014,7,3,21,179.0,179.0,2.0,38.0,900.0,125.0,25.7,995.5,24.5,0.0,SSW,0.0,Aotizhongxin,109.0,259.0,215.0,3083.8532608695227,23.3,30.8,25.7,6.18737318840589,2014-07-03 21:00:00,177.0,2014-07-04 21:00:00
11656,2014-07-04 10:00:00,0,train,11771,2014,7,4,10,195.0,195.0,3.0,33.0,1700.0,115.0,30.4,999.4,23.8,0.0,NNW,0.9,Aotizhongxin,153.0,269.0,218.0,1269.5199275361817,23.3,30.8,27.0,5.891286231884423,2014-07-04 10:00:00,117.0,2014-07-05 10:00:00
11667,2014-07-04 21:00:00,0,train,11782,2014,7,4,21,177.0,177.0,2.0,56.0,1300.0,100.0,26.1,1001.2,23.4,0.0,WSW,1.6,Aotizhongxin,155.0,269.0,197.5,982.2880434782139,23.3,33.9,27.6,11.415579710145625,2014-07-04 21:00:00,108.0,2014-07-05 21:00:00
11673,2014-07-05 03:00:00,1,train,11788,2014,7,5,3,159.0,159.0,2.0,75.0,1000.0,12.0,23.7,1000.8,23.2,0.0,S,0.0,Aotizhongxin,150.0,229.0,178.0,593.4329710144506,23.3,33.9,27.6,11.732590579710827,2014-07-05 03:00:00,280.0,2014-07-06 03:00:00
11749,2014-07-08 07:00:00,0,train,11864,2014,7,8,7,140.0,140.0,2.0,71.0,900.0,26.0,27.4,996.3,23.8,0.0,ENE,2.1,Aotizhongxin,87.0,261.0,201.0,2513.563405797046,24.3,31.7,29.1,6.325217391305435,2014-07-08 07:00:00,15.0,2014-07-09 07:00:00
11759,2014-07-08 17:00:00,0,train,11874,2014,7,8,17,9.0,9.0,4.0,18.0,300.0,91.0,31.8,996.1,12.1,0.0,NNW,0.9,Aotizhongxin,8.0,261.0,154.0,7727.449275362293,24.3,33.9,29.1,10.5624456521753,2014-07-08 17:00:00,11.0,2014-07-09 17:00:00
11803,2014-07-10 13:00:00,0,train,11918,2014,7,10,13,20.0,20.0,9.0,19.0,300.0,136.0,35.6,992.9,16.4,0.0,WSW,3.2,Aotizhongxin,11.0,60.0,26.5,212.65036231888996,21.6,36.9,27.6,25.813894927537035,2014-07-10 13:00:00,10.0,2014-07-11 13:00:00
11811,2014-07-10 21:00:00,0,train,11926,2014,7,10,21,41.0,41.0,7.0,37.0,300.0,112.0,29.3,992.7,16.8,0.0,WSW,2.9,Aotizhongxin,17.0,60.0,26.5,142.63586956526584,21.6,36.9,30.15,34.05210144927668,2014-07-10 21:00:00,29.0,2014-07-11 21:00:00
11862,2014-07-13 00:00:00,0,train,11977,2014,7,13,0,30.0,30.0,3.0,87.0,400.0,48.0,25.2,997.0,15.2,0.0,NE,1.7,Aotizhongxin,6.0,35.0,13.5,62.97826086962454,21.5,34.7,28.799999999999997,19.226938405798073,2014-07-13 00:00:00,51.0,2014-07-14 00:00:00
11927,2014-07-15 17:00:00,0,train,12042,2014,7,15,17,50.0,50.0,7.0,27.0,500.0,196.0,30.1,995.9,19.5,0.0,SW,2.3,Aotizhongxin,14.0,67.0,42.5,200.05797101453408,21.9,31.6,28.75,9.843405797102177,2014-07-15 17:00:00,155.0,2014-07-16 17:00:00
11948,2014-07-16 14:00:00,0,train,12063,2014,7,16,14,192.0,192.0,3.0,68.0,1500.0,90.0,30.5,995.6,23.7,0.0,N,0.6,Aotizhongxin,48.0,192.0,73.0,2207.3913043478365,21.8,31.6,25.75,11.512753623188367,2014-07-16 14:00:00,165.0,2014-07-17 14:00:00
11958,2014-07-17 00:00:00,1,train,12073,2014,7,17,0,38.0,38.0,2.0,47.0,400.0,51.0,20.8,999.6,20.8,0.0,E,0.0,Aotizhongxin,38.0,192.0,86.0,2734.9492753623194,20.8,31.2,23.5,13.645434782608259,2014-07-17 00:00:00,211.0,2014-07-18 00:00:00
11959,2014-07-17 01:00:00,1,train,12074,2014,7,17,1,45.0,45.0,2.0,52.0,400.0,35.0,21.2,999.7,21.2,0.0,ENE,0.9,Aotizhongxin,38.0,192.0,83.5,2910.8097826086982,20.8,31.2,23.5,13.88461956521694,2014-07-17 01:00:00,219.0,2014-07-18 01:00:00
11997,2014-07-18 15:00:00,0,train,12112,2014,7,18,15,156.0,156.0,4.0,35.0,1300.0,245.0,33.1,999.8,25.1,0.0,SW,2.6,Aotizhongxin,95.0,219.0,161.5,1112.079710144899,24.7,33.1,27.15,7.311884057971705,2014-07-18 15:00:00,50.0,2014-07-19 15:00:00
12085,2014-07-22 07:00:00,0,train,12200,2014,7,22,7,11.0,11.0,4.0,58.0,300.0,7.0,26.2,1001.4,17.6,0.0,ENE,1.1,Aotizhongxin,5.0,19.0,11.0,12.824275362392498,26.2,35.1,29.6,8.154710144928988,2014-07-22 07:00:00,23.0,2014-07-23 07:00:00
12288,2014-07-30 18:00:00,0,train,12403,2014,7,30,18,161.0,161.0,2.0,31.0,1400.0,137.0,27.6,999.2,23.8,0.0,ENE,0.6,Aotizhongxin,35.0,163.0,114.0,1551.6358695652234,23.0,31.1,24.5,6.423695652173879,2014-07-30 18:00:00,157.0,2014-07-31 18:00:00
12329,2014-08-01 11:00:00,0,train,12444,2014,8,1,11,169.0,169.0,2.0,35.0,1000.0,102.0,28.0,1001.4,25.4,0.2,ENE,1.2,Aotizhongxin,144.0,245.0,182.0,855.043478260833,24.4,31.3,27.15,4.563025362319563,2014-08-01 11:00:00,126.0,2014-08-02 11:00:00
12370,2014-08-03 04:00:00,0,train,12485,2014,8,3,4,173.0,173.0,4.0,29.0,800.0,90.0,26.0,995.5,26.0,0.0,N,0.0,Aotizhongxin,76.0,190.0,139.0,1024.1666666666597,25.8,34.9,28.85,9.488242753624593,2014-08-03 04:00:00,97.0,2014-08-04 04:00:00
12382,2014-08-03 16:00:00,0,train,12497,2014,8,3,16,129.0,129.0,2.0,43.0,800.0,173.0,30.7,993.7,24.6,0.0,NW,0.0,Aotizhongxin,97.0,190.0,130.0,810.4275362318759,26.0,34.4,29.9,7.217971014494151,2014-08-03 16:00:00,3.0,2014-08-04 16:00:00
12386,2014-08-03 20:00:00,0,train,12501,2014,8,3,20,74.0,74.0,2.0,58.0,800.0,114.0,28.0,995.7,25.6,0.0,ENE,1.0,Aotizhongxin,74.0,190.0,128.0,1138.1286231884008,26.0,34.4,28.55,6.7243297101462165,2014-08-03 20:00:00,14.0,2014-08-04 20:00:00
12401,2014-08-04 11:00:00,0,train,12516,2014,8,4,11,11.0,11.0,2.0,27.0,200.0,52.0,23.0,999.8,22.3,3.2,ENE,2.3,Aotizhongxin,11.0,129.0,85.0,869.5489130435,23.0,33.9,27.450000000000003,6.866666666667499,2014-08-04 11:00:00,35.0,2014-08-05 11:00:00
12406,2014-08-04 16:00:00,0,train,12521,2014,8,4,16,3.0,3.0,2.0,33.0,200.0,33.0,22.4,1000.2,21.7,0.0,NNE,0.9,Aotizhongxin,3.0,108.0,70.0,1421.2880434782944,21.2,30.0,26.5,7.001721014492886,2014-08-04 16:00:00,22.0,2014-08-05 16:00:00
12410,2014-08-04 20:00:00,0,train,12525,2014,8,4,20,14.0,14.0,2.0,48.0,300.0,21.0,21.3,1001.1,20.6,0.0,NE,0.0,Aotizhongxin,3.0,108.0,41.0,1474.54347826091,21.2,28.2,25.65,6.17940217391278,2014-08-04 20:00:00,26.0,2014-08-05 20:00:00
12427,2014-08-05 13:00:00,0,train,12542,2014,8,5,13,40.0,40.0,11.0,41.0,600.0,85.0,32.5,1000.0,16.8,0.0,WNW,1.0,Aotizhongxin,3.0,43.0,13.5,110.56340579715778,19.5,32.5,21.25,14.41780797101362,2014-08-05 13:00:00,14.0,2014-08-06 13:00:00
12446,2014-08-06 08:00:00,0,train,12561,2014,8,6,8,77.0,77.0,2.0,72.0,500.0,21.0,29.6,1002.2,17.1,0.0,NE,2.4,Aotizhongxin,20.0,77.0,40.0,301.44927536236025,21.7,32.5,26.4,11.478188405797468,2014-08-06 08:00:00,66.0,2014-08-07 08:00:00
12457,2014-08-06 19:00:00,0,train,12572,2014,8,6,19,18.0,18.0,3.0,38.0,200.0,102.0,26.3,1001.6,18.2,0.0,SSW,0.8,Aotizhongxin,3.0,77.0,36.0,575.0144927536683,21.7,34.4,26.5,22.503460144928386,2014-08-06 19:00:00,43.0,2014-08-07 19:00:00
12509,2014-08-08 23:00:00,0,train,12624,2014,8,8,23,64.0,64.0,7.0,45.0,800.0,100.0,25.5,1001.6,17.7,0.0,W,0.9,Aotizhongxin,43.0,106.0,61.0,382.0851449275648,21.0,31.8,26.85,12.42867753623236,2014-08-08 23:00:00,7.0,2014-08-09 23:00:00
12515,2014-08-09 05:00:00,0,train,12630,2014,8,9,5,109.0,109.0,6.0,36.0,1100.0,88.0,21.7,1002.0,19.3,0.0,ESE,0.8,Aotizhongxin,43.0,109.0,71.5,436.7807971014724,20.6,31.8,26.85,14.628405797101834,2014-08-09 05:00:00,28.0,2014-08-10 05:00:00
12562,2014-08-11 04:00:00,0,train,12677,2014,8,11,4,21.0,21.0,3.0,74.0,300.0,4.0,24.2,999.5,13.7,0.0,ENE,1.5,Aotizhongxin,21.0,78.0,41.0,292.8677536232297,19.1,32.4,26.6,17.018532608696088,2014-08-11 04:00:00,31.0,2014-08-12 04:00:00
12566,2014-08-11 08:00:00,0,train,12681,2014,8,11,8,13.0,13.0,2.0,50.0,300.0,29.0,29.3,1000.1,15.4,0.0,ENE,1.6,Aotizhongxin,9.0,78.0,40.0,404.8242753623615,21.8,32.4,26.9,12.637807971015137,2014-08-11 08:00:00,13.0,2014-08-12 08:00:00
12615,2014-08-13 09:00:00,0,train,12730,2014,8,13,9,38.0,38.0,2.0,46.0,400.0,38.0,20.5,1003.1,20.5,0.2,ENE,1.5,Aotizhongxin,14.0,38.0,29.5,52.927536231933516,20.1,32.9,24.65,23.83302536231879,2014-08-13 09:00:00,27.0,2014-08-14 09:00:00
12683,2014-08-16 05:00:00,0,train,12798,2014,8,16,5,53.0,53.0,2.0,100.0,500.0,8.0,20.3,1002.9,18.2,0.0,NE,0.2,Aotizhongxin,25.0,127.0,41.0,897.0144927536594,19.8,32.7,25.799999999999997,19.526014492753784,2014-08-16 05:00:00,36.0,2014-08-17 05:00:00
12693,2014-08-16 15:00:00,0,train,12808,2014,8,16,15,43.0,43.0,7.0,19.0,400.0,200.0,33.4,1000.1,15.9,0.0,WSW,2.7,Aotizhongxin,25.0,88.0,42.5,276.07065217395296,20.3,34.3,26.85,21.666956521739454,2014-08-16 15:00:00,39.0,2014-08-17 15:00:00
12846,2014-08-23 00:00:00,0,train,12961,2014,8,23,0,109.0,124.0,2.0,124.0,1400.0,2.0,23.2,1000.4,22.0,0.0,E,0.0,Aotizhongxin,21.0,130.0,46.0,1594.7373188406168,19.9,27.2,24.55,6.267373188405237,2014-08-23 00:00:00,18.0,2014-08-24 00:00:00
12862,2014-08-23 16:00:00,0,train,12977,2014,8,23,16,131.0,224.0,5.0,67.0,900.0,247.0,31.3,997.2,20.9,0.0,WSW,3.2,Aotizhongxin,81.0,142.0,115.5,263.49999999999073,21.5,32.4,24.85,13.37592391304364,2014-08-23 16:00:00,7.0,2014-08-24 16:00:00
12917,2014-08-25 23:00:00,0,train,13032,2014,8,25,23,38.0,116.0,4.0,108.0,500.0,21.0,20.5,1007.0,16.3,0.0,W,0.2,Aotizhongxin,3.0,38.0,16.5,96.75362318847677,19.0,33.5,26.85,24.139710144927825,2014-08-25 23:00:00,40.0,2014-08-26 23:00:00
12987,2014-08-28 21:00:00,0,train,13102,2014,8,28,21,106.0,138.0,2.0,105.0,1300.0,52.0,21.7,1010.2,19.3,0.0,NE,1.9,Aotizhongxin,56.0,113.6,80.0,342.10215579712064,21.7,28.3,23.4,3.5973913043473558,2014-08-28 21:00:00,120.0,2014-08-29 21:00:00
13016,2014-08-30 02:00:00,0,train,13131,2014,8,30,2,114.0,159.0,2.0,130.0,1200.0,2.0,22.8,1010.1,20.9,0.0,ENE,0.7,Aotizhongxin,56.0,132.0,83.0,591.7391304348009,19.3,27.5,22.8,6.666884057970276,2014-08-30 02:00:00,75.0,2014-08-31 02:00:00
13025,2014-08-30 11:00:00,0,train,13140,2014,8,30,11,162.0,162.0,2.0,67.0,1500.0,29.0,24.3,1009.0,21.6,0.0,NNE,1.2,Aotizhongxin,56.0,170.0,123.0,1107.1286231884046,21.1,27.5,22.75,3.672391304347198,2014-08-30 11:00:00,90.0,2014-08-31 11:00:00
13026,2014-08-30 12:00:00,0,train,13141,2014,8,30,12,156.0,169.0,2.0,71.0,2100.0,24.0,25.1,1008.3,22.0,0.0,ENE,1.9,Aotizhongxin,59.0,170.0,124.5,1008.9402173913004,21.1,27.5,22.75,3.434764492752977,2014-08-30 12:00:00,78.0,2014-08-31 12:00:00
13035,2014-08-30 21:00:00,0,train,13150,2014,8,30,21,142.0,142.0,2.0,73.0,1400.0,45.0,23.1,1007.7,22.3,1.0,NNE,0.7,Aotizhongxin,114.0,170.0,144.0,251.99275362316658,22.0,25.6,23.200000000000003,1.475362318839915,2014-08-30 21:00:00,75.0,2014-08-31 21:00:00
13060,2014-08-31 22:00:00,0,train,13175,2014,8,31,22,78.0,78.0,2.0,61.0,1300.0,37.0,21.2,1008.3,21.2,0.0,NE,0.2,Aotizhongxin,40.0,106.0,75.0,273.1304347826445,20.1,27.6,21.4,6.942880434781674,2014-08-31 22:00:00,29.0,2014-09-01 22:00:00
13107,2014-09-02 21:00:00,0,train,13222,2014,9,2,21,22.0,22.0,2.0,47.0,900.0,32.0,19.2,1006.2,19.2,0.0,N,0.0,Aotizhongxin,13.0,45.0,24.0,64.75362318848272,19.1,23.6,19.95,1.3033152173894271,2014-09-02 21:00:00,18.0,2014-09-03 21:00:00
13220,2014-09-07 14:00:00,0,train,13335,2014,9,7,14,125.0,125.0,6.0,38.0,900.0,141.0,29.6,999.7,19.0,0.0,WSW,2.4,Aotizhongxin,105.0,226.0,145.0,1227.1721014492389,21.6,29.6,24.8,6.8997101449274245,2014-09-07 14:00:00,4.0,2014-09-08 14:00:00
13261,2014-09-09 07:00:00,0,train,13376,2014,9,9,7,14.0,38.0,3.0,47.0,1000.0,21.0,20.3,1005.2,12.0,0.0,NE,1.2,Aotizhongxin,3.0,36.0,16.5,111.17210144940144,14.5,30.2,23.3,31.75215579710022,2014-09-09 07:00:00,100.0,2014-09-10 07:00:00
13456,2014-09-17 10:00:00,0,train,13571,2014,9,17,10,53.0,128.0,5.0,75.0,700.0,2.0,20.0,1015.8,14.6,0.0,ENE,0.8,Aotizhongxin,17.0,90.0,36.5,554.5489130435737,15.1,21.7,18.1,4.082590579707178,2014-09-17 10:00:00,97.0,2014-09-18 10:00:00
13459,2014-09-17 13:00:00,0,train,13574,2014,9,17,13,100.0,159.0,4.0,42.0,,11.0,21.6,1014.3,13.5,0.0,SE,0.2,Aotizhongxin,17.0,100.0,51.0,711.9402173913901,15.1,21.7,18.1,4.004184782605721,2014-09-17 13:00:00,67.0,2014-09-18 13:00:00
13461,2014-09-17 15:00:00,0,train,13576,2014,9,17,15,80.0,131.0,3.0,72.0,500.0,,22.2,1013.6,12.4,0.0,SW,1.2,Aotizhongxin,17.0,100.0,57.0,813.3840579710951,15.1,22.7,18.1,5.1637499999970995,2014-09-17 15:00:00,46.0,2014-09-18 15:00:00
13485,2014-09-18 15:00:00,0,train,13600,2014,9,18,15,46.0,46.0,6.0,51.0,600.0,120.0,27.5,1010.6,8.4,0.0,WSW,2.7,Aotizhongxin,33.0,101.0,65.5,541.8242753623824,11.9,28.4,16.6,35.34911231883771,2014-09-18 15:00:00,95.0,2014-09-19 15:00:00
13576,2014-09-22 10:00:00,0,train,13691,2014,9,22,10,100.0,140.0,5.0,85.0,3200.0,4.0,21.1,1013.5,18.3,0.0,E,1.1,Aotizhongxin,57.0,112.0,85.5,201.12318840584368,20.2,25.1,21.450000000000003,2.7797101449261925,2014-09-22 10:00:00,37.0,2014-09-23 10:00:00
13747,2014-09-29 13:00:00,0,train,13862,2014,9,29,13,21.0,44.0,2.0,15.0,300.0,62.0,24.1,1013.7,6.4,0.0,ENE,3.7,Aotizhongxin,21.0,107.0,79.5,672.4057971015179,15.0,24.1,17.7,11.814492753620403,2014-09-29 13:00:00,23.0,2014-09-30 13:00:00
13760,2014-09-30 02:00:00,0,train,13875,2014,9,30,2,25.0,70.0,11.0,49.0,800.0,2.0,12.2,1022.7,3.7,0.0,SW,1.2,Aotizhongxin,8.0,107.0,22.5,1653.123188405901,12.2,24.2,17.85,16.937807971011576,2014-09-30 02:00:00,77.0,2014-10-01 02:00:00
13833,2014-10-03 03:00:00,0,train,13948,2014,10,3,3,74.0,74.0,4.0,66.0,1200.0,2.0,11.6,1011.4,11.6,0.0,NE,1.2,Aotizhongxin,23.0,112.0,66.5,550.7536231884891,8.2,21.6,13.2,19.151014492748885,2014-10-03 03:00:00,78.0,2014-10-04 03:00:00
13862,2014-10-04 08:00:00,0,train,13977,2014,10,4,8,49.0,49.0,2.0,33.0,700.0,46.0,15.0,1013.5,13.5,0.0,WSW,1.1,Aotizhongxin,45.0,175.0,100.5,1697.188405797133,14.3,17.8,15.45,0.976449275358096,2014-10-04 08:00:00,46.0,2014-10-05 08:00:00
13878,2014-10-05 00:00:00,0,train,13993,2014,10,5,0,64.0,64.0,2.0,64.0,1100.0,2.0,12.1,1016.9,12.1,0.0,W,1.1,Aotizhongxin,49.0,112.0,82.0,346.17391304354055,12.1,16.8,15.0,1.639130434778018,2014-10-05 00:00:00,27.0,2014-10-06 00:00:00
13914,2014-10-06 12:00:00,0,train,14029,2014,10,6,12,21.0,38.0,2.0,38.0,400.0,31.0,20.9,1017.9,1.7,0.0,WSW,2.4,Aotizhongxin,10.0,31.0,19.5,35.91304347841885,5.3,21.8,10.55,34.416793478255315,2014-10-06 12:00:00,96.0,2014-10-07 12:00:00
14020,2014-10-11 10:00:00,0,train,14147,2014,10,11,10,273.0,273.0,,,,,17.6,1015.4,16.8,0.0,SE,0.5,Aotizhongxin,139.0,354.0,314.0,1994.1666666663943,13.5,21.5,15.8,6.785923913039739,2014-10-11 10:00:00,8.0,2014-10-12 10:00:00
14076,2014-10-13 18:00:00,0,train,14203,2014,10,13,18,17.0,17.0,5.0,67.0,400.0,10.0,11.8,1017.7,-0.4,0.0,W,1.8,Aotizhongxin,3.0,17.0,8.5,12.288043478331234,5.5,18.3,12.85,16.874492753617442,2014-10-13 18:00:00,59.0,2014-10-14 18:00:00
14106,2014-10-15 00:00:00,0,train,14233,2014,10,15,0,135.0,219.0,15.0,105.0,1000.0,2.0,7.9,1008.7,7.5,0.0,W,0.0,Aotizhongxin,20.0,135.0,44.0,989.9347826087134,3.5,21.6,12.9,41.93362318840008,2014-10-15 00:00:00,17.0,2014-10-16 00:00:00
14141,2014-10-16 11:00:00,0,train,14268,2014,10,16,11,30.0,37.0,11.0,50.0,500.0,23.0,19.8,1015.9,-2.0,0.0,SW,3.4,Aotizhongxin,6.0,39.0,16.5,79.15217391309815,3.3,21.9,13.75,48.402536231878464,2014-10-16 11:00:00,93.0,2014-10-17 11:00:00
14197,2014-10-18 19:00:00,1,train,14324,2014,10,18,19,255.0,416.0,23.0,236.0,3300.0,21.0,14.3,1009.5,12.7,0.0,E,0.0,Aotizhongxin,102.0,255.0,154.5,2323.731884057867,7.0,25.2,13.7,34.93623188405355,2014-10-18 19:00:00,329.0,2014-10-19 19:00:00
14236,2014-10-20 10:00:00,0,train,14363,2014,10,20,10,249.0,249.0,6.0,94.0,1400.0,6.0,18.4,1012.2,14.3,0.0,ENE,1.6,Aotizhongxin,149.0,367.0,216.5,5370.195652173732,12.1,20.2,16.15,5.300797101445307,2014-10-20 10:00:00,37.0,2014-10-21 10:00:00
14251,2014-10-21 01:00:00,0,train,14378,2014,10,21,1,43.0,43.0,10.0,44.0,600.0,20.0,14.4,1018.8,6.5,0.0,SSW,1.5,Aotizhongxin,43.0,272.0,226.5,3973.123188405636,12.1,20.2,15.95,5.456068840575688,2014-10-21 01:00:00,57.0,2014-10-22 01:00:00
14281,2014-10-22 07:00:00,0,train,14408,2014,10,22,7,90.0,158.0,15.0,96.0,1400.0,2.0,9.3,1018.8,3.7,0.0,ENE,1.1,Aotizhongxin,32.0,107.0,53.5,551.0144927536019,6.7,16.1,8.95,10.627373188399316,2014-10-22 07:00:00,102.0,2014-10-23 07:00:00
14328,2014-10-24 06:00:00,1,train,14455,2014,10,24,6,167.0,190.0,5.0,98.0,1500.0,2.0,8.1,1006.3,8.1,0.0,E,0.0,Aotizhongxin,102.0,212.0,157.0,742.3460144926365,7.9,17.1,11.0,8.776449275356326,2014-10-24 06:00:00,277.0,2014-10-25 06:00:00
14332,2014-10-24 10:00:00,1,train,14459,2014,10,24,10,194.0,241.0,12.0,110.0,1800.0,2.0,15.7,1006.7,11.1,0.0,SE,0.5,Aotizhongxin,134.0,212.0,167.0,430.89130434769976,7.9,17.1,10.399999999999999,9.460271739124375,2014-10-24 10:00:00,308.0,2014-10-25 10:00:00
14338,2014-10-24 16:00:00,1,train,14465,2014,10,24,16,314.0,358.0,21.0,122.0,2100.0,60.0,16.2,1003.9,13.1,0.0,SE,0.0,Aotizhongxin,151.0,314.0,178.0,2263.4184782607144,7.9,18.9,10.399999999999999,15.165923913037664,2014-10-24 16:00:00,377.0,2014-10-25 16:00:00
14356,2014-10-25 10:00:00,0,train,14483,2014,10,25,10,308.0,308.0,7.0,97.0,1900.0,11.0,16.2,1006.7,13.1,0.0,E,0.4,Aotizhongxin,216.0,333.0,288.5,853.0416666664241,9.9,18.9,12.1,9.735362318835284,2014-10-25 10:00:00,11.0,2014-10-26 10:00:00
14369,2014-10-25 23:00:00,0,train,14496,2014,10,25,23,376.0,376.0,9.0,174.0,3700.0,2.0,12.8,1008.9,12.8,0.0,NE,0.1,Aotizhongxin,258.0,432.0,318.0,3530.0851449272477,9.9,20.3,12.95,11.912155797096386,2014-10-25 23:00:00,17.0,2014-10-26 23:00:00
14380,2014-10-26 10:00:00,0,train,14507,2014,10,26,10,11.0,11.0,2.0,22.0,300.0,45.0,17.3,1020.8,-2.4,0.0,E,2.5,Aotizhongxin,11.0,432.0,338.0,22331.56340579687,12.4,20.3,14.95,6.420706521734758,2014-10-26 10:00:00,36.0,2014-10-27 10:00:00
14400,2014-10-27 06:00:00,0,train,14527,2014,10,27,6,10.0,10.0,2.0,58.0,300.0,3.0,2.4,1027.4,-6.0,0.0,NE,1.1,Aotizhongxin,5.0,21.0,11.0,16.389492753631497,2.4,18.8,9.600000000000001,36.01275362318186,2014-10-27 06:00:00,68.0,2014-10-28 06:00:00
14436,2014-10-28 18:00:00,0,train,14563,2014,10,28,18,31.0,114.0,15.0,72.0,600.0,23.0,10.9,1019.5,5.4,0.0,SSW,0.0,Aotizhongxin,31.0,90.0,53.0,322.82427536228516,4.5,14.4,9.65,10.041449275355129,2014-10-28 18:00:00,137.0,2014-10-29 18:00:00
14462,2014-10-29 20:00:00,1,train,14589,2014,10,29,20,148.0,223.0,16.0,162.0,2400.0,2.0,11.2,1017.9,9.9,0.0,N,0.0,Aotizhongxin,53.0,148.0,105.5,514.5797101448484,6.4,16.4,10.399999999999999,10.317373188399326,2014-10-29 20:00:00,188.0,2014-10-30 20:00:00
14476,2014-10-30 10:00:00,0,train,14603,2014,10,30,10,150.0,197.0,12.0,,1900.0,2.0,12.5,1018.0,10.2,0.2,E,0.8,Aotizhongxin,103.0,172.0,141.0,492.6666666665569,10.5,16.4,11.2,3.846358695646345,2014-10-30 10:00:00,141.0,2014-10-31 10:00:00
14498,2014-10-31 08:00:00,0,train,14625,2014,10,31,8,172.0,172.0,13.0,104.0,2200.0,2.0,12.7,1016.4,10.4,0.0,N,0.0,Aotizhongxin,142.0,205.0,173.5,352.2445652172513,11.0,15.4,11.95,1.8512862318783545,2014-10-31 08:00:00,32.0,2014-11-01 08:00:00
14551,2014-11-02 13:00:00,0,train,14678,2014,11,2,13,6.0,18.0,5.0,11.0,300.0,56.0,14.0,1023.0,-11.5,0.0,NNW,3.4,Aotizhongxin,3.0,16.0,7.5,16.867753623178633,7.7,15.4,12.2,6.2547101449215265,2014-11-02 13:00:00,12.0,2014-11-03 13:00:00
14594,2014-11-04 08:00:00,0,train,14721,2014,11,4,8,54.0,71.0,3.0,59.0,900.0,2.0,3.8,1022.0,1.8,0.0,ENE,1.0,Aotizhongxin,12.0,71.0,42.5,427.3749999999676,2.2,19.2,8.5,39.07027173912319,2014-11-04 08:00:00,83.0,2014-11-05 08:00:00
14738,2014-11-10 08:00:00,0,train,14865,2014,11,10,8,69.0,87.0,6.0,70.0,1500.0,2.0,0.1,1019.0,0.1,0.0,N,0.0,Aotizhongxin,33.0,93.0,49.0,352.34782608691734,-0.8,15.9,3.75,36.417608695643146,2014-11-10 08:00:00,8.0,2014-11-11 08:00:00
14755,2014-11-11 01:00:00,0,train,14882,2014,11,11,1,183.0,205.0,7.0,122.0,2100.0,2.0,2.6,1014.0,2.0,0.0,E,0.1,Aotizhongxin,38.0,183.0,67.0,1511.12318840574,-0.8,14.9,4.1,30.920797101440296,2014-11-11 01:00:00,5.0,2014-11-12 01:00:00
14767,2014-11-11 13:00:00,0,train,14894,2014,11,11,13,17.0,60.0,9.0,13.0,300.0,49.0,11.4,1016.0,-4.3,0.0,NNE,3.5,Aotizhongxin,8.0,183.0,72.0,3332.288043478209,2.5,14.9,10.8,17.891231884050363,2014-11-11 13:00:00,9.0,2014-11-12 13:00:00
14794,2014-11-12 16:00:00,0,train,14921,2014,11,12,16,4.0,30.0,4.0,9.0,300.0,63.0,8.2,1020.0,-17.0,0.0,N,3.4,Aotizhongxin,3.0,10.0,5.0,4.369565217398002,4.5,11.1,7.0,3.8725905797019498,2014-11-12 16:00:00,13.0,2014-11-13 16:00:00
14849,2014-11-14 23:00:00,1,train,14976,2014,11,14,23,52.0,101.0,13.0,89.0,1300.0,2.0,2.5,1015.0,-3.8,0.0,ENE,0.7,Aotizhongxin,18.0,63.0,31.5,214.5923913043292,-1.9,13.6,4.0,31.902590579700597,2014-11-14 23:00:00,203.0,2014-11-15 23:00:00
14889,2014-11-16 15:00:00,0,train,15016,2014,11,16,15,10.0,49.0,7.0,18.0,500.0,51.0,12.2,1024.0,-4.5,0.0,N,2.4,Aotizhongxin,10.0,225.0,158.0,5054.128623188297,0.1,12.6,3.2,17.558260869555966,2014-11-16 15:00:00,7.0,2014-11-17 15:00:00
14917,2014-11-17 19:00:00,0,train,15044,2014,11,17,19,42.0,78.0,13.0,112.0,1000.0,2.0,4.1,1027.0,-4.4,0.0,SW,0.7,Aotizhongxin,7.0,42.0,11.0,50.434782608710066,-1.7,13.6,6.800000000000001,24.735579710136143,2014-11-17 19:00:00,89.0,2014-11-18 19:00:00
14944,2014-11-18 22:00:00,1,train,15071,2014,11,18,22,135.0,191.0,34.0,116.0,2200.0,2.0,1.2,1013.0,-0.9,0.0,E,0.0,Aotizhongxin,28.0,135.0,54.0,891.5634057970686,-2.2,13.7,2.25,33.05565217390322,2014-11-18 22:00:00,375.0,2014-11-19 22:00:00
14956,2014-11-19 10:00:00,1,train,15083,2014,11,19,10,210.0,297.0,47.0,,3100.0,2.0,4.9,1009.0,-2.0,0.0,ENE,1.5,Aotizhongxin,45.0,248.0,129.5,4099.86775362309,0.7,13.7,3.1500000000000004,21.47418478259946,2014-11-19 10:00:00,306.0,2014-11-20 10:00:00
14972,2014-11-20 02:00:00,1,train,15099,2014,11,20,2,297.0,311.0,33.0,163.0,3500.0,2.0,2.2,1013.0,0.7,0.0,ENE,0.7,Aotizhongxin,118.0,384.0,289.0,6729.81884057947,0.8,8.7,3.05,6.553460144917672,2014-11-20 02:00:00,411.0,2014-11-21 02:00:00
14977,2014-11-20 07:00:00,1,train,15104,2014,11,20,7,302.0,323.0,22.0,150.0,4100.0,2.0,1.4,1008.0,0.4,0.0,ENE,1.2,Aotizhongxin,160.0,384.0,304.0,3366.6068840576977,0.2,8.7,3.05,7.375579710134993,2014-11-20 07:00:00,307.0,2014-11-21 07:00:00
15038,2014-11-22 20:00:00,0,train,15165,2014,11,22,20,67.0,121.0,21.0,109.0,1500.0,2.0,3.9,1033.0,-3.6,0.0,ESE,0.4,Aotizhongxin,6.0,67.0,27.5,231.21557971011313,-1.2,11.8,6.1,13.271721014484068,2014-11-22 20:00:00,170.0,2014-11-23 20:00:00
15089,2014-11-24 23:00:00,1,train,15216,2014,11,24,23,85.0,139.0,26.0,111.0,1800.0,2.0,0.5,1025.0,-2.4,0.0,SSE,0.4,Aotizhongxin,18.0,240.0,47.0,5092.606884057896,-1.9,12.2,3.5999999999999996,23.083749999990413,2014-11-24 23:00:00,270.0,2014-11-25 23:00:00
15160,2014-11-27 22:00:00,0,train,15287,2014,11,27,22,33.0,79.0,9.0,76.0,800.0,2.0,4.2,1020.0,-6.1,0.0,SSW,0.0,Aotizhongxin,10.0,408.0,23.0,21751.954710144822,3.7,6.9,5.5,0.9685326086864879,2014-11-27 22:00:00,183.0,2014-11-28 22:00:00
15161,2014-11-27 23:00:00,1,train,15288,2014,11,27,23,32.0,69.0,10.0,76.0,800.0,2.0,3.7,1019.0,-7.2,0.0,SSE,0.0,Aotizhongxin,10.0,408.0,23.0,18024.085144927445,3.7,6.9,5.5,1.0621557970922684,2014-11-27 23:00:00,187.0,2014-11-28 23:00:00
15184,2014-11-28 22:00:00,1,train,15311,2014,11,28,22,183.0,261.0,21.0,104.0,2000.0,2.0,4.2,1020.0,0.7,0.0,WSW,1.8,Aotizhongxin,32.0,183.0,76.0,1451.536231883972,-1.0,10.2,4.45,12.15673913042525,2014-11-28 22:00:00,277.0,2014-11-29 22:00:00
15244,2014-12-01 10:00:00,0,train,15371,2014,12,1,10,7.0,26.0,10.0,13.0,400.0,39.0,-3.4,1011.0,-22.1,0.0,NNW,4.2,Aotizhongxin,7.0,42.0,18.0,110.37499999994365,-5.4,7.5,-3.2,19.095579710132473,2014-12-01 10:00:00,17.0,2014-12-02 10:00:00
15247,2014-12-01 13:00:00,0,train,15374,2014,12,1,13,9.0,14.0,7.0,10.0,400.0,49.0,-2.4,1028.2,-22.9,0.0,NW,5.3,Aotizhongxin,7.0,42.0,14.5,120.95652173907521,-5.4,5.3,-3.2,10.64427536230583,2014-12-01 13:00:00,51.0,2014-12-02 13:00:00
15325,2014-12-04 19:00:00,0,train,15452,2014,12,4,19,11.0,39.0,4.0,25.0,400.0,49.0,0.4,1033.0,-24.9,0.0,N,4.4,Aotizhongxin,3.0,11.0,6.5,5.824275362272332,-3.1,2.1,-1.6,2.9660869565092027,2014-12-04 19:00:00,68.0,2014-12-05 19:00:00
15327,2014-12-04 21:00:00,0,train,15454,2014,12,4,21,9.0,25.0,7.0,37.0,500.0,33.0,-1.6,1027.0,-24.2,0.0,NE,1.8,Aotizhongxin,3.0,13.0,7.5,6.809782608648864,-3.1,2.1,-1.6,2.983460144915014,2014-12-04 21:00:00,113.0,2014-12-05 21:00:00
15332,2014-12-05 02:00:00,0,train,15459,2014,12,5,2,11.0,22.0,14.0,44.0,500.0,21.0,-4.0,1027.0,-22.6,0.0,NE,2.4,Aotizhongxin,3.0,13.0,8.0,8.05797101444551,-4.0,2.1,-1.6,3.8102717391178063,2014-12-05 02:00:00,148.0,2014-12-06 02:00:00
15362,2014-12-06 08:00:00,0,train,15489,2014,12,6,8,20.0,31.0,21.0,57.0,900.0,4.0,-5.2,1022.0,-16.7,0.0,NE,1.6,Aotizhongxin,5.0,148.0,32.0,2578.9112318839684,-6.8,5.3,-3.6,17.11210144926249,2014-12-06 08:00:00,52.0,2014-12-07 08:00:00
15380,2014-12-07 02:00:00,0,train,15507,2014,12,7,2,117.0,145.0,41.0,75.0,2300.0,2.0,0.4,1025.0,-12.3,0.0,NE,1.3,Aotizhongxin,18.0,138.0,53.5,1124.3460144926657,-6.8,4.1,0.4,11.198242753611005,2014-12-07 02:00:00,13.0,2014-12-08 02:00:00
15432,2014-12-09 06:00:00,1,train,15559,2014,12,9,6,214.0,258.0,45.0,106.0,4300.0,2.0,-4.3,1023.0,-10.1,0.0,NE,1.2,Aotizhongxin,17.0,245.0,105.0,6447.652173912903,-5.4,3.8,-3.15,9.926068840566916,2014-12-09 06:00:00,271.0,2014-12-10 06:00:00
15505,2014-12-12 07:00:00,0,train,15632,2014,12,12,7,5.0,24.0,13.0,17.0,400.0,37.0,-1.7,1028.0,-19.2,0.0,NNE,3.9,Aotizhongxin,5.0,74.0,11.0,415.6449275361602,-2.7,5.0,-0.15,4.7005797101330975,2014-12-12 07:00:00,17.0,2014-12-13 07:00:00
15554,2014-12-14 08:00:00,0,train,15681,2014,12,14,8,43.0,81.0,39.0,66.0,1400.0,2.0,-4.6,1028.0,-12.7,0.0,W,1.4,Aotizhongxin,26.0,161.0,75.0,1851.563405796989,-8.1,5.0,-1.55,15.991884057958506,2014-12-14 08:00:00,13.0,2014-12-15 08:00:00
15556,2014-12-14 10:00:00,0,train,15683,2014,12,14,10,56.0,87.0,31.0,57.0,1500.0,2.0,1.4,1032.0,-15.2,0.0,NE,1.9,Aotizhongxin,26.0,161.0,75.0,1675.8532608694507,-8.1,5.0,-1.95,15.816358695639632,2014-12-14 10:00:00,8.0,2014-12-15 10:00:00
15565,2014-12-14 19:00:00,0,train,15692,2014,12,14,19,135.0,212.0,66.0,130.0,2500.0,2.0,1.9,1029.0,-13.9,0.0,WSW,2.7,Aotizhongxin,43.0,161.0,76.0,1573.9927536230693,-8.1,7.0,-1.95,20.635489130422474,2014-12-14 19:00:00,6.0,2014-12-15 19:00:00
15611,2015-01-01 10:00:00,0,train,16115,2015,1,1,10,15.0,21.0,19.0,29.0,600.0,29.0,-1.0,1029.0,-23.0,0.0,ENE,1.1,Aotizhongxin,6.0,15.0,10.5,7.820261437908497,-7.0,0.1,-1.35,4.260579710131941,2015-01-01 10:00:00,23.0,2015-01-02 10:00:00
15627,2015-01-02 02:00:00,0,train,16131,2015,1,2,2,101.0,123.0,51.0,93.0,2400.0,2.0,-7.0,1023.0,-16.7,0.0,NW,0.0,Aotizhongxin,6.0,111.0,45.5,1427.391304347826,-7.0,3.0,-4.5,12.21557971013163,2015-01-02 02:00:00,132.0,2015-01-03 02:00:00
15641,2015-01-02 16:00:00,0,train,16145,2015,1,2,16,38.0,69.0,27.0,74.0,1100.0,15.0,3.0,1020.0,-19.1,0.0,WSW,3.8,Aotizhongxin,13.0,111.0,42.5,1263.6231884057972,-8.0,4.0,-3.0,15.766304347813062,2015-01-02 16:00:00,158.0,2015-01-03 16:00:00
15692,2015-01-04 19:00:00,0,train,16196,2015,1,4,19,219.0,276.0,89.0,166.0,4500.0,2.0,4.0,1013.0,-11.6,0.0,WSW,1.1,Aotizhongxin,92.0,319.0,177.5,3869.853260869571,-8.0,9.0,-4.0,33.94021739129194,2015-01-04 19:00:00,14.0,2015-01-05 19:00:00
15702,2015-01-05 05:00:00,0,train,16206,2015,1,5,5,204.0,246.0,115.0,128.0,5800.0,2.0,2.0,1009.0,-8.7,0.0,ENE,1.1,Aotizhongxin,92.0,295.0,170.0,3315.954710144934,-5.0,9.0,3.0,14.94927536230801,2015-01-05 05:00:00,8.0,2015-01-06 05:00:00
15743,2015-01-06 22:00:00,0,train,16247,2015,1,6,22,91.0,203.0,44.0,83.0,1600.0,2.0,-4.0,1020.0,-18.3,0.0,W,1.3,Aotizhongxin,5.0,91.0,12.5,601.644927536257,-4.0,4.0,-0.5,6.427536231872087,2015-01-06 22:00:00,74.0,2015-01-07 22:00:00
15804,2015-01-09 11:00:00,0,train,16308,2015,1,9,11,17.0,30.0,25.0,17.0,700.0,45.0,5.0,1022.0,-18.8,0.0,N,2.8,Aotizhongxin,10.0,274.0,157.0,6102.606884057977,-4.0,5.0,0.5,6.601449275350585,2015-01-09 11:00:00,140.0,2015-01-10 11:00:00
15866,2015-01-12 01:00:00,1,train,16370,2015,1,12,1,84.0,95.0,30.0,73.0,1800.0,2.0,-1.0,1029.0,-8.7,0.0,WSW,1.2,Aotizhongxin,4.0,104.0,18.5,1096.4275362319258,-4.0,6.0,2.0,5.275362318829636,2015-01-12 01:00:00,202.0,2015-01-13 01:00:00
15875,2015-01-12 10:00:00,0,train,16379,2015,1,12,10,127.0,171.0,53.0,87.0,4000.0,2.0,-2.0,1032.0,-9.8,0.0,ENE,1.7,Aotizhongxin,11.0,127.0,75.5,1090.2536231884374,-7.0,6.0,1.5,18.253623188393842,2015-01-12 10:00:00,99.0,2015-01-13 10:00:00
15958,2015-01-15 21:00:00,0,train,16462,2015,1,15,21,430.0,486.0,26.0,171.0,6600.0,2.0,-4.0,1019.0,-6.1,0.0,WNW,1.0,Aotizhongxin,155.0,497.0,245.5,12393.867753623168,-7.4,2.0,-3.9,9.143460144913997,2015-01-15 21:00:00,11.0,2015-01-16 21:00:00
16017,2015-01-18 08:00:00,0,train,16521,2015,1,18,8,99.0,110.0,69.0,81.0,2200.0,2.0,-2.0,1011.0,-12.4,0.0,NE,0.9,Aotizhongxin,14.0,150.0,100.0,1375.3402717391623,-7.0,3.0,-1.0,4.940217391292047,2015-01-18 08:00:00,29.0,2015-01-19 08:00:00
16212,2015-01-26 11:00:00,0,train,16716,2015,1,26,11,20.0,32.0,21.0,21.0,800.0,36.0,4.0,1021.0,-12.0,0.0,NNE,4.4,Aotizhongxin,20.0,218.0,165.0,2444.476449275371,-5.0,4.0,0.5,10.695199275350259,2015-01-26 11:00:00,11.0,2015-01-27 11:00:00
16306,2015-01-30 10:00:00,0,train,16811,2015,1,30,10,13.0,21.0,25.0,16.0,800.0,50.0,-1.0,1029.0,-20.1,0.0,NE,2.2,Aotizhongxin,6.0,95.0,11.0,591.6938405797473,-7.0,4.0,-1.0,12.722826086943963,2015-01-30 10:00:00,22.0,2015-01-31 10:00:00
16376,2015-02-02 08:00:00,1,train,16881,2015,2,2,8,66.0,74.0,45.0,70.0,1900.0,2.0,-6.0,1026.0,-17.4,0.0,NE,1.0,Aotizhongxin,30.0,213.0,106.5,3143.3460144927744,-6.0,4.0,-3.9,11.787173913030461,2015-02-02 08:00:00,195.0,2015-02-03 08:00:00
16399,2015-02-03 07:00:00,0,train,16904,2015,2,3,7,168.0,173.0,41.0,113.0,3700.0,2.0,-7.0,1024.0,-9.1,0.0,ENE,0.7,Aotizhongxin,66.0,173.0,132.0,1149.9402173913206,-7.0,3.0,0.0,10.543478260857196,2015-02-03 07:00:00,7.0,2015-02-04 07:00:00
16404,2015-02-03 12:00:00,0,train,16909,2015,2,3,12,184.0,197.0,98.0,129.0,3600.0,25.0,6.0,1025.0,-10.7,0.0,N,3.9,Aotizhongxin,109.0,213.0,152.0,935.0416666666792,-7.0,6.0,0.5,13.5652173912921,2015-02-03 12:00:00,8.0,2015-02-04 12:00:00
16442,2015-02-05 02:00:00,0,train,16947,2015,2,5,2,7.0,14.0,7.0,17.0,400.0,74.0,0.0,1027.0,-15.2,0.0,NE,2.0,Aotizhongxin,5.0,15.0,8.5,6.601449275396822,-2.0,6.0,1.05,6.849565217380126,2015-02-05 02:00:00,51.0,2015-02-06 02:00:00
16475,2015-02-06 11:00:00,0,train,16980,2015,2,6,11,46.0,,,,,,7.0,1015.0,-13.3,0.0,ENE,1.8,Aotizhongxin,12.0,79.0,51.0,355.7373188406083,-7.0,7.0,1.5,28.867753623176494,2015-02-06 11:00:00,11.0,2015-02-07 11:00:00
16513,2015-02-08 01:00:00,0,train,17018,2015,2,8,1,4.0,12.0,5.0,9.0,400.0,86.0,-5.0,1029.0,-25.7,0.0,NE,1.4,Aotizhongxin,3.0,15.0,7.0,14.601449275397815,-5.0,4.0,2.0,8.002590579698573,2015-02-08 01:00:00,104.0,2015-02-09 01:00:00
16527,2015-02-08 15:00:00,0,train,17032,2015,2,8,15,14.0,14.0,12.0,24.0,500.0,80.0,3.0,1029.0,-26.9,0.0,WSW,2.4,Aotizhongxin,3.0,14.0,6.0,9.101449275397886,-7.0,3.0,-3.0,13.384057971001225,2015-02-08 15:00:00,76.0,2015-02-09 15:00:00
16546,2015-02-09 10:00:00,0,train,17051,2015,2,9,10,65.0,86.0,40.0,60.0,1600.0,,-1.0,1024.0,-21.2,0.0,NE,1.8,Aotizhongxin,7.0,112.0,61.0,1097.853260869593,-8.0,3.0,-3.0,16.057971014479126,2015-02-09 10:00:00,107.0,2015-02-10 10:00:00
16611,2015-02-12 03:00:00,0,train,17116,2015,2,12,3,18.0,28.0,8.0,36.0,600.0,73.0,-1.0,1014.0,-12.6,0.0,NE,0.8,Aotizhongxin,6.0,168.0,17.5,1841.722826086987,-4.0,11.0,4.0,18.128623188395835,2015-02-12 03:00:00,105.0,2015-02-13 03:00:00
16612,2015-02-12 04:00:00,0,train,17117,2015,2,12,4,14.0,23.0,7.0,34.0,500.0,,-4.0,1015.0,-12.7,0.0,NE,0.6,Aotizhongxin,6.0,160.0,17.0,1017.0416666666981,-4.0,11.0,4.0,20.824275362308757,2015-02-12 04:00:00,97.0,2015-02-13 04:00:00
16641,2015-02-13 09:00:00,1,train,17146,2015,2,13,9,85.0,109.0,40.0,75.0,2100.0,23.0,-1.0,1013.0,-8.5,0.0,NE,1.4,Aotizhongxin,21.0,105.0,66.0,907.1884057971286,-4.0,8.0,3.0,16.840579710133692,2015-02-13 09:00:00,186.0,2015-02-14 09:00:00
16702,2015-02-15 22:00:00,0,train,17207,2015,2,15,22,156.0,170.0,75.0,106.0,3100.0,3.0,4.0,1014.0,-9.1,0.0,SW,1.0,Aotizhongxin,156.0,351.0,272.5,2049.036231884035,-4.0,8.0,3.5,14.1576086956414,2015-02-15 22:00:00,19.0,2015-02-16 22:00:00
16709,2015-02-16 05:00:00,0,train,17214,2015,2,16,5,233.0,252.0,74.0,84.0,3800.0,13.0,-2.0,1011.0,-7.7,0.0,E,0.6,Aotizhongxin,156.0,302.0,261.5,2085.188405797092,-4.0,8.0,3.5,14.606884057960201,2015-02-16 05:00:00,14.0,2015-02-17 05:00:00
16724,2015-02-16 20:00:00,0,train,17229,2015,2,16,20,17.0,50.0,7.0,37.0,400.0,37.0,6.0,1011.0,-11.6,0.0,E,0.8,Aotizhongxin,12.0,250.0,159.5,9263.476449275393,-4.0,12.0,4.0,32.38949275361322,2015-02-16 20:00:00,27.0,2015-02-17 20:00:00
16734,2015-02-17 06:00:00,0,train,17239,2015,2,17,6,13.0,28.0,6.0,13.0,400.0,54.0,0.0,1014.0,-11.1,0.0,ENE,1.5,Aotizhongxin,12.0,250.0,18.5,6151.043478260932,-4.0,12.0,4.5,22.679347826077507,2015-02-17 06:00:00,15.0,2015-02-18 06:00:00
16796,2015-02-19 20:00:00,0,train,17301,2015,2,19,20,121.0,125.0,16.0,34.0,1100.0,55.0,2.0,1023.0,-0.1,0.0,SW,2.4,Aotizhongxin,86.0,294.0,150.0,4343.940217391325,-2.0,5.0,2.0,4.563405797090396,2015-02-19 20:00:00,158.0,2015-02-20 20:00:00
16817,2015-02-20 17:00:00,0,train,17322,2015,2,20,17,133.0,133.0,13.0,54.0,1800.0,4.0,2.0,1012.0,0.4,0.0,NE,1.3,Aotizhongxin,76.0,134.0,110.0,280.1721014493256,0.0,2.0,1.5,0.3460144927422881,2015-02-20 17:00:00,40.0,2015-02-21 17:00:00
16819,2015-02-20 19:00:00,0,train,17324,2015,2,20,19,154.0,154.0,11.0,55.0,1900.0,3.0,1.0,1012.0,-0.3,0.2,NE,1.0,Aotizhongxin,76.0,154.0,112.5,424.12862318845487,0.0,2.0,1.0,0.3582427536118029,2015-02-20 19:00:00,21.0,2015-02-21 19:00:00
16936,2015-02-25 16:00:00,0,train,17441,2015,2,25,16,14.0,29.0,4.0,8.0,300.0,91.0,6.0,1014.0,-22.3,0.0,NW,3.8,Aotizhongxin,7.0,216.0,170.5,7671.210144927589,-0.2,7.0,3.0,3.247173913033034,2015-02-25 16:00:00,12.0,2015-02-26 16:00:00
16950,2015-02-26 06:00:00,0,train,17455,2015,2,26,6,9.0,10.0,3.0,15.0,300.0,59.0,-1.0,1021.0,-21.2,0.0,NNE,1.4,Aotizhongxin,7.0,44.0,13.0,55.983695652262185,-2.0,7.0,2.8,8.114710144916552,2015-02-26 06:00:00,7.0,2015-02-27 06:00:00
16990,2015-02-27 22:00:00,0,train,17495,2015,2,27,22,37.0,70.0,20.0,61.0,1000.0,16.0,1.0,1026.0,-7.8,0.0,W,2.5,Aotizhongxin,5.0,39.0,16.5,132.00000000008623,-3.6,2.0,0.0,3.118188405785021,2015-02-27 22:00:00,98.0,2015-02-28 22:00:00
17067,2015-03-03 03:00:00,0,train,17572,2015,3,3,3,7.0,39.0,2.0,5.0,200.0,80.0,3.9,1015.2,-20.5,0.0,NNE,4.5,Aotizhongxin,7.0,116.0,21.5,1571.6358695652962,-2.7,14.0,7.7,29.936503623179757,2015-03-03 03:00:00,15.0,2015-03-04 03:00:00
17131,2015-03-05 19:00:00,1,train,17636,2015,3,5,19,85.0,118.0,62.0,61.0,1100.0,62.0,5.7,1018.3,-16.8,0.0,S,1.4,Aotizhongxin,42.0,147.0,98.0,1031.1884057971656,-5.4,7.6,2.0,17.444619565206334,2015-03-05 19:00:00,247.0,2015-03-06 19:00:00
17137,2015-03-06 01:00:00,1,train,17642,2015,3,6,1,142.0,171.0,51.0,72.0,1500.0,31.0,-0.5,1018.3,-14.5,0.0,E,1.1,Aotizhongxin,42.0,227.0,122.0,1930.4764492754161,-5.4,7.6,3.5,18.55780797100358,2015-03-06 01:00:00,313.0,2015-03-07 01:00:00
17146,2015-03-06 10:00:00,1,train,17651,2015,3,6,10,163.0,186.0,73.0,81.0,2400.0,25.0,1.6,1017.0,-10.3,0.0,NE,1.4,Aotizhongxin,42.0,227.0,149.5,2347.8478260870043,-4.1,7.6,3.5,16.360416666655816,2015-03-06 10:00:00,228.0,2015-03-07 10:00:00
17195,2015-03-08 11:00:00,0,train,17700,2015,3,8,11,206.0,206.0,41.0,64.0,1700.0,44.0,8.4,1017.8,-5.8,0.0,NE,3.1,Aotizhongxin,186.0,261.0,219.0,429.3623188406004,0.3,11.9,5.0,15.221070031868255,2015-03-08 11:00:00,11.0,2015-03-09 11:00:00
17238,2015-03-10 06:00:00,0,train,17743,2015,3,10,6,14.0,14.0,8.0,68.0,500.0,17.0,-7.3,1030.8,-22.3,0.0,ESE,0.3,Aotizhongxin,3.0,20.0,10.0,15.471014492829411,-7.3,3.8,-0.15,9.68688405795865,2015-03-10 06:00:00,71.0,2015-03-11 06:00:00
17351,2015-03-15 02:00:00,0,train,17859,2015,3,15,2,145.0,177.0,40.0,119.0,2600.0,6.0,3.3,1013.8,-5.9,0.0,WSW,2.3,Aotizhongxin,55.0,170.0,117.0,1691.362318840624,0.4,10.7,3.4,12.28998188404808,2015-03-15 02:00:00,154.0,2015-03-16 02:00:00
17368,2015-03-15 19:00:00,1,train,17876,2015,3,15,19,82.0,256.0,16.0,44.0,800.0,103.0,14.5,1010.0,-12.7,0.0,S,1.9,Aotizhongxin,48.0,170.0,94.0,1885.1014492754073,-0.8,16.4,6.0,42.944275362310684,2015-03-15 19:00:00,309.0,2015-03-16 19:00:00
17497,2015-03-21 04:00:00,0,train,18005,2015,3,21,4,29.0,134.0,5.0,22.0,300.0,70.0,13.2,1012.0,-17.8,0.0,NW,3.2,Aotizhongxin,24.0,62.0,39.0,110.49275362329682,11.2,19.2,15.3,6.70956521738684,2015-03-21 04:00:00,15.0,2015-03-22 04:00:00
17525,2015-03-22 08:00:00,0,train,18033,2015,3,22,8,13.0,72.0,2.0,24.0,300.0,64.0,6.2,1024.9,-17.1,0.0,ENE,3.6,Aotizhongxin,6.0,44.0,12.5,78.40579710156771,5.7,18.8,13.7,16.628242753617773,2015-03-22 08:00:00,68.0,2015-03-23 08:00:00
17537,2015-03-22 20:00:00,0,train,18045,2015,3,22,20,47.0,344.0,13.0,43.0,800.0,54.0,10.0,1023.8,-8.2,0.0,SW,4.4,Aotizhongxin,9.0,47.0,15.0,105.94021739142127,5.7,13.7,11.25,7.243460144920769,2015-03-22 20:00:00,23.0,2015-03-23 20:00:00
17547,2015-03-23 06:00:00,0,train,18055,2015,3,23,6,52.0,142.0,12.0,74.0,1100.0,6.0,-0.3,1025.9,-7.4,0.0,SSE,1.4,Aotizhongxin,9.0,56.0,22.0,263.55797101460524,-0.3,13.7,8.1,19.75809782607872,2015-03-23 06:00:00,68.0,2015-03-24 06:00:00
17561,2015-03-23 20:00:00,0,train,18069,2015,3,23,20,23.0,97.0,2.0,35.0,500.0,82.0,14.6,1023.1,-15.6,0.0,SW,3.3,Aotizhongxin,9.0,73.0,39.0,343.5634057972101,-0.3,17.9,8.75,44.752590579702854,2015-03-23 20:00:00,104.0,2015-03-24 20:00:00
17637,2015-03-27 00:00:00,0,train,18145,2015,3,27,0,61.0,126.0,14.0,30.0,600.0,106.0,14.4,1021.5,0.2,0.0,WSW,5.5,Aotizhongxin,61.0,154.0,98.0,811.7101449276169,6.1,20.1,15.15,23.16114130434278,2015-03-27 00:00:00,96.0,2015-03-28 00:00:00
17672,2015-03-28 11:00:00,0,train,18180,2015,3,28,11,63.0,812.0,4.0,11.0,300.0,90.0,18.7,1008.9,-1.8,0.0,NW,6.0,Aotizhongxin,23.0,156.0,112.5,1416.4565217392108,11.1,19.7,17.15,5.189492753619368,2015-03-28 11:00:00,147.0,2015-03-29 11:00:00
17675,2015-03-28 14:00:00,0,train,18183,2015,3,28,14,79.0,874.0,3.0,13.0,300.0,96.0,22.1,1007.5,-0.6,0.0,NW,4.0,Aotizhongxin,23.0,156.0,104.0,1416.1449275363136,11.1,22.1,17.55,6.939112318836941,2015-03-28 14:00:00,129.0,2015-03-29 14:00:00
17683,2015-03-28 22:00:00,0,train,18191,2015,3,28,22,31.0,70.0,4.0,95.0,800.0,14.0,15.1,1012.2,-1.9,0.0,WSW,1.0,Aotizhongxin,22.0,156.0,68.5,1537.737318840679,11.1,23.1,17.75,12.124275362315554,2015-03-28 22:00:00,157.0,2015-03-29 22:00:00
17691,2015-03-29 06:00:00,0,train,18199,2015,3,29,6,44.0,103.0,8.0,99.0,1000.0,2.0,7.4,1013.0,0.4,0.0,NE,1.0,Aotizhongxin,22.0,103.0,33.0,541.5000000001121,7.4,23.1,17.75,29.61710144927131,2015-03-29 06:00:00,121.0,2015-03-30 06:00:00
17693,2015-03-29 08:00:00,0,train,18201,2015,3,29,8,60.0,122.0,10.0,92.0,1100.0,4.0,11.4,1013.7,0.8,0.0,NE,1.0,Aotizhongxin,22.0,103.0,36.5,502.0416666667785,7.4,23.1,17.75,33.28260869564785,2015-03-29 08:00:00,133.0,2015-03-30 08:00:00
17716,2015-03-30 07:00:00,0,train,18224,2015,3,30,7,121.0,303.0,22.0,104.0,2000.0,2.0,10.7,1006.1,3.9,0.0,ENE,0.7,Aotizhongxin,59.0,157.0,121.0,1203.9710144928276,10.7,22.7,16.4,16.9282427536194,2015-03-30 07:00:00,159.0,2015-03-31 07:00:00
17808,2015-04-03 04:00:00,0,train,18317,2015,4,3,4,23.0,23.0,5.0,42.0,500.0,,9.0,1004.7,2.5,0.0,NE,1.5,Aotizhongxin,10.0,55.0,26.0,202.56340579723178,4.6,14.8,10.0,13.314619565210375,2015-04-03 04:00:00,35.0,2015-04-04 04:00:00
17834,2015-04-04 06:00:00,0,train,18343,2015,4,4,6,35.0,35.0,7.0,42.0,600.0,65.0,9.2,1007.7,0.6,0.0,W,2.6,Aotizhongxin,13.0,76.0,35.5,260.08514492766136,8.3,16.1,12.0,7.932010869559218,2015-04-04 06:00:00,143.0,2015-04-05 06:00:00
17878,2015-04-06 02:00:00,0,train,18387,2015,4,6,2,17.0,24.0,2.0,10.0,200.0,79.0,6.0,1024.0,-12.1,0.0,N,3.7,Aotizhongxin,14.0,143.0,23.0,1857.5000000001214,6.0,16.0,11.8,11.056938405791062,2015-04-06 02:00:00,39.0,2015-04-07 02:00:00
17955,2015-04-09 07:00:00,1,train,18464,2015,4,9,7,131.0,162.0,20.0,86.0,1400.0,5.0,4.3,1017.2,0.4,0.0,SE,0.8,Aotizhongxin,72.0,149.0,122.5,424.78260869572557,3.0,14.0,9.100000000000001,11.714329710137338,2015-04-09 07:00:00,198.0,2015-04-10 07:00:00
17962,2015-04-09 14:00:00,0,train,18471,2015,4,9,14,196.0,227.0,20.0,68.0,1200.0,110.0,16.8,1014.4,2.0,0.0,SSW,2.8,Aotizhongxin,99.0,196.0,135.5,568.1086956522325,3.0,16.8,9.350000000000001,15.354329710137549,2015-04-09 14:00:00,133.0,2015-04-10 14:00:00
17974,2015-04-10 02:00:00,0,train,18483,2015,4,10,2,201.0,259.0,9.0,125.0,1500.0,2.0,8.9,1015.6,6.0,0.0,NE,1.4,Aotizhongxin,116.0,242.0,170.5,1838.172101449312,3.0,17.8,13.3,25.06543478260254,2015-04-10 02:00:00,116.0,2015-04-11 02:00:00
17999,2015-04-11 03:00:00,0,train,18508,2015,4,11,3,215.0,233.0,17.0,69.0,2300.0,34.0,12.2,1014.7,7.7,0.1,ESE,3.4,Aotizhongxin,53.0,229.0,127.5,4217.564764492805,6.5,20.8,15.45,20.836793478256165,2015-04-11 03:00:00,17.0,2015-04-12 03:00:00
18011,2015-04-11 15:00:00,0,train,18520,2015,4,11,15,104.0,104.0,12.0,31.0,1200.0,143.0,18.1,1014.1,5.3,0.0,S,2.1,Aotizhongxin,53.0,246.0,124.5,4417.086503623241,10.4,20.8,15.55,9.506884057966587,2015-04-11 15:00:00,14.0,2015-04-12 15:00:00
18039,2015-04-12 19:00:00,0,train,18548,2015,4,12,19,14.0,18.0,2.0,17.0,300.0,84.0,6.4,1025.1,-4.1,0.0,ENE,5.1,Aotizhongxin,7.0,134.0,13.5,1316.4927536233035,6.4,13.4,8.3,3.044927536224323,2015-04-12 19:00:00,38.0,2015-04-13 19:00:00
18069,2015-04-14 01:00:00,0,train,18578,2015,4,14,1,66.0,118.0,3.0,117.0,800.0,3.0,8.6,1010.0,3.4,0.0,WNW,0.4,Aotizhongxin,11.0,66.0,28.0,269.69384057982285,4.9,18.5,12.45,20.579981884051843,2015-04-14 01:00:00,61.0,2015-04-15 01:00:00
18080,2015-04-14 12:00:00,0,train,18589,2015,4,14,12,46.0,46.0,11.0,64.0,800.0,71.0,22.3,1003.9,-4.0,0.0,WSW,2.4,Aotizhongxin,25.0,85.0,53.5,292.77536231894135,4.5,22.3,13.9,26.166503623182894,2015-04-14 12:00:00,154.0,2015-04-15 12:00:00
18083,2015-04-14 15:00:00,0,train,18592,2015,4,14,15,46.0,63.0,5.0,45.0,600.0,126.0,25.3,1000.0,-2.3,0.0,SW,3.3,Aotizhongxin,33.0,85.0,53.5,204.7173913044471,4.5,25.3,13.9,40.78057971013988,2015-04-14 15:00:00,177.0,2015-04-15 15:00:00
18149,2015-04-17 09:00:00,1,train,18658,2015,4,17,9,83.0,198.0,14.0,72.0,600.0,25.0,15.4,1006.0,-0.4,0.0,NE,1.4,Aotizhongxin,8.0,108.0,36.0,820.5199275363331,9.1,20.9,16.15,9.49847826086544,2015-04-17 09:00:00,243.0,2015-04-18 09:00:00
18303,2015-04-25 04:00:00,0,train,18845,2015,4,25,4,75.0,188.0,12.0,124.0,900.0,,11.1,1012.6,5.6,0.0,ESE,0.5,Aotizhongxin,35.0,109.0,75.0,487.7318840580515,8.9,26.0,21.1,32.51644927535983,2015-04-25 04:00:00,109.0,2015-04-26 04:00:00
18338,2015-04-26 15:00:00,0,train,18880,2015,4,26,15,108.0,180.0,23.0,36.0,1100.0,255.0,31.0,1003.1,8.7,0.0,SSW,3.1,Aotizhongxin,44.0,144.0,101.5,824.244565217463,14.7,31.2,25.65,26.084275362319257,2015-04-26 15:00:00,122.0,2015-04-27 15:00:00
18390,2015-04-28 19:00:00,0,train,18932,2015,4,28,19,48.0,94.0,4.0,47.0,600.0,147.0,23.0,1007.6,10.1,0.0,SE,0.6,Aotizhongxin,25.0,65.0,43.5,69.7971014493692,16.7,24.6,19.65,8.454184782606687,2015-04-28 19:00:00,131.0,2015-04-29 19:00:00
18490,2015-05-02 23:00:00,0,train,19032,2015,5,2,23,64.0,104.0,2.0,80.0,800.0,57.0,19.8,1005.4,13.0,0.0,W,2.1,Aotizhongxin,34.0,64.0,43.0,68.73731884066883,13.5,24.0,20.200000000000003,15.273913043475684,2015-05-02 23:00:00,7.0,2015-05-03 23:00:00
18515,2015-05-04 00:00:00,0,train,19057,2015,5,4,0,12.0,23.0,2.0,36.0,300.0,64.0,13.3,1013.7,-3.1,0.0,NNE,0.7,Aotizhongxin,7.0,129.0,14.0,1797.5199275363225,13.3,23.1,18.950000000000003,6.598242753620705,2015-05-04 00:00:00,48.0,2015-05-05 00:00:00
18545,2015-05-05 06:00:00,0,train,19087,2015,5,5,6,71.0,128.0,6.0,95.0,800.0,9.0,13.1,1001.8,5.3,0.0,N,3.1,Aotizhongxin,7.0,71.0,39.5,400.16666666675945,11.9,22.9,18.9,10.055199275359618,2015-05-05 06:00:00,16.0,2015-05-06 06:00:00
18570,2015-05-06 07:00:00,0,train,19112,2015,5,6,7,14.0,66.0,2.0,39.0,300.0,63.0,15.4,1007.9,-6.9,0.0,NE,1.7,Aotizhongxin,8.0,137.0,18.0,1120.688405797193,13.7,27.5,20.700000000000003,19.07884057970849,2015-05-06 07:00:00,33.0,2015-05-07 07:00:00
18627,2015-05-08 16:00:00,0,train,19169,2015,5,8,16,33.0,52.0,7.0,24.0,500.0,132.0,23.7,1002.6,4.1,0.0,ESE,3.5,Aotizhongxin,11.0,71.0,32.5,378.6304347827001,12.1,23.7,19.35,14.883188405794264,2015-05-08 16:00:00,33.0,2015-05-09 16:00:00
18695,2015-05-11 12:00:00,0,train,19237,2015,5,11,12,28.0,28.0,2.0,39.0,700.0,68.0,17.0,1002.7,5.0,0.0,SW,2.6,Aotizhongxin,28.0,43.0,37.0,18.998188405888275,8.6,17.0,9.3,4.479112318833141,2015-05-11 12:00:00,16.0,2015-05-12 12:00:00
18707,2015-05-12 00:00:00,0,train,19249,2015,5,12,0,10.0,10.0,2.0,39.0,500.0,72.0,14.9,995.7,1.7,0.0,WNW,3.6,Aotizhongxin,8.0,43.0,26.5,175.9057971015465,9.1,18.5,15.05,11.940797101443941,2015-05-12 00:00:00,78.0,2015-05-13 00:00:00
18776,2015-05-14 21:00:00,0,train,19318,2015,5,14,21,38.0,154.0,5.0,92.0,700.0,54.0,20.6,1005.2,7.9,0.0,NW,0.7,Aotizhongxin,6.0,94.0,13.5,475.2753623189419,18.9,26.7,22.0,5.161286231883483,2015-05-14 21:00:00,35.0,2015-05-15 21:00:00
18818,2015-05-16 15:00:00,0,train,19360,2015,5,16,15,24.0,73.0,4.0,17.0,400.0,170.0,28.4,1002.1,5.3,0.0,SSW,3.7,Aotizhongxin,18.0,66.0,37.0,205.79710144936863,10.2,28.6,21.549999999999997,31.540416666665035,2015-05-16 15:00:00,146.0,2015-05-17 15:00:00
18850,2015-05-17 23:00:00,0,train,19392,2015,5,17,23,192.0,221.0,5.0,76.0,1400.0,79.0,21.2,993.5,19.1,0.0,NE,0.7,Aotizhongxin,72.0,192.0,133.0,956.5634057971465,19.1,26.4,22.700000000000003,5.018478260869144,2015-05-17 23:00:00,30.0,2015-05-18 23:00:00
19024,2015-05-25 05:00:00,0,train,19566,2015,5,25,5,89.0,140.0,12.0,48.0,900.0,67.0,19.7,1001.7,12.9,0.0,ESE,1.0,Aotizhongxin,68.0,202.0,87.0,2461.824275362372,18.2,31.7,27.65,18.498478260870662,2015-05-25 05:00:00,89.0,2015-05-26 05:00:00
19051,2015-05-26 08:00:00,0,train,19593,2015,5,26,8,105.0,214.0,15.0,66.0,900.0,64.0,25.2,1003.3,14.9,0.0,W,1.7,Aotizhongxin,69.0,145.0,97.0,506.38949275368213,21.2,33.0,28.6,12.304057971016219,2015-05-26 08:00:00,116.0,2015-05-27 08:00:00
19064,2015-05-26 21:00:00,0,train,19606,2015,5,26,21,63.0,152.0,11.0,27.0,600.0,290.0,28.8,1000.7,13.1,0.0,SW,3.6,Aotizhongxin,62.0,130.0,77.0,359.1231884058608,21.2,33.4,28.6,12.938840579711949,2015-05-26 21:00:00,84.0,2015-05-27 21:00:00
19135,2015-05-29 20:00:00,0,train,19677,2015,5,29,20,33.0,90.0,2.0,28.0,500.0,147.0,26.5,1001.4,12.9,0.0,SSW,2.4,Aotizhongxin,3.0,108.0,88.0,1119.6231884058623,20.1,29.8,25.5,10.07215579710207,2015-05-29 20:00:00,75.0,2015-05-30 20:00:00
19163,2015-05-31 00:00:00,0,train,19705,2015,5,31,0,47.0,63.0,12.0,57.0,1300.0,70.0,22.3,1000.9,13.9,0.0,SE,1.6,Aotizhongxin,26.0,90.0,61.0,326.08514492760366,16.9,29.8,24.9,15.588405797101712,2015-05-31 00:00:00,63.0,2015-06-01 00:00:00
19290,2015-06-05 07:00:00,0,train,19832,2015,6,5,7,45.0,48.0,3.0,70.0,9000.0,20.0,17.1,994.9,15.3,0.0,ENE,2.4,Aotizhongxin,13.0,71.0,42.5,289.39130434789826,15.2,23.3,19.25,3.830851449273985,2015-06-05 07:00:00,13.0,2015-06-06 07:00:00
19321,2015-06-06 14:00:00,0,train,19863,2015,6,6,14,23.0,78.0,4.0,20.0,400.0,183.0,28.7,995.2,12.6,0.0,SE,3.0,Aotizhongxin,7.0,60.0,34.5,300.14492753630617,20.6,30.9,23.9,12.755199275362793,2015-06-06 14:00:00,8.0,2015-06-07 14:00:00
19330,2015-06-06 23:00:00,0,train,19872,2015,6,6,23,14.0,49.0,2.0,43.0,5000.0,56.0,18.4,1001.2,15.3,0.0,WNW,0.6,Aotizhongxin,7.0,52.0,23.0,176.31884057978598,18.4,28.7,21.950000000000003,10.860217391304346,2015-06-06 23:00:00,14.0,2015-06-07 23:00:00
19331,2015-06-07 00:00:00,0,train,19873,2015,6,7,0,15.0,29.0,2.0,43.0,8000.0,47.0,17.2,1001.2,15.0,0.0,ENE,0.9,Aotizhongxin,7.0,51.0,23.0,147.0271739131196,17.2,28.7,21.950000000000003,12.313025362318779,2015-06-07 00:00:00,9.0,2015-06-08 00:00:00
19332,2015-06-07 01:00:00,0,train,19874,2015,6,7,1,16.0,16.0,2.0,42.0,4000.0,48.0,16.8,1002.6,15.0,0.0,ESE,1.4,Aotizhongxin,7.0,51.0,22.0,143.27536231891688,16.8,28.7,21.950000000000003,13.92949275362306,2015-06-07 01:00:00,6.0,2015-06-08 01:00:00
19355,2015-06-08 00:00:00,0,train,19897,2015,6,8,0,9.0,9.0,2.0,33.0,300.0,67.0,19.7,1003.5,7.4,0.0,NW,2.7,Aotizhongxin,4.0,18.0,11.0,13.432971014571379,14.4,28.1,21.35,18.254782608695063,2015-06-08 00:00:00,32.0,2015-06-09 00:00:00
19366,2015-06-08 11:00:00,0,train,19908,2015,6,8,11,10.0,10.0,6.0,10.0,300.0,97.0,27.2,1001.0,4.9,0.0,NW,4.8,Aotizhongxin,4.0,21.0,10.5,16.51992753631055,14.5,28.1,21.35,15.68253623188361,2015-06-08 11:00:00,37.0,2015-06-09 11:00:00
19399,2015-06-09 20:00:00,0,train,19941,2015,6,9,20,80.0,171.0,13.0,52.0,1800.0,154.0,24.2,997.4,15.7,0.2,ENE,1.0,Aotizhongxin,21.0,121.0,36.5,1027.8532608696344,18.8,28.6,23.3,12.039547101449386,2015-06-09 20:00:00,84.0,2015-06-10 20:00:00
19403,2015-06-10 00:00:00,0,train,19945,2015,6,10,0,40.0,40.0,7.0,37.0,1000.0,74.0,20.7,997.1,15.5,0.0,NNE,2.6,Aotizhongxin,21.0,121.0,52.5,948.0869565218071,18.8,28.6,24.0,11.329112318840776,2015-06-10 00:00:00,38.0,2015-06-11 00:00:00
19500,2015-06-15 09:00:00,0,train,20074,2015,6,15,9,153.0,156.0,20.0,88.0,2300.0,61.0,25.3,1003.9,15.6,0.0,N,1.1,Aotizhongxin,11.0,153.0,29.0,2105.8188405797787,20.8,31.8,26.6,12.740797101450603,2015-06-15 09:00:00,152.0,2015-06-16 09:00:00
19542,2015-06-17 03:00:00,0,train,20116,2015,6,17,3,46.0,50.0,2.0,66.0,600.0,79.0,22.0,998.6,16.0,0.0,ESE,0.7,Aotizhongxin,46.0,162.0,84.5,2019.5199275362902,21.0,33.1,25.1,18.590271739131712,2015-06-17 03:00:00,70.0,2015-06-18 03:00:00
19571,2015-06-18 08:00:00,0,train,20145,2015,6,18,8,10.0,18.0,2.0,35.0,200.0,58.0,26.2,1004.0,7.2,0.0,NNW,3.2,Aotizhongxin,10.0,70.0,37.0,308.8967391305063,18.8,33.1,25.0,15.391141304348624,2015-06-18 08:00:00,9.0,2015-06-19 08:00:00
19609,2015-06-19 22:00:00,0,train,20183,2015,6,19,22,43.0,83.0,2.0,86.0,1000.0,10.0,18.5,1008.2,16.5,0.0,SW,0.1,Aotizhongxin,7.0,43.0,12.0,104.84057971022128,16.5,27.6,20.9,9.602318840578734,2015-06-19 22:00:00,24.0,2015-06-20 22:00:00
19628,2015-06-20 17:00:00,0,train,20202,2015,6,20,17,16.0,24.0,2.0,18.0,200.0,186.0,31.0,1005.4,12.8,0.0,SSE,2.1,Aotizhongxin,10.0,45.0,19.0,125.2101449276111,17.1,31.0,21.450000000000003,23.926666666666275,2015-06-20 17:00:00,28.0,2015-06-21 17:00:00
19671,2015-06-22 12:00:00,1,train,20245,2015,6,22,12,106.0,106.0,25.0,42.0,900.0,183.0,29.3,1001.5,16.5,0.0,SSW,1.7,Aotizhongxin,27.0,161.0,65.5,1660.666666666729,21.2,31.9,26.950000000000003,12.782155797102766,2015-06-22 12:00:00,280.0,2015-06-23 12:00:00
19674,2015-06-22 15:00:00,0,train,20248,2015,6,22,15,60.0,94.0,14.0,22.0,500.0,258.0,30.4,1000.1,13.7,0.0,S,2.7,Aotizhongxin,28.0,161.0,69.5,1404.6068840580324,21.2,31.8,26.950000000000003,11.909112318841855,2015-06-22 15:00:00,179.0,2015-06-23 15:00:00
19735,2015-06-25 04:00:00,0,train,20309,2015,6,25,4,108.0,141.0,8.0,99.0,800.0,2.0,22.1,998.7,18.1,0.0,ENE,0.8,Aotizhongxin,80.0,148.0,97.0,620.6068840580207,22.1,25.8,24.8,1.3068840579714027,2015-06-25 04:00:00,112.0,2015-06-26 04:00:00
19748,2015-06-25 17:00:00,0,train,20322,2015,6,25,17,84.0,108.0,8.0,55.0,600.0,122.0,26.9,995.0,16.8,0.0,ESE,2.5,Aotizhongxin,75.0,184.0,99.5,1401.3913043478756,22.1,27.3,23.85,2.7336231884061006,2015-06-25 17:00:00,127.0,2015-06-26 17:00:00
19821,2015-06-28 18:00:00,0,train,20395,2015,6,28,18,138.0,138.0,14.0,24.0,700.0,234.0,30.5,999.2,22.1,0.0,SSE,3.0,Aotizhongxin,100.0,205.0,139.0,1040.7228260870108,23.2,31.2,26.6,7.328405797102773,2015-06-28 18:00:00,16.0,2015-06-29 18:00:00
19872,2015-06-30 21:00:00,0,train,20446,2015,6,30,21,13.0,21.0,2.0,32.0,500.0,100.0,24.5,993.1,13.4,0.0,WSW,4.7,Aotizhongxin,5.0,23.0,12.5,22.85326086960902,18.1,26.9,20.1,9.858967391303722,2015-06-30 21:00:00,5.0,2015-07-01 21:00:00
19890,2015-07-01 15:00:00,0,train,20464,2015,7,1,15,18.0,50.0,4.0,23.0,400.0,94.0,31.7,991.9,9.8,0.0,NNW,2.1,Aotizhongxin,8.0,35.0,19.5,90.4057971014938,17.2,32.2,24.75,24.343405797101845,2015-07-01 15:00:00,9.0,2015-07-02 15:00:00
19919,2015-07-02 20:00:00,0,train,20493,2015,7,2,20,7.0,29.0,2.0,40.0,300.0,74.0,28.5,998.1,7.7,0.0,NE,0.9,Aotizhongxin,3.0,14.0,6.0,6.766304347869235,20.5,33.3,26.05,19.74840579710278,2015-07-02 20:00:00,28.0,2015-07-03 20:00:00
19928,2015-07-03 05:00:00,0,train,20502,2015,7,3,5,26.0,84.0,10.0,61.0,1600.0,5.0,17.0,1004.2,12.5,0.0,NNW,0.3,Aotizhongxin,3.0,28.0,8.5,61.998188405840786,17.0,33.3,26.05,28.504329710145978,2015-07-03 05:00:00,18.0,2015-07-04 05:00:00
19937,2015-07-03 14:00:00,0,train,20511,2015,7,3,14,22.0,57.0,7.0,31.0,500.0,160.0,29.4,1003.3,10.0,0.0,SE,3.1,Aotizhongxin,3.0,36.0,17.0,78.31884057975434,17.0,33.3,25.1,25.884057971015295,2015-07-03 14:00:00,23.0,2015-07-04 14:00:00
19947,2015-07-04 00:00:00,0,train,20521,2015,7,4,0,19.0,61.0,11.0,36.0,900.0,85.0,23.1,1005.8,9.5,0.0,SSW,2.3,Aotizhongxin,11.0,54.0,26.0,107.27536231888577,17.0,30.3,25.75,16.33215579710216,2015-07-04 00:00:00,70.0,2015-07-05 00:00:00
19952,2015-07-04 05:00:00,0,train,20526,2015,7,4,5,18.0,56.0,8.0,48.0,500.0,44.0,19.6,1007.0,12.4,0.0,ENE,1.1,Aotizhongxin,11.0,54.0,26.0,130.00000000004505,19.1,30.3,25.75,13.178260869566019,2015-07-04 05:00:00,56.0,2015-07-05 05:00:00
19957,2015-07-04 10:00:00,0,train,20531,2015,7,4,10,39.0,73.0,10.0,85.0,800.0,26.0,23.8,1005.7,12.4,0.0,ESE,2.1,Aotizhongxin,11.0,54.0,27.0,136.3188405797553,19.6,30.3,24.299999999999997,13.691576086957214,2015-07-04 10:00:00,94.0,2015-07-05 10:00:00
20017,2015-07-06 22:00:00,0,train,20591,2015,7,6,22,44.0,85.0,6.0,41.0,600.0,158.0,26.5,1005.7,15.8,0.0,SSE,2.0,Aotizhongxin,44.0,129.0,63.5,424.5634057971509,19.2,30.4,26.3,15.233460144928287,2015-07-06 22:00:00,64.0,2015-07-07 22:00:00
20064,2015-07-08 21:00:00,0,train,20638,2015,7,8,21,77.0,93.0,15.0,55.0,800.0,188.0,28.8,1006.7,15.7,0.0,SE,3.0,Aotizhongxin,64.0,197.0,118.5,1693.5579710145496,21.7,32.7,27.1,15.128097826088478,2015-07-08 21:00:00,35.0,2015-07-09 21:00:00
20116,2015-07-11 01:00:00,0,train,20690,2015,7,11,1,78.0,96.0,15.0,72.0,800.0,76.0,25.5,1004.9,19.2,0.0,ENE,1.0,Aotizhongxin,27.0,84.0,58.5,254.82427536237324,23.0,32.6,27.799999999999997,11.16195652174083,2015-07-11 01:00:00,89.0,2015-07-12 01:00:00
20164,2015-07-13 01:00:00,0,train,20738,2015,7,13,1,76.0,143.0,5.0,177.0,1100.0,9.0,26.1,992.8,20.7,0.0,ENE,1.7,Aotizhongxin,58.0,195.0,108.0,1877.3043478261422,24.1,38.4,29.35,18.84434782608951,2015-07-13 01:00:00,80.0,2015-07-14 01:00:00
20174,2015-07-13 11:00:00,0,train,20748,2015,7,13,11,45.0,5.0,4.0,35.0,400.0,208.0,35.1,994.9,12.1,0.0,ENE,2.0,Aotizhongxin,44.0,156.0,69.0,815.1576086957114,25.4,38.4,30.65,17.789836956524553,2015-07-13 11:00:00,30.0,2015-07-14 11:00:00
20324,2015-07-19 17:00:00,0,train,20898,2015,7,19,17,66.0,66.0,2.0,36.0,900.0,166.0,23.5,1003.2,21.2,0.3,ESE,3.8,Aotizhongxin,22.0,138.0,59.5,1062.0851449275976,21.5,27.7,22.45,3.254710144927438,2015-07-19 17:00:00,98.0,2015-07-20 17:00:00
20325,2015-07-19 18:00:00,0,train,20899,2015,7,19,18,65.0,65.0,2.0,41.0,1000.0,173.0,24.1,1003.2,21.0,0.0,SE,3.7,Aotizhongxin,32.0,138.0,63.0,957.6231884058583,21.5,27.7,22.45,3.2828804347825193,2015-07-19 18:00:00,97.0,2015-07-20 18:00:00
20362,2015-07-21 07:00:00,0,train,20936,2015,7,21,7,103.0,103.0,3.0,71.0,1200.0,6.0,23.3,1002.3,22.6,0.0,ENE,1.0,Aotizhongxin,56.0,146.0,103.5,601.5634057971619,22.9,28.5,24.799999999999997,3.9405797101456557,2015-07-21 07:00:00,97.0,2015-07-22 07:00:00
20404,2015-07-23 01:00:00,0,train,20978,2015,7,23,1,26.0,26.0,2.0,51.0,600.0,76.0,21.7,1000.4,21.0,0.1,ESE,1.1,Aotizhongxin,9.0,103.0,63.5,823.9112318841294,21.3,30.9,24.45,12.528242753623923,2015-07-23 01:00:00,34.0,2015-07-24 01:00:00
20433,2015-07-24 06:00:00,0,train,21007,2015,7,24,6,33.0,33.0,2.0,99.0,600.0,3.0,23.0,998.0,20.7,0.0,NNE,0.9,Aotizhongxin,27.0,87.0,41.0,266.17210144934916,22.5,30.8,24.85,7.845144927537161,2015-07-24 06:00:00,80.0,2015-07-25 06:00:00
20509,2015-07-27 10:00:00,0,train,21083,2015,7,27,10,54.0,74.0,4.0,69.0,800.0,103.0,29.4,1001.5,21.9,0.0,E,1.1,Aotizhongxin,38.0,148.0,87.5,892.4619565218024,24.3,34.2,28.6,10.862445652176266,2015-07-27 10:00:00,50.0,2015-07-28 10:00:00
