original_index,timestamp,target,partition,No,year,month,day,hour,PM2.5,PM10,SO2,NO2,CO,O3,TEMP,PRES,DEWP,RAIN,wd,WSPM,station,pm25_min,pm25_max,pm25_median,pm25_variance,temperature_min,temperature_max,temperature_median,temperature_variance,feature_timestamp,future_pm25,target_timestamp
67,2013-03-04 06:00:00,0,train,79,2013,3,4,6,13.0,32.0,24.0,65.0,500.0,22.0,3.8,1018.9,-11.4,0.0,N,2.3,Aotizhongxin,7.0,117.0,48.5,1079.3460144927524,-3.1,16.9,7.9,29.440797101449295,2013-03-04 06:00:00,104.0,2013-03-05 06:00:00
137,2013-03-07 04:00:00,1,train,149,2013,3,7,4,246.0,304.0,57.0,113.0,5000.0,17.0,-0.9,1006.4,-3.3,0.0,N,0.5,Aotizhongxin,175.0,266.0,238.5,914.2880434782605,-0.9,14.7,5.4,22.99818840579712,2013-03-07 04:00:00,322.0,2013-03-08 04:00:00
169,2013-03-08 12:00:00,0,train,181,2013,3,8,12,104.0,194.0,37.0,101.0,1399.0,84.0,21.7,999.4,-2.3,0.0,S,3.0,Aotizhongxin,104.0,376.0,309.5,3980.998188405784,1.1,21.7,11.350000000000001,50.29041666666671,2013-03-08 12:00:00,78.0,2013-03-09 12:00:00
208,2013-03-10 03:00:00,0,train,220,2013,3,10,3,10.0,25.0,17.0,55.0,500.0,82.0,-2.0,1021.1,-11.8,0.0,NNW,1.2,Aotizhongxin,6.0,145.0,24.5,2016.5144927537056,-2.1,16.7,6.0,30.368623188405763,2013-03-10 03:00:00,96.0,2013-03-11 03:00:00
225,2013-03-10 20:00:00,0,train,237,2013,3,10,20,70.0,115.0,33.0,61.0,800.0,84.0,7.4,1018.8,-10.9,0.0,S,3.5,Aotizhongxin,6.0,70.0,26.5,259.6503623189325,-2.1,11.4,6.05,24.685489130434718,2013-03-10 20:00:00,156.0,2013-03-11 20:00:00
238,2013-03-11 09:00:00,0,train,250,2013,3,11,9,120.0,196.0,96.0,89.0,2500.0,84.0,4.6,1016.8,-8.2,0.0,NE,1.8,Aotizhongxin,27.0,120.0,70.0,1081.4764492754364,-2.3,11.4,6.2,24.91673913043472,2013-03-11 09:00:00,116.0,2013-03-12 09:00:00
258,2013-03-12 05:00:00,0,train,270,2013,3,12,5,140.0,237.0,34.0,74.0,2100.0,47.0,4.7,1006.1,1.5,0.1,NNE,1.3,Aotizhongxin,89.0,174.0,122.5,427.3750000000515,-2.1,11.4,8.1,11.786956521739109,2013-03-12 05:00:00,3.0,2013-03-13 05:00:00
260,2013-03-12 07:00:00,0,train,272,2013,3,12,7,115.0,121.0,21.0,77.0,2100.0,47.0,3.5,1006.9,2.2,0.9,NW,1.4,Aotizhongxin,89.0,174.0,128.5,425.7971014493263,3.1,11.4,8.1,7.398260869565203,2013-03-12 07:00:00,3.0,2013-03-13 07:00:00
280,2013-03-13 03:00:00,0,train,292,2013,3,13,3,7.0,7.0,11.0,15.0,300.0,69.0,2.4,1019.7,-8.6,0.0,N,1.3,Aotizhongxin,7.0,160.0,126.5,2313.896739130493,1.9,6.6,3.75,1.7686775362318097,2013-03-13 03:00:00,65.0,2013-03-14 03:00:00
302,2013-03-14 01:00:00,0,train,314,2013,3,14,1,71.0,88.0,11.0,67.0,1399.0,77.0,1.6,1024.5,-4.1,0.0,SSW,1.0,Aotizhongxin,3.0,71.0,14.5,354.717391304433,-0.9,9.7,4.9,8.667807971014431,2013-03-14 01:00:00,180.0,2013-03-15 01:00:00
311,2013-03-14 10:00:00,0,train,323,2013,3,14,10,101.0,117.0,57.0,61.0,1600.0,77.0,3.9,1023.4,-3.9,0.0,WSW,1.7,Aotizhongxin,3.0,101.0,39.5,825.5000000000771,-0.8,9.7,3.95,12.223405797101377,2013-03-14 10:00:00,173.0,2013-03-15 10:00:00
361,2013-03-16 12:00:00,1,train,373,2013,3,16,12,227.0,207.0,88.0,84.0,1899.0,54.0,14.0,1018.5,-0.9,0.0,SE,2.2,Aotizhongxin,227.0,355.0,278.0,1153.9547101449098,3.9,14.0,7.3,9.570652173913059,2013-03-16 12:00:00,322.0,2013-03-17 12:00:00
433,2013-03-19 12:00:00,0,train,445,2013,3,19,12,60.0,63.0,20.0,35.0,700.0,28.0,3.5,1007.4,-0.2,0.0,N,2.1,Aotizhongxin,3.0,78.0,31.5,297.0362318841131,0.1,12.0,3.0,15.209275362318772,2013-03-19 12:00:00,27.0,2013-03-20 12:00:00
481,2013-03-21 12:00:00,0,train,493,2013,3,21,12,162.0,172.0,44.0,88.0,1600.0,10.0,6.2,1002.1,-1.5,0.0,ENE,2.0,Aotizhongxin,30.0,162.0,79.5,1229.7971014493098,-1.7,6.2,2.8,5.370434782608592,2013-03-21 12:00:00,63.0,2013-03-22 12:00:00
526,2013-03-23 09:00:00,0,train,538,2013,3,23,9,78.0,105.0,32.0,69.0,,2.0,4.5,1005.4,-5.0,0.0,NE,1.5,Aotizhongxin,44.0,142.0,63.5,584.4057971014804,0.8,10.0,5.05,11.497807971014447,2013-03-23 09:00:00,14.0,2013-03-24 09:00:00
527,2013-03-23 10:00:00,0,train,539,2013,3,23,10,79.0,104.0,70.0,72.0,,10.0,4.2,1005.2,-4.5,0.0,NNE,1.9,Aotizhongxin,44.0,137.0,63.5,348.9547101449592,0.8,10.0,4.4,11.225797101449226,2013-03-23 10:00:00,3.0,2013-03-24 10:00:00
599,2013-03-26 10:00:00,0,train,611,2013,3,26,10,209.0,292.0,84.0,122.0,2600.0,2.0,8.2,1009.5,-4.0,0.0,SW,0.8,Aotizhongxin,100.0,209.0,121.0,1295.4184782608897,-0.4,10.8,7.199999999999999,16.43940217391301,2013-03-26 10:00:00,182.0,2013-03-27 10:00:00
604,2013-03-26 15:00:00,0,train,616,2013,3,26,15,200.0,240.0,92.0,85.0,1399.0,47.0,12.8,1004.3,0.2,0.0,SW,4.3,Aotizhongxin,100.0,223.0,159.0,2085.4492753623354,-0.4,12.8,7.25,20.069275362318816,2013-03-26 15:00:00,14.0,2013-03-27 15:00:00
688,2013-03-30 03:00:00,0,train,700,2013,3,30,3,67.0,97.0,58.0,71.0,2100.0,8.0,2.9,1016.9,-4.3,0.0,ENE,1.8,Aotizhongxin,57.0,114.0,89.0,316.08695652178193,2.2,9.8,6.25,7.274764492753655,2013-03-30 03:00:00,96.0,2013-03-31 03:00:00
691,2013-03-30 06:00:00,0,train,703,2013,3,30,6,66.0,103.0,87.0,84.0,2799.0,9.0,2.5,1017.4,-5.2,0.0,NNE,1.7,Aotizhongxin,57.0,114.0,81.5,338.05797101453635,2.5,9.8,6.25,7.383315217391337,2013-03-30 06:00:00,120.0,2013-03-31 06:00:00
732,2013-03-31 23:00:00,0,train,744,2013,3,31,23,225.0,268.0,16.0,70.0,1600.0,2.0,6.3,1009.1,3.1,0.0,NW,0.4,Aotizhongxin,96.0,235.0,196.0,3062.195652173923,4.4,6.9,5.7,0.5465036231884407,2013-03-31 23:00:00,13.0,2013-04-01 23:00:00
789,2013-04-03 08:00:00,0,train,801,2013,4,3,8,154.0,205.0,63.0,97.0,1500.0,11.0,12.7,1006.3,-0.2,0.0,W,2.0,Aotizhongxin,108.0,168.0,135.5,353.8242753623371,5.4,18.2,11.5,18.52041666666668,2013-04-03 08:00:00,78.0,2013-04-04 08:00:00
794,2013-04-03 13:00:00,0,train,806,2013,4,3,13,173.0,275.0,65.0,63.0,1800.0,114.0,19.6,1005.9,2.4,0.0,ESE,1.3,Aotizhongxin,108.0,173.0,135.5,372.253623188424,5.4,19.6,13.149999999999999,26.1758695652174,2013-04-03 13:00:00,84.0,2013-04-04 13:00:00
811,2013-04-04 06:00:00,0,train,823,2013,4,4,6,48.0,84.0,60.0,70.0,1899.0,26.0,8.2,1009.3,-3.7,0.0,SSW,1.9,Aotizhongxin,36.0,208.0,72.5,3240.782608695681,6.9,19.6,10.85,19.660000000000018,2013-04-04 06:00:00,112.0,2013-04-05 06:00:00
814,2013-04-04 09:00:00,0,train,826,2013,4,4,9,80.0,138.0,126.0,91.0,2899.0,13.0,9.4,1010.3,-3.5,0.0,WNW,1.5,Aotizhongxin,36.0,208.0,59.5,2790.0869565217713,6.9,19.6,9.5,20.144927536231904,2013-04-04 09:00:00,104.0,2013-04-05 09:00:00
834,2013-04-05 05:00:00,0,train,846,2013,4,5,5,112.0,80.0,13.0,67.0,1899.0,2.0,6.1,1010.7,5.8,0.1,NE,0.9,Aotizhongxin,48.0,112.0,80.0,190.40579710148205,5.6,10.7,6.15,3.1878079710145513,2013-04-05 05:00:00,3.0,2013-04-06 05:00:00
839,2013-04-05 10:00:00,0,train,851,2013,4,5,10,104.0,101.0,15.0,51.0,2000.0,9.0,12.1,1012.5,3.6,0.0,NNW,2.7,Aotizhongxin,63.0,116.0,84.0,256.6358695652478,5.6,12.1,6.15,3.873894927536291,2013-04-05 10:00:00,18.0,2013-04-06 10:00:00
842,2013-04-05 13:00:00,0,train,854,2013,4,5,13,26.0,26.0,28.0,24.0,400.0,65.0,13.4,1011.7,-4.8,0.0,NW,4.2,Aotizhongxin,26.0,116.0,84.5,561.954710144959,5.6,13.4,6.15,7.01971014492759,2013-04-05 13:00:00,3.0,2013-04-06 13:00:00
872,2013-04-06 19:00:00,0,train,884,2013,4,6,19,3.0,14.0,8.0,14.0,600.0,47.0,11.7,1005.8,-7.7,0.0,SW,3.7,Aotizhongxin,3.0,18.0,3.0,31.88405797106639,-1.3,15.2,7.9,28.91157608695657,2013-04-06 19:00:00,86.0,2013-04-07 19:00:00
897,2013-04-07 20:00:00,0,train,909,2013,4,7,20,99.0,133.0,58.0,86.0,1100.0,35.0,11.8,1002.8,1.1,0.0,NNW,4.0,Aotizhongxin,32.0,125.0,68.5,718.1449275362647,2.0,15.3,9.25,19.60173913043483,2013-04-07 20:00:00,13.0,2013-04-08 20:00:00
982,2013-04-11 09:00:00,0,train,994,2013,4,11,9,21.0,31.0,21.0,66.0,700.0,56.9772,11.6,1015.3,-11.3,0.0,N,3.9,Aotizhongxin,3.0,36.0,19.5,94.86775362323478,2.1,12.8,8.8,16.839927536231922,2013-04-11 09:00:00,50.0,2013-04-12 09:00:00
1000,2013-04-12 03:00:00,0,train,1012,2013,4,12,3,49.0,107.0,15.0,118.0,700.0,2.0,4.6,1010.5,-3.9,0.0,NE,1.0,Aotizhongxin,4.0,56.0,20.0,300.47644927540705,2.5,18.1,9.7,25.307536231884125,2013-04-12 03:00:00,88.0,2013-04-13 03:00:00
1040,2013-04-13 19:00:00,0,train,1052,2013,4,13,19,10.0,54.0,5.0,10.0,400.0,80.0,17.9,1001.9,-4.8,0.0,NNW,5.0,Aotizhongxin,10.0,154.0,75.5,1621.217391304382,8.9,26.1,18.1,31.10688405797115,2013-04-13 19:00:00,57.0,2013-04-14 19:00:00
1048,2013-04-14 03:00:00,0,train,1060,2013,4,14,3,11.0,31.0,4.0,45.0,400.0,41.0,5.8,1007.6,-2.8,0.0,NE,1.3,Aotizhongxin,6.0,154.0,20.0,2380.606884058009,5.8,26.1,16.9,39.691721014492884,2013-04-14 03:00:00,71.0,2013-04-15 03:00:00
1133,2013-04-17 16:00:00,0,train,1145,2013,4,17,16,74.0,111.0,34.0,53.0,1100.0,82.0,16.7,1002.5,-1.0,0.0,SW,1.9,Aotizhongxin,27.0,93.0,43.0,270.42753623192436,8.5,19.7,10.85,12.36231884057979,2013-04-17 16:00:00,10.0,2013-04-18 16:00:00
1149,2013-04-18 08:00:00,0,train,1161,2013,4,18,8,12.0,35.0,6.0,28.0,400.0,59.0,9.8,1020.5,-13.5,0.0,NE,2.9,Aotizhongxin,5.0,74.0,42.5,513.2590579710584,6.3,17.1,12.25,11.713894927536305,2013-04-18 08:00:00,50.0,2013-04-19 08:00:00
1169,2013-04-19 04:00:00,0,train,1181,2013,4,19,4,67.0,154.0,49.0,85.0,1300.0,10.0,7.2,1019.2,-7.3,0.0,SW,1.9,Aotizhongxin,5.0,67.0,12.0,333.15760869570096,6.3,15.5,11.0,7.629112318840634,2013-04-19 04:00:00,73.0,2013-04-20 04:00:00
1177,2013-04-19 12:00:00,0,train,1189,2013,4,19,12,31.0,33.0,13.0,34.0,500.0,63.0,7.2,1019.3,0.2,0.0,SW,3.9,Aotizhongxin,8.0,67.0,32.0,433.04166666671176,3.5,15.5,8.4,12.197228260869588,2013-04-19 12:00:00,62.0,2013-04-20 12:00:00
1185,2013-04-19 20:00:00,0,train,1197,2013,4,19,20,57.0,64.0,6.0,53.0,600.0,34.0,4.2,1017.9,1.2,0.0,WSW,2.2,Aotizhongxin,16.0,67.0,49.0,195.07065217395404,3.5,11.6,7.2,3.975634057970982,2013-04-19 20:00:00,68.0,2013-04-20 20:00:00
1213,2013-04-21 00:00:00,0,train,1225,2013,4,21,0,96.0,138.0,11.0,83.0,1000.0,25.0,8.1,1015.0,2.7,0.0,SW,1.6,Aotizhongxin,52.0,96.0,69.0,109.7807971014799,0.9,15.3,10.15,24.66548913043477,2013-04-21 00:00:00,95.0,2013-04-22 00:00:00
1215,2013-04-21 02:00:00,0,train,1227,2013,4,21,2,116.0,140.0,8.0,76.0,900.0,12.0,5.6,1015.2,3.3,0.0,W,1.0,Aotizhongxin,55.0,116.0,72.5,207.99818840582572,0.9,15.3,10.15,21.772590579710137,2013-04-21 02:00:00,127.0,2013-04-22 02:00:00
1223,2013-04-21 10:00:00,0,train,1235,2013,4,21,10,136.0,175.0,32.0,96.0,1300.0,,13.6,1014.4,3.1,0.0,SW,1.8,Aotizhongxin,61.0,136.0,84.0,674.9836956521953,4.2,15.3,10.7,13.586068840579717,2013-04-21 10:00:00,149.0,2013-04-22 10:00:00
1278,2013-04-23 17:00:00,0,train,1290,2013,4,23,17,263.0,300.0,39.0,90.0,1500.0,20.0,15.5,1005.7,8.2,0.0,E,1.1,Aotizhongxin,114.0,263.0,175.5,1965.2753623188285,9.3,17.1,12.85,5.54679347826091,2013-04-23 17:00:00,12.0,2013-04-24 17:00:00
1289,2013-04-24 04:00:00,0,train,1301,2013,4,24,4,145.0,112.0,17.0,51.0,1100.0,2.0,6.7,1006.7,6.1,0.0,NE,0.9,Aotizhongxin,137.0,263.0,179.0,1517.780797101435,6.7,17.1,10.3,9.509782608695666,2013-04-24 04:00:00,14.0,2013-04-25 04:00:00
1317,2013-04-25 08:00:00,0,train,1329,2013,4,25,8,18.0,34.0,9.0,44.0,500.0,39.0,16.4,1009.1,-4.8,0.0,NNE,2.7,Aotizhongxin,8.0,136.0,13.0,1566.2536231884003,6.0,24.1,16.1,32.398840579710246,2013-04-25 08:00:00,54.0,2013-04-26 08:00:00
1387,2013-04-28 06:00:00,0,train,1399,2013,4,28,6,80.0,119.0,53.0,60.0,2200.0,55.0,13.8,1004.4,5.4,0.0,SE,1.1,Aotizhongxin,38.0,96.0,74.5,260.78260869564645,11.9,23.9,18.5,14.715199275362446,2013-04-28 06:00:00,7.0,2013-04-29 06:00:00
1473,2013-05-01 20:00:00,0,train,1485,2013,5,1,20,39.0,77.0,20.0,35.0,500.0,,18.4,1006.6,2.6,0.0,SSW,2.1,Aotizhongxin,18.0,41.0,32.0,50.75362318839926,7.8,23.9,19.6,27.77014492753636,2013-05-01 20:00:00,82.0,2013-05-02 20:00:00
1501,2013-05-03 00:00:00,0,train,1513,2013,5,3,0,69.0,85.0,44.0,47.0,500.0,62.0,16.6,1009.0,5.8,0.0,ESE,2.4,Aotizhongxin,38.0,166.0,83.5,777.2173913043418,14.0,24.2,18.85,11.686503623188516,2013-05-03 00:00:00,93.0,2013-05-04 00:00:00
1538,2013-05-04 13:00:00,1,train,1550,2013,5,4,13,79.0,138.0,33.0,18.0,500.0,137.0,23.5,1009.5,9.1,0.0,S,3.1,Aotizhongxin,58.0,195.0,88.5,1424.9836956521651,12.9,23.5,18.35,10.528405797101584,2013-05-04 13:00:00,219.0,2013-05-05 13:00:00
1549,2013-05-05 00:00:00,1,train,1561,2013,5,5,0,185.0,156.0,29.0,91.0,800.0,39.0,14.2,1010.7,10.6,0.0,ENE,0.6,Aotizhongxin,66.0,366.0,84.0,3991.563405797092,12.9,24.1,18.8,14.815579710145055,2013-05-05 00:00:00,288.0,2013-05-06 00:00:00
1705,2013-05-11 12:00:00,0,train,1717,2013,5,11,12,82.0,124.0,17.0,20.0,300.0,91.0,32.1,988.3,0.2,0.0,WNW,3.8,Aotizhongxin,13.0,82.0,47.5,471.4619565217618,11.3,32.1,23.65,57.22041666666666,2013-05-11 12:00:00,20.0,2013-05-12 12:00:00
1739,2013-05-12 22:00:00,0,train,1751,2013,5,12,22,46.0,153.0,32.0,83.0,800.0,35.0,18.3,997.0,5.8,0.0,SSW,0.5,Aotizhongxin,13.0,65.0,31.5,207.650362318865,12.7,30.0,23.2,31.65114130434784,2013-05-12 22:00:00,141.0,2013-05-13 22:00:00
1775,2013-05-14 10:00:00,0,train,1787,2013,5,14,10,17.0,118.0,20.0,19.0,300.0,75.0,26.3,1003.8,4.1,0.0,N,3.9,Aotizhongxin,17.0,178.0,86.5,2886.0706521739253,14.5,27.5,22.25,18.72172101449281,2013-05-14 10:00:00,61.0,2013-05-15 10:00:00
1799,2013-05-15 10:00:00,1,train,1811,2013,5,15,10,61.0,148.0,114.0,57.0,2000.0,82.0,25.1,1012.1,9.4,0.0,ESE,1.1,Aotizhongxin,18.0,103.0,37.0,656.5797101449484,15.4,31.0,21.9,30.206938405797096,2013-05-15 10:00:00,197.0,2013-05-16 10:00:00
1842,2013-05-17 05:00:00,0,train,1854,2013,5,17,5,86.0,87.0,33.0,41.0,1899.0,45.0,17.3,1007.7,12.2,0.0,SW,1.5,Aotizhongxin,28.0,665.0,76.5,40224.49275362319,16.6,26.1,22.1,9.858188405797133,2013-05-17 05:00:00,171.0,2013-05-18 05:00:00
1856,2013-05-17 19:00:00,0,train,1868,2013,5,17,19,102.0,157.0,28.0,37.0,700.0,168.0,22.6,1003.7,14.9,0.0,SSW,1.3,Aotizhongxin,64.0,128.0,95.0,326.42753623189816,17.3,24.4,20.7,5.882318840579772,2013-05-17 19:00:00,83.0,2013-05-18 19:00:00
1868,2013-05-18 07:00:00,0,train,1880,2013,5,18,7,182.0,231.0,18.0,66.0,1700.0,17.0,19.2,1002.9,15.9,0.0,SSW,1.9,Aotizhongxin,99.0,182.0,124.5,645.0851449275451,17.8,24.4,20.85,5.139402173913104,2013-05-18 07:00:00,49.0,2013-05-19 07:00:00
1899,2013-05-19 14:00:00,0,train,1911,2013,5,19,14,48.0,655.0,8.0,7.0,200.0,98.0,25.6,993.3,-5.9,0.0,NNW,5.8,Aotizhongxin,34.0,117.0,60.5,650.7173913043771,17.4,25.6,19.8,8.665434782608768,2013-05-19 14:00:00,36.0,2013-05-20 14:00:00
1924,2013-05-20 15:00:00,0,train,1936,2013,5,20,15,55.0,181.0,25.0,23.0,,139.23,26.9,992.4,2.7,0.0,SW,4.8,Aotizhongxin,13.0,55.0,30.0,158.49275362322777,9.4,27.3,21.35,37.440217391304486,2013-05-20 15:00:00,103.0,2013-05-21 15:00:00
1953,2013-05-21 20:00:00,0,train,1965,2013,5,21,20,110.0,284.0,44.0,69.0,,131.733,20.9,998.5,15.7,0.0,SE,0.8,Aotizhongxin,50.0,132.0,89.0,483.302536231908,15.5,28.1,22.5,18.24940217391302,2013-05-21 20:00:00,22.0,2013-05-22 20:00:00
2025,2013-05-24 20:00:00,0,train,2037,2013,5,24,20,35.0,50.0,18.0,48.0,600.0,54.0,21.9,1007.5,13.0,0.0,NE,1.6,Aotizhongxin,32.0,225.0,100.5,4300.717391304367,18.4,30.5,22.95,16.42867753623173,2013-05-24 20:00:00,71.0,2013-05-25 20:00:00
2044,2013-05-25 15:00:00,0,train,2056,2013,5,25,15,100.0,146.0,64.0,39.0,1700.0,214.0,29.8,1002.2,13.1,0.0,SSW,3.0,Aotizhongxin,19.0,100.0,39.0,503.5000000000245,17.9,30.0,22.1,16.049112318840493,2013-05-25 15:00:00,141.0,2013-05-26 15:00:00
2369,2013-06-08 04:00:00,0,train,2381,2013,6,8,4,118.0,89.0,6.0,53.0,1899.0,6.0,19.5,1002.1,19.3,0.0,SE,0.5,Aotizhongxin,74.0,143.0,131.0,386.4275362319007,19.3,20.7,20.1,0.1492753623193202,2013-06-08 04:00:00,113.0,2013-06-09 04:00:00
2381,2013-06-08 16:00:00,0,train,2393,2013,6,8,16,209.0,224.0,9.0,82.0,2399.0,10.0,20.2,1001.1,19.5,0.0,NNW,1.2,Aotizhongxin,102.0,240.0,135.0,1970.7663043478394,19.4,20.4,20.05,0.10766304347874751,2013-06-08 16:00:00,10.0,2013-06-09 16:00:00
2395,2013-06-09 06:00:00,0,train,2407,2013,6,9,6,106.0,99.0,10.0,62.0,2200.0,8.0,19.2,1003.0,16.4,0.1,N,3.9,Aotizhongxin,93.0,240.0,174.5,1941.8242753623304,19.2,20.4,19.9,0.099112318841074,2013-06-09 06:00:00,25.0,2013-06-10 06:00:00
2401,2013-06-09 12:00:00,0,train,2413,2013,6,9,12,10.0,10.0,3.0,55.0,300.0,38.0,16.9,1006.4,16.3,3.2,NNE,1.5,Aotizhongxin,3.0,240.0,161.5,6352.688405797121,16.9,20.4,19.9,1.2651449275367808,2013-06-09 12:00:00,34.0,2013-06-10 12:00:00
2428,2013-06-10 15:00:00,0,train,2440,2013,6,10,15,19.0,18.0,5.0,33.0,200.0,108.0,25.9,1005.3,13.7,0.0,SE,2.0,Aotizhongxin,6.0,41.0,18.5,74.51992753627799,15.8,26.6,16.8,15.920271739131033,2013-06-10 15:00:00,124.0,2013-06-11 15:00:00
2490,2013-06-13 05:00:00,0,train,2502,2013,6,13,5,111.0,99.0,11.0,110.0,1000.0,28.0,17.6,1003.6,16.1,0.0,NE,1.2,Aotizhongxin,44.0,111.0,80.5,483.13043478263717,16.6,26.8,22.7,11.138840579710427,2013-06-13 05:00:00,82.0,2013-06-14 05:00:00
2526,2013-06-14 17:00:00,0,train,2538,2013,6,14,17,137.0,190.0,30.0,48.0,700.0,263.0,29.9,1000.3,14.8,0.0,SW,3.0,Aotizhongxin,70.0,153.0,102.5,556.1141304348012,21.9,30.3,24.6,9.379836956521604,2013-06-14 17:00:00,154.0,2013-06-15 17:00:00
2528,2013-06-14 19:00:00,0,train,2540,2013,6,14,19,129.0,160.0,18.0,84.0,900.0,207.0,27.8,1001.4,15.5,0.0,SW,1.3,Aotizhongxin,70.0,153.0,108.0,605.9927536232058,21.9,30.3,24.6,9.666956521738982,2013-06-14 19:00:00,169.0,2013-06-15 19:00:00
2580,2013-06-16 23:00:00,0,train,2592,2013,6,16,23,193.0,114.0,16.0,62.0,1399.0,28.0,21.6,998.1,20.8,0.0,NE,1.2,Aotizhongxin,118.0,218.0,181.5,909.9710144927496,21.1,24.8,22.1,0.7849275362320494,2013-06-16 23:00:00,51.0,2013-06-17 23:00:00
2615,2013-06-18 10:00:00,0,train,2627,2013,6,18,10,59.0,130.0,14.0,108.0,800.0,73.0,30.2,992.2,16.2,0.0,SSW,1.7,Aotizhongxin,10.0,80.0,49.5,388.9782608695978,21.8,31.0,27.049999999999997,10.511521739130176,2013-06-18 10:00:00,54.0,2013-06-19 10:00:00
2686,2013-06-21 09:00:00,0,train,2698,2013,6,21,9,115.0,179.0,27.7032,98.7493,,45.1962,28.3,1005.0,18.7,0.0,WSW,0.9,Aotizhongxin,23.0,115.0,43.0,598.4565217391604,21.2,29.2,24.85,6.907536231883896,2013-06-21 09:00:00,74.0,2013-06-22 09:00:00
2704,2013-06-22 03:00:00,0,train,2716,2013,6,22,3,35.0,51.0,5.1408,44.9607,,,21.1,1003.0,19.0,0.0,WSW,0.5,Aotizhongxin,16.0,115.0,44.5,623.4492753623495,21.1,30.6,25.45,8.115579710144745,2013-06-22 03:00:00,70.0,2013-06-23 03:00:00
2745,2013-06-23 20:00:00,0,train,2757,2013,6,23,20,47.0,60.0,4.5696,63.4377,,157.6512,27.0,997.1,18.3,0.0,SW,3.0,Aotizhongxin,29.0,83.0,57.0,213.95471014495632,19.8,31.2,26.05,20.279927536231693,2013-06-23 20:00:00,120.0,2013-06-24 20:00:00
2764,2013-06-24 15:00:00,0,train,2776,2013,6,24,15,154.0,205.0,14.5656,55.0204,,215.4852,28.6,994.8,21.6,0.0,S,2.0,Aotizhongxin,37.0,233.0,60.0,3977.06521739132,20.9,30.4,26.05,8.700416666666422,2013-06-24 15:00:00,136.0,2013-06-25 15:00:00
2768,2013-06-24 19:00:00,0,train,2780,2013,6,24,19,154.0,167.0,13.7088,56.2522,,209.2734,21.7,995.2,20.2,4.0,S,1.1,Aotizhongxin,37.0,233.0,96.5,3796.369565217403,20.9,29.3,25.4,8.145199275362112,2013-06-24 19:00:00,177.0,2013-06-25 19:00:00
2770,2013-06-24 21:00:00,0,train,2782,2013,6,24,21,36.0,29.0,1.9992,46.6031,,94.248,20.8,997.1,20.3,0.0,W,0.9,Aotizhongxin,36.0,233.0,120.0,3676.259057971025,20.8,29.3,24.7,9.408677536231721,2013-06-24 21:00:00,164.0,2013-06-25 21:00:00
2820,2013-06-26 23:00:00,0,train,2832,2013,6,26,23,226.0,250.0,12.2808,58.5105,,106.8858,25.4,992.5,21.3,0.0,NE,0.7,Aotizhongxin,78.0,226.0,156.0,1709.0851449275322,20.9,31.2,26.450000000000003,14.781449275362137,2013-06-26 23:00:00,105.0,2013-06-27 23:00:00
2838,2013-06-27 17:00:00,1,train,2850,2013,6,27,17,40.0,98.0,6.5688,54.4045,,276.7464,31.9,991.4,18.8,0.0,SW,2.4,Aotizhongxin,30.0,247.0,81.5,3810.8532608695873,22.6,34.2,27.8,15.565217391304031,2013-06-27 17:00:00,494.0,2013-06-28 17:00:00
2841,2013-06-27 20:00:00,1,train,2853,2013,6,27,20,83.0,114.0,14.8512,64.0536,,192.3516,25.8,993.2,20.1,0.0,WNW,0.8,Aotizhongxin,30.0,247.0,81.0,3899.432971014516,22.6,34.2,27.0,15.982590579709838,2013-06-27 20:00:00,494.0,2013-06-28 20:00:00
2848,2013-06-28 03:00:00,0,train,2860,2013,6,28,3,392.0,377.0,17.4216,38.8017,,,25.1,995.3,22.6,0.0,NNE,1.1,Aotizhongxin,30.0,392.0,80.5,8532.38949275364,22.8,34.2,26.6,14.42195652173881,2013-06-28 03:00:00,54.0,2013-06-29 03:00:00
2851,2013-06-28 06:00:00,0,train,2863,2013,6,28,6,287.0,237.0,43.4112,51.7356,,46.053,25.5,996.4,22.0,0.0,ENE,1.7,Aotizhongxin,30.0,392.0,89.5,13429.710144927536,24.8,34.2,26.6,12.251231884057631,2013-06-28 06:00:00,68.0,2013-06-29 06:00:00
2895,2013-06-30 02:00:00,0,train,2907,2013,6,30,2,171.0,179.0,11.0,71.0,2399.0,2.0,22.2,998.9,21.7,0.0,NW,0.8,Aotizhongxin,54.0,180.0,131.0,1982.3749999999707,20.5,25.0,22.85,1.660271739130678,2013-06-30 02:00:00,167.0,2013-07-01 02:00:00
2992,2013-07-04 03:00:00,0,train,3004,2013,7,4,3,29.0,42.0,6.0,68.0,,,23.8,988.8,19.3,0.0,E,0.7,Aotizhongxin,8.0,46.0,28.5,134.17391304349042,21.9,36.8,27.950000000000003,25.420416666666043,2013-07-04 03:00:00,17.0,2013-07-05 03:00:00
3078,2013-07-07 17:00:00,0,train,3090,2013,7,7,17,135.0,146.0,19.0,40.0,900.0,211.0,30.5,992.6,24.6,0.0,SW,2.6,Aotizhongxin,20.0,135.0,59.0,768.2880434782585,21.4,32.4,26.75,18.925489130434443,2013-07-07 17:00:00,87.0,2013-07-08 17:00:00
3115,2013-07-09 06:00:00,0,train,3127,2013,7,9,6,156.0,118.0,10.0,68.0,1000.0,2.0,24.8,997.8,24.6,0.0,N,0.9,Aotizhongxin,74.0,166.0,114.5,1161.8242753622885,24.2,27.2,24.9,0.7356340579708495,2013-07-09 06:00:00,33.0,2013-07-10 06:00:00
3199,2013-07-12 18:00:00,0,train,3211,2013,7,12,18,47.0,69.0,3.0,33.0,600.0,138.0,28.9,999.7,23.6,0.0,SW,2.2,Aotizhongxin,38.0,80.0,55.5,128.57971014493202,20.6,32.1,24.549999999999997,17.04231884057956,2013-07-12 18:00:00,77.0,2013-07-13 18:00:00
3239,2013-07-14 10:00:00,0,train,3251,2013,7,14,10,110.0,80.0,31.0,45.0,700.0,52.0,28.1,1003.5,22.6,0.0,NE,1.4,Aotizhongxin,76.0,179.0,119.5,1017.0652173912738,24.6,31.9,27.549999999999997,4.818188405796841,2013-07-14 10:00:00,34.0,2013-07-15 10:00:00
3369,2013-07-19 20:00:00,0,train,3381,2013,7,19,20,104.0,127.0,8.0,56.0,800.0,139.0,27.1,997.1,22.7,0.0,SW,1.7,Aotizhongxin,91.0,176.0,126.0,729.8967391304017,22.5,32.9,25.700000000000003,11.41998188405778,2013-07-19 20:00:00,91.0,2013-07-20 20:00:00
3445,2013-07-23 00:00:00,0,train,3457,2013,7,23,0,61.0,83.0,19.0,57.0,1000.0,83.0,26.0,997.1,19.4,0.0,SW,1.9,Aotizhongxin,60.0,141.0,85.5,502.28260869562735,22.0,30.2,26.7,7.197373188405604,2013-07-23 00:00:00,53.0,2013-07-24 00:00:00
3449,2013-07-23 04:00:00,0,train,3461,2013,7,23,4,52.0,105.0,14.0,30.0,400.0,73.0,23.9,996.4,17.6,0.0,SSW,1.2,Aotizhongxin,52.0,141.0,78.0,536.4764492753379,22.8,30.2,26.7,4.792101449275146,2013-07-23 04:00:00,69.0,2013-07-24 04:00:00
3462,2013-07-23 17:00:00,0,train,3474,2013,7,23,17,28.0,51.0,5.0,29.0,300.0,149.0,29.6,991.7,21.3,0.0,SSW,2.0,Aotizhongxin,20.0,98.0,56.5,695.1231884057802,22.1,31.3,26.0,7.25536231884037,2013-07-23 17:00:00,13.0,2013-07-24 17:00:00
3553,2013-07-27 12:00:00,0,train,3565,2013,7,27,12,90.0,58.0,5.0,49.0,1300.0,19.0,26.1,994.7,24.1,0.0,ENE,0.7,Aotizhongxin,39.0,95.0,85.5,226.5144927535992,23.5,26.1,24.55,0.5072282608692938,2013-07-27 12:00:00,46.0,2013-07-28 12:00:00
3654,2013-07-31 17:00:00,0,train,3666,2013,7,31,17,83.0,115.0,8.0,36.0,800.0,217.0,31.0,992.0,25.6,0.0,W,1.0,Aotizhongxin,3.0,131.0,45.5,1180.519927536214,20.9,33.4,29.549999999999997,21.71818840579681,2013-07-31 17:00:00,56.0,2013-08-01 17:00:00
3686,2013-08-02 01:00:00,0,train,3698,2013,8,2,1,61.0,68.0,3.0,108.0,1100.0,2.0,21.9,999.5,21.6,0.0,ENE,0.9,Aotizhongxin,21.0,68.0,46.5,225.65036231882385,20.6,27.4,22.950000000000003,3.371286231883622,2013-08-02 01:00:00,28.0,2013-08-03 01:00:00
3701,2013-08-02 16:00:00,0,train,3713,2013,8,2,16,102.0,113.0,12.0,39.0,1000.0,241.0,29.5,999.5,22.7,0.0,WSW,2.8,Aotizhongxin,46.0,102.0,65.0,293.36231884055854,21.2,31.6,23.75,14.180579710144512,2013-08-02 16:00:00,20.0,2013-08-03 16:00:00
3733,2013-08-04 00:00:00,0,train,3745,2013,8,4,0,78.0,113.0,5.1408,53.5833,,65.7594,26.4,996.8,23.1,0.0,WSW,2.3,Aotizhongxin,13.0,78.0,24.0,236.07971014491324,21.6,32.4,27.5,14.713623188405425,2013-08-04 00:00:00,31.0,2013-08-05 00:00:00
3750,2013-08-04 17:00:00,0,train,3762,2013,8,4,17,80.0,90.0,8.0,31.0,,190.638,31.0,990.5,23.4,0.0,SW,2.5,Aotizhongxin,26.0,110.0,79.0,730.0851449275154,23.0,34.0,27.700000000000003,13.925634057970665,2013-08-04 17:00:00,61.0,2013-08-05 17:00:00
3780,2013-08-05 23:00:00,1,train,3792,2013,8,5,23,45.0,63.0,3.0,62.0,500.0,77.0,25.7,992.9,23.6,0.0,S,0.0,Aotizhongxin,31.0,61.0,44.0,81.15760869563438,19.7,34.3,27.15,22.695923913043067,2013-08-05 23:00:00,220.0,2013-08-06 23:00:00
3808,2013-08-07 03:00:00,0,train,3820,2013,8,7,3,29.0,17.0,,23.1989,,105.6006,24.4,997.4,22.7,0.0,WSW,0.7,Aotizhongxin,26.0,220.0,148.0,2731.6449275362065,24.1,34.4,29.7,12.108097826086697,2013-08-07 03:00:00,17.0,2013-08-08 03:00:00
3848,2013-08-08 19:00:00,0,train,3860,2013,8,8,19,40.0,160.0,5.0,41.0,600.0,173.0,30.0,995.4,23.4,0.0,W,1.9,Aotizhongxin,17.0,45.0,23.0,84.25362318838783,21.1,33.9,24.65,26.24867753623161,2013-08-08 19:00:00,47.0,2013-08-09 19:00:00
3854,2013-08-09 01:00:00,0,train,3866,2013,8,9,1,25.0,47.0,1.9992,70.6232,,29.1312,22.3,995.1,19.8,0.0,N,0.0,Aotizhongxin,17.0,45.0,27.0,93.07065217389493,21.1,33.9,27.9,22.464275362318585,2013-08-09 01:00:00,98.0,2013-08-10 01:00:00
3888,2013-08-10 11:00:00,1,train,3900,2013,8,10,11,72.0,165.0,7.0,35.0,1000.0,137.0,33.2,999.2,24.4,0.0,NE,1.6,Aotizhongxin,33.0,108.0,47.0,453.24456521737153,24.3,36.4,29.5,16.945199275362175,2013-08-10 11:00:00,245.0,2013-08-11 11:00:00
3924,2013-08-11 23:00:00,0,train,3936,2013,8,11,23,59.0,30.0,0.8568,77.1928,,,24.1,998.5,23.9,0.0,WSW,1.5,Aotizhongxin,41.0,260.0,146.0,6412.650362318805,23.4,31.8,26.75,6.1854891304345445,2013-08-11 23:00:00,84.0,2013-08-12 23:00:00
3984,2013-08-14 11:00:00,0,train,3996,2013,8,14,11,90.0,100.0,8.0,88.0,900.0,94.0,32.6,998.4,24.4,0.0,ENE,1.0,Aotizhongxin,29.0,108.0,70.0,658.9782608695451,23.9,32.6,28.65,8.515362318840369,2013-08-14 11:00:00,126.0,2013-08-15 11:00:00
4023,2013-08-16 02:00:00,0,train,4035,2013,8,16,2,62.0,29.0,6.0,31.0,600.0,62.0,28.0,993.1,26.2,0.0,SSE,0.5,Aotizhongxin,62.0,206.0,122.0,1804.5144927535862,27.1,33.2,29.45,3.9973188405795383,2013-08-16 02:00:00,181.0,2013-08-17 02:00:00
4060,2013-08-17 15:00:00,0,train,4072,2013,8,17,15,20.0,57.0,11.0,22.0,300.0,115.0,35.7,996.0,14.4,0.0,W,1.7,Aotizhongxin,18.0,187.0,75.0,5748.579710144898,25.4,36.3,29.6,10.875652173912888,2013-08-17 15:00:00,8.0,2013-08-18 15:00:00
4093,2013-08-19 00:00:00,0,train,4105,2013,8,19,0,30.0,110.0,6.0,103.0,600.0,12.0,22.5,1004.5,19.7,0.0,NNE,0.9,Aotizhongxin,3.0,30.0,12.5,59.065217391295675,22.5,35.0,28.1,21.93652173913015,2013-08-19 00:00:00,32.0,2013-08-20 00:00:00
4108,2013-08-19 15:00:00,0,train,4120,2013,8,19,15,12.0,12.0,4.0,21.0,300.0,108.0,34.6,1003.2,11.7,0.0,NNE,1.3,Aotizhongxin,10.0,34.0,19.5,41.21014492752581,20.7,35.2,27.4,26.977663043477907,2013-08-19 15:00:00,54.0,2013-08-20 15:00:00
4138,2013-08-20 21:00:00,0,train,4150,2013,8,20,21,111.0,111.0,5.0,61.0,1300.0,38.0,24.1,1003.3,23.8,0.0,NE,0.6,Aotizhongxin,27.0,161.0,86.0,1806.9275362318563,22.9,29.8,25.25,6.121286231883568,2013-08-20 21:00:00,81.0,2013-08-21 21:00:00
4139,2013-08-20 22:00:00,0,train,4151,2013,8,20,22,91.0,111.0,5.0,58.0,1100.0,37.0,23.8,1003.0,23.3,0.2,NNE,1.2,Aotizhongxin,32.0,161.0,88.5,1637.188405797073,22.9,29.8,24.75,6.300217391303852,2013-08-20 22:00:00,93.0,2013-08-21 22:00:00
4184,2013-08-22 19:00:00,0,train,4196,2013,8,22,19,108.0,133.0,5.0,131.0,1200.0,62.0,23.9,1003.6,22.5,0.0,W,0.0,Aotizhongxin,73.0,133.0,116.0,301.88405797098164,21.4,25.8,23.95,2.2138405797094878,2013-08-22 19:00:00,18.0,2013-08-23 19:00:00
4205,2013-08-23 16:00:00,0,train,4217,2013,8,23,16,12.0,16.0,8.0,21.0,400.0,124.0,33.9,1001.2,14.4,0.0,NNE,1.3,Aotizhongxin,5.0,129.0,98.0,1392.492753623164,22.1,34.8,23.7,23.784329710144576,2013-08-23 16:00:00,12.0,2013-08-24 16:00:00
4241,2013-08-25 04:00:00,0,train,4253,2013,8,25,4,35.0,84.0,7.0,86.0,500.0,5.0,19.7,1003.0,17.3,0.0,ENE,0.7,Aotizhongxin,12.0,57.0,31.5,189.10144927535313,19.4,35.4,25.25,33.26693840579676,2013-08-25 04:00:00,70.0,2013-08-26 04:00:00
4269,2013-08-26 08:00:00,0,train,4281,2013,8,26,8,44.0,100.0,7.0,102.0,700.0,11.0,29.7,1001.5,18.2,0.0,ENE,1.0,Aotizhongxin,29.0,70.0,38.0,114.16666666665434,21.2,34.9,29.1,23.01548913043463,2013-08-26 08:00:00,50.0,2013-08-27 08:00:00
4273,2013-08-26 12:00:00,0,train,4285,2013,8,26,12,18.0,37.0,7.0,31.0,300.0,114.0,34.1,999.8,13.0,0.0,SE,1.1,Aotizhongxin,18.0,70.0,38.0,139.51992753621974,21.2,34.9,29.1,23.9997101449274,2013-08-26 12:00:00,75.0,2013-08-27 12:00:00
4295,2013-08-27 10:00:00,0,train,4307,2013,8,27,10,57.0,101.0,17.0,74.0,1800.0,8.0,24.5,1003.5,20.4,0.0,NE,1.2,Aotizhongxin,11.0,122.0,51.5,743.8677536231727,22.8,34.6,25.25,19.467536231883795,2013-08-27 10:00:00,64.0,2013-08-28 10:00:00
4344,2013-08-29 11:00:00,0,train,4356,2013,8,29,11,6.0,36.0,2.0,20.0,200.0,57.0,27.0,997.3,10.7,0.0,NW,3.2,Aotizhongxin,6.0,116.0,79.5,1457.1231884057777,21.8,27.3,24.85,2.9363586956515353,2013-08-29 11:00:00,3.0,2013-08-30 11:00:00
4481,2013-09-04 04:00:00,0,train,4493,2013,9,4,4,138.0,75.0,8.0,41.0,1100.0,46.0,18.3,1011.4,17.8,0.3,WSW,1.2,Aotizhongxin,59.0,151.0,99.5,700.6884057970744,18.3,28.5,24.200000000000003,10.178242753622424,2013-09-04 04:00:00,16.0,2013-09-05 04:00:00
4493,2013-09-04 16:00:00,0,train,4505,2013,9,4,16,45.0,47.0,5.0,51.0,1000.0,74.0,22.0,1009.4,18.2,0.0,SSE,0.8,Aotizhongxin,34.0,151.0,77.5,1629.0434782608465,18.3,26.1,21.15,6.0721557971002715,2013-09-04 16:00:00,9.0,2013-09-05 16:00:00
4534,2013-09-06 09:00:00,0,train,4546,2013,9,6,9,45.0,50.0,12.0,57.0,1400.0,3.0,20.9,1011.8,16.3,0.0,SW,0.9,Aotizhongxin,9.0,57.0,39.0,240.4764492753494,17.7,28.0,19.75,13.596068840578573,2013-09-06 09:00:00,94.0,2013-09-07 09:00:00
4556,2013-09-07 07:00:00,0,train,4568,2013,9,7,7,96.0,104.0,12.0,64.0,1800.0,4.0,19.5,1012.6,17.6,0.0,NE,1.2,Aotizhongxin,45.0,129.0,94.0,560.2445652173687,17.8,25.6,19.799999999999997,7.365923913042256,2013-09-07 07:00:00,28.0,2013-09-08 07:00:00
4581,2013-09-08 08:00:00,0,train,4593,2013,9,8,8,35.0,72.0,5.0,53.0,500.0,6.0,20.6,1012.7,15.8,0.0,ENE,1.4,Aotizhongxin,8.0,103.0,45.0,1002.1739130434602,18.5,29.1,20.35,15.103315217390358,2013-09-08 08:00:00,84.0,2013-09-09 08:00:00
4582,2013-09-08 09:00:00,0,train,4594,2013,9,8,9,39.0,75.0,6.0,52.0,700.0,14.0,21.8,1013.0,16.7,0.0,NE,1.2,Aotizhongxin,8.0,103.0,41.5,946.4764492753447,18.5,29.1,20.35,15.024565217390341,2013-09-08 09:00:00,90.0,2013-09-09 09:00:00
4622,2013-09-10 01:00:00,0,train,4634,2013,9,10,1,97.0,102.0,14.0,51.0,600.0,44.0,19.3,1006.0,18.0,0.0,S,0.2,Aotizhongxin,30.0,133.0,83.0,596.9402173912819,18.5,25.7,21.25,6.205054347824975,2013-09-10 01:00:00,50.0,2013-09-11 01:00:00
4706,2013-09-13 13:00:00,0,train,4718,2013,9,13,13,85.0,102.0,2.0,81.0,1000.0,1.0,20.5,999.5,18.6,0.0,ENE,0.9,Aotizhongxin,39.0,224.0,81.0,3530.318840579681,17.8,25.2,19.6,5.073894927534812,2013-09-13 13:00:00,32.0,2013-09-14 13:00:00
4751,2013-09-15 10:00:00,0,train,4763,2013,9,15,10,12.0,46.0,5.0,38.0,200.0,23.0,23.2,1010.6,6.5,0.0,NNE,2.1,Aotizhongxin,3.0,103.0,15.0,378.0851449275195,15.3,31.6,19.35,37.733749999998814,2013-09-15 10:00:00,61.0,2013-09-16 10:00:00
4785,2013-09-16 20:00:00,0,train,4797,2013,9,16,20,48.0,117.0,23.0,67.0,1000.0,38.0,21.5,1005.7,17.1,0.0,WSW,0.6,Aotizhongxin,22.0,69.0,43.5,196.30253623186348,16.3,26.4,20.15,10.846068840578297,2013-09-16 20:00:00,92.0,2013-09-17 20:00:00
4802,2013-09-17 13:00:00,0,train,4814,2013,9,17,13,88.0,91.0,14.0,67.0,2000.0,1.0,20.5,1009.3,19.8,0.2,NNE,0.7,Aotizhongxin,30.0,97.0,72.0,346.52173913040986,19.3,25.8,20.25,3.3172282608682258,2013-09-17 13:00:00,131.0,2013-09-18 13:00:00
4812,2013-09-17 23:00:00,0,train,4824,2013,9,17,23,93.0,102.0,17.0,83.0,2600.0,1.0,19.5,1013.0,19.3,0.0,NE,0.6,Aotizhongxin,67.0,97.0,85.5,82.0706521738849,18.9,20.6,19.85,0.27217391304192246,2013-09-17 23:00:00,86.0,2013-09-18 23:00:00
4968,2013-09-24 11:00:00,0,train,4980,2013,9,24,11,3.0,6.0,6.0,22.0,300.0,31.0,19.7,1016.9,2.1,0.0,NNE,2.6,Aotizhongxin,3.0,23.0,9.5,29.693840579694857,9.6,19.7,13.15,10.407663043475633,2013-09-24 11:00:00,16.0,2013-09-25 11:00:00
4998,2013-09-25 17:00:00,0,train,5010,2013,9,25,17,10.0,62.0,4.0,29.0,200.0,67.0,20.8,1011.5,3.0,0.0,SW,2.7,Aotizhongxin,3.0,26.0,11.5,37.592391304332295,6.3,24.6,12.9,44.764565217388935,2013-09-25 17:00:00,49.0,2013-09-26 17:00:00
5027,2013-09-26 22:00:00,1,train,5039,2013,9,26,22,79.0,148.0,16.0,119.0,1700.0,1.0,14.1,1008.5,10.5,0.0,NE,1.0,Aotizhongxin,16.0,79.0,38.5,322.8677536231673,8.7,24.7,14.25,33.30244565217172,2013-09-26 22:00:00,263.0,2013-09-27 22:00:00
5038,2013-09-27 09:00:00,1,train,5050,2013,9,27,9,100.0,165.0,24.0,69.0,1700.0,1.0,18.4,1007.5,11.0,0.0,NNE,1.0,Aotizhongxin,23.0,117.0,63.5,579.7663043477996,10.0,24.7,14.25,27.35172101449064,2013-09-27 09:00:00,248.0,2013-09-28 09:00:00
5106,2013-09-30 05:00:00,0,train,5118,2013,9,30,5,175.0,181.0,15.0,97.0,1500.0,1.0,17.0,1014.1,16.4,0.0,NE,0.5,Aotizhongxin,148.0,263.0,198.0,797.3315217390762,15.8,19.3,17.0,1.0414492753603903,2013-09-30 05:00:00,131.0,2013-10-01 05:00:00
5115,2013-09-30 14:00:00,0,train,5127,2013,9,30,14,110.0,116.0,56.0,56.0,1600.0,64.0,21.3,1011.6,17.3,0.0,WSW,1.1,Aotizhongxin,87.0,239.0,172.0,1473.853260869508,16.4,21.3,17.75,2.4950543478243143,2013-09-30 14:00:00,16.0,2013-10-01 14:00:00
5165,2013-10-02 16:00:00,0,train,5177,2013,10,2,16,11.0,23.0,5.0,26.0,200.0,71.0,21.7,1012.4,4.7,0.0,SW,2.5,Aotizhongxin,3.0,41.0,10.5,177.08514492747494,10.5,23.7,15.05,17.93592391304142,2013-10-02 16:00:00,89.0,2013-10-03 16:00:00
5206,2013-10-04 09:00:00,1,train,5218,2013,10,4,9,82.0,110.0,70.0,69.0,2100.0,6.0,18.0,1009.5,12.9,0.0,ENE,1.1,Aotizhongxin,37.0,101.0,65.5,383.99818840573886,13.6,21.7,16.5,6.23027173912843,2013-10-04 09:00:00,267.0,2013-10-05 09:00:00
5371,2013-10-11 06:00:00,0,train,5383,2013,10,11,6,16.0,26.0,47.124,61.0,500.0,7.0,7.1,1010.6,6.7,0.0,SE,0.2,Aotizhongxin,3.0,164.0,10.0,2549.014492753548,6.7,20.4,15.450000000000001,27.168097826084576,2013-10-11 06:00:00,53.0,2013-10-12 06:00:00
5389,2013-10-12 00:00:00,0,train,5401,2013,10,12,0,75.0,104.0,6.8544,90.0,1000.0,1.0,11.3,1011.8,8.2,0.0,NE,0.6,Aotizhongxin,8.0,134.0,42.5,1473.244565217317,6.7,22.9,13.350000000000001,30.95014492753381,2013-10-12 00:00:00,72.0,2013-10-13 00:00:00
5400,2013-10-12 11:00:00,0,train,5412,2013,10,12,11,62.0,66.0,3.9984,70.0,700.0,12.0,21.8,1013.9,6.1,0.0,NE,0.9,Aotizhongxin,28.0,134.0,58.5,776.3894927535491,8.8,22.9,13.350000000000001,24.71519927535999,2013-10-12 11:00:00,38.0,2013-10-13 11:00:00
5459,2013-10-14 22:00:00,0,train,5471,2013,10,14,22,16.0,23.0,2.2848,67.0,500.0,1.0,5.3,1027.7,1.8,0.0,NNE,1.0,Aotizhongxin,3.0,87.0,15.0,935.6739130434049,5.1,15.8,13.1,11.227536231881293,2013-10-14 22:00:00,45.0,2013-10-15 22:00:00
5536,2013-10-18 03:00:00,1,train,5548,2013,10,18,3,247.0,323.0,24.0,108.0,2200.0,1.0,7.5,1019.7,6.6,0.0,NE,1.0,Aotizhongxin,67.0,254.0,152.5,3010.606884057895,5.6,18.6,10.1,19.45797101448985,2013-10-18 03:00:00,224.0,2013-10-19 03:00:00
5576,2013-10-19 19:00:00,0,train,5588,2013,10,19,19,14.0,26.0,6.0,31.0,300.0,24.0,13.4,1021.2,-0.3,0.0,N,2.2,Aotizhongxin,3.0,274.0,30.0,14078.548913043393,9.9,18.8,12.65,8.67797101449022,2013-10-19 19:00:00,34.0,2013-10-20 19:00:00
5584,2013-10-20 03:00:00,0,train,5596,2013,10,20,3,18.0,28.0,4.0,51.0,300.0,1.0,4.8,1020.5,4.2,0.0,WNW,0.0,Aotizhongxin,3.0,255.0,13.0,3287.2445652172996,4.6,18.8,12.45,23.58601449275082,2013-10-20 03:00:00,72.0,2013-10-21 03:00:00
5649,2013-10-22 20:00:00,0,train,5661,2013,10,22,20,83.0,87.0,10.0,65.0,900.0,2.0,10.2,1015.1,8.6,0.1,ENE,1.0,Aotizhongxin,83.0,182.0,140.0,908.7807971013732,6.1,17.0,9.75,16.29971014492452,2013-10-22 20:00:00,32.0,2013-10-23 20:00:00
5653,2013-10-23 00:00:00,0,train,5665,2013,10,23,0,65.0,56.0,9.0,73.0,700.0,7.0,6.0,1016.0,3.8,0.0,NE,1.3,Aotizhongxin,65.0,182.0,140.0,1320.4927536231114,6.0,17.0,9.8,15.864329710141929,2013-10-23 00:00:00,9.0,2013-10-24 00:00:00
5747,2013-10-26 22:00:00,1,train,5759,2013,10,26,22,131.0,199.0,42.0,122.0,2000.0,1.0,5.1,1013.9,3.9,0.0,N,0.2,Aotizhongxin,32.0,131.0,46.0,852.9981884057089,2.1,17.5,6.6,31.977373188402442,2013-10-26 22:00:00,302.0,2013-10-27 22:00:00
5778,2013-10-28 05:00:00,0,train,5790,2013,10,28,5,244.0,254.0,31.0,118.0,2000.0,1.0,5.8,1012.5,4.6,0.0,E,1.2,Aotizhongxin,83.0,367.0,239.5,6216.318840579651,3.6,16.0,7.75,13.487663043475019,2013-10-28 05:00:00,18.0,2013-10-29 05:00:00
5799,2013-10-29 02:00:00,0,train,5811,2013,10,29,2,61.0,61.0,6.0,24.0,300.0,30.0,9.9,1020.3,1.3,0.0,NNE,2.0,Aotizhongxin,61.0,361.0,264.0,5484.505434782557,5.8,16.2,10.05,11.80302536231577,2013-10-29 02:00:00,104.0,2013-10-30 02:00:00
5827,2013-10-30 06:00:00,0,train,5839,2013,10,30,6,43.0,82.0,14.0,58.0,800.0,1.0,2.0,1023.2,-0.4,0.0,NE,0.6,Aotizhongxin,3.0,104.0,28.0,1147.6231884057277,2.0,17.4,7.6000000000000005,30.3465036231851,2013-10-30 06:00:00,112.0,2013-10-31 06:00:00
5854,2013-10-31 09:00:00,0,train,5866,2013,10,31,9,120.0,143.0,12.0,79.0,1600.0,1.0,9.2,1023.1,3.6,0.0,NE,1.0,Aotizhongxin,23.0,161.0,116.5,1742.0706521738448,2.7,15.3,6.15,18.100579710141496,2013-10-31 09:00:00,121.0,2013-11-01 09:00:00
5886,2013-11-01 17:00:00,1,train,5898,2013,11,1,17,189.0,205.0,45.0,97.0,1200.0,18.8496,10.3,1018.8,6.1,0.0,SSW,1.2,Aotizhongxin,121.0,275.0,195.0,1285.3460144926867,4.3,12.7,6.699999999999999,9.109836956518256,2013-11-01 17:00:00,243.0,2013-11-02 17:00:00
5930,2013-11-03 13:00:00,0,train,5942,2013,11,3,13,12.0,26.0,3.0,9.0,200.0,70.0434,18.7,1018.4,-2.3,0.0,NNE,2.7,Aotizhongxin,3.0,321.0,231.0,15983.128623188324,6.9,18.7,10.4,13.591231884055095,2013-11-03 13:00:00,37.0,2013-11-04 13:00:00
5971,2013-11-05 06:00:00,0,train,5983,2013,11,5,6,99.0,135.0,22.0,67.0,1400.0,,7.5,1015.6,3.4,0.0,E,0.7,Aotizhongxin,18.0,154.0,46.5,1817.2971014491654,2.6,17.7,7.85,20.947663043475178,2013-11-05 06:00:00,174.0,2013-11-06 06:00:00
5984,2013-11-05 19:00:00,0,train,5996,2013,11,5,19,217.0,287.0,23.0,142.0,2800.0,,6.2,1013.3,4.5,0.0,ENE,0.5,Aotizhongxin,73.0,217.0,131.5,1894.5144927535384,5.3,14.2,7.85,8.051721014489491,2013-11-05 19:00:00,10.0,2013-11-06 19:00:00
6040,2013-11-08 03:00:00,0,train,6052,2013,11,8,3,139.0,179.0,31.0,74.0,2100.0,,2.5,1014.9,-2.6,0.0,ENE,0.8,Aotizhongxin,3.0,162.0,24.5,2633.9981884057147,2.0,13.8,4.25,20.408967391300763,2013-11-08 03:00:00,156.0,2013-11-09 03:00:00
6165,2013-11-13 08:00:00,0,train,6177,2013,11,13,8,139.0,178.0,64.0,85.0,3100.0,,5.8,1017.4,-0.7,0.0,NNE,1.8,Aotizhongxin,13.0,148.0,65.5,1747.1231884057179,2.3,16.4,6.3,25.63563405796762,2013-11-13 08:00:00,16.0,2013-11-14 08:00:00
6166,2013-11-13 09:00:00,0,train,6178,2013,11,13,9,144.0,177.0,76.0,80.0,3400.0,,6.3,1016.9,0.2,0.0,ENE,0.8,Aotizhongxin,13.0,148.0,70.0,2000.4565217390507,2.3,16.4,6.05,25.137318840576285,2013-11-13 09:00:00,18.0,2013-11-14 09:00:00
6167,2013-11-13 10:00:00,0,train,6179,2013,11,13,10,143.0,175.0,81.0,80.0,3800.0,,7.3,1016.4,0.7,0.0,E,0.8,Aotizhongxin,13.0,148.0,78.0,2214.0797101448475,2.3,16.4,6.05,23.42753623188059,2013-11-13 10:00:00,20.0,2013-11-14 10:00:00
6183,2013-11-14 02:00:00,0,train,6195,2013,11,14,2,172.0,202.0,60.0,109.0,3200.0,,7.3,1013.7,-5.4,0.0,NNW,2.1,Aotizhongxin,87.0,262.0,171.0,2636.2590579709163,2.9,9.8,5.9,5.279710144923828,2013-11-14 02:00:00,96.0,2013-11-15 02:00:00
6305,2013-11-19 04:00:00,0,train,6317,2013,11,19,4,15.0,24.0,6.0,23.0,300.0,0.8568,-0.7,1020.5,-13.0,0.0,ENE,0.5,Aotizhongxin,4.0,17.0,7.5,12.579710144832934,-1.0,9.2,3.6,11.992101449271365,2013-11-19 04:00:00,101.0,2013-11-20 04:00:00
6368,2013-11-21 19:00:00,1,train,6380,2013,11,21,19,114.0,140.0,33.0,109.0,1800.0,,2.7,1019.9,-3.4,0.0,SW,1.4,Aotizhongxin,45.0,166.0,92.0,1159.5199275361397,-3.1,12.2,1.4,27.911884057966972,2013-11-21 19:00:00,192.0,2013-11-22 19:00:00
6376,2013-11-22 03:00:00,1,train,6388,2013,11,22,3,147.0,160.0,30.0,75.0,2300.0,,-2.9,1020.9,-3.9,0.0,SW,0.5,Aotizhongxin,45.0,190.0,100.5,2304.7228260868656,-3.1,12.2,2.25,30.409112318836513,2013-11-22 03:00:00,242.0,2013-11-23 03:00:00
6449,2013-11-25 04:00:00,0,train,6461,2013,11,25,4,8.0,19.0,7.0,15.0,300.0,10.0,2.7,1011.0,-8.7,0.0,NE,2.1,Aotizhongxin,8.0,111.0,42.0,572.1086956520785,2.7,10.1,8.65,6.376449275358836,2013-11-25 04:00:00,13.0,2013-11-26 04:00:00
6496,2013-11-27 03:00:00,0,train,6508,2013,11,27,3,5.0,13.0,2.0,13.0,300.0,46.0,-2.7,1019.3,-20.1,0.0,N,4.5,Aotizhongxin,3.0,18.0,9.0,17.172101449181024,-2.7,6.7,1.7999999999999998,10.286884057966764,2013-11-27 03:00:00,7.0,2013-11-28 03:00:00
6509,2013-11-27 16:00:00,0,train,6521,2013,11,27,16,10.0,65.0,7.0,9.0,400.0,47.0,-1.5,1022.0,-23.5,0.0,NW,5.1,Aotizhongxin,3.0,12.0,8.0,5.201086956427475,-4.3,3.2,-1.75,3.7657971014445497,2013-11-27 16:00:00,10.0,2013-11-28 16:00:00
6530,2013-11-28 13:00:00,0,train,6542,2013,11,28,13,8.0,22.0,5.0,9.0,400.0,52.0,6.4,1019.1,-22.0,0.0,N,3.7,Aotizhongxin,4.0,13.0,8.0,5.362318840485438,-4.4,6.4,-1.7000000000000002,9.095199275357649,2013-11-28 13:00:00,21.0,2013-11-29 13:00:00
6535,2013-11-28 18:00:00,0,train,6547,2013,11,28,18,27.0,78.0,15.0,63.0,1100.0,1.0,-0.8,1018.4,-15.9,0.0,SSW,0.4,Aotizhongxin,4.0,27.0,8.0,20.911231883963666,-4.4,7.0,-1.7000000000000002,14.557101449270824,2013-11-28 18:00:00,103.0,2013-11-29 18:00:00
6559,2013-11-29 18:00:00,0,train,6571,2013,11,29,18,103.0,135.0,33.0,94.0,1800.0,1.0,3.8,1011.6,-8.3,0.0,SSW,0.8,Aotizhongxin,18.0,103.0,42.5,466.7228260868604,-5.3,13.5,-0.65,47.296231884053746,2013-11-29 18:00:00,19.0,2013-11-30 18:00:00
6582,2013-11-30 17:00:00,0,train,6594,2013,11,30,17,12.0,32.0,9.0,25.0,400.0,42.0,6.9,1019.2,-11.3,0.0,N,0.9,Aotizhongxin,12.0,121.0,31.5,1612.5217391303374,-3.1,10.9,5.6,21.045199275358478,2013-11-30 17:00:00,69.0,2013-12-01 17:00:00
6592,2013-12-01 03:00:00,0,train,6604,2013,12,1,3,44.0,73.0,20.0,66.0,900.0,1.0,-4.7,1019.0,-8.0,0.0,NNE,0.2,Aotizhongxin,12.0,45.0,28.0,133.64492753613504,-4.7,10.9,5.199999999999999,31.538840579706154,2013-12-01 03:00:00,95.0,2013-12-02 03:00:00
6728,2013-12-06 19:00:00,1,train,6740,2013,12,6,19,112.0,154.0,38.0,84.0,2100.0,1.0,0.4,1013.3,-4.8,0.0,NW,0.5,Aotizhongxin,40.0,217.0,99.0,1778.927536231786,-3.2,10.6,1.65,21.333460144923347,2013-12-06 19:00:00,385.0,2013-12-07 19:00:00
6751,2013-12-07 18:00:00,0,train,6763,2013,12,7,18,388.0,416.0,105.0,127.0,7300.0,1.0,3.1,1013.7,-0.4,0.0,NE,1.3,Aotizhongxin,85.0,388.0,214.5,7462.43297101442,-3.4,7.2,0.15000000000000002,12.839130434778292,2013-12-07 18:00:00,12.0,2013-12-08 18:00:00
6770,2013-12-08 13:00:00,0,train,6782,2013,12,8,13,189.0,146.0,73.0,80.0,2800.0,7.0,11.3,1012.6,-9.1,0.0,NNW,4.7,Aotizhongxin,189.0,420.0,334.5,2737.9981884057806,1.3,11.3,2.8,6.166068840575778,2013-12-08 13:00:00,3.0,2013-12-09 13:00:00
6803,2013-12-09 22:00:00,0,train,6815,2013,12,9,22,41.0,34.0,25.0,59.0,1100.0,1.0,-3.5,1016.2,-9.5,0.0,NE,1.0,Aotizhongxin,3.0,41.0,4.5,87.32608695631528,-3.7,6.7,1.95,9.472753623184177,2013-12-09 22:00:00,7.0,2013-12-10 22:00:00
6818,2013-12-10 13:00:00,0,train,6830,2013,12,10,13,13.0,114.0,7.0,11.0,,53.55,5.7,1011.7,-13.9,0.0,NW,4.2,Aotizhongxin,3.0,47.0,20.5,151.391304347627,-4.3,6.7,-2.1500000000000004,16.702590579705596,2013-12-10 13:00:00,21.0,2013-12-11 13:00:00
6881,2013-12-13 04:00:00,0,train,6893,2013,12,13,4,35.0,48.0,13.0,32.0,,,-4.6,1020.3,-19.6,0.0,WSW,2.7,Aotizhongxin,3.0,43.0,9.5,133.81884057950728,-6.9,0.8,-1.5499999999999998,7.570851449270493,2013-12-13 04:00:00,55.0,2013-12-14 04:00:00
6949,2013-12-16 00:00:00,1,train,6961,2013,12,16,0,186.0,261.0,122.0,92.0,,2.5704,-3.9,1027.1,-13.1,0.0,NE,1.0,Aotizhongxin,8.0,186.0,39.0,1785.9547101447458,-6.6,5.4,-2.6,15.60869565216918,2013-12-16 00:00:00,219.0,2013-12-17 00:00:00
6954,2013-12-16 05:00:00,0,train,6966,2013,12,16,5,113.0,158.0,81.0,78.0,,5.1408,-4.7,1024.8,-13.6,0.0,NE,1.2,Aotizhongxin,8.0,186.0,45.0,3540.7536231882345,-6.6,5.4,-2.6,13.973623188401096,2013-12-16 05:00:00,139.0,2013-12-17 05:00:00
7010,2013-12-18 13:00:00,0,train,7022,2013,12,18,13,14.0,6.0,12.0,16.0,,50.7654,0.3,1023.5,-15.3,0.0,WSW,3.1,Aotizhongxin,9.0,27.0,14.0,33.04166666646849,-7.0,3.0,-2.9000000000000004,9.853025362313899,2013-12-18 13:00:00,26.0,2013-12-19 13:00:00
7038,2013-12-19 17:00:00,0,train,7050,2013,12,19,17,29.0,75.0,29.0,68.0,900.0,4.0,-2.8,1024.4,-14.0,0.0,WSW,1.0,Aotizhongxin,13.0,117.0,27.0,971.1521739128588,-7.4,3.2,-5.4,10.35766304347316,2013-12-19 17:00:00,16.0,2013-12-20 17:00:00
7042,2013-12-19 21:00:00,0,train,7054,2013,12,19,21,53.0,116.0,39.0,83.0,1600.0,1.0,-7.5,1026.1,-11.0,0.0,WNW,0.2,Aotizhongxin,13.0,117.0,27.0,702.9836956519853,-7.5,3.2,-5.5,10.933894927531105,2013-12-19 21:00:00,27.0,2013-12-20 21:00:00
7052,2013-12-20 07:00:00,0,train,7064,2013,12,20,7,39.0,57.0,23.0,67.0,1000.0,1.0,-7.3,1028.3,-14.4,0.0,ENE,0.9,Aotizhongxin,13.0,113.0,31.0,812.51449275344,-9.2,3.2,-5.5,14.023695652168715,2013-12-20 07:00:00,17.0,2013-12-21 07:00:00
7172,2013-12-25 07:00:00,0,train,7184,2013,12,25,7,265.0,298.0,115.0,150.0,6300.0,1.0,-7.0,1022.5,-9.9,0.0,W,0.6,Aotizhongxin,129.0,295.0,256.0,2467.536231883984,-7.6,1.1,-2.35,6.682880434777644,2013-12-25 07:00:00,7.0,2013-12-26 07:00:00
7253,2013-12-28 16:00:00,0,train,7265,2013,12,28,16,8.0,16.0,,9.0,500.0,58.0,0.0,1018.6,-20.3,0.0,SW,1.0,Aotizhongxin,8.0,76.0,12.0,398.173913043266,-5.0,3.1,-1.05,5.901141304343119,2013-12-28 16:00:00,53.0,2013-12-29 16:00:00
7380,2014-01-02 23:00:00,0,train,7392,2014,1,2,23,198.0,299.0,141.0,134.0,5000.0,1.0,3.1,1012.2,-5.1,0.0,E,0.2,Aotizhongxin,74.0,402.0,137.0,4472.650362318707,-1.3,7.9,1.65,8.154710144923236,2014-01-02 23:00:00,90.0,2014-01-03 23:00:00
7430,2014-01-05 01:00:00,0,train,7442,2014,1,5,1,143.0,177.0,52.0,92.0,2800.0,1.0,-3.1,1016.2,-5.7,0.0,ENE,1.3,Aotizhongxin,66.0,185.0,142.5,2046.9112318839113,-3.3,2.1,-1.75,3.3790579710097526,2014-01-05 01:00:00,137.0,2014-01-06 01:00:00
7562,2014-01-10 13:00:00,0,train,7574,2014,1,10,13,56.0,63.0,77.0,70.0,1600.0,8.0,3.6,1023.0,-20.7,0.0,S,1.3,Aotizhongxin,11.0,68.0,47.0,258.8405797099429,-8.7,3.6,-3.45,13.014492753618025,2014-01-10 13:00:00,61.0,2014-01-11 13:00:00
7592,2014-01-11 19:00:00,0,train,7604,2014,1,11,19,180.0,234.0,112.0,130.0,3000.0,1.0,-0.9,1023.4,-15.2,0.0,NW,0.9,Aotizhongxin,39.0,200.0,97.5,2212.5144927534525,-9.2,6.3,-3.95,24.686956521734142,2014-01-11 19:00:00,33.0,2014-01-12 19:00:00
7658,2014-01-14 13:00:00,0,train,7670,2014,1,14,13,65.0,44.0,75.0,53.0,1800.0,24.0,3.2,1027.0,-13.6,0.0,WSW,1.7,Aotizhongxin,32.0,153.0,93.0,1450.6068840577966,-8.4,4.0,-4.8,15.182155797096351,2014-01-14 13:00:00,44.0,2014-01-15 13:00:00
7751,2014-01-18 10:00:00,0,train,7763,2014,1,18,10,39.0,64.0,63.0,57.0,1400.0,9.0,4.4,1028.5,-15.5,0.0,NNE,1.7,Aotizhongxin,9.0,282.0,32.5,5426.543478260743,-7.8,6.5,-3.3,23.157663043473388,2014-01-18 10:00:00,120.0,2014-01-19 10:00:00
7756,2014-01-18 15:00:00,0,train,7768,2014,1,18,15,105.0,138.0,41.0,89.0,1800.0,26.0,4.1,1025.1,-12.4,0.0,SW,4.1,Aotizhongxin,9.0,282.0,35.5,5643.9927536230625,-7.8,6.0,-3.3,24.499981884053117,2014-01-18 15:00:00,177.0,2014-01-19 15:00:00
7772,2014-01-19 07:00:00,0,train,7784,2014,1,19,7,106.0,126.0,72.0,79.0,3200.0,1.0,-2.1,1019.8,-6.1,0.0,NNE,1.9,Aotizhongxin,29.0,144.0,100.0,1314.2445652172742,-4.8,6.0,0.6,9.592971014488285,2014-01-19 07:00:00,7.0,2014-01-20 07:00:00
7789,2014-01-20 00:00:00,0,train,7801,2014,1,20,0,16.0,191.0,9.0,,400.0,58.0,0.3,1020.0,-17.5,0.0,NNW,5.0,Aotizhongxin,16.0,182.0,116.0,3130.5144927535116,-2.1,5.2,0.5,5.380797101444737,2014-01-20 00:00:00,10.0,2014-01-21 00:00:00
7816,2014-01-21 03:00:00,0,train,7828,2014,1,21,3,11.0,16.0,8.0,7.0,400.0,41.0,-3.3,1028.8,-18.1,0.0,NNE,2.3,Aotizhongxin,3.0,14.0,9.0,7.244565217251202,-4.9,2.8,-1.0,4.5012862318793525,2014-01-21 03:00:00,140.0,2014-01-22 03:00:00
7855,2014-01-22 18:00:00,1,train,7867,2014,1,22,18,136.0,178.0,75.0,135.0,2300.0,1.0,-1.4,1015.5,-11.8,0.0,WNW,0.6,Aotizhongxin,54.0,148.0,110.5,717.0416666665543,-7.5,7.0,-3.35,20.98630434782123,2014-01-22 18:00:00,213.0,2014-01-23 18:00:00
7858,2014-01-22 21:00:00,1,train,7870,2014,1,22,21,179.0,213.0,94.0,125.0,2500.0,1.0,-4.8,1016.2,-10.8,0.0,NNW,0.5,Aotizhongxin,65.0,179.0,115.0,1082.5434782607597,-7.5,7.0,-3.75,21.259710144922664,2014-01-22 21:00:00,265.0,2014-01-23 21:00:00
7889,2014-01-24 04:00:00,0,train,7901,2014,1,24,4,261.0,292.0,80.0,,4100.0,1.0,-1.7,1008.7,-10.5,0.0,NNE,0.8,Aotizhongxin,173.0,286.0,215.0,1413.5362318839686,-4.9,3.9,-1.35,7.486956521734396,2014-01-24 04:00:00,35.0,2014-01-25 04:00:00
7911,2014-01-25 03:00:00,0,train,7924,2014,1,25,3,35.0,35.0,41.0,72.0,1100.0,1.0,1.8,1017.0,-15.7,0.0,NE,1.1,Aotizhongxin,29.0,261.0,70.5,6583.188405797007,-3.3,8.8,1.8,13.738097826082681,2014-01-25 03:00:00,25.0,2014-01-26 03:00:00
7934,2014-01-26 02:00:00,0,train,7947,2014,1,26,2,28.0,69.0,21.0,40.0,900.0,19.0,-0.9,1027.8,-6.5,0.0,SSW,2.8,Aotizhongxin,5.0,55.0,11.0,154.31620553349174,-1.6,8.2,4.1,8.306304347821973,2014-01-26 02:00:00,105.0,2014-01-27 02:00:00
7997,2014-01-28 17:00:00,0,train,8010,2014,1,28,17,79.0,128.0,27.0,35.0,1000.0,66.0,3.6,1018.7,-8.1,0.0,SSW,2.2,Aotizhongxin,5.0,79.0,15.0,547.0851449274339,-6.9,6.7,2.5999999999999996,13.17679347825649,2014-01-28 17:00:00,171.0,2014-01-29 17:00:00
8004,2014-01-29 00:00:00,1,train,8017,2014,1,29,0,69.0,98.0,37.0,71.0,1800.0,1.0,-2.5,1015.4,-6.3,0.0,NNE,1.8,Aotizhongxin,5.0,81.0,53.0,758.2445652172917,-6.9,5.1,1.45,11.86563405796653,2014-01-29 00:00:00,207.0,2014-01-30 00:00:00
8082,2014-02-01 06:00:00,0,train,8095,2014,2,1,6,148.0,141.0,81.0,64.0,1900.0,1.0,1.7,1011.5,-0.7,0.0,ENE,1.1,Aotizhongxin,55.0,153.0,130.5,988.7173913042591,-1.2,3.6,2.05,1.2640579710101432,2014-02-01 06:00:00,151.0,2014-02-02 06:00:00
8099,2014-02-01 23:00:00,0,train,8112,2014,2,1,23,128.0,121.0,28.0,56.0,2000.0,1.0,2.3,1006.3,0.8,0.0,W,1.6,Aotizhongxin,98.0,170.0,136.0,518.4927536231022,1.6,4.9,2.6,1.3417210144885348,2014-02-01 23:00:00,3.0,2014-02-02 23:00:00
8106,2014-02-02 06:00:00,0,train,8119,2014,2,2,6,151.0,154.0,24.0,55.0,2600.0,1.0,1.2,1006.2,0.2,0.0,NE,2.5,Aotizhongxin,98.0,170.0,127.5,500.17391304339156,1.2,4.9,2.6,1.2534601449233242,2014-02-02 06:00:00,3.0,2014-02-03 06:00:00
8145,2014-02-03 21:00:00,0,train,8158,2014,2,3,21,10.0,38.0,7.0,12.0,400.0,60.0,-2.6,1022.6,-27.3,0.0,NNW,2.6,Aotizhongxin,3.0,10.0,4.0,6.51449275349581,-3.5,2.0,-0.45,3.3188405797054688,2014-02-03 21:00:00,87.0,2014-02-04 21:00:00
8160,2014-02-04 12:00:00,0,train,8173,2014,2,4,12,7.0,9.0,6.0,8.0,400.0,66.0,0.4,1023.2,-25.8,0.0,SE,1.9,Aotizhongxin,3.0,11.0,5.0,8.19565217378607,-6.6,1.7,-2.1500000000000004,5.929836956516852,2014-02-04 12:00:00,86.0,2014-02-05 12:00:00
8165,2014-02-04 17:00:00,0,train,8178,2014,2,4,17,14.0,12.0,21.0,35.0,600.0,42.0,-1.5,1021.2,-22.8,0.0,WSW,1.7,Aotizhongxin,3.0,14.0,5.0,11.302536231757186,-6.6,0.7,-2.1500000000000004,4.891231884053058,2014-02-04 17:00:00,87.0,2014-02-05 17:00:00
8173,2014-02-05 01:00:00,0,train,8186,2014,2,5,1,63.0,75.0,34.0,43.0,1100.0,25.0,-3.9,1023.0,-19.8,0.0,ENE,0.8,Aotizhongxin,3.0,158.0,10.5,1582.340579710026,-6.6,0.7,-2.4000000000000004,5.123025362313888,2014-02-05 01:00:00,167.0,2014-02-06 01:00:00
8221,2014-02-07 01:00:00,0,train,8234,2014,2,7,1,74.0,55.0,35.0,40.0,1200.0,20.0,-1.3,1024.1,-5.2,0.0,SSE,1.3,Aotizhongxin,74.0,161.0,114.5,549.1884057970123,-4.5,1.8,-0.65,4.012101449270595,2014-02-07 01:00:00,73.0,2014-02-08 01:00:00
8240,2014-02-07 20:00:00,0,train,8253,2014,2,7,20,91.0,62.0,31.0,70.0,1300.0,4.0,-3.1,1018.6,-4.2,0.0,NNE,0.6,Aotizhongxin,64.0,128.0,85.0,177.99818840569753,-3.5,0.1,-2.5,0.9865036231835065,2014-02-07 20:00:00,5.0,2014-02-08 20:00:00
8305,2014-02-10 13:00:00,0,train,8318,2014,2,10,13,15.0,21.0,22.0,26.0,600.0,51.0,-1.7,1027.3,-17.0,0.0,SSE,1.5,Aotizhongxin,3.0,17.0,10.5,13.826086956394679,-12.2,-1.0,-4.75,11.973315217385949,2014-02-10 13:00:00,84.0,2014-02-11 13:00:00
8317,2014-02-11 01:00:00,1,train,8330,2014,2,11,1,72.0,83.0,41.0,85.0,2300.0,1.0,-9.5,1024.3,-13.1,0.0,ENE,0.9,Aotizhongxin,8.0,72.0,18.0,351.0362318839359,-12.2,-1.2,-7.05,13.459836956516243,2014-02-11 01:00:00,194.0,2014-02-12 01:00:00
8391,2014-02-14 03:00:00,1,train,8404,2014,2,14,3,222.0,207.0,41.0,53.0,,1.0,-5.3,1022.0,-7.1,0.0,NE,1.1,Aotizhongxin,135.0,248.0,186.0,1209.7373188405163,-5.3,-1.2,-2.9,1.246938405792072,2014-02-14 03:00:00,414.0,2014-02-15 03:00:00
8398,2014-02-14 10:00:00,1,train,8411,2014,2,14,10,204.0,198.0,82.0,84.0,3000.0,1.0,-1.3,1021.6,-5.7,0.0,NE,1.4,Aotizhongxin,166.0,248.0,213.0,566.5144927535679,-5.9,-1.2,-2.9,2.4301449275311486,2014-02-14 10:00:00,314.0,2014-02-15 10:00:00
8421,2014-02-15 09:00:00,1,train,8434,2014,2,15,9,313.0,319.0,83.0,102.0,4000.0,1.0,-0.5,1020.0,-5.5,0.0,NE,1.5,Aotizhongxin,114.0,584.0,304.5,14973.818840579712,-4.5,3.2,-2.8,5.969547101444444,2014-02-15 09:00:00,379.0,2014-02-16 09:00:00
8426,2014-02-15 14:00:00,0,train,8439,2014,2,15,14,414.0,393.0,136.0,123.0,3500.0,13.0,4.3,1017.1,-5.2,0.0,E,0.9,Aotizhongxin,114.0,584.0,321.0,11226.780797101468,-4.5,4.5,-2.8,8.900416666661892,2014-02-15 14:00:00,131.0,2014-02-16 14:00:00
8432,2014-02-15 20:00:00,1,train,8445,2014,2,15,20,412.0,388.0,58.0,130.0,3200.0,1.0,-3.2,1018.8,-5.2,0.0,NE,0.7,Aotizhongxin,302.0,584.0,402.0,6839.563405797138,-4.5,4.5,-2.55,9.695579710140192,2014-02-15 20:00:00,287.0,2014-02-16 20:00:00
8449,2014-02-16 13:00:00,0,train,8462,2014,2,16,13,122.0,59.0,43.0,39.0,1300.0,63.0,6.5,1023.2,-9.9,0.0,SSE,1.4,Aotizhongxin,122.0,505.0,414.0,7085.478260869607,-3.4,6.5,-1.5,11.995054347821526,2014-02-16 13:00:00,78.0,2014-02-17 13:00:00
8454,2014-02-16 18:00:00,0,train,8467,2014,2,16,18,218.0,226.0,81.0,90.0,3000.0,32.0,3.3,1024.3,-3.7,0.0,SW,1.8,Aotizhongxin,122.0,503.0,403.0,15256.389492753633,-3.4,7.0,-1.05,14.95389492753175,2014-02-16 18:00:00,70.0,2014-02-17 18:00:00
8458,2014-02-16 22:00:00,0,train,8471,2014,2,16,22,262.0,239.0,77.0,105.0,2900.0,1.0,2.1,1027.0,-4.9,0.0,SW,0.7,Aotizhongxin,122.0,503.0,360.0,14686.862318840569,-3.4,7.0,1.8,13.31239130434344,2014-02-16 22:00:00,59.0,2014-02-17 22:00:00
8481,2014-02-17 21:00:00,0,train,8494,2014,2,17,21,65.0,152.0,34.0,53.0,1000.0,32.0,-0.5,1030.3,-11.3,0.0,SSW,3.3,Aotizhongxin,42.0,262.0,76.5,3304.9492753621,-1.2,5.0,2.05,3.3425362318797482,2014-02-17 21:00:00,85.0,2014-02-18 21:00:00
8537,2014-02-20 05:00:00,1,train,8550,2014,2,20,5,129.0,140.0,19.0,,2400.0,1.0,-2.7,1024.4,-4.7,0.0,N,1.9,Aotizhongxin,13.0,142.0,54.0,2652.9547101446838,-4.9,6.3,1.15,11.377318840575262,2014-02-20 05:00:00,281.0,2014-02-21 05:00:00
8570,2014-02-21 14:00:00,1,train,8583,2014,2,21,14,238.0,270.0,91.0,84.0,2300.0,23.0,4.0,1020.2,-2.9,0.0,NE,1.9,Aotizhongxin,196.0,343.0,287.0,2191.346014492712,-1.1,4.0,-0.35,2.2854891304302596,2014-02-21 14:00:00,242.0,2014-02-22 14:00:00
8572,2014-02-21 16:00:00,1,train,8585,2014,2,21,16,251.0,284.0,86.0,100.0,2400.0,18.0,3.3,1020.2,-3.1,0.0,ENE,1.8,Aotizhongxin,196.0,343.0,286.0,2241.5362318840143,-1.1,4.0,-0.35,3.0211413043433275,2014-02-21 16:00:00,299.0,2014-02-22 16:00:00
8600,2014-02-22 20:00:00,1,train,8613,2014,2,22,20,208.0,273.0,87.0,110.0,3300.0,1.0,4.4,1025.0,-2.0,0.0,SSE,1.8,Aotizhongxin,208.0,313.0,267.0,744.9112318840027,-1.1,6.1,2.6500000000000004,6.17635869564795,2014-02-22 20:00:00,215.0,2014-02-23 20:00:00
8606,2014-02-23 02:00:00,1,train,8619,2014,2,23,2,197.0,199.0,63.0,61.0,2800.0,9.0,2.2,1025.6,-2.1,0.0,SSE,0.9,Aotizhongxin,197.0,304.0,263.0,1239.8677536231232,0.6,6.1,3.75,3.0282427536190824,2014-02-23 02:00:00,228.0,2014-02-24 02:00:00
8609,2014-02-23 05:00:00,1,train,8622,2014,2,23,5,175.0,175.0,65.0,,2100.0,6.0,1.6,1025.3,-3.3,0.0,WSW,1.0,Aotizhongxin,175.0,300.0,238.5,1423.0362318839827,1.6,6.1,3.75,2.4091123188364914,2014-02-23 05:00:00,223.0,2014-02-24 05:00:00
8736,2014-02-28 18:00:00,0,train,8755,2014,2,28,18,93.0,99.0,43.0,57.0,1000.0,40.0,3.4,1017.5,-3.2,0.0,NE,1.3,Aotizhongxin,8.0,111.0,62.5,884.8677536230845,-2.0,6.2,0.05,7.414764492749189,2014-02-28 18:00:00,35.0,2014-03-01 18:00:00
8807,2014-03-03 17:00:00,0,train,8826,2014,3,3,17,239.0,273.0,113.0,100.0,4600.0,2.0,3.0,1014.6,-3.8,0.0,N,1.6,Aotizhongxin,128.0,281.0,209.0,2225.3840579709827,-2.3,7.7,3.05,6.552155797097178,2014-03-03 17:00:00,12.0,2014-03-04 17:00:00
8850,2014-03-05 12:00:00,0,train,8869,2014,3,5,12,28.0,49.0,20.0,48.0,800.0,39.0,7.1,1021.5,-17.1,0.0,WSW,3.9,Aotizhongxin,3.0,28.0,8.5,45.476449275254865,-5.4,9.3,3.3,22.391576086952274,2014-03-05 12:00:00,3.0,2014-03-06 12:00:00
8852,2014-03-05 14:00:00,0,train,8871,2014,3,5,14,27.0,48.0,22.0,28.0,500.0,61.0,8.3,1019.4,-16.9,0.0,SW,3.6,Aotizhongxin,3.0,28.0,10.0,63.47644927525546,-5.4,9.2,3.3,20.933460144923266,2014-03-05 14:00:00,3.0,2014-03-06 14:00:00
8865,2014-03-06 03:00:00,0,train,8884,2014,3,6,3,8.0,12.0,5.0,19.0,400.0,60.0,1.0,1024.1,-20.7,0.0,NNE,2.2,Aotizhongxin,3.0,46.0,21.0,177.5579710143897,-5.4,8.3,3.2,14.839836956517525,2014-03-06 03:00:00,77.0,2014-03-07 03:00:00
8882,2014-03-06 20:00:00,0,train,8901,2014,3,6,20,29.0,66.0,11.0,61.0,700.0,29.0,3.7,1022.4,-17.2,0.0,SW,2.5,Aotizhongxin,3.0,42.0,10.0,96.60688405786443,-1.7,8.8,3.35,10.190851449271246,2014-03-06 20:00:00,37.0,2014-03-07 20:00:00
8900,2014-03-07 14:00:00,0,train,8919,2014,3,7,14,12.0,17.0,8.0,20.0,500.0,65.0,8.6,1021.8,-18.3,0.0,SW,0.8,Aotizhongxin,3.0,88.0,44.5,816.2318840578782,-3.2,8.8,3.6500000000000004,16.893315217387165,2014-03-07 14:00:00,181.0,2014-03-08 14:00:00
8912,2014-03-08 02:00:00,0,train,8931,2014,3,8,2,126.0,165.0,93.0,99.0,2000.0,2.0,1.5,1019.7,-7.3,0.0,WSW,0.8,Aotizhongxin,6.0,126.0,58.0,1011.8478260868686,-3.2,8.6,4.95,14.687373188401748,2014-03-08 02:00:00,40.0,2014-03-09 02:00:00
8961,2014-03-10 03:00:00,0,train,8980,2014,3,10,3,19.0,27.0,14.0,43.0,600.0,2.0,0.3,1021.4,-3.6,0.0,NE,1.6,Aotizhongxin,19.0,156.0,101.0,1356.608695652103,-2.8,10.2,4.85,18.242318840575702,2014-03-10 03:00:00,172.0,2014-03-11 03:00:00
9072,2014-03-14 18:00:00,0,train,9091,2014,3,14,18,30.0,126.0,9.0,28.0,400.0,81.0,14.0,1008.0,-10.0,0.0,SSW,3.1,Aotizhongxin,7.0,40.0,17.0,91.12862318831944,1.8,16.5,11.45,14.746938405794051,2014-03-14 18:00:00,121.0,2014-03-15 18:00:00
9102,2014-03-16 00:00:00,0,train,9121,2014,3,16,0,181.0,283.0,94.0,127.0,2600.0,2.0,10.4,1009.4,-0.2,0.0,E,1.2,Aotizhongxin,64.0,181.0,94.0,1312.3749999999368,1.9,22.1,11.6,41.59548913043182,2014-03-16 00:00:00,132.0,2014-03-17 00:00:00
9130,2014-03-17 04:00:00,0,train,9149,2014,3,17,4,139.0,215.0,53.0,109.0,1900.0,2.0,4.9,1004.3,1.4,0.0,E,0.0,Aotizhongxin,61.0,147.0,122.5,882.2590579709539,4.9,17.6,11.55,17.053460144924546,2014-03-17 04:00:00,21.0,2014-03-18 04:00:00
9235,2014-03-21 13:00:00,0,train,9254,2014,3,21,13,27.0,52.0,7.0,38.0,500.0,72.0,20.3,1012.5,-5.6,0.0,SW,2.8,Aotizhongxin,8.0,49.0,15.0,88.3460144926751,1.8,20.4,11.25,39.81565217391002,2014-03-21 13:00:00,25.0,2014-03-22 13:00:00
9350,2014-03-26 08:00:00,1,train,9369,2014,3,26,8,269.0,347.0,34.0,124.0,2200.0,2.0,14.0,1006.9,8.0,0.0,NNE,1.3,Aotizhongxin,147.0,269.0,221.5,1441.8967391303975,8.6,22.3,15.600000000000001,23.251014492751107,2014-03-26 08:00:00,306.0,2014-03-27 08:00:00
9399,2014-03-28 09:00:00,0,train,9418,2014,3,28,9,117.0,140.0,16.0,71.0,1800.0,5.0,15.5,1002.7,12.4,0.0,N,1.2,Aotizhongxin,81.0,396.0,129.5,8258.97826086947,11.5,15.5,13.25,1.6642753623160431,2014-03-28 09:00:00,28.0,2014-03-29 09:00:00
9439,2014-03-30 01:00:00,0,train,9458,2014,3,30,1,54.0,155.0,12.0,101.0,700.0,2.0,9.3,1008.8,6.6,0.0,W,0.0,Aotizhongxin,5.0,57.0,26.0,187.0362318838644,9.3,23.0,17.35,19.796739130432446,2014-03-30 01:00:00,92.0,2014-03-31 01:00:00
9482,2014-03-31 20:00:00,0,train,9501,2014,3,31,20,96.0,123.0,20.0,70.0,1100.0,60.0,14.1,1009.1,8.9,0.0,SW,0.5,Aotizhongxin,6.0,271.0,131.0,5601.586956521624,13.7,22.3,17.05,7.788097826084678,2014-03-31 20:00:00,66.0,2014-04-01 20:00:00
9529,2014-04-02 19:00:00,0,train,9548,2014,4,2,19,130.0,224.0,31.0,64.0,1100.0,87.0,15.9,1014.3,4.3,0.0,SSW,1.1,Aotizhongxin,27.0,156.0,105.0,991.3894927534922,10.8,23.6,18.1,17.187373188403598,2014-04-02 19:00:00,10.0,2014-04-03 19:00:00
9531,2014-04-02 21:00:00,0,train,9550,2014,4,2,21,101.0,193.0,24.0,64.0,900.0,60.0,15.4,1016.2,1.9,0.0,SE,2.0,Aotizhongxin,27.0,156.0,105.5,929.7318840578411,10.8,23.6,17.049999999999997,17.316449275360068,2014-04-02 21:00:00,12.0,2014-04-03 21:00:00
9667,2014-04-08 13:00:00,0,train,9686,2014,4,8,13,226.0,285.0,57.0,105.0,1700.0,100.0,24.1,1006.3,4.4,0.0,SW,2.7,Aotizhongxin,100.0,238.0,166.0,1811.3260869564315,10.5,25.1,16.75,28.728242753620908,2014-04-08 13:00:00,97.0,2014-04-09 13:00:00
9715,2014-04-10 13:00:00,0,train,9734,2014,4,10,13,106.0,400.0,23.0,47.0,1000.0,52.0,17.9,1016.1,0.5,0.0,SSW,2.7,Aotizhongxin,49.0,150.0,116.0,857.2753623187136,14.5,30.0,16.950000000000003,24.985434782606703,2014-04-10 13:00:00,88.0,2014-04-11 13:00:00
9746,2014-04-11 20:00:00,0,train,9765,2014,4,11,20,74.0,93.0,28.0,53.0,1000.0,72.0,14.2,1011.8,0.1,0.0,SW,1.4,Aotizhongxin,43.0,96.0,74.0,228.1449275360785,13.1,17.7,14.8,2.150362318837853,2014-04-11 20:00:00,128.0,2014-04-12 20:00:00
9784,2014-04-13 10:00:00,1,train,9803,2014,4,13,10,188.0,234.0,42.0,101.0,1600.0,16.0,18.6,1012.8,6.4,0.0,WSW,0.6,Aotizhongxin,93.0,190.0,128.0,649.1286231882955,8.8,21.3,15.2,17.451884057968385,2014-04-13 10:00:00,294.0,2014-04-14 10:00:00
9809,2014-04-14 11:00:00,0,train,9828,2014,4,14,11,264.0,295.0,58.0,82.0,2300.0,72.0,22.1,1011.3,11.2,0.0,WNW,1.2,Aotizhongxin,142.0,294.0,219.0,1499.6503623187891,11.7,23.3,17.5,17.571286231881842,2014-04-14 11:00:00,116.0,2014-04-15 11:00:00
9810,2014-04-14 12:00:00,0,train,9829,2014,4,14,12,286.0,340.0,63.0,116.0,2300.0,75.0,23.6,1010.4,13.2,0.0,SSW,1.6,Aotizhongxin,142.0,294.0,222.5,1695.7101449274867,11.7,23.6,17.5,18.21041666666446,2014-04-14 12:00:00,110.0,2014-04-15 12:00:00
9812,2014-04-14 14:00:00,0,train,9831,2014,4,14,14,268.0,301.0,47.0,92.0,1900.0,164.0,24.9,1008.5,13.1,0.0,SSW,2.0,Aotizhongxin,142.0,294.0,233.0,1914.5634057970553,11.7,24.9,17.5,20.119347826084777,2014-04-14 14:00:00,101.0,2014-04-15 14:00:00
9828,2014-04-15 06:00:00,0,train,9847,2014,4,15,6,164.0,264.0,10.0,,1300.0,2.0,14.7,1014.0,12.2,0.0,NNE,1.1,Aotizhongxin,52.0,294.0,227.5,7242.722826086888,13.1,25.0,20.1,17.827826086954648,2014-04-15 06:00:00,58.0,2014-04-16 06:00:00
9856,2014-04-16 10:00:00,0,train,9875,2014,4,16,10,128.0,56.0,17.0,71.0,800.0,24.0,17.6,1009.8,-3.2,0.0,WSW,1.9,Aotizhongxin,35.0,128.0,63.0,772.8405797099797,12.1,22.1,15.45,8.904347826084486,2014-04-16 10:00:00,104.0,2014-04-17 10:00:00
9885,2014-04-17 15:00:00,0,train,9904,2014,4,17,15,84.0,98.0,36.0,44.0,1200.0,103.0,17.2,1006.5,10.1,0.0,SSW,1.6,Aotizhongxin,19.0,109.0,82.5,441.79710144911917,11.1,20.9,13.75,7.4999275362291185,2014-04-17 15:00:00,111.0,2014-04-18 15:00:00
9896,2014-04-18 02:00:00,0,train,9915,2014,4,18,2,159.0,176.0,19.0,77.0,2000.0,2.0,14.3,1011.2,11.1,0.0,WSW,1.4,Aotizhongxin,68.0,159.0,103.5,455.99275362304775,11.1,17.2,14.7,4.033894927533438,2014-04-18 02:00:00,74.0,2014-04-19 02:00:00
9951,2014-04-20 09:00:00,0,train,9970,2014,4,20,9,85.0,92.0,16.0,66.0,700.0,22.0,16.3,1012.6,1.9,0.0,WNW,1.0,Aotizhongxin,40.0,121.0,67.5,511.3894927534681,7.4,16.3,11.8,7.272590579706751,2014-04-20 09:00:00,89.0,2014-04-21 09:00:00
9960,2014-04-20 18:00:00,0,train,9979,2014,4,20,18,61.0,114.0,8.0,57.0,400.0,106.0,19.4,1007.8,4.3,0.0,SW,2.8,Aotizhongxin,3.0,121.0,67.5,973.8840579708549,7.4,22.9,11.8,31.49188405796819,2014-04-20 18:00:00,39.0,2014-04-21 18:00:00
9989,2014-04-21 23:00:00,0,train,10008,2014,4,21,23,58.0,154.0,9.0,94.0,600.0,26.0,11.2,1010.3,6.5,0.0,W,0.0,Aotizhongxin,24.0,90.0,59.0,433.6938405795443,7.9,24.1,18.75,36.87826086956294,2014-04-21 23:00:00,52.0,2014-04-22 23:00:00
10040,2014-04-24 02:00:00,0,train,10059,2014,4,24,2,85.0,134.0,14.0,50.0,500.0,68.0,16.7,1006.7,11.4,0.0,S,2.0,Aotizhongxin,72.0,205.0,132.0,1754.43297101438,12.3,24.3,20.35,13.87623188405631,2014-04-24 02:00:00,146.0,2014-04-25 02:00:00
10047,2014-04-24 09:00:00,0,train,10066,2014,4,24,9,114.0,149.0,16.0,61.0,700.0,47.0,18.2,1010.2,12.4,0.0,SSW,1.5,Aotizhongxin,72.0,205.0,115.0,1970.2318840578525,14.4,24.3,20.299999999999997,8.29971014492599,2014-04-24 09:00:00,152.0,2014-04-25 09:00:00
10064,2014-04-25 02:00:00,0,train,10083,2014,4,25,2,146.0,162.0,14.0,144.0,1300.0,2.0,15.0,1010.0,14.0,0.0,WNW,0.4,Aotizhongxin,87.0,177.0,125.0,585.3913043477058,14.4,23.7,18.35,8.989112318838815,2014-04-25 02:00:00,25.0,2014-04-26 02:00:00
10181,2014-05-03 23:00:00,0,train,10296,2014,5,3,23,44.0,103.0,2.0,8.0,300.0,79.0,11.7,1012.6,-4.1,0.0,N,2.5,Aotizhongxin,33.0,99.0,55.5,390.2590579710072,7.9,23.0,15.2,27.741449275359578,2014-05-03 23:00:00,39.0,2014-05-04 23:00:00
10195,2014-05-04 13:00:00,0,train,10310,2014,5,4,13,46.0,101.0,2.0,6.0,400.0,88.0,17.2,1011.4,-11.5,0.0,N,5.9,Aotizhongxin,32.0,78.0,46.5,112.08514492752765,9.5,22.0,14.2,15.678097826083983,2014-05-04 13:00:00,16.0,2014-05-05 13:00:00
10202,2014-05-04 20:00:00,0,train,10317,2014,5,4,20,26.0,39.0,2.0,24.0,500.0,62.0,8.2,1013.0,-0.8,0.0,WSW,0.4,Aotizhongxin,26.0,55.0,40.5,78.23188405796175,8.2,17.7,13.0,9.699130434779295,2014-05-04 20:00:00,29.0,2014-05-05 20:00:00
10204,2014-05-04 22:00:00,0,train,10319,2014,5,4,22,32.0,85.0,2.0,74.0,500.0,2.0,7.0,1013.3,0.4,0.0,S,0.0,Aotizhongxin,26.0,55.0,37.0,82.73731884057038,7.0,17.7,12.149999999999999,12.818840579706702,2014-05-04 22:00:00,41.0,2014-05-05 22:00:00
10206,2014-05-05 00:00:00,0,train,10321,2014,5,5,0,98.0,102.0,8.0,79.0,800.0,2.0,5.8,1012.7,0.3,0.0,NE,1.0,Aotizhongxin,26.0,98.0,37.0,222.47644927535313,5.8,17.7,11.899999999999999,16.49673913043122,2014-05-05 00:00:00,54.0,2014-05-06 00:00:00
10256,2014-05-07 02:00:00,0,train,10371,2014,5,7,2,134.0,174.0,46.0,95.0,2700.0,3.0,11.6,997.0,10.5,0.0,E,0.1,Aotizhongxin,54.0,179.0,110.5,851.2971014492714,9.1,21.8,17.0,17.203405797098807,2014-05-07 02:00:00,108.0,2014-05-08 02:00:00
10310,2014-05-09 08:00:00,0,train,10425,2014,5,9,8,77.0,155.0,69.0,91.0,2300.0,32.0,17.5,1009.7,5.7,0.0,SE,2.3,Aotizhongxin,52.0,146.0,66.5,426.7807971014422,16.1,22.2,18.9,4.939112318838794,2014-05-09 08:00:00,49.0,2014-05-10 08:00:00
10317,2014-05-09 15:00:00,0,train,10432,2014,5,9,15,75.0,115.0,37.0,59.0,1500.0,69.0,18.6,1008.0,8.3,0.0,NE,1.0,Aotizhongxin,52.0,83.0,68.5,61.99275362318058,16.1,22.2,17.5,3.0704166666645705,2014-05-09 15:00:00,68.0,2014-05-10 15:00:00
10338,2014-05-10 12:00:00,0,train,10453,2014,5,10,12,55.0,96.0,39.0,47.0,1200.0,75.0,17.8,1011.1,8.1,0.0,ENE,1.5,Aotizhongxin,34.0,75.0,50.0,146.8097826086838,13.6,19.6,16.950000000000003,3.1530253623163484,2014-05-10 12:00:00,19.0,2014-05-11 12:00:00
10363,2014-05-11 13:00:00,0,train,10478,2014,5,11,13,12.0,12.0,3.0,22.0,900.0,90.0,12.8,998.7,11.7,0.5,NNE,1.2,Aotizhongxin,12.0,76.0,43.5,377.6521739130302,10.5,19.3,11.7,10.858097826083522,2014-05-11 13:00:00,12.0,2014-05-12 13:00:00
10402,2014-05-13 04:00:00,0,train,10517,2014,5,13,4,42.0,113.0,13.0,72.0,600.0,23.0,13.3,995.0,12.5,0.0,ENE,0.7,Aotizhongxin,12.0,60.0,43.0,181.25905797100083,10.3,29.0,23.85,39.572155797100585,2014-05-13 04:00:00,31.0,2014-05-14 04:00:00
10601,2014-05-21 11:00:00,1,train,10716,2014,5,21,11,101.0,144.0,28.0,56.0,1100.0,96.0,27.5,1000.3,14.5,0.0,SW,2.0,Aotizhongxin,15.0,130.0,84.8,1331.3344927536139,17.2,31.9,24.5,25.95592391304331,2014-05-21 11:00:00,282.0,2014-05-22 11:00:00
10649,2014-05-23 11:00:00,0,train,10764,2014,5,23,11,104.0,177.0,42.0,44.0,900.0,194.0,32.2,1004.7,14.8,0.0,SW,3.0,Aotizhongxin,42.0,266.0,81.5,2185.8677536231985,19.5,33.6,27.7,21.680000000000824,2014-05-23 11:00:00,82.0,2014-05-24 11:00:00
10655,2014-05-23 17:00:00,0,train,10770,2014,5,23,17,59.0,140.0,14.0,26.0,400.0,189.0,30.1,1002.7,13.0,0.0,WSW,1.8,Aotizhongxin,42.0,120.0,78.5,534.2826086956592,19.5,32.3,27.7,17.443478260870247,2014-05-23 17:00:00,87.0,2014-05-24 17:00:00
10657,2014-05-23 19:00:00,0,train,10772,2014,5,23,19,58.0,132.0,12.0,39.0,500.0,166.0,27.0,1003.0,16.0,0.0,SW,0.0,Aotizhongxin,54.0,120.0,78.5,476.15760869565935,19.5,32.3,27.15,16.695199275362935,2014-05-23 19:00:00,90.0,2014-05-24 19:00:00
10682,2014-05-24 20:00:00,0,train,10797,2014,5,24,20,82.0,82.0,2.0,49.0,900.0,24.0,21.4,1003.1,20.0,0.0,SE,0.0,Aotizhongxin,65.0,107.0,83.5,167.99818840580522,19.2,27.3,21.35,6.080416666665516,2014-05-24 20:00:00,11.0,2014-05-25 20:00:00
10794,2014-05-29 12:00:00,0,train,10909,2014,5,29,12,58.0,58.0,18.0,63.0,800.0,213.0,39.2,990.9,4.6,0.0,ENE,1.8,Aotizhongxin,23.0,73.0,49.5,227.6521739130519,19.2,39.2,29.85,40.068677536233224,2014-05-29 12:00:00,122.0,2014-05-30 12:00:00
10828,2014-05-30 22:00:00,0,train,10943,2014,5,30,22,90.0,198.0,27.0,50.0,900.0,177.0,25.9,1002.2,16.4,0.0,ESE,0.1,Aotizhongxin,49.0,122.0,97.5,574.5923913043572,22.1,34.8,28.45,20.46650362318937,2014-05-30 22:00:00,129.0,2014-05-31 22:00:00
10845,2014-05-31 15:00:00,0,train,10960,2014,5,31,15,142.0,288.0,73.0,79.0,2500.0,240.0,33.5,999.1,16.4,0.0,SW,2.1,Aotizhongxin,76.0,142.0,103.5,433.79710144928424,21.5,33.5,27.45,17.73123188405862,2014-05-31 15:00:00,33.0,2014-06-01 15:00:00
10890,2014-06-02 12:00:00,0,train,11005,2014,6,2,12,20.0,20.0,3.0,22.0,400.0,120.0,23.4,1006.3,13.8,0.0,ESE,0.1,Aotizhongxin,17.0,105.0,33.5,393.28804347827264,17.7,29.5,18.95,13.951576086954855,2014-06-02 12:00:00,23.0,2014-06-03 12:00:00
11133,2014-06-12 15:00:00,0,train,11248,2014,6,12,15,18.0,18.0,5.0,17.0,300.0,130.0,34.3,996.8,13.7,0.0,ENE,2.6,Aotizhongxin,13.0,53.0,29.5,144.71739130436282,17.7,34.6,26.15,34.62592391304358,2014-06-12 15:00:00,50.0,2014-06-13 15:00:00
11156,2014-06-13 14:00:00,0,train,11271,2014,6,13,14,45.0,45.0,10.0,26.0,600.0,195.0,31.1,999.5,18.1,0.0,SW,2.6,Aotizhongxin,16.0,117.0,44.5,1307.0144927536328,21.7,35.0,27.8,16.91297101449332,2014-06-13 14:00:00,42.0,2014-06-14 14:00:00
11174,2014-06-14 08:00:00,0,train,11289,2014,6,14,8,41.0,41.0,2.0,50.0,300.0,32.0,24.8,1002.6,19.4,0.0,SSW,0.9,Aotizhongxin,15.0,72.0,31.5,243.2590579710284,18.1,31.5,20.299999999999997,26.786068840579016,2014-06-14 08:00:00,138.0,2014-06-15 08:00:00
11259,2014-06-17 21:00:00,0,train,11374,2014,6,17,21,74.0,74.0,2.0,64.0,900.0,56.0,20.2,998.0,20.2,0.0,NE,0.0,Aotizhongxin,14.0,245.0,72.0,4250.195652173918,18.4,26.7,21.200000000000003,8.681286231882904,2014-06-17 21:00:00,94.0,2014-06-18 21:00:00
11287,2014-06-19 01:00:00,0,train,11402,2014,6,19,1,136.0,136.0,2.0,59.0,800.0,59.0,20.9,997.2,20.1,0.0,ENE,0.6,Aotizhongxin,27.0,136.0,65.0,941.7318840579793,18.5,30.6,25.049999999999997,18.246793478260457,2014-06-19 01:00:00,63.0,2014-06-20 01:00:00
11316,2014-06-20 06:00:00,0,train,11431,2014,6,20,6,39.0,39.0,2.0,34.0,1400.0,50.0,19.3,1002.2,19.3,0.1,NE,1.3,Aotizhongxin,26.0,223.0,91.5,3372.635869565219,19.1,27.8,24.35,11.410851449274572,2014-06-20 06:00:00,75.0,2014-06-21 06:00:00
11319,2014-06-20 09:00:00,0,train,11434,2014,6,20,9,32.0,32.0,2.0,33.0,900.0,58.0,21.9,1002.3,20.4,0.0,NE,1.3,Aotizhongxin,26.0,223.0,86.0,3585.766304347828,19.1,27.8,23.200000000000003,11.526014492752614,2014-06-20 09:00:00,82.0,2014-06-21 09:00:00
11344,2014-06-21 10:00:00,0,train,11459,2014,6,21,10,89.0,89.0,4.0,47.0,1100.0,48.0,23.0,1003.8,19.0,0.0,W,0.8,Aotizhongxin,15.0,97.0,75.0,944.4329710145001,20.3,28.4,22.9,7.213840579709462,2014-06-21 10:00:00,42.0,2014-06-22 10:00:00
11374,2014-06-22 16:00:00,0,train,11489,2014,6,22,16,41.0,41.0,2.0,23.0,500.0,161.0,28.6,1000.7,18.1,0.0,NE,3.0,Aotizhongxin,13.0,69.0,29.0,295.4130434782703,16.9,28.6,18.950000000000003,18.93505434782456,2014-06-22 16:00:00,27.0,2014-06-23 16:00:00
11468,2014-06-26 14:00:00,0,train,11583,2014,6,26,14,65.0,65.0,16.0,26.0,600.0,207.0,32.7,995.0,22.2,0.0,W,1.9,Aotizhongxin,50.0,190.0,138.5,1391.5869565217333,22.4,32.7,23.5,11.984764492753534,2014-06-26 14:00:00,12.0,2014-06-27 14:00:00
11477,2014-06-26 23:00:00,0,train,11592,2014,6,26,23,88.0,88.0,5.0,106.0,1600.0,38.0,25.7,999.8,22.2,0.0,NNW,0.4,Aotizhongxin,50.0,190.0,129.5,2067.8242753623153,22.4,32.7,27.0,13.622608695652753,2014-06-26 23:00:00,33.0,2014-06-27 23:00:00
11569,2014-06-30 19:00:00,0,train,11684,2014,6,30,19,54.0,54.0,9.0,35.0,500.0,185.0,31.4,998.6,14.1,0.0,SW,1.5,Aotizhongxin,54.0,114.0,77.5,241.01449275362532,24.0,35.2,28.65,16.662826086957686,2014-06-30 19:00:00,163.0,2014-07-01 19:00:00
11573,2014-06-30 23:00:00,0,train,11688,2014,6,30,23,67.0,67.0,12.0,64.0,500.0,108.0,28.2,999.3,16.8,0.0,SW,1.3,Aotizhongxin,47.0,114.0,75.0,309.34601449275635,24.0,35.2,29.8,15.384329710146243,2014-06-30 23:00:00,64.0,2014-07-01 23:00:00
11605,2014-07-02 07:00:00,1,train,11720,2014,7,2,7,42.0,42.0,2.0,26.0,600.0,94.0,21.6,998.1,21.6,0.0,ENE,0.8,Aotizhongxin,22.0,188.0,120.0,2565.043478260866,21.2,31.2,27.950000000000003,17.520271739130518,2014-07-02 07:00:00,248.0,2014-07-03 07:00:00
11639,2014-07-03 17:00:00,1,train,11754,2014,7,3,17,205.0,205.0,,,,,28.6,994.0,23.5,0.0,SW,2.0,Aotizhongxin,84.0,259.0,215.0,4481.884057970976,23.3,30.8,24.8,6.086666666666607,2014-07-03 17:00:00,221.0,2014-07-04 17:00:00
11642,2014-07-03 20:00:00,0,train,11757,2014,7,3,20,154.0,154.0,2.0,39.0,800.0,133.0,26.4,995.2,23.9,0.0,NNE,0.8,Aotizhongxin,109.0,259.0,215.0,3335.0362318840166,23.3,30.8,25.549999999999997,6.371231884058036,2014-07-03 20:00:00,184.0,2014-07-04 20:00:00
11646,2014-07-04 00:00:00,0,train,11761,2014,7,4,0,256.0,256.0,2.0,60.0,1400.0,58.0,24.3,996.9,24.0,0.0,E,0.0,Aotizhongxin,111.0,269.0,234.5,2240.2318840579233,23.3,30.8,25.7,5.715634057971153,2014-07-04 00:00:00,159.0,2014-07-05 00:00:00
11724,2014-07-07 06:00:00,0,train,11839,2014,7,7,6,87.0,87.0,2.0,43.0,600.0,15.0,25.8,999.0,23.8,0.0,ENE,0.0,Aotizhongxin,87.0,233.0,187.0,1858.6793478260338,24.9,32.2,28.6,5.800416666667796,2014-07-07 06:00:00,141.0,2014-07-08 06:00:00
11725,2014-07-07 07:00:00,0,train,11840,2014,7,7,7,84.0,84.0,2.0,46.0,500.0,14.0,26.8,998.8,24.5,0.0,ENE,0.8,Aotizhongxin,84.0,233.0,182.5,2194.041666666617,24.9,32.2,28.6,5.7272282608707,2014-07-07 07:00:00,140.0,2014-07-08 07:00:00
11782,2014-07-09 16:00:00,0,train,11897,2014,7,9,16,11.0,11.0,4.0,23.0,400.0,98.0,29.1,997.0,20.0,0.0,E,0.2,Aotizhongxin,9.0,55.0,18.0,237.30253623193755,22.5,32.4,26.549999999999997,12.764764492754107,2014-07-09 16:00:00,24.0,2014-07-10 16:00:00
11838,2014-07-12 00:00:00,0,train,11953,2014,7,12,0,43.0,43.0,3.0,128.0,700.0,2.0,25.7,996.3,16.8,0.0,NE,1.1,Aotizhongxin,8.0,62.0,26.0,351.97101449280274,21.2,36.6,29.450000000000003,29.360416666667877,2014-07-12 00:00:00,30.0,2014-07-13 00:00:00
11852,2014-07-12 14:00:00,0,train,11967,2014,7,12,14,9.0,9.0,2.0,13.0,200.0,114.0,34.7,994.8,12.4,0.0,SW,0.9,Aotizhongxin,6.0,43.0,13.5,85.44927536237712,21.5,34.7,29.4,18.598677536232934,2014-07-12 14:00:00,11.0,2014-07-13 14:00:00
11883,2014-07-13 21:00:00,0,train,11998,2014,7,13,21,38.0,38.0,4.0,127.0,600.0,7.0,23.4,996.7,20.7,0.0,ENE,0.0,Aotizhongxin,5.0,39.0,14.0,123.88405797107166,21.3,36.1,25.85,22.82804347826146,2014-07-13 21:00:00,31.0,2014-07-14 21:00:00
11885,2014-07-13 23:00:00,0,train,12000,2014,7,13,23,43.0,43.0,4.0,124.0,700.0,2.0,23.7,997.0,20.2,0.0,NE,0.4,Aotizhongxin,5.0,52.0,14.0,180.69565217396936,21.3,36.1,25.85,22.97954710144986,2014-07-13 23:00:00,14.0,2014-07-14 23:00:00
11921,2014-07-15 11:00:00,0,train,12036,2014,7,15,11,54.0,54.0,4.0,67.0,600.0,95.0,30.0,998.3,18.4,0.0,SW,1.6,Aotizhongxin,14.0,67.0,36.5,172.68840579714663,21.9,35.4,28.75,18.148405797102527,2014-07-15 11:00:00,165.0,2014-07-16 11:00:00
11965,2014-07-17 07:00:00,0,train,12080,2014,7,17,7,126.0,126.0,2.0,66.0,2800.0,5.0,23.5,1000.1,22.3,0.0,NE,1.7,Aotizhongxin,38.0,192.0,117.0,2683.4764492753607,20.8,31.2,23.2,13.63331521739086,2014-07-17 07:00:00,119.0,2014-07-18 07:00:00
11984,2014-07-18 02:00:00,0,train,12099,2014,7,18,2,157.0,157.0,4.0,58.0,1600.0,54.0,25.2,1001.0,24.3,0.0,ENE,0.7,Aotizhongxin,74.0,219.0,159.5,1303.6231884057706,22.0,28.5,26.700000000000003,4.1404166666666935,2014-07-18 02:00:00,84.0,2014-07-19 02:00:00
11990,2014-07-18 08:00:00,0,train,12105,2014,7,18,8,112.0,112.0,2.0,52.0,1300.0,53.0,27.5,1002.3,24.1,0.0,NE,0.7,Aotizhongxin,112.0,219.0,159.5,925.9999999999709,24.7,28.5,26.8,1.3530253623191164,2014-07-18 08:00:00,79.0,2014-07-19 08:00:00
12018,2014-07-19 12:00:00,0,train,12133,2014,7,19,12,64.0,64.0,2.0,22.0,400.0,163.0,34.5,1002.3,25.9,0.0,SSW,1.6,Aotizhongxin,57.0,182.0,86.5,1029.172101449291,25.2,34.5,30.6,9.97476449275513,2014-07-19 12:00:00,69.0,2014-07-20 12:00:00
12036,2014-07-20 06:00:00,0,train,12151,2014,7,20,6,59.0,59.0,2.0,34.0,300.0,48.0,27.7,1001.6,25.5,0.0,WSW,1.5,Aotizhongxin,37.0,87.0,59.5,160.04166666670713,27.1,36.0,31.75,10.381576086958432,2014-07-20 06:00:00,71.0,2014-07-21 06:00:00
12073,2014-07-21 19:00:00,0,train,12188,2014,7,21,19,5.0,5.0,5.0,30.0,600.0,89.0,31.3,998.0,15.3,0.0,NNE,2.5,Aotizhongxin,5.0,71.0,21.0,474.12862318846516,25.7,35.1,31.25,6.17797101449453,2014-07-21 19:00:00,17.0,2014-07-22 19:00:00
12146,2014-07-24 20:00:00,0,train,12261,2014,7,24,20,39.0,39.0,4.0,54.0,500.0,99.0,26.0,1001.6,18.2,0.0,WSW,1.7,Aotizhongxin,39.0,106.0,69.0,357.41847826090293,23.2,30.3,25.7,5.097391304347847,2014-07-24 20:00:00,60.0,2014-07-25 20:00:00
12160,2014-07-25 10:00:00,0,train,12275,2014,7,25,10,82.0,82.0,6.0,38.0,1000.0,123.0,30.8,1000.0,17.8,0.0,NW,0.7,Aotizhongxin,38.0,116.0,88.5,484.8097826087218,20.2,30.8,26.35,13.116793478260666,2014-07-25 10:00:00,129.0,2014-07-26 10:00:00
12220,2014-07-27 22:00:00,0,train,12335,2014,7,27,22,96.0,96.0,6.0,30.0,600.0,166.0,28.7,999.2,20.7,0.0,WSW,2.3,Aotizhongxin,69.0,155.0,109.0,458.3405797101523,22.1,34.5,29.6,15.387807971015738,2014-07-27 22:00:00,94.0,2014-07-28 22:00:00
12290,2014-07-30 20:00:00,0,train,12405,2014,7,30,20,177.0,177.0,2.0,52.0,1600.0,87.0,25.7,1000.8,23.7,0.0,SW,0.5,Aotizhongxin,35.0,177.0,124.0,1838.5217391304377,23.0,29.3,24.5,4.65650362318826,2014-07-30 20:00:00,168.0,2014-07-31 20:00:00
12309,2014-07-31 15:00:00,0,train,12424,2014,7,31,15,222.0,222.0,2.0,33.0,1500.0,214.0,31.3,999.5,24.2,0.0,SSW,1.2,Aotizhongxin,141.0,256.0,214.5,1062.2155797100977,24.9,31.3,26.45,4.3660144927541715,2014-07-31 15:00:00,136.0,2014-08-01 15:00:00
12355,2014-08-02 13:00:00,0,train,12470,2014,8,2,13,146.0,146.0,2.0,53.0,1000.0,130.0,34.5,995.9,24.4,0.0,S,1.6,Aotizhongxin,76.0,168.0,122.5,755.9710144927504,25.4,34.5,28.85,8.628043478262047,2014-08-02 13:00:00,100.0,2014-08-03 13:00:00
12358,2014-08-02 16:00:00,0,train,12473,2014,8,2,16,142.0,142.0,2.0,35.0,800.0,267.0,33.2,994.8,23.8,0.0,WSW,1.8,Aotizhongxin,76.0,168.0,124.0,807.5362318840538,25.4,34.9,28.85,10.825434782609957,2014-08-02 16:00:00,129.0,2014-08-03 16:00:00
12359,2014-08-02 17:00:00,0,train,12474,2014,8,2,17,126.0,126.0,2.0,34.0,700.0,228.0,32.4,994.7,25.2,0.0,WSW,1.5,Aotizhongxin,76.0,168.0,126.0,806.4764492753582,25.4,34.9,28.85,10.993460144928807,2014-08-02 17:00:00,105.0,2014-08-03 17:00:00
12385,2014-08-03 19:00:00,0,train,12500,2014,8,3,19,90.0,90.0,2.0,45.0,800.0,137.0,28.6,995.1,25.8,0.0,ENE,0.6,Aotizhongxin,79.0,190.0,130.0,1007.2971014492691,26.0,34.4,28.950000000000003,6.6426086956534816,2014-08-03 19:00:00,10.0,2014-08-04 19:00:00
12393,2014-08-04 03:00:00,0,train,12508,2014,8,4,3,93.0,93.0,2.0,80.0,900.0,7.0,25.9,995.6,25.4,0.1,ENE,0.7,Aotizhongxin,70.0,173.0,99.0,945.7663043478335,25.9,34.4,28.55,6.902590579711427,2014-08-04 03:00:00,11.0,2014-08-05 03:00:00
12430,2014-08-05 16:00:00,0,train,12545,2014,8,5,16,22.0,22.0,8.0,30.0,400.0,132.0,29.3,999.7,21.0,0.0,SW,1.6,Aotizhongxin,10.0,43.0,14.5,101.1014492754171,19.5,32.5,21.6,21.387228260869055,2014-08-05 16:00:00,3.0,2014-08-06 16:00:00
12432,2014-08-05 18:00:00,0,train,12547,2014,8,5,18,36.0,36.0,3.0,41.0,300.0,131.0,27.6,999.7,19.4,0.0,WSW,3.2,Aotizhongxin,10.0,51.0,16.0,144.94927536237216,19.5,32.5,21.6,22.416521739130076,2014-08-05 18:00:00,15.0,2014-08-06 18:00:00
12541,2014-08-10 07:00:00,0,train,12656,2014,8,10,7,39.0,39.0,2.0,44.0,300.0,32.0,21.4,999.1,21.2,0.0,S,0.6,Aotizhongxin,7.0,177.0,52.0,2398.9112318840894,19.1,31.7,23.7,26.184927536231665,2014-08-10 07:00:00,9.0,2014-08-11 07:00:00
12599,2014-08-12 17:00:00,0,train,12714,2014,8,12,17,31.0,31.0,8.0,29.0,800.0,186.0,29.9,998.8,15.2,0.0,W,2.0,Aotizhongxin,13.0,38.0,24.5,62.25905797106604,18.9,32.9,25.9,22.70775362318864,2014-08-12 17:00:00,27.0,2014-08-13 17:00:00
12667,2014-08-15 13:00:00,0,train,12782,2014,8,15,13,25.0,25.0,8.0,20.0,700.0,131.0,32.5,999.8,14.6,0.0,W,1.7,Aotizhongxin,18.0,127.0,37.0,856.9547101449675,17.7,32.5,23.35,24.54253623188358,2014-08-15 13:00:00,46.0,2014-08-16 13:00:00
12712,2014-08-17 10:00:00,0,train,12827,2014,8,17,10,47.0,47.0,5.0,34.0,500.0,111.0,28.7,1004.1,18.8,0.0,ENE,1.4,Aotizhongxin,31.0,183.0,51.0,1577.1721014493044,22.3,34.3,25.5,15.70635869565268,2014-08-17 10:00:00,61.0,2014-08-18 10:00:00
12755,2014-08-19 05:00:00,0,train,12870,2014,8,19,5,110.0,145.0,2.0,68.0,800.0,21.0,20.1,1006.6,20.1,0.0,N,0.1,Aotizhongxin,28.0,110.0,74.0,415.7971014493004,20.1,30.9,26.15,13.764275362318944,2014-08-19 05:00:00,108.0,2014-08-20 05:00:00
12761,2014-08-19 11:00:00,0,train,12876,2014,8,19,11,120.0,136.0,2.0,48.0,1000.0,146.0,31.0,1005.8,20.9,0.0,SW,1.5,Aotizhongxin,57.0,149.0,83.0,605.8840579710246,20.1,31.0,26.15,14.834619565217515,2014-08-19 11:00:00,149.0,2014-08-20 11:00:00
12780,2014-08-20 06:00:00,0,train,12895,2014,8,20,6,112.0,131.0,2.0,54.0,800.0,24.0,22.4,1004.5,21.6,0.0,N,1.2,Aotizhongxin,53.0,149.0,87.5,635.036231884066,21.4,32.8,27.55,14.207228260870101,2014-08-20 06:00:00,135.0,2014-08-21 06:00:00
12793,2014-08-20 19:00:00,0,train,12908,2014,8,20,19,102.3,170.1,10.0,44.9,1100.0,198.3,28.7,1000.6,21.0,0.0,SW,2.0,Aotizhongxin,82.0,149.0,102.65,440.7356340579689,21.4,32.5,27.55,13.52782608695707,2014-08-20 19:00:00,138.0,2014-08-21 19:00:00
12829,2014-08-22 07:00:00,0,train,12944,2014,8,22,7,25.0,25.0,2.0,42.0,600.0,32.0,23.0,1003.1,20.3,0.0,NNE,1.1,Aotizhongxin,20.0,178.0,138.5,4582.346014492758,19.9,32.9,25.3,20.94108695652169,2014-08-22 07:00:00,103.0,2014-08-23 07:00:00
12970,2014-08-28 04:00:00,0,train,13085,2014,8,28,4,104.0,196.0,7.0,128.0,1300.0,6.0,23.5,1008.0,18.2,0.0,E,0.5,Aotizhongxin,25.0,113.6,62.5,963.2903623188743,16.6,33.1,25.35,23.099710144927805,2014-08-28 04:00:00,66.0,2014-08-29 04:00:00
12972,2014-08-28 06:00:00,0,train,13087,2014,8,28,6,68.0,106.0,3.0,50.0,900.0,87.0,23.2,1008.9,18.7,0.0,E,0.4,Aotizhongxin,25.0,113.6,70.5,908.8063043478573,23.0,33.1,25.35,16.18346014492797,2014-08-28 06:00:00,89.0,2014-08-29 06:00:00
13025,2014-08-30 11:00:00,0,train,13140,2014,8,30,11,162.0,162.0,2.0,67.0,1500.0,29.0,24.3,1009.0,21.6,0.0,NNE,1.2,Aotizhongxin,56.0,170.0,123.0,1107.1286231884046,21.1,27.5,22.75,3.672391304347198,2014-08-30 11:00:00,90.0,2014-08-31 11:00:00
13138,2014-09-04 04:00:00,0,train,13253,2014,9,4,4,61.0,128.0,4.0,146.0,500.0,,16.8,999.8,16.8,0.0,ESE,0.0,Aotizhongxin,11.0,61.0,17.5,142.78079710152934,15.7,30.2,23.0,27.926884057970053,2014-09-04 04:00:00,83.0,2014-09-05 04:00:00
13197,2014-09-06 15:00:00,0,train,13312,2014,9,6,15,161.0,184.0,6.0,46.0,1700.0,199.0,28.5,1003.4,19.2,0.0,SSW,2.0,Aotizhongxin,75.0,165.0,147.0,855.5634057970867,20.3,30.1,24.9,8.603460144927332,2014-09-06 15:00:00,102.0,2014-09-07 15:00:00
13229,2014-09-07 23:00:00,0,train,13344,2014,9,7,23,168.0,210.0,2.0,84.0,1300.0,44.0,23.2,1003.8,10.3,0.0,ENE,1.5,Aotizhongxin,97.0,226.0,145.5,1288.0217391303981,21.6,29.6,23.85,7.602536231883872,2014-09-07 23:00:00,20.0,2014-09-08 23:00:00
13255,2014-09-09 01:00:00,0,train,13370,2014,9,9,1,35.0,100.0,4.0,107.0,500.0,2.0,15.9,1003.8,11.9,0.0,NE,0.7,Aotizhongxin,3.0,35.0,8.5,72.40579710158144,15.9,30.2,23.450000000000003,22.04869565217307,2014-09-09 01:00:00,50.0,2014-09-10 01:00:00
13257,2014-09-09 03:00:00,0,train,13372,2014,9,9,3,33.0,96.0,2.0,88.0,500.0,2.0,15.4,1003.9,12.0,0.0,ENE,0.9,Aotizhongxin,3.0,35.0,9.5,102.84057971027451,15.1,30.2,23.450000000000003,25.971286231883077,2014-09-09 03:00:00,55.0,2014-09-10 03:00:00
13281,2014-09-10 03:00:00,0,train,13396,2014,9,10,3,55.0,128.0,8.0,66.0,700.0,30.0,18.5,1007.1,16.7,0.0,ENE,1.1,Aotizhongxin,14.0,70.0,41.5,301.4764492754597,14.5,30.1,21.6,23.614130434781433,2014-09-10 03:00:00,66.0,2014-09-11 03:00:00
13287,2014-09-10 09:00:00,0,train,13402,2014,9,10,9,114.0,179.0,2.0,98.0,1400.0,7.0,23.6,1009.7,16.9,0.0,NNE,1.2,Aotizhongxin,19.0,114.0,56.0,616.9981884058723,18.1,30.1,21.799999999999997,18.421286231883045,2014-09-10 09:00:00,91.0,2014-09-11 09:00:00
13288,2014-09-10 10:00:00,0,train,13403,2014,9,10,10,123.0,213.0,7.0,106.0,1500.0,17.0,24.9,1009.4,17.4,0.0,WSW,1.7,Aotizhongxin,24.0,123.0,57.0,696.5054347826785,18.1,30.1,21.799999999999997,18.115362318839544,2014-09-10 10:00:00,95.0,2014-09-11 10:00:00
13300,2014-09-10 22:00:00,0,train,13415,2014,9,10,22,60.0,149.0,7.0,123.0,800.0,35.0,19.3,1008.8,17.1,0.0,SE,0.0,Aotizhongxin,35.0,124.0,61.5,785.5869565217994,18.1,29.4,22.049999999999997,17.075199275361275,2014-09-10 22:00:00,97.0,2014-09-11 22:00:00
13368,2014-09-13 18:00:00,0,train,13483,2014,9,13,18,53.0,85.0,9.0,30.0,400.0,152.0,24.3,1006.6,14.1,0.0,SSW,2.2,Aotizhongxin,42.0,111.0,64.0,284.2826086957198,18.9,27.6,21.05,10.496938405795982,2014-09-13 18:00:00,12.0,2014-09-14 18:00:00
13525,2014-09-20 07:00:00,0,train,13640,2014,9,20,7,112.0,112.0,2.0,65.0,700.0,10.0,17.9,1005.1,17.6,0.0,NE,1.5,Aotizhongxin,58.0,156.0,106.0,582.3894927536459,16.9,25.5,18.299999999999997,9.871884057968916,2014-09-20 07:00:00,76.0,2014-09-21 07:00:00
13726,2014-09-28 16:00:00,0,train,13841,2014,9,28,16,70.0,44.0,13.0,52.0,900.0,66.0,21.5,1008.6,12.9,0.0,WSW,1.5,Aotizhongxin,23.0,101.0,58.0,449.02717391313513,15.8,22.4,17.25,6.3138405797071435,2014-09-28 16:00:00,8.0,2014-09-29 16:00:00
13754,2014-09-29 20:00:00,0,train,13869,2014,9,29,20,9.0,49.0,2.0,38.0,300.0,34.0,17.2,1020.3,6.7,0.0,SE,3.1,Aotizhongxin,8.0,107.0,77.5,1528.3405797102316,15.0,24.2,17.85,13.19275362318568,2014-09-29 20:00:00,37.0,2014-09-30 20:00:00
13772,2014-09-30 14:00:00,0,train,13887,2014,9,30,14,24.0,47.0,9.0,29.0,400.0,35.0,16.2,1017.9,2.6,0.0,WSW,2.2,Aotizhongxin,8.0,25.0,19.0,27.95471014507154,11.2,24.1,14.0,13.077318840575176,2014-09-30 14:00:00,68.0,2014-10-01 14:00:00
13777,2014-09-30 19:00:00,0,train,13892,2014,9,30,19,30.0,66.0,7.0,42.0,400.0,29.0,13.2,1016.2,4.9,0.0,SW,1.4,Aotizhongxin,9.0,30.0,21.5,21.346014492892824,11.2,17.2,13.35,3.4449275362266945,2014-09-30 19:00:00,91.0,2014-10-01 19:00:00
13888,2014-10-05 10:00:00,0,train,14003,2014,10,5,10,8.0,8.0,2.0,17.0,300.0,52.0,18.8,1019.1,5.6,0.0,NNE,3.0,Aotizhongxin,8.0,106.0,72.0,570.8532608696388,10.7,18.8,13.8,5.2842753623139656,2014-10-05 10:00:00,24.0,2014-10-06 10:00:00
13914,2014-10-06 12:00:00,0,train,14029,2014,10,6,12,21.0,38.0,2.0,38.0,400.0,31.0,20.9,1017.9,1.7,0.0,WSW,2.4,Aotizhongxin,10.0,31.0,19.5,35.91304347841885,5.3,21.8,10.55,34.416793478255315,2014-10-06 12:00:00,96.0,2014-10-07 12:00:00
14004,2014-10-10 18:00:00,0,train,14131,2014,10,10,18,275.0,275.0,,,,,18.0,1014.7,16.5,0.0,E,0.0,Aotizhongxin,139.0,435.0,347.0,8003.454545453889,12.5,21.5,15.45,8.360416666662804,2014-10-10 18:00:00,125.0,2014-10-11 18:00:00
14044,2014-10-12 10:00:00,0,train,14171,2014,10,12,10,8.0,8.0,,,,,16.6,1026.9,-2.5,0.0,ENE,2.5,Aotizhongxin,4.0,297.0,9.5,13816.259057970994,14.6,19.2,16.450000000000003,2.614492753619434,2014-10-12 10:00:00,9.0,2014-10-13 10:00:00
14071,2014-10-13 13:00:00,0,train,14198,2014,10,13,13,13.0,13.0,8.0,13.0,300.0,47.0,17.5,1018.9,-5.1,0.0,ESE,0.9,Aotizhongxin,3.0,14.0,8.5,9.867753623258965,5.5,17.5,13.5,16.143460144921818,2014-10-13 13:00:00,43.0,2014-10-14 13:00:00
14086,2014-10-14 04:00:00,0,train,14213,2014,10,14,4,22.0,22.0,5.0,54.0,300.0,2.0,3.9,1016.3,3.8,0.0,ENE,0.0,Aotizhongxin,3.0,62.0,13.5,333.2971014493305,3.9,18.3,9.7,28.24601449274701,2014-10-14 04:00:00,82.0,2014-10-15 04:00:00
14180,2014-10-18 02:00:00,1,train,14307,2014,10,18,2,178.0,265.0,12.0,145.0,2000.0,2.0,9.9,1010.9,7.5,0.0,E,1.0,Aotizhongxin,76.0,191.0,107.0,1518.6014492753054,6.0,24.2,12.899999999999999,35.66418478260387,2014-10-18 02:00:00,302.0,2014-10-19 02:00:00
14197,2014-10-18 19:00:00,1,train,14324,2014,10,18,19,255.0,416.0,23.0,236.0,3300.0,21.0,14.3,1009.5,12.7,0.0,E,0.0,Aotizhongxin,102.0,255.0,154.5,2323.731884057867,7.0,25.2,13.7,34.93623188405355,2014-10-18 19:00:00,329.0,2014-10-19 19:00:00
14304,2014-10-23 06:00:00,0,train,14431,2014,10,23,6,98.0,186.0,13.0,105.0,1200.0,2.0,12.1,1011.2,8.2,0.0,ENE,1.3,Aotizhongxin,60.0,115.0,93.0,261.15217391298967,9.3,14.8,12.2,1.7550543478203882,2014-10-23 06:00:00,167.0,2014-10-24 06:00:00
14331,2014-10-24 09:00:00,1,train,14458,2014,10,24,9,180.0,219.0,9.0,104.0,1800.0,2.0,13.8,1007.1,11.3,0.0,ENE,1.2,Aotizhongxin,127.0,212.0,165.5,459.1721014491515,7.9,17.1,10.399999999999999,9.017608695646087,2014-10-24 09:00:00,268.0,2014-10-25 09:00:00
14409,2014-10-27 15:00:00,0,train,14536,2014,10,27,15,25.0,87.0,11.0,37.0,700.0,48.0,15.0,1023.4,0.0,0.0,WSW,2.5,Aotizhongxin,8.0,51.0,14.0,152.36956521739327,2.4,15.9,8.25,19.910362318833144,2014-10-27 15:00:00,53.0,2014-10-28 15:00:00
14417,2014-10-27 23:00:00,0,train,14544,2014,10,27,23,40.0,88.0,10.0,71.0,1400.0,2.0,8.6,1024.0,2.8,0.0,SW,1.7,Aotizhongxin,8.0,55.0,31.0,265.21557971013846,2.4,15.4,9.65,17.909402173905843,2014-10-27 23:00:00,72.0,2014-10-28 23:00:00
14427,2014-10-28 09:00:00,0,train,14554,2014,10,28,9,69.0,127.0,14.0,78.0,1400.0,2.0,9.9,1022.8,4.1,0.0,WSW,1.3,Aotizhongxin,25.0,70.0,42.0,178.82427536229585,4.5,15.4,9.65,13.164057971007493,2014-10-28 09:00:00,101.0,2014-10-29 09:00:00
14532,2014-11-01 18:00:00,0,train,14659,2014,11,1,18,11.0,34.0,8.0,32.0,400.0,40.0,13.9,1023.0,-5.3,0.0,NNW,1.2,Aotizhongxin,10.0,182.0,41.0,5359.606884057907,6.2,15.4,12.8,10.706014492747451,2014-11-01 18:00:00,8.0,2014-11-02 18:00:00
14651,2014-11-06 17:00:00,0,train,14778,2014,11,6,17,3.0,7.0,2.0,21.0,300.0,50.0,10.0,1020.0,-8.2,0.0,E,0.9,Aotizhongxin,3.0,10.0,6.0,5.288043478266771,6.1,17.3,10.350000000000001,7.624057971008074,2014-11-06 17:00:00,27.0,2014-11-07 17:00:00
14656,2014-11-06 22:00:00,0,train,14783,2014,11,6,22,37.0,88.0,14.0,69.0,1000.0,7.0,2.8,1018.0,-1.0,0.0,WSW,1.4,Aotizhongxin,3.0,37.0,6.0,60.65036231884438,2.0,13.0,9.5,10.240416666659083,2014-11-06 22:00:00,33.0,2014-11-07 22:00:00
14744,2014-11-10 14:00:00,0,train,14871,2014,11,10,14,57.0,57.0,13.0,67.0,700.0,41.0,14.5,1014.0,-1.2,0.0,WSW,1.2,Aotizhongxin,38.0,93.0,54.5,298.31884057966937,-0.8,15.9,3.7,35.438260869556146,2014-11-10 14:00:00,18.0,2014-11-11 14:00:00
14785,2014-11-12 07:00:00,0,train,14912,2014,11,12,7,3.0,48.0,6.0,7.0,300.0,58.0,4.7,1025.0,-16.4,0.0,N,4.1,Aotizhongxin,3.0,18.0,8.0,20.891304347830253,4.7,12.4,10.2,6.212010869557957,2014-11-12 07:00:00,11.0,2014-11-13 07:00:00
14804,2014-11-13 02:00:00,0,train,14931,2014,11,13,2,9.0,19.0,2.0,30.0,400.0,30.0,0.7,1014.0,-6.6,0.0,E,0.7,Aotizhongxin,3.0,12.0,5.0,6.1576086956589755,0.7,8.2,6.05,3.112010869556228,2014-11-13 02:00:00,59.0,2014-11-14 02:00:00
14955,2014-11-19 09:00:00,1,train,15082,2014,11,19,9,178.0,256.0,58.0,168.0,2700.0,2.0,4.4,1014.0,-1.6,0.0,E,1.1,Aotizhongxin,38.0,248.0,121.0,4121.679347825996,0.7,13.7,3.1500000000000004,21.617101449266173,2014-11-19 09:00:00,305.0,2014-11-20 09:00:00
14965,2014-11-19 19:00:00,1,train,15092,2014,11,19,19,337.0,375.0,27.0,176.0,4000.0,2.0,3.5,1012.0,1.7,0.0,ENE,0.5,Aotizhongxin,116.0,364.0,210.5,6233.201086956333,0.7,8.7,3.05,6.967807971004589,2014-11-19 19:00:00,296.0,2014-11-20 19:00:00
14991,2014-11-20 21:00:00,0,train,15118,2014,11,20,21,404.0,568.0,25.0,204.0,5700.0,2.0,3.8,1012.0,1.5,0.0,ENE,1.2,Aotizhongxin,186.0,404.0,299.5,1738.346014492477,0.2,9.9,3.25,10.008623188396014,2014-11-20 21:00:00,29.0,2014-11-21 21:00:00
15019,2014-11-22 01:00:00,0,train,15146,2014,11,22,1,12.0,19.0,5.0,38.0,500.0,29.0,5.2,1028.0,-10.6,0.0,NE,1.4,Aotizhongxin,12.0,411.0,92.0,21511.606884057815,-0.7,14.6,5.7,25.954492753614417,2014-11-22 01:00:00,85.0,2014-11-23 01:00:00
15032,2014-11-22 14:00:00,0,train,15159,2014,11,22,14,24.0,41.0,9.0,56.0,600.0,29.0,11.8,1032.0,-9.3,0.0,S,1.2,Aotizhongxin,6.0,95.0,23.0,321.55797101446274,-1.2,14.6,6.1,17.988695652165482,2014-11-22 14:00:00,107.0,2014-11-23 14:00:00
15056,2014-11-23 14:00:00,0,train,15183,2014,11,23,14,107.0,147.0,34.0,106.0,1700.0,2.0,10.5,1020.0,3.1,0.0,ENE,1.0,Aotizhongxin,32.0,129.0,96.0,817.2753623187511,1.9,11.8,4.15,9.040579710135974,2014-11-23 14:00:00,18.0,2014-11-24 14:00:00
15085,2014-11-24 19:00:00,1,train,15212,2014,11,24,19,45.0,85.0,16.0,103.0,1000.0,2.0,6.4,1022.0,-4.7,0.0,WSW,1.5,Aotizhongxin,18.0,240.0,47.0,5939.934782608604,-1.9,12.2,2.4,23.814329710135258,2014-11-24 19:00:00,221.0,2014-11-25 19:00:00
15096,2014-11-25 06:00:00,1,train,15223,2014,11,25,6,125.0,178.0,13.0,88.0,3200.0,2.0,0.1,1022.0,-2.9,0.0,ENE,1.3,Aotizhongxin,18.0,136.0,47.0,1089.275362318792,-1.9,12.2,3.5999999999999996,21.95275362317887,2014-11-25 06:00:00,191.0,2014-11-26 06:00:00
15214,2014-11-30 04:00:00,0,train,15341,2014,11,30,4,235.0,264.0,25.0,108.0,3500.0,2.0,2.8,1024.0,2.4,0.0,NNW,0.0,Aotizhongxin,192.0,321.0,245.5,852.5923913040912,0.2,4.1,3.45,1.3172282608591979,2014-11-30 04:00:00,12.0,2014-12-01 04:00:00
15358,2014-12-06 04:00:00,0,train,15485,2014,12,6,4,70.0,76.0,54.0,80.0,2300.0,2.0,-6.8,1024.0,-13.3,0.0,NNE,0.6,Aotizhongxin,5.0,148.0,19.0,2868.2880434781755,-6.8,5.3,-3.6,16.951884057958154,2014-12-06 04:00:00,59.0,2014-12-07 04:00:00
15405,2014-12-08 03:00:00,1,train,15532,2014,12,8,3,14.0,30.0,10.0,55.0,600.0,5.0,-1.9,1015.0,-13.7,0.0,NNE,2.2,Aotizhongxin,7.0,92.0,23.5,663.3623188405078,-3.3,5.2,-0.55,8.756503623176735,2014-12-08 03:00:00,239.0,2014-12-09 03:00:00
15417,2014-12-08 15:00:00,1,train,15544,2014,12,8,15,96.0,133.0,46.0,63.0,1400.0,33.0,3.8,1019.0,-11.4,0.0,SW,1.9,Aotizhongxin,7.0,96.0,20.0,568.331521739064,-5.4,4.5,-1.05,9.688405797089313,2014-12-08 15:00:00,312.0,2014-12-09 15:00:00
15506,2014-12-12 08:00:00,0,train,15633,2014,12,12,8,6.0,21.0,13.0,19.0,400.0,39.0,-1.7,1026.0,-19.2,0.0,NW,2.1,Aotizhongxin,5.0,74.0,10.5,421.3623188405082,-2.7,5.0,-0.15,4.479927536220074,2014-12-12 08:00:00,17.0,2014-12-13 08:00:00
15694,2015-01-04 21:00:00,0,train,16198,2015,1,4,21,295.0,364.0,135.0,190.0,7700.0,2.0,0.0,1010.0,-10.5,0.0,NNE,0.7,Aotizhongxin,92.0,319.0,178.0,4772.809782608701,-8.0,9.0,-2.0,32.42753623187186,2015-01-04 21:00:00,3.0,2015-01-05 21:00:00
15717,2015-01-05 20:00:00,0,train,16221,2015,1,5,20,9.0,53.0,3.0,2.0,400.0,57.0,2.0,1019.0,-24.5,0.0,NE,4.0,Aotizhongxin,9.0,295.0,164.0,8459.478260869575,0.0,9.0,3.0,7.152173913033292,2015-01-05 20:00:00,59.0,2015-01-06 20:00:00
15754,2015-01-07 09:00:00,0,train,16258,2015,1,7,9,21.0,28.0,26.0,55.0,1000.0,2.0,-1.0,1027.0,-17.7,0.0,NNE,1.2,Aotizhongxin,10.0,105.0,26.5,1166.000000000022,-7.0,4.0,-1.0,17.461956521726325,2015-01-07 09:00:00,65.0,2015-01-08 09:00:00
15794,2015-01-09 01:00:00,1,train,16298,2015,1,9,1,170.0,204.0,94.0,124.0,4200.0,2.0,-4.0,1021.0,-11.3,0.0,NE,1.6,Aotizhongxin,59.0,274.0,156.0,3596.4329710144957,-7.0,4.0,-1.0,13.809782608682845,2015-01-09 01:00:00,226.0,2015-01-10 01:00:00
15800,2015-01-09 07:00:00,0,train,16304,2015,1,9,7,17.0,17.0,18.0,45.0,800.0,2.0,1.0,1024.0,-17.9,0.0,NNE,2.0,Aotizhongxin,17.0,274.0,157.0,4407.940217391309,-6.0,4.0,-1.0,7.519927536219726,2015-01-09 07:00:00,137.0,2015-01-10 07:00:00
15854,2015-01-11 13:00:00,0,train,16358,2015,1,11,13,16.0,16.0,7.0,35.0,700.0,36.0,5.0,1025.0,-16.8,0.0,SW,2.1,Aotizhongxin,4.0,177.0,16.0,2568.630434782648,-4.0,14.0,3.0,20.331521739120078,2015-01-11 13:00:00,122.0,2015-01-12 13:00:00
16011,2015-01-18 02:00:00,0,train,16515,2015,1,18,2,114.1,137.6,80.5,92.4,3100.0,2.0,-1.0,1015.0,-14.6,0.0,ENE,1.2,Aotizhongxin,14.0,150.0,88.0,2577.6765036232255,-10.0,3.0,-1.0,15.95471014491443,2015-01-18 02:00:00,7.0,2015-01-19 02:00:00
16023,2015-01-18 14:00:00,0,train,16527,2015,1,18,14,17.0,76.0,16.0,9.0,700.0,68.0,6.0,1013.0,-15.9,0.0,NNW,5.7,Aotizhongxin,17.0,150.0,100.5,861.8120108695956,-4.0,6.0,0.0,7.275362318828743,2015-01-18 14:00:00,44.0,2015-01-19 14:00:00
16030,2015-01-18 21:00:00,0,train,16534,2015,1,18,21,12.0,53.0,3.0,15.0,700.0,59.0,3.0,1017.0,-15.2,0.0,NNW,3.1,Aotizhongxin,12.0,150.0,98.0,2378.051141304384,-2.0,6.0,0.5,7.644927536220652,2015-01-18 21:00:00,80.0,2015-01-19 21:00:00
16080,2015-01-20 23:00:00,0,train,16584,2015,1,20,23,90.0,107.0,67.0,95.0,2300.0,2.0,2.0,1018.0,-10.2,0.0,NNE,2.3,Aotizhongxin,59.0,99.0,80.0,83.15760869568676,-5.0,5.0,-1.0,9.847826086944405,2015-01-20 23:00:00,37.0,2015-01-21 23:00:00
16082,2015-01-21 01:00:00,0,train,16586,2015,1,21,1,14.0,23.0,16.0,38.0,700.0,26.0,3.0,1020.0,-12.5,0.0,N,4.9,Aotizhongxin,14.0,99.0,80.0,284.8242753623541,-5.0,5.0,0.0,10.601449275350364,2015-01-21 01:00:00,27.0,2015-01-22 01:00:00
16167,2015-01-24 14:00:00,0,train,16671,2015,1,24,14,86.0,103.0,47.0,61.0,2000.0,25.0,3.0,1019.0,-11.4,0.0,SW,1.7,Aotizhongxin,23.0,232.0,101.0,4893.7373188406,-5.0,7.0,-1.0,14.405797101437102,2015-01-24 14:00:00,117.0,2015-01-25 14:00:00
16186,2015-01-25 09:00:00,0,train,16690,2015,1,25,9,84.0,84.0,14.0,50.0,1400.0,2.0,0.0,1019.0,-3.2,0.0,WSW,1.6,Aotizhongxin,66.0,88.0,78.5,40.63043478263783,-1.0,3.0,0.5,2.195652173901637,2015-01-25 09:00:00,126.0,2015-01-26 09:00:00
16189,2015-01-25 12:00:00,0,train,16693,2015,1,25,12,90.0,90.0,25.0,34.0,1400.0,24.0,3.0,1021.0,-4.2,0.0,SSW,1.7,Aotizhongxin,66.0,90.0,79.5,44.97826086959422,-1.0,3.0,0.5,1.9402173912928808,2015-01-25 12:00:00,16.0,2015-01-26 12:00:00
16252,2015-01-28 03:00:00,0,train,16756,2015,1,28,3,21.0,21.0,17.0,59.0,1100.0,11.0,-4.0,1033.0,-20.3,0.0,ENE,1.8,Aotizhongxin,8.0,40.0,12.5,105.21557971018238,-8.0,3.0,-5.1,13.38302536230495,2015-01-28 03:00:00,103.0,2015-01-29 03:00:00
16329,2015-01-31 09:00:00,0,train,16834,2015,1,31,9,16.0,33.0,17.0,37.0,700.0,22.0,-5.0,1034.0,-22.0,0.0,E,1.0,Aotizhongxin,7.0,22.0,13.0,10.130434782648857,-8.0,3.0,-2.0,13.50128623187104,2015-01-31 09:00:00,45.0,2015-02-01 09:00:00
16488,2015-02-07 00:00:00,0,train,16993,2015,2,7,0,78.0,108.0,57.0,107.0,2300.0,10.0,3.0,1015.0,-13.3,0.0,NE,1.6,Aotizhongxin,33.0,97.0,64.5,413.34601449277943,-7.0,10.0,2.0,38.86775362317697,2015-02-07 00:00:00,3.0,2015-02-08 00:00:00
16564,2015-02-10 04:00:00,0,train,17069,2015,2,10,4,128.0,129.0,57.0,95.0,2600.0,,-7.0,1015.0,-16.2,0.0,SE,0.2,Aotizhongxin,61.0,193.0,105.5,1780.1086956521926,-8.0,7.0,-1.5,23.492155797088866,2015-02-10 04:00:00,168.0,2015-02-11 04:00:00
16570,2015-02-10 10:00:00,0,train,17075,2015,2,10,10,107.0,131.0,42.0,110.0,3100.0,24.0,3.0,1013.0,-15.7,0.0,WNW,1.1,Aotizhongxin,70.0,193.0,123.0,1257.548913043495,-8.0,7.0,-1.5,24.698677536219403,2015-02-10 10:00:00,31.0,2015-02-11 10:00:00
16615,2015-02-12 07:00:00,0,train,17120,2015,2,12,7,15.0,29.0,10.0,53.0,700.0,54.0,-5.0,1013.0,-11.4,0.0,NNE,0.7,Aotizhongxin,6.0,32.0,16.5,49.55797101452587,-6.0,11.0,4.0,27.737318840569387,2015-02-12 07:00:00,84.0,2015-02-13 07:00:00
16683,2015-02-15 03:00:00,1,train,17188,2015,2,15,3,301.0,319.0,82.0,151.0,5100.0,16.0,-1.0,1012.0,-7.8,0.0,NE,1.3,Aotizhongxin,168.0,351.0,239.0,3355.693840579699,-2.0,11.0,3.0,18.543478260859093,2015-02-15 03:00:00,214.0,2015-02-16 03:00:00
16752,2015-02-18 00:00:00,0,train,17257,2015,2,18,0,63.0,101.0,30.0,91.0,1900.0,2.0,-1.0,1025.0,-9.4,0.0,SSE,0.6,Aotizhongxin,13.0,63.0,17.5,127.30253623195847,-1.0,11.0,2.75,15.760416666656688,2015-02-18 00:00:00,132.0,2015-02-19 00:00:00
16773,2015-02-18 21:00:00,0,train,17278,2015,2,18,21,163.0,239.0,70.0,69.0,1500.0,52.0,4.0,1021.0,-10.9,0.0,SW,2.6,Aotizhongxin,6.0,163.0,16.0,1192.3405797102146,-2.0,11.0,3.5,18.14809782607676,2015-02-18 21:00:00,125.0,2015-02-19 21:00:00
16938,2015-02-25 18:00:00,0,train,17443,2015,2,25,18,11.0,30.0,3.0,14.0,300.0,80.0,4.0,1013.0,-21.2,0.0,WNW,2.2,Aotizhongxin,7.0,216.0,67.0,8001.471014492811,-0.2,7.0,3.0,3.214710144917084,2015-02-25 18:00:00,10.0,2015-02-26 18:00:00
16974,2015-02-27 06:00:00,0,train,17479,2015,2,27,6,7.0,13.0,5.0,18.0,400.0,55.0,-3.2,1029.4,-17.6,0.0,ENE,1.1,Aotizhongxin,5.0,19.0,12.0,12.070652174002483,-3.2,6.0,1.7,8.479547101437937,2015-02-27 06:00:00,50.0,2015-02-28 06:00:00
17030,2015-03-01 14:00:00,0,train,17535,2015,3,1,14,21.0,32.0,8.0,16.0,500.0,86.0,10.9,1014.0,-15.6,0.0,WSW,3.4,Aotizhongxin,9.0,211.0,41.0,6366.085144927599,-3.2,10.9,1.15,16.87432971013387,2015-03-01 14:00:00,25.0,2015-03-02 14:00:00
17083,2015-03-03 19:00:00,0,train,17588,2015,3,3,19,15.0,123.0,2.0,14.0,300.0,66.0,1.5,1020.7,-26.9,0.0,N,3.0,Aotizhongxin,3.0,15.0,9.0,7.954710145019107,-2.3,9.5,2.8,11.321449275351773,2015-03-03 19:00:00,30.0,2015-03-04 19:00:00
17114,2015-03-05 02:00:00,0,train,17619,2015,3,5,2,110.0,132.0,59.0,72.0,1400.0,28.0,0.8,1024.4,-20.3,0.0,SSW,1.3,Aotizhongxin,11.0,110.0,22.0,714.6304347826919,-3.0,5.6,2.0,7.845022141695678,2015-03-05 02:00:00,136.0,2015-03-06 02:00:00
17288,2015-03-12 11:00:00,0,train,17796,2015,3,12,11,93.0,,,,,,6.3,1013.1,-13.9,0.0,ENE,1.9,Aotizhongxin,9.0,93.0,67.0,1117.9130434783237,-2.8,9.7,5.55,15.891231884048214,2015-03-12 11:00:00,33.0,2015-03-13 11:00:00
17352,2015-03-15 03:00:00,0,train,17860,2015,3,15,3,145.0,174.0,31.0,112.0,2600.0,6.0,1.3,1013.5,-6.1,0.0,NW,0.3,Aotizhongxin,55.0,170.0,125.5,1646.8532608696084,0.4,10.7,3.4,12.342590579700248,2015-03-15 03:00:00,153.0,2015-03-16 03:00:00
17356,2015-03-15 07:00:00,0,train,17864,2015,3,15,7,55.0,206.0,14.0,90.0,1600.0,8.0,-0.8,1015.0,-5.8,0.0,ENE,0.8,Aotizhongxin,55.0,170.0,132.0,1268.3695652174322,-0.8,10.7,3.4,13.478188405787142,2015-03-15 07:00:00,104.0,2015-03-16 07:00:00
17400,2015-03-17 03:00:00,0,train,17908,2015,3,17,3,315.0,342.0,17.0,95.0,2400.0,2.0,8.1,1012.2,4.7,0.0,ENE,1.0,Aotizhongxin,104.0,332.0,272.5,7433.128623188412,6.2,13.5,9.1,5.2043297101375945,2015-03-17 03:00:00,24.0,2015-03-18 03:00:00
17407,2015-03-17 10:00:00,0,train,17915,2015,3,17,10,186.0,190.0,14.0,55.0,1300.0,54.0,12.1,1017.9,4.1,0.0,ESE,1.6,Aotizhongxin,173.0,332.0,305.5,2492.2155797101364,5.3,13.5,9.6,6.586014492746307,2015-03-17 10:00:00,32.0,2015-03-18 10:00:00
17410,2015-03-17 13:00:00,0,train,17918,2015,3,17,13,142.0,142.0,20.0,52.0,1600.0,87.0,14.7,1016.2,-4.6,0.0,SE,2.6,Aotizhongxin,133.0,332.0,305.5,3762.2826086956456,5.3,14.8,9.6,9.00492753622478,2015-03-17 13:00:00,33.0,2015-03-18 13:00:00
17453,2015-03-19 08:00:00,0,train,17961,2015,3,19,8,88.0,178.0,15.0,97.0,1900.0,6.0,6.7,1014.1,-5.3,0.0,ENE,0.8,Aotizhongxin,30.0,120.0,76.0,848.6666666667613,2.3,13.6,7.65,13.611014492745527,2015-03-19 08:00:00,29.0,2015-03-20 08:00:00
17463,2015-03-19 18:00:00,0,train,17971,2015,3,19,18,74.0,322.0,8.0,45.0,700.0,90.0,17.2,1010.7,-11.5,0.0,SW,4.5,Aotizhongxin,55.0,120.0,84.0,321.6358695653057,2.3,18.7,8.100000000000001,33.78606884057252,2015-03-19 18:00:00,39.0,2015-03-20 18:00:00
17479,2015-03-20 10:00:00,0,train,17987,2015,3,20,10,27.0,157.0,3.0,28.0,400.0,74.0,15.9,1016.4,-18.4,0.0,NW,3.5,Aotizhongxin,24.0,131.0,60.0,1153.0851449276327,6.0,18.7,14.55,14.905217391299063,2015-03-20 10:00:00,18.0,2015-03-21 10:00:00
17628,2015-03-26 15:00:00,0,train,18136,2015,3,26,15,82.0,144.0,24.0,29.0,800.0,162.0,19.9,1022.1,-5.9,0.0,SSW,4.5,Aotizhongxin,82.0,154.0,110.5,486.0851449276117,6.1,20.1,14.55,19.81259057970487,2015-03-26 15:00:00,113.0,2015-03-27 15:00:00
17686,2015-03-29 01:00:00,0,train,18194,2015,3,29,1,50.0,101.0,2.0,95.0,900.0,2.0,10.1,1011.9,-0.1,0.0,SE,0.0,Aotizhongxin,22.0,156.0,41.0,1493.5054347827124,10.1,23.1,17.75,17.026086956518185,2015-03-29 01:00:00,137.0,2015-03-30 01:00:00
17702,2015-03-29 17:00:00,0,train,18210,2015,3,29,17,63.0,365.0,30.0,31.0,600.0,137.0,22.6,1006.4,-0.9,0.0,SW,3.3,Aotizhongxin,22.0,147.0,47.0,1604.4329710145942,7.4,22.7,15.8,32.612155797097024,2015-03-29 17:00:00,158.0,2015-03-30 17:00:00
17791,2015-04-02 11:00:00,0,train,18300,2015,4,2,11,43.0,43.0,2.0,34.0,1000.0,66.0,6.9,997.4,2.8,0.0,NNE,1.6,Aotizhongxin,26.0,55.0,42.0,50.8677536233107,4.6,12.6,7.75,9.189981884050123,2015-04-02 11:00:00,13.0,2015-04-03 11:00:00
17835,2015-04-04 07:00:00,0,train,18344,2015,4,4,7,36.0,36.0,7.0,37.0,500.0,88.0,9.7,1008.9,0.3,0.0,SW,1.8,Aotizhongxin,13.0,76.0,36.0,251.06521739142912,8.6,16.1,12.0,7.555634057965044,2015-04-04 07:00:00,118.0,2015-04-05 07:00:00
17865,2015-04-05 13:00:00,0,train,18374,2015,4,5,13,19.0,89.0,2.0,9.0,300.0,98.0,15.9,1013.6,-9.2,0.0,WNW,6.7,Aotizhongxin,19.0,143.0,87.5,1571.7101449276315,10.6,16.7,14.350000000000001,3.945797101444173,2015-04-05 13:00:00,16.0,2015-04-06 13:00:00
17882,2015-04-06 06:00:00,0,train,18391,2015,4,6,6,17.0,20.0,2.0,9.0,200.0,76.0,4.3,1026.8,-11.4,0.0,ENE,1.8,Aotizhongxin,14.0,118.0,20.5,408.84057971027835,4.3,16.0,11.75,18.880217391297816,2015-04-06 06:00:00,10.0,2015-04-07 06:00:00
17892,2015-04-06 16:00:00,0,train,18401,2015,4,6,16,20.0,20.0,3.0,11.0,200.0,100.0,11.7,1023.7,-14.1,0.0,NE,1.7,Aotizhongxin,12.0,24.0,18.0,8.86231884071766,4.2,14.5,7.449999999999999,8.792155797093443,2015-04-06 16:00:00,18.0,2015-04-07 16:00:00
17908,2015-04-07 08:00:00,0,train,18417,2015,4,7,8,12.0,23.0,3.0,29.0,300.0,58.0,6.6,1030.6,-12.6,0.0,E,1.3,Aotizhongxin,8.0,47.0,20.0,144.54891304361234,1.7,11.7,7.4,7.458677536223524,2015-04-07 08:00:00,95.0,2015-04-08 08:00:00
17927,2015-04-08 03:00:00,0,train,18436,2015,4,8,3,77.0,131.0,9.0,79.0,700.0,23.0,7.5,1022.4,-4.3,0.0,WSW,2.9,Aotizhongxin,6.0,77.0,16.0,628.172101449405,1.7,12.6,9.35,9.460851449267802,2015-04-08 03:00:00,123.0,2015-04-09 03:00:00
17979,2015-04-10 07:00:00,1,train,18488,2015,4,10,7,198.0,219.0,7.0,90.0,1400.0,3.0,7.1,1017.2,5.6,0.0,ESE,0.9,Aotizhongxin,116.0,242.0,197.0,1494.6068840579987,6.5,17.8,13.3,15.33461956521159,2015-04-10 07:00:00,236.0,2015-04-11 07:00:00
18219,2015-04-21 00:00:00,0,train,18745,2015,4,21,0,,153.0,17.0,54.0,1400.0,68.0,16.5,1007.1,3.9,0.0,WSW,5.2,Aotizhongxin,28.0,170.0,92.5,2082.16250000011,6.5,22.1,17.65,30.984565217387086,2015-04-21 00:00:00,20.0,2015-04-22 00:00:00
18298,2015-04-24 23:00:00,0,train,18840,2015,4,24,23,60.0,294.0,11.0,85.0,900.0,60.0,19.6,1013.0,3.3,0.0,WSW,1.8,Aotizhongxin,20.0,109.0,76.5,603.7101449276182,8.9,26.0,21.1,36.51391304347562,2015-04-24 23:00:00,102.0,2015-04-25 23:00:00
18315,2015-04-25 16:00:00,0,train,18857,2015,4,25,16,45.0,114.0,6.0,39.0,400.0,184.0,31.2,1006.5,0.5,0.0,SW,3.6,Aotizhongxin,41.0,106.0,71.5,278.1449275363126,10.2,31.9,21.45,47.059981884056285,2015-04-25 16:00:00,86.0,2015-04-26 16:00:00
18330,2015-04-26 07:00:00,0,train,18872,2015,4,26,7,108.0,201.0,13.0,122.0,1400.0,10.0,17.7,1007.7,11.0,0.0,E,0.7,Aotizhongxin,44.0,109.0,86.5,438.98369565225204,14.7,31.9,25.299999999999997,28.07188405797131,2015-04-26 07:00:00,85.0,2015-04-27 07:00:00
18341,2015-04-26 18:00:00,0,train,18883,2015,4,26,18,83.0,210.0,43.0,32.0,1100.0,242.0,29.1,1002.1,9.2,0.0,SW,4.2,Aotizhongxin,56.0,144.0,101.5,503.7391304348526,14.7,31.0,25.65,25.015652173913416,2015-04-26 18:00:00,93.0,2015-04-27 18:00:00
18512,2015-05-03 21:00:00,0,train,19054,2015,5,3,21,8.0,45.0,2.0,24.0,300.0,90.0,17.9,1012.1,-9.1,0.0,NE,1.7,Aotizhongxin,8.0,129.0,22.5,1756.737318840667,15.5,23.1,19.700000000000003,4.33389492753403,2015-05-03 21:00:00,57.0,2015-05-04 21:00:00
18554,2015-05-05 15:00:00,0,train,19096,2015,5,5,15,54.0,126.0,5.0,47.0,600.0,118.0,26.8,998.8,1.2,0.0,NW,1.8,Aotizhongxin,22.0,137.0,54.0,532.5797101450083,11.9,26.8,19.4,15.928242753620873,2015-05-05 15:00:00,17.0,2015-05-06 15:00:00
18561,2015-05-05 22:00:00,0,train,19103,2015,5,5,22,17.0,54.0,2.0,56.0,500.0,60.0,20.6,1003.5,-7.9,0.0,NNE,1.6,Aotizhongxin,12.0,137.0,50.5,833.4764492754464,11.9,27.5,20.700000000000003,22.24650362318659,2015-05-05 22:00:00,34.0,2015-05-06 22:00:00
18574,2015-05-06 11:00:00,0,train,19116,2015,5,6,11,10.0,45.0,2.0,20.0,300.0,98.0,19.9,1008.1,-10.4,0.0,SSW,1.9,Aotizhongxin,8.0,72.0,16.0,337.08514492763453,13.7,27.5,20.049999999999997,18.74405797101278,2015-05-06 11:00:00,47.0,2015-05-07 11:00:00
18593,2015-05-07 06:00:00,0,train,19135,2015,5,7,6,31.0,105.0,4.0,38.0,500.0,64.0,10.1,1007.0,2.9,0.0,ESE,0.9,Aotizhongxin,8.0,41.0,28.5,112.99818840589451,10.1,21.1,17.4,10.800851449271788,2015-05-07 06:00:00,21.0,2015-05-08 06:00:00
18645,2015-05-09 10:00:00,0,train,19187,2015,5,9,10,37.0,54.0,14.0,51.0,1200.0,36.0,13.8,1014.2,3.3,0.0,E,1.0,Aotizhongxin,29.0,152.0,55.5,906.3894927537018,12.6,23.7,16.45,16.853025362315297,2015-05-09 10:00:00,42.0,2015-05-10 10:00:00
18679,2015-05-10 20:00:00,0,train,19221,2015,5,10,20,39.0,39.0,3.0,61.0,1700.0,27.0,9.1,1009.9,8.2,0.8,NNE,1.5,Aotizhongxin,27.0,53.0,37.5,40.16666666675737,8.2,12.4,11.6,2.7191123188333335,2015-05-10 20:00:00,14.0,2015-05-11 20:00:00
18703,2015-05-11 20:00:00,0,train,19245,2015,5,11,20,14.0,23.0,2.0,28.0,500.0,76.0,15.9,998.0,1.2,0.0,N,2.6,Aotizhongxin,8.0,43.0,34.0,154.2536231885009,9.1,18.5,11.4,14.06418478260286,2015-05-11 20:00:00,46.0,2015-05-12 20:00:00
18712,2015-05-12 05:00:00,0,train,19254,2015,5,12,5,8.0,37.0,2.0,30.0,300.0,66.0,10.9,991.8,4.8,0.0,WSW,0.7,Aotizhongxin,3.0,41.0,11.0,162.6666666667673,9.3,18.5,15.05,7.263460144922654,2015-05-12 05:00:00,50.0,2015-05-13 05:00:00
18844,2015-05-17 17:00:00,0,train,19386,2015,5,17,17,146.0,198.0,2.0,58.0,1200.0,145.0,24.8,990.5,17.3,0.0,NE,1.7,Aotizhongxin,51.0,150.0,120.0,1066.7536231884637,19.1,27.4,23.95,6.291304347825986,2015-05-17 17:00:00,12.0,2015-05-18 17:00:00
18861,2015-05-18 10:00:00,0,train,19403,2015,5,18,10,46.0,87.0,2.0,13.0,300.0,100.0,23.4,999.1,0.5,0.0,N,3.5,Aotizhongxin,25.0,192.0,146.0,2201.9981884058398,19.4,26.4,22.55,4.755579710144516,2015-05-18 10:00:00,6.0,2015-05-19 10:00:00
18875,2015-05-19 00:00:00,0,train,19417,2015,5,19,0,28.0,137.0,2.0,42.0,200.0,56.0,21.5,1001.4,-10.3,0.0,NNW,2.3,Aotizhongxin,8.0,176.0,27.5,3638.5634057971793,19.4,27.0,22.9,6.489547101449131,2015-05-19 00:00:00,50.0,2015-05-20 00:00:00
18885,2015-05-19 10:00:00,0,train,19427,2015,5,19,10,6.0,56.0,3.0,10.0,100.0,93.0,23.1,1002.8,-6.9,0.0,WNW,6.5,Aotizhongxin,4.0,30.0,12.5,65.47644927545566,19.3,27.0,22.9,6.277101449275209,2015-05-19 10:00:00,13.0,2015-05-20 10:00:00
18970,2015-05-22 23:00:00,0,train,19512,2015,5,22,23,66.0,157.0,16.0,71.0,900.0,119.0,19.7,1004.0,10.7,0.0,SE,0.9,Aotizhongxin,32.0,107.0,60.0,471.43297101456665,15.7,29.5,22.5,20.43824275362287,2015-05-22 23:00:00,104.0,2015-05-23 23:00:00
19010,2015-05-24 15:00:00,0,train,19552,2015,5,24,15,73.0,146.0,23.0,25.0,900.0,258.0,31.2,1000.3,8.2,0.0,WSW,5.1,Aotizhongxin,72.0,202.0,121.5,2089.5579710145407,18.0,31.6,23.950000000000003,21.72144927536276,2015-05-24 15:00:00,100.0,2015-05-25 15:00:00
19021,2015-05-25 02:00:00,0,train,19563,2015,5,25,2,81.0,141.0,18.0,44.0,900.0,120.0,24.0,1000.7,12.0,0.0,WSW,1.2,Aotizhongxin,68.0,202.0,87.5,2470.6086956522254,18.0,31.7,27.65,21.463188405798117,2015-05-25 02:00:00,70.0,2015-05-26 02:00:00
19034,2015-05-25 15:00:00,0,train,19576,2015,5,25,15,100.0,219.0,32.0,30.0,1300.0,292.0,32.8,1000.0,13.4,0.0,SW,4.3,Aotizhongxin,68.0,145.0,90.5,502.86231884063864,19.7,32.8,27.8,17.07563405797238,2015-05-25 15:00:00,82.0,2015-05-26 15:00:00
19073,2015-05-27 06:00:00,0,train,19615,2015,5,27,6,98.0,169.0,11.0,46.0,900.0,88.0,22.2,1001.3,15.3,0.0,SSW,1.1,Aotizhongxin,62.0,130.0,85.0,383.73913043484606,22.2,33.4,28.05,13.490144927537926,2015-05-27 06:00:00,133.0,2015-05-28 06:00:00
19085,2015-05-27 18:00:00,0,train,19627,2015,5,27,18,100.0,118.0,4.0,26.0,800.0,239.0,30.4,998.2,12.3,0.0,S,2.3,Aotizhongxin,62.0,145.0,94.0,615.5634057971627,22.2,31.1,27.200000000000003,8.870851449276685,2015-05-27 18:00:00,83.0,2015-05-28 18:00:00
19097,2015-05-28 06:00:00,0,train,19639,2015,5,28,6,133.0,151.0,16.0,51.0,1200.0,101.0,21.8,999.7,14.7,0.0,ESE,1.9,Aotizhongxin,77.0,145.0,118.0,423.36231884063574,21.8,31.1,26.5,8.69519927536348,2015-05-28 06:00:00,93.0,2015-05-29 06:00:00
19106,2015-05-28 15:00:00,0,train,19648,2015,5,28,15,96.0,135.0,19.0,30.0,900.0,225.0,29.1,998.4,14.9,0.0,SSW,3.3,Aotizhongxin,78.0,160.0,124.0,547.036231884112,21.8,30.9,26.25,7.935199275363402,2015-05-28 15:00:00,34.0,2015-05-29 15:00:00
19132,2015-05-29 17:00:00,0,train,19674,2015,5,29,17,3.0,113.0,3.0,26.0,400.0,180.0,28.9,999.2,12.3,0.0,SW,4.0,Aotizhongxin,3.0,108.0,88.0,921.1231884058611,20.1,29.8,25.5,10.279710144928178,2015-05-29 17:00:00,63.0,2015-05-30 17:00:00
19153,2015-05-30 14:00:00,0,train,19695,2015,5,30,14,66.0,96.0,9.0,20.0,900.0,217.0,28.9,1002.1,11.5,0.0,S,2.8,Aotizhongxin,3.0,90.0,49.0,573.3623188406503,16.9,29.8,24.9,15.45739130434808,2015-05-30 14:00:00,50.0,2015-05-31 14:00:00
19167,2015-05-31 04:00:00,0,train,19709,2015,5,31,4,45.0,89.0,8.0,90.0,800.0,,18.5,999.2,13.8,0.0,ENE,0.7,Aotizhongxin,26.0,80.0,52.0,212.14492753630088,16.9,29.8,24.9,14.571576086956814,2015-05-31 04:00:00,88.0,2015-06-01 04:00:00
19211,2015-06-02 00:00:00,0,train,19753,2015,6,2,0,121.0,159.0,2.0,55.0,1400.0,95.0,24.8,999.4,14.3,0.0,E,2.5,Aotizhongxin,64.0,149.0,105.5,581.3913043478832,23.3,32.2,27.950000000000003,6.539927536233544,2015-06-02 00:00:00,60.0,2015-06-03 00:00:00
19224,2015-06-02 13:00:00,0,train,19766,2015,6,2,13,40.0,5.0,2.0,6.0,200.0,115.0,30.5,1004.4,0.0,0.0,NW,4.1,Aotizhongxin,7.0,149.0,65.5,2044.4329710145582,21.6,32.2,28.0,10.519057971015968,2015-06-02 13:00:00,27.0,2015-06-03 13:00:00
19234,2015-06-02 23:00:00,0,train,19776,2015,6,2,23,20.0,75.0,2.0,95.0,500.0,11.0,22.7,1008.9,12.9,0.0,ESE,3.5,Aotizhongxin,7.0,121.0,21.5,768.3460144928279,21.2,32.6,26.6,15.13449275362446,2015-06-02 23:00:00,36.0,2015-06-03 23:00:00
19260,2015-06-04 01:00:00,0,train,19802,2015,6,4,1,46.0,154.0,11.0,76.0,600.0,55.0,25.3,1004.4,7.9,0.0,WSW,1.1,Aotizhongxin,19.0,70.0,33.0,190.4275362319575,16.4,31.6,27.200000000000003,22.488405797102292,2015-06-04 01:00:00,15.0,2015-06-05 01:00:00
19284,2015-06-05 01:00:00,0,train,19826,2015,6,5,1,15.0,15.0,,22.0,4000.0,78.0,18.9,995.1,13.7,0.0,SW,1.2,Aotizhongxin,15.0,75.0,48.0,239.79710144934648,17.8,24.5,20.4,3.984927536231055,2015-06-05 01:00:00,35.0,2015-06-06 01:00:00
19309,2015-06-06 02:00:00,0,train,19851,2015,6,6,2,29.0,29.0,2.0,37.0,700.0,93.0,21.1,997.1,15.0,0.0,NNE,1.4,Aotizhongxin,17.0,76.0,48.5,246.95471014499887,15.2,30.9,23.0,24.809112318840565,2015-06-06 02:00:00,12.0,2015-06-07 02:00:00
19354,2015-06-07 23:00:00,0,train,19896,2015,6,7,23,14.0,14.0,2.0,38.0,300.0,62.0,20.0,1003.9,7.7,0.0,NW,2.8,Aotizhongxin,4.0,18.0,11.5,13.519927536310458,14.4,28.1,21.35,18.917373188405172,2015-06-07 23:00:00,35.0,2015-06-08 23:00:00
19361,2015-06-08 06:00:00,0,train,19903,2015,6,8,6,13.0,44.0,2.0,60.0,500.0,8.0,16.8,1002.7,12.1,0.0,ESE,0.7,Aotizhongxin,4.0,21.0,11.5,17.08514492761486,14.5,28.1,21.35,15.149275362318368,2015-06-08 06:00:00,22.0,2015-06-09 06:00:00
19422,2015-06-10 19:00:00,0,train,19964,2015,6,10,19,54.0,154.0,13.0,57.0,1400.0,122.0,22.7,993.2,18.0,0.0,E,1.5,Aotizhongxin,26.0,80.0,48.5,267.297101449345,18.5,24.9,20.85,3.3760688405790105,2015-06-10 19:00:00,3.0,2015-06-11 19:00:00
19448,2015-06-13 04:00:00,0,train,20021,2015,6,13,4,7.0,33.0,7.0,30.0,600.0,67.0,21.3,997.2,13.7,0.0,NE,1.9,Aotizhongxin,3.0,9.0,6.0,4.095833333453243,21.1,28.5,25.299999999999997,4.423188405797736,2015-06-13 04:00:00,23.0,2015-06-14 04:00:00
19536,2015-06-16 21:00:00,0,train,20110,2015,6,16,21,72.0,81.0,3.0,34.0,800.0,206.0,24.6,999.5,16.8,0.0,NW,3.0,Aotizhongxin,60.0,162.0,108.0,1364.3188405797664,21.0,33.1,26.65,16.12318840579861,2015-06-16 21:00:00,51.0,2015-06-17 21:00:00
19555,2015-06-17 16:00:00,0,train,20129,2015,6,17,16,39.0,132.0,2.0,23.0,500.0,177.0,23.3,997.4,20.1,9.9,WSW,1.6,Aotizhongxin,26.0,86.0,46.5,343.6068840580402,21.2,33.1,24.700000000000003,15.574184782609834,2015-06-17 16:00:00,10.0,2015-06-18 16:00:00
19575,2015-06-18 12:00:00,0,train,20149,2015,6,18,12,7.0,7.0,2.0,12.0,100.0,104.0,29.9,1002.0,6.5,0.0,NW,2.5,Aotizhongxin,7.0,70.0,34.5,434.63043478268105,18.8,33.1,25.0,14.886884057971802,2015-06-18 12:00:00,18.0,2015-06-19 12:00:00
19579,2015-06-18 16:00:00,0,train,20153,2015,6,18,16,10.0,15.0,2.0,16.0,100.0,120.0,32.3,999.1,5.0,0.0,NW,2.3,Aotizhongxin,6.0,70.0,27.0,554.5797101450006,18.8,32.3,25.799999999999997,17.02514492753721,2015-06-18 16:00:00,21.0,2015-06-19 16:00:00
19582,2015-06-18 19:00:00,0,train,20156,2015,6,18,19,6.0,22.0,2.0,32.0,200.0,95.0,29.4,999.6,4.8,0.0,NE,2.2,Aotizhongxin,6.0,70.0,12.0,624.693840579784,18.8,32.3,25.799999999999997,19.159547101450393,2015-06-18 19:00:00,20.0,2015-06-19 19:00:00
19602,2015-06-19 15:00:00,0,train,20176,2015,6,19,15,40.0,65.0,3.0,28.0,700.0,91.0,18.5,1007.3,15.4,4.8,ENE,1.8,Aotizhongxin,6.0,40.0,10.0,60.95652173920788,16.5,32.3,22.75,24.700579710144986,2015-06-19 15:00:00,10.0,2015-06-20 15:00:00
19683,2015-06-23 00:00:00,0,train,20257,2015,6,23,0,138.0,223.0,14.0,75.0,1200.0,118.0,25.2,1002.4,17.1,0.0,ESE,1.6,Aotizhongxin,60.0,161.0,90.5,837.7318840580276,21.2,30.7,26.4,9.917807971015598,2015-06-23 00:00:00,163.0,2015-06-24 00:00:00
19853,2015-06-30 02:00:00,0,train,20427,2015,6,30,2,14.0,14.0,2.0,36.0,700.0,36.0,19.7,1002.7,17.1,0.0,NW,1.0,Aotizhongxin,10.0,207.0,173.0,7728.862318840632,18.4,26.6,20.55,8.367373188405157,2015-06-30 02:00:00,31.0,2015-07-01 02:00:00
19930,2015-07-03 07:00:00,0,train,20504,2015,7,3,7,26.0,,28.0,56.0,2300.0,18.0,23.3,1005.1,12.6,0.0,E,0.9,Aotizhongxin,3.0,28.0,12.5,74.6503623188844,17.0,33.3,26.05,29.595579710145945,2015-07-03 07:00:00,29.0,2015-07-04 07:00:00
19945,2015-07-03 22:00:00,0,train,20519,2015,7,3,22,39.0,113.0,18.0,36.0,1200.0,143.0,24.7,1005.2,11.3,0.0,SW,3.4,Aotizhongxin,11.0,54.0,26.0,114.34601449279877,17.0,30.3,25.75,17.57896739130498,2015-07-03 22:00:00,63.0,2015-07-04 22:00:00
20065,2015-07-08 22:00:00,0,train,20639,2015,7,8,22,61.0,79.0,13.0,69.0,800.0,112.0,27.7,1007.2,15.7,0.0,SE,2.2,Aotizhongxin,61.0,197.0,118.5,1710.780797101506,21.7,32.7,27.4,15.128097826088487,2015-07-08 22:00:00,30.0,2015-07-09 22:00:00
20092,2015-07-10 01:00:00,0,train,20666,2015,7,10,1,25.0,37.0,6.0,49.0,500.0,75.0,25.8,1007.8,14.0,0.0,SW,1.7,Aotizhongxin,25.0,107.0,82.0,748.4329710145474,22.4,32.5,28.15,12.05905797101616,2015-07-10 01:00:00,78.0,2015-07-11 01:00:00
20095,2015-07-10 04:00:00,0,train,20669,2015,7,10,4,29.0,84.0,10.0,57.0,800.0,,23.4,1007.8,17.2,0.0,ESE,2.1,Aotizhongxin,25.0,107.0,75.0,975.6449275362866,22.4,32.5,28.15,10.824275362320563,2015-07-10 04:00:00,90.0,2015-07-11 04:00:00
20116,2015-07-11 01:00:00,0,train,20690,2015,7,11,1,78.0,96.0,15.0,72.0,800.0,76.0,25.5,1004.9,19.2,0.0,ENE,1.0,Aotizhongxin,27.0,84.0,58.5,254.82427536237324,23.0,32.6,27.799999999999997,11.16195652174083,2015-07-11 01:00:00,89.0,2015-07-12 01:00:00
20139,2015-07-12 00:00:00,0,train,20713,2015,7,12,0,90.0,166.0,7.0,84.0,800.0,106.0,28.9,1000.0,19.0,0.0,SSW,1.4,Aotizhongxin,78.0,164.0,117.5,706.1739130435327,23.3,33.9,28.6,13.645797101451354,2015-07-12 00:00:00,72.0,2015-07-13 00:00:00
20242,2015-07-16 07:00:00,0,train,20816,2015,7,16,7,48.0,48.0,2.0,32.0,900.0,141.0,21.1,1003.7,19.6,0.1,N,3.3,Aotizhongxin,30.0,61.0,49.5,74.4619565218007,20.9,29.0,27.65,7.501286231885191,2015-07-16 07:00:00,20.0,2015-07-17 07:00:00
20247,2015-07-16 12:00:00,0,train,20821,2015,7,16,12,36.0,53.0,2.0,45.0,900.0,120.0,23.6,1003.9,18.7,0.0,N,3.4,Aotizhongxin,36.0,61.0,49.5,53.592391304409354,20.9,29.0,26.05,9.300416666667394,2015-07-16 12:00:00,26.0,2015-07-17 12:00:00
20267,2015-07-17 08:00:00,0,train,20841,2015,7,17,8,22.0,26.0,2.0,52.0,700.0,53.0,21.3,1004.2,18.7,0.8,N,1.6,Aotizhongxin,18.0,42.0,32.0,55.760869565278924,21.0,25.1,23.0,1.8254891304345318,2015-07-17 08:00:00,42.0,2015-07-18 08:00:00
20278,2015-07-17 19:00:00,0,train,20852,2015,7,17,19,63.0,80.0,5.0,58.0,1300.0,134.0,25.1,1001.5,20.4,0.0,NE,0.8,Aotizhongxin,18.0,63.0,30.0,114.51449275368475,20.9,26.3,21.75,3.3315217391301686,2015-07-17 19:00:00,32.0,2015-07-18 19:00:00
20302,2015-07-18 19:00:00,0,train,20876,2015,7,18,19,32.0,32.0,2.0,60.0,900.0,141.0,23.3,1002.1,20.6,0.0,ENE,1.1,Aotizhongxin,22.0,92.0,51.5,398.9981884058587,20.5,27.9,23.200000000000003,4.694782608695615,2015-07-18 19:00:00,62.0,2015-07-19 19:00:00
20385,2015-07-22 06:00:00,0,train,20959,2015,7,22,6,86.0,86.0,2.0,55.0,900.0,28.0,21.5,1000.4,20.8,0.0,ESE,1.0,Aotizhongxin,58.0,196.0,139.0,2955.5362318841203,21.3,29.6,24.200000000000003,8.63565217391378,2015-07-22 06:00:00,39.0,2015-07-23 06:00:00
20404,2015-07-23 01:00:00,0,train,20978,2015,7,23,1,26.0,26.0,2.0,51.0,600.0,76.0,21.7,1000.4,21.0,0.1,ESE,1.1,Aotizhongxin,9.0,103.0,63.5,823.9112318841294,21.3,30.9,24.45,12.528242753623923,2015-07-23 01:00:00,34.0,2015-07-24 01:00:00
20450,2015-07-24 23:00:00,0,train,21024,2015,7,24,23,74.0,97.0,5.0,101.0,1100.0,36.0,25.7,997.5,20.7,0.0,SE,1.6,Aotizhongxin,33.0,103.0,53.5,483.6068840580425,22.5,32.5,25.799999999999997,9.74548913043597,2015-07-24 23:00:00,132.0,2015-07-25 23:00:00
20477,2015-07-26 02:00:00,0,train,21051,2015,7,26,2,163.0,194.0,9.0,37.0,1100.0,127.0,27.7,996.7,22.9,0.0,WNW,1.1,Aotizhongxin,65.0,163.0,88.5,1020.456521739195,22.1,32.8,29.65,12.907663043480257,2015-07-26 02:00:00,94.0,2015-07-27 02:00:00
20497,2015-07-26 22:00:00,0,train,21071,2015,7,26,22,89.0,143.0,8.0,72.0,1100.0,93.0,28.2,1000.4,23.1,0.0,ESE,0.8,Aotizhongxin,77.0,168.0,132.5,1059.0416666667275,24.6,34.2,29.75,9.314619565219939,2015-07-26 22:00:00,24.0,2015-07-27 22:00:00
