original_index,timestamp,target,partition,No,year,month,day,hour,PM2.5,PM10,SO2,NO2,CO,O3,TEMP,PRES,DEWP,RAIN,wd,WSPM,station,pm25_min,pm25_max,pm25_median,pm25_variance,temperature_min,temperature_max,temperature_median,temperature_variance,feature_timestamp,future_pm25,target_timestamp
60,2013-03-03 23:00:00,0,train,72,2013,3,3,23,46.0,94.0,29.0,84.0,1200.0,2.0,5.2,1014.8,-10.6,0.0,NNW,1.7,Aotizhongxin,19.0,117.0,87.0,977.4710144927534,-5.8,16.9,5.25,62.28579710144929,2013-03-03 23:00:00,58.0,2013-03-04 23:00:00
71,2013-03-04 10:00:00,0,train,83,2013,3,4,10,16.0,24.0,22.0,36.0,600.0,57.0,11.9,1020.4,-12.4,0.0,NE,2.1,Aotizhongxin,7.0,117.0,31.0,1040.666666666665,2.7,16.9,8.85,19.131521739130456,2013-03-04 10:00:00,131.0,2013-03-05 10:00:00
91,2013-03-05 06:00:00,1,train,103,2013,3,5,6,104.0,145.0,94.0,89.0,2200.0,84.0,-0.2,1013.4,-8.6,0.0,NE,1.3,Aotizhongxin,3.0,117.0,28.0,1543.9547101449264,-0.6,15.3,9.45,29.857318840579723,2013-03-05 06:00:00,186.0,2013-03-06 06:00:00
92,2013-03-05 07:00:00,1,train,104,2013,3,5,7,106.0,146.0,82.0,87.0,2299.0,84.0,2.9,1013.4,-9.1,0.0,NNE,1.3,Aotizhongxin,3.0,117.0,32.5,1648.9547101449264,-0.6,15.3,9.45,31.01036231884059,2013-03-05 07:00:00,188.0,2013-03-06 07:00:00
110,2013-03-06 01:00:00,1,train,122,2013,3,6,1,272.0,300.0,131.0,166.0,4000.0,22.0,4.8,1008.3,-5.9,0.0,NE,1.5,Aotizhongxin,100.0,284.0,164.0,2976.476449275363,-0.6,13.8,5.15,22.561721014492765,2013-03-06 01:00:00,240.0,2013-03-07 01:00:00
178,2013-03-08 21:00:00,0,train,190,2013,3,8,21,81.0,87.0,43.0,61.0,1100.0,68.0,7.2,1000.0,-1.5,0.0,ENE,1.6,Aotizhongxin,81.0,376.0,310.0,11902.867753623188,1.1,22.5,7.95,47.444347826086975,2013-03-08 21:00:00,12.0,2013-03-09 21:00:00
179,2013-03-08 22:00:00,0,train,191,2013,3,8,22,90.0,102.0,45.0,68.0,1399.0,68.0,6.3,999.0,-3.4,0.0,E,0.9,Aotizhongxin,81.0,376.0,309.5,12211.971014492758,1.1,22.5,7.95,47.73391304347829,2013-03-08 22:00:00,11.0,2013-03-09 22:00:00
199,2013-03-09 18:00:00,0,train,211,2013,3,9,18,17.0,205.0,4.0,10.0,300.0,81.0,7.4,1015.9,-19.3,0.0,NNE,4.8,Aotizhongxin,14.0,145.0,86.5,1153.2753623189114,1.1,16.7,7.65,20.722590579710136,2013-03-09 18:00:00,44.0,2013-03-10 18:00:00
254,2013-03-12 01:00:00,0,train,266,2013,3,12,1,106.0,161.0,56.0,91.0,1600.0,47.0,4.8,1006.8,-2.8,0.0,SSE,0.0,Aotizhongxin,89.0,174.0,114.0,544.1721014493284,-2.3,11.4,8.1,23.998840579710098,2013-03-12 01:00:00,10.0,2013-03-13 01:00:00
322,2013-03-14 21:00:00,1,train,334,2013,3,14,21,119.0,130.0,61.0,102.0,1399.0,52.0,3.5,1018.4,-1.9,0.0,WNW,0.6,Aotizhongxin,37.0,119.0,90.5,662.5489130435413,-0.8,9.9,3.7,12.288677536231813,2013-03-14 21:00:00,312.0,2013-03-15 21:00:00
332,2013-03-15 07:00:00,1,train,344,2013,3,15,7,137.0,156.0,43.0,75.0,1899.0,52.0,2.4,1016.3,-2.3,0.0,NNE,1.0,Aotizhongxin,72.0,183.0,117.0,1134.4057971014988,0.5,9.9,2.95,9.761576086956456,2013-03-15 07:00:00,275.0,2013-03-16 07:00:00
340,2013-03-15 15:00:00,0,train,352,2013,3,15,15,256.0,305.0,102.0,147.0,2299.0,52.0,12.3,1010.9,-0.3,0.0,S,2.0,Aotizhongxin,3.0,256.0,163.5,2682.911231884102,0.6,12.3,5.050000000000001,15.432391304347783,2013-03-15 15:00:00,150.0,2013-03-16 15:00:00
343,2013-03-15 18:00:00,1,train,355,2013,3,15,18,269.0,319.0,79.0,96.0,1700.0,44.0,9.1,1012.2,1.5,0.0,WSW,1.0,Aotizhongxin,3.0,287.0,169.0,4003.3315217391664,0.6,12.3,5.050000000000001,17.976231884057935,2013-03-15 18:00:00,216.0,2013-03-16 18:00:00
346,2013-03-15 21:00:00,1,train,358,2013,3,15,21,312.0,348.0,61.0,132.0,2100.0,44.0,7.1,1014.4,0.7,0.0,NNW,0.8,Aotizhongxin,3.0,312.0,176.5,5145.130434782636,0.6,12.3,6.35,17.878840579710115,2013-03-15 21:00:00,228.0,2013-03-16 21:00:00
392,2013-03-17 19:00:00,0,train,404,2013,3,17,19,357.0,395.0,64.0,136.0,2500.0,58.0,9.3,996.1,4.7,0.0,NE,0.0,Aotizhongxin,162.0,362.0,235.0,4959.940217391299,4.2,15.9,9.25,14.064927536231924,2013-03-17 19:00:00,78.0,2013-03-18 19:00:00
505,2013-03-22 12:00:00,0,train,517,2013,3,22,12,63.0,157.0,51.0,57.0,1200.0,39.0,9.2,1012.5,-3.7,0.0,WSW,5.0,Aotizhongxin,10.0,228.0,175.0,4280.04166666668,1.1,9.2,5.65,5.423188405797057,2013-03-22 12:00:00,81.0,2013-03-23 12:00:00
603,2013-03-26 14:00:00,0,train,615,2013,3,26,14,214.0,241.0,73.0,85.0,1300.0,39.0,12.3,1005.3,-0.3,0.0,SW,5.4,Aotizhongxin,100.0,223.0,139.5,2020.0271739130606,-0.4,12.3,7.25,19.067826086956497,2013-03-26 14:00:00,45.0,2013-03-27 14:00:00
769,2013-04-02 12:00:00,0,train,781,2013,4,2,12,145.0,155.0,60.0,77.0,1800.0,64.0,15.1,1011.0,0.9,0.0,S,3.6,Aotizhongxin,3.0,162.0,25.5,3081.065217391339,0.0,16.7,10.15,32.489275362318885,2013-04-02 12:00:00,157.0,2013-04-03 12:00:00
774,2013-04-02 17:00:00,0,train,786,2013,4,2,17,134.0,206.0,65.0,54.0,1399.0,118.0,16.9,1005.8,-0.8,0.0,SW,2.6,Aotizhongxin,3.0,162.0,78.5,3833.172101449307,0.0,18.2,10.15,37.09650362318844,2013-04-02 17:00:00,89.0,2013-04-03 17:00:00
822,2013-04-04 17:00:00,0,train,834,2013,4,4,17,63.0,102.0,19.0,88.0,2100.0,12.0,5.8,1007.8,4.0,0.7,NE,1.8,Aotizhongxin,36.0,90.0,59.5,369.0416666667039,5.8,12.8,8.7,2.837608695652212,2013-04-04 17:00:00,5.0,2013-04-05 17:00:00
906,2013-04-08 05:00:00,0,train,918,2013,4,8,5,39.0,177.0,7.0,13.0,400.0,72.0,7.3,1005.5,-16.9,0.0,NNW,4.5,Aotizhongxin,31.0,125.0,79.0,665.5579710145245,3.1,15.3,9.5,11.817373188405845,2013-04-08 05:00:00,12.0,2013-04-09 05:00:00
946,2013-04-09 21:00:00,0,train,958,2013,4,9,21,18.0,26.0,4.0,25.0,400.0,74.0,6.7,1017.3,-10.6,0.0,NNW,1.6,Aotizhongxin,4.0,18.0,12.0,9.21014492758447,5.1,11.5,7.6,4.159547101449313,2013-04-09 21:00:00,24.0,2013-04-10 21:00:00
989,2013-04-11 16:00:00,0,train,1001,2013,4,11,16,10.0,18.0,3.0,10.0,400.0,90.8208,18.1,1010.3,-11.8,0.0,NW,2.3,Aotizhongxin,4.0,36.0,20.0,81.32608695656793,2.1,18.1,8.8,31.551286231884113,2013-04-11 16:00:00,48.0,2013-04-12 16:00:00
1035,2013-04-13 14:00:00,0,train,1047,2013,4,13,14,23.0,84.0,17.0,14.0,400.0,74.0,24.6,997.9,2.1,0.0,N,4.5,Aotizhongxin,23.0,154.0,75.5,971.1576086956846,8.9,26.1,18.35,30.666304347826216,2013-04-13 14:00:00,56.0,2013-04-14 14:00:00
1055,2013-04-14 10:00:00,0,train,1067,2013,4,14,10,19.0,79.0,9.0,37.0,800.0,45.0,13.0,1007.7,-0.7,0.0,SW,2.4,Aotizhongxin,5.0,154.0,14.5,1064.6666666667102,5.8,26.1,14.15,46.348677536231996,2013-04-14 10:00:00,82.0,2013-04-15 10:00:00
1081,2013-04-15 12:00:00,0,train,1093,2013,4,15,12,49.0,173.0,96.0,82.0,1800.0,52.0,18.1,997.0,-0.2,0.0,SSE,4.1,Aotizhongxin,46.0,82.0,59.0,118.49275362322466,6.4,18.1,13.649999999999999,13.471286231884177,2013-04-15 12:00:00,72.0,2013-04-16 12:00:00
1108,2013-04-16 15:00:00,0,train,1120,2013,4,16,15,30.0,73.0,14.0,17.0,400.0,,21.9,1000.1,-2.1,0.0,N,1.9,Aotizhongxin,30.0,115.0,59.5,529.6521739130794,8.5,22.0,12.95,22.222880434782727,2013-04-16 15:00:00,60.0,2013-04-17 15:00:00
1171,2013-04-19 06:00:00,0,train,1183,2013,4,19,6,56.0,119.0,36.0,77.0,1200.0,16.0,7.3,1020.0,-7.2,0.0,S,1.9,Aotizhongxin,8.0,67.0,12.0,423.73188405801864,7.2,15.5,11.0,7.476231884058024,2013-04-19 06:00:00,77.0,2013-04-20 06:00:00
1239,2013-04-22 02:00:00,0,train,1251,2013,4,22,2,127.0,160.0,21.0,55.0,700.0,,9.8,1009.7,4.0,0.0,SW,1.9,Aotizhongxin,87.0,162.0,128.5,471.91304347826696,4.2,17.6,13.399999999999999,18.49259057971019,2013-04-22 02:00:00,114.0,2013-04-23 02:00:00
1357,2013-04-27 00:00:00,0,train,1369,2013,4,27,0,37.0,77.0,36.2712,66.5172,,58.6908,15.4,1004.2,1.9,0.0,SSE,0.7,Aotizhongxin,32.0,92.0,69.5,379.7971014492697,6.1,24.3,17.6,38.725144927536356,2013-04-27 00:00:00,96.0,2013-04-28 00:00:00
1368,2013-04-27 11:00:00,0,train,1380,2013,4,27,11,38.0,92.0,48.0,44.0,1000.0,80.0,21.8,1006.0,2.0,0.0,SSE,2.1,Aotizhongxin,32.0,92.0,66.5,351.0144927536176,9.3,24.3,18.6,22.339112318840716,2013-04-27 11:00:00,74.0,2013-04-28 11:00:00
1412,2013-04-29 07:00:00,0,train,1424,2013,4,29,7,9.0,26.0,10.0,15.0,,87.822,20.6,1008.7,-6.1,0.0,N,3.9,Aotizhongxin,7.0,94.0,40.0,1297.5199275362256,10.7,20.7,17.05,8.02606884057987,2013-04-29 07:00:00,17.0,2013-04-30 07:00:00
1432,2013-04-30 03:00:00,0,train,1444,2013,4,30,3,15.0,40.0,6.0,49.0,300.0,50.0,11.8,1008.8,-1.7,0.0,NNE,0.7,Aotizhongxin,7.0,40.0,15.0,61.65036231883341,10.7,28.9,20.25,39.721286231884115,2013-04-30 03:00:00,24.0,2013-05-01 03:00:00
1449,2013-04-30 20:00:00,0,train,1461,2013,4,30,20,20.0,71.0,6.0,77.0,700.0,44.0,20.7,1008.1,-6.9,0.0,E,1.4,Aotizhongxin,11.0,40.0,17.0,44.166666666659545,8.9,29.1,20.75,45.065923913043555,2013-04-30 20:00:00,39.0,2013-05-01 20:00:00
1476,2013-05-01 23:00:00,0,train,1488,2013,5,1,23,61.0,135.0,30.0,61.0,700.0,,17.1,1007.1,5.4,0.0,SSW,2.5,Aotizhongxin,23.0,61.0,35.5,88.11413043477626,7.8,23.9,18.15,26.75606884057984,2013-05-01 23:00:00,90.0,2013-05-02 23:00:00
1489,2013-05-02 12:00:00,0,train,1501,2013,5,2,12,58.0,65.0,37.0,36.0,500.0,,23.5,1005.9,4.4,0.0,SE,2.9,Aotizhongxin,31.0,98.0,42.5,422.9492753623131,14.0,23.9,18.15,10.181286231884172,2013-05-02 12:00:00,50.0,2013-05-03 12:00:00
1500,2013-05-02 23:00:00,0,train,1512,2013,5,2,23,90.0,138.0,49.0,76.0,800.0,39.0,17.0,1008.2,6.2,0.0,ENE,0.7,Aotizhongxin,38.0,166.0,83.5,787.1884057970956,14.0,24.2,18.85,11.686503623188516,2013-05-02 23:00:00,90.0,2013-05-03 23:00:00
1581,2013-05-06 08:00:00,0,train,1593,2013,5,6,8,288.0,321.0,21.0,68.0,1800.0,29.0,22.3,1010.4,15.4,0.0,NE,1.1,Aotizhongxin,170.0,316.0,257.0,2023.8967391304113,16.0,27.3,22.05,15.679710144927531,2013-05-06 08:00:00,151.0,2013-05-07 08:00:00
1620,2013-05-07 23:00:00,0,train,1632,2013,5,7,23,174.0,197.0,76.0,116.0,1500.0,71.0,23.1,1008.9,11.8,0.0,SSW,1.0,Aotizhongxin,112.0,243.0,175.0,1197.3623188405743,15.9,29.4,24.5,21.096449275362215,2013-05-07 23:00:00,48.0,2013-05-08 23:00:00
1774,2013-05-14 09:00:00,0,train,1786,2013,5,14,9,17.0,118.0,20.0,19.0,300.0,75.0,25.1,1003.7,3.1,0.0,N,3.6,Aotizhongxin,17.0,178.0,86.5,2665.824275362331,14.5,27.5,22.25,17.849981884058035,2013-05-14 09:00:00,60.0,2013-05-15 09:00:00
1797,2013-05-15 08:00:00,0,train,1809,2013,5,15,8,85.0,218.0,148.0,84.0,2600.0,41.0,22.5,1013.1,7.8,0.0,SSW,0.6,Aotizhongxin,17.0,103.0,33.0,700.2155797101668,15.4,31.0,21.9,30.700579710144922,2013-05-15 08:00:00,79.0,2013-05-16 08:00:00
1865,2013-05-18 04:00:00,0,train,1877,2013,5,18,4,130.0,153.0,18.0,84.0,2299.0,15.0,17.8,1002.1,15.2,0.0,NNE,1.3,Aotizhongxin,86.0,160.0,115.5,490.8967391304454,17.3,24.4,20.85,5.50432971014499,2013-05-18 04:00:00,44.0,2013-05-19 04:00:00
1879,2013-05-18 18:00:00,0,train,1891,2013,5,18,18,84.0,132.0,25.0,26.0,500.0,146.0,22.9,997.5,14.5,0.0,SW,3.7,Aotizhongxin,66.0,182.0,143.0,1151.4184782608777,17.8,23.8,21.45,4.190362318840639,2013-05-18 18:00:00,55.0,2013-05-19 18:00:00
1900,2013-05-19 15:00:00,0,train,1912,2013,5,19,15,48.0,353.0,8.0,7.0,200.0,98.0,25.5,993.4,-6.0,0.0,NNW,7.4,Aotizhongxin,34.0,117.0,53.5,653.7318840580007,17.4,25.6,19.8,9.369275362318907,2013-05-19 15:00:00,55.0,2013-05-20 15:00:00
1908,2013-05-19 23:00:00,0,train,1920,2013,5,19,23,16.0,56.0,7.0,24.0,200.0,58.0,14.7,998.7,0.9,0.0,NW,0.9,Aotizhongxin,16.0,117.0,48.0,738.5199275362639,14.7,25.6,19.5,12.528677536231964,2013-05-19 23:00:00,54.0,2013-05-20 23:00:00
1993,2013-05-23 12:00:00,0,train,2005,2013,5,23,12,40.0,67.0,39.0,68.0,,79.6824,28.1,1004.3,9.9,0.0,S,1.9,Aotizhongxin,22.0,84.0,36.5,271.44927536234917,15.3,28.3,22.0,21.398840579710157,2013-05-23 12:00:00,46.0,2013-05-24 12:00:00
2076,2013-05-26 23:00:00,0,train,2088,2013,5,26,23,44.0,18.0,10.0,37.0,200.0,25.0,16.8,1005.6,15.8,0.1,ESE,0.8,Aotizhongxin,44.0,144.0,100.5,813.2753623188612,16.8,23.2,21.4,3.2824456521739775,2013-05-26 23:00:00,107.0,2013-05-27 23:00:00
2101,2013-05-28 00:00:00,0,train,2113,2013,5,28,0,94.0,122.0,3.0,58.0,1200.0,24.0,18.8,998.8,16.9,0.0,SSW,1.2,Aotizhongxin,35.0,107.0,70.0,546.6503623188628,16.4,22.2,19.0,3.4555797101451553,2013-05-28 00:00:00,54.0,2013-05-29 00:00:00
2119,2013-05-28 18:00:00,0,train,2131,2013,5,28,18,52.0,65.0,5.0,53.0,600.0,44.0,21.5,998.9,16.9,0.0,SW,2.9,Aotizhongxin,35.0,107.0,75.5,378.25362318842735,17.8,22.7,19.0,2.134329710145118,2013-05-28 18:00:00,13.0,2013-05-29 18:00:00
2123,2013-05-28 22:00:00,0,train,2135,2013,5,28,22,83.0,102.0,3.0,87.0,900.0,5.0,21.1,1002.5,5.4,0.0,N,4.7,Aotizhongxin,35.0,107.0,71.5,355.302536231906,17.8,22.7,19.0,2.2904347826088802,2013-05-28 22:00:00,33.0,2013-05-29 22:00:00
2145,2013-05-29 20:00:00,0,train,2157,2013,5,29,20,18.0,117.0,4.0,48.0,300.0,116.0,23.7,1002.5,7.7,0.0,SW,2.3,Aotizhongxin,5.0,83.0,9.0,581.1141304348074,18.4,30.4,23.7,16.132173913043346,2013-05-29 20:00:00,65.0,2013-05-30 20:00:00
2148,2013-05-29 23:00:00,0,train,2160,2013,5,29,23,37.0,81.0,14.0,94.0,500.0,42.0,16.8,1003.0,10.4,0.0,WSW,0.0,Aotizhongxin,5.0,54.0,9.0,161.8532608695901,16.8,30.4,23.7,17.554329710144803,2013-05-29 23:00:00,63.0,2013-05-30 23:00:00
2179,2013-05-31 06:00:00,0,train,2191,2013,5,31,6,75.0,163.0,17.0,55.0,600.0,60.0,20.5,998.4,15.1,0.0,SW,1.6,Aotizhongxin,31.0,107.0,55.5,282.71739130437044,18.4,33.7,26.85,27.168913043477865,2013-05-31 06:00:00,139.0,2013-06-01 06:00:00
2202,2013-06-01 05:00:00,0,train,2214,2013,6,1,5,133.0,216.0,5.0,115.0,1000.0,2.0,19.0,1001.0,17.1,0.0,NNE,1.3,Aotizhongxin,75.0,135.0,115.0,160.46195652176087,18.2,29.3,24.45,14.338242753623078,2013-06-01 05:00:00,119.0,2013-06-02 05:00:00
2209,2013-06-01 12:00:00,1,train,2221,2013,6,1,12,27.0,27.0,5.0,19.0,300.0,123.0,30.2,1000.9,0.7,0.0,NNE,0.7,Aotizhongxin,27.0,139.0,115.5,614.5199275362531,18.2,30.8,24.9,18.851231884057782,2013-06-01 12:00:00,250.0,2013-06-02 12:00:00
2226,2013-06-02 05:00:00,0,train,2238,2013,6,2,5,119.0,212.0,26.0,70.0,1500.0,34.0,17.3,1001.4,13.4,0.0,ESE,0.0,Aotizhongxin,3.0,139.0,50.5,1699.3623188405984,17.2,30.8,24.4,23.59041666666647,2013-06-02 05:00:00,174.0,2013-06-03 05:00:00
2249,2013-06-03 04:00:00,0,train,2261,2013,6,3,4,166.0,182.0,6.0,109.0,1500.0,2.0,17.8,998.4,17.2,0.0,S,0.5,Aotizhongxin,118.0,250.0,151.5,2323.297101449294,17.3,25.9,21.950000000000003,7.02911231884068,2013-06-03 04:00:00,150.0,2013-06-04 04:00:00
2267,2013-06-03 22:00:00,0,train,2279,2013,6,3,22,111.0,217.0,18.0,214.0,1600.0,20.0,20.9,1001.7,16.1,0.0,E,0.0,Aotizhongxin,50.0,180.0,127.5,1856.1576086956643,17.8,33.1,24.05,29.90635869565192,2013-06-03 22:00:00,81.0,2013-06-04 22:00:00
2352,2013-06-07 11:00:00,1,train,2364,2013,6,7,11,74.0,93.0,9.0,58.0,2700.0,5.0,19.8,1003.9,19.5,0.3,WSW,0.7,Aotizhongxin,74.0,162.0,127.0,458.89673913045124,19.2,20.5,19.95,0.11623188405846163,2013-06-07 11:00:00,212.0,2013-06-08 11:00:00
2359,2013-06-07 18:00:00,1,train,2371,2013,6,7,18,134.0,137.0,6.0,78.0,2399.0,8.0,20.3,1002.9,19.1,0.0,NE,0.9,Aotizhongxin,74.0,146.0,133.5,410.1286231884223,19.3,20.7,20.1,0.1294021739135196,2013-06-07 18:00:00,195.0,2013-06-08 18:00:00
2464,2013-06-12 03:00:00,0,train,2476,2013,6,12,3,16.0,26.0,3.0,88.0,500.0,27.0,15.0,1002.8,13.9,0.0,SW,1.1,Aotizhongxin,15.0,139.0,57.5,1229.027173913079,14.4,26.3,21.05,14.46563405797148,2013-06-12 03:00:00,89.0,2013-06-13 03:00:00
2488,2013-06-13 03:00:00,0,train,2500,2013,6,13,3,89.0,92.0,9.0,88.0,700.0,59.0,17.7,1002.8,15.5,0.0,N,0.6,Aotizhongxin,20.0,111.0,76.5,650.4275362319147,14.4,26.8,22.7,13.993840579710449,2013-06-13 03:00:00,70.0,2013-06-14 03:00:00
2592,2013-06-17 11:00:00,0,train,2604,2013,6,17,11,12.0,12.0,6.0,39.0,300.0,84.0,28.1,997.2,15.7,0.0,NE,1.4,Aotizhongxin,12.0,218.0,180.5,6810.172101449285,21.0,28.1,21.65,4.660706521739277,2013-06-17 11:00:00,23.0,2013-06-18 11:00:00
2604,2013-06-17 23:00:00,0,train,2616,2013,6,17,23,51.0,66.0,9.0,92.0,700.0,65.0,24.8,994.1,17.8,0.0,W,0.0,Aotizhongxin,10.0,191.0,34.0,1905.3840579710468,21.0,31.0,26.35,12.431014492753434,2013-06-17 23:00:00,61.0,2013-06-18 23:00:00
2616,2013-06-18 11:00:00,0,train,2628,2013,6,18,11,23.0,37.0,11.0,64.0,400.0,110.0,31.0,991.5,17.0,0.0,SSW,2.2,Aotizhongxin,10.0,80.0,49.5,364.60688405800346,21.8,31.0,27.049999999999997,11.246503623188133,2013-06-18 11:00:00,28.0,2013-06-19 11:00:00
2659,2013-06-20 06:00:00,0,train,2671,2013,6,20,6,92.0,92.0,25.704,99.5705,,,24.5,1001.3,20.0,0.0,NE,1.5,Aotizhongxin,3.0,111.0,53.5,1094.4057971014795,24.0,35.4,28.799999999999997,16.397318840579175,2013-06-20 06:00:00,82.0,2013-06-21 06:00:00
2663,2013-06-20 10:00:00,0,train,2675,2013,6,20,10,37.0,94.0,11.0,85.0,500.0,32.0,29.2,1002.7,19.5,0.0,N,0.5,Aotizhongxin,3.0,106.0,39.5,757.0362318840905,24.0,35.4,27.0,16.174619565216904,2013-06-20 10:00:00,98.0,2013-06-21 10:00:00
2680,2013-06-21 03:00:00,0,train,2692,2013,6,21,3,39.0,92.0,11.7096,105.7295,,,21.2,1004.0,19.3,0.0,ENE,0.6,Aotizhongxin,23.0,106.0,42.0,613.6503623188703,21.2,29.2,24.85,5.2456340579708405,2013-06-21 03:00:00,35.0,2013-06-22 03:00:00
2682,2013-06-21 05:00:00,0,train,2694,2013,6,21,5,58.0,120.0,14.8512,95.6698,,,21.6,1004.8,19.9,0.0,SW,0.6,Aotizhongxin,23.0,92.0,42.0,464.5797101449584,21.2,29.2,24.85,6.364619565217237,2013-06-21 05:00:00,47.0,2013-06-22 05:00:00
2758,2013-06-24 09:00:00,0,train,2770,2013,6,24,9,233.0,281.0,9.7104,72.6762,,53.55,24.9,997.9,20.6,0.0,ESE,0.6,Aotizhongxin,29.0,233.0,55.5,2439.384057971041,20.9,31.2,26.05,11.959112318840289,2013-06-24 09:00:00,81.0,2013-06-25 09:00:00
2808,2013-06-26 11:00:00,0,train,2820,2013,6,26,11,185.0,166.0,7.7112,59.3317,,93.177,28.2,992.1,21.2,0.0,S,1.6,Aotizhongxin,129.0,188.0,160.0,321.9981884057905,20.9,28.2,22.049999999999997,3.3951992753623954,2013-06-26 11:00:00,79.0,2013-06-27 11:00:00
2862,2013-06-28 17:00:00,0,train,2874,2013,6,28,17,494.0,544.0,32.0,80.0,3299.0,85.0,26.2,994.7,22.7,0.0,NE,1.1,Aotizhongxin,47.0,494.0,263.0,15267.157608695601,24.8,31.0,25.75,1.6469565217390123,2013-06-28 17:00:00,148.0,2013-06-29 17:00:00
2865,2013-06-28 20:00:00,0,train,2877,2013,6,28,20,494.0,564.0,21.0,103.0,3299.0,44.0,26.2,996.4,22.9,0.0,N,1.6,Aotizhongxin,82.0,510.0,278.0,16496.86775362311,24.8,27.0,25.75,0.3582427536230968,2013-06-28 20:00:00,151.0,2013-06-29 20:00:00
2872,2013-06-29 03:00:00,0,train,2884,2013,6,29,3,54.0,54.0,4.0,39.0,600.0,75.0,20.5,997.4,20.2,0.0,NNE,0.5,Aotizhongxin,22.0,510.0,278.0,24513.731884057896,20.5,27.0,25.55,5.692971014492801,2013-06-29 03:00:00,169.0,2013-06-30 03:00:00
2916,2013-06-30 23:00:00,0,train,2928,2013,6,30,23,277.0,318.0,14.0,94.0,2700.0,2.0,24.8,996.6,23.8,0.0,ESE,0.2,Aotizhongxin,167.0,306.0,222.5,1672.1721014491952,21.9,28.3,24.8,3.6857971014492814,2013-06-30 23:00:00,53.0,2013-07-01 23:00:00
2933,2013-07-01 16:00:00,0,train,2945,2013,7,1,16,224.0,235.0,30.0,91.0,2799.0,17.0,26.5,991.8,23.6,0.0,NE,2.0,Aotizhongxin,149.0,277.0,183.5,1828.172101449207,23.9,27.8,24.8,0.9588405797101196,2013-07-01 16:00:00,11.0,2013-07-02 16:00:00
2996,2013-07-04 07:00:00,0,train,3008,2013,7,4,7,20.0,41.0,5.0,56.0,400.0,2.0,27.5,988.9,19.3,0.0,ESE,0.9,Aotizhongxin,8.0,46.0,25.0,115.47101449276686,23.5,36.8,27.6,24.889112318839956,2013-07-04 07:00:00,25.0,2013-07-05 07:00:00
3053,2013-07-06 16:00:00,0,train,3065,2013,7,6,16,44.0,83.0,10.0,34.0,600.0,226.0,33.8,993.0,20.6,0.0,SSW,2.8,Aotizhongxin,10.0,107.0,35.0,838.5634057971052,23.8,34.3,29.85,14.187173913042853,2013-07-06 16:00:00,117.0,2013-07-07 16:00:00
3074,2013-07-07 13:00:00,0,train,3086,2013,7,7,13,72.0,96.0,10.0,41.0,600.0,194.0,31.4,993.8,23.2,0.0,SW,1.9,Aotizhongxin,20.0,80.0,48.5,270.25905797101706,21.4,34.3,26.75,24.043460144927145,2013-07-07 13:00:00,90.0,2013-07-08 13:00:00
3095,2013-07-08 10:00:00,0,train,3107,2013,7,8,10,88.0,69.0,5.0,50.0,700.0,71.0,25.0,997.8,24.0,6.6,E,1.1,Aotizhongxin,57.0,214.0,86.5,2311.934782608673,23.2,31.8,27.65,10.195199275361928,2013-07-08 10:00:00,71.0,2013-07-09 10:00:00
3112,2013-07-09 03:00:00,0,train,3124,2013,7,9,3,149.0,107.0,9.0,77.0,1100.0,2.0,24.6,997.3,24.3,0.6,NNE,0.1,Aotizhongxin,57.0,166.0,92.5,1273.0416666666429,23.2,27.2,24.9,1.0698369565215926,2013-07-09 03:00:00,47.0,2013-07-10 03:00:00
3130,2013-07-09 21:00:00,0,train,3142,2013,7,9,21,43.0,60.0,3.0,74.0,700.0,4.0,22.8,998.9,22.5,0.0,NE,0.8,Aotizhongxin,19.0,166.0,102.5,3514.514492753605,22.8,25.4,24.6,0.6141304347825701,2013-07-09 21:00:00,27.0,2013-07-10 21:00:00
3229,2013-07-14 00:00:00,0,train,3241,2013,7,14,0,167.0,151.0,14.0,42.0,1500.0,144.0,26.2,1002.2,23.3,0.0,SW,1.5,Aotizhongxin,76.0,185.0,139.0,1108.318840579676,25.0,31.9,27.7,4.429275362318573,2013-07-14 00:00:00,65.0,2013-07-15 00:00:00
3252,2013-07-14 23:00:00,0,train,3264,2013,7,14,23,61.0,46.0,3.0,53.0,600.0,48.0,23.3,1000.2,23.1,2.0,W,0.9,Aotizhongxin,61.0,171.0,94.5,1159.4329710144727,23.1,31.2,26.0,5.935652173912824,2013-07-14 23:00:00,55.0,2013-07-15 23:00:00
3271,2013-07-15 18:00:00,0,train,3283,2013,7,15,18,46.0,29.0,4.0,66.0,900.0,4.0,24.4,990.0,24.1,0.6,E,0.6,Aotizhongxin,20.0,85.0,55.0,301.30434782608927,22.6,26.9,23.65,1.3826086956521035,2013-07-15 18:00:00,7.0,2013-07-16 18:00:00
3308,2013-07-17 07:00:00,0,train,3320,2013,7,17,7,22.0,58.0,6.0,46.0,500.0,2.0,23.6,1001.4,18.3,0.0,NE,1.0,Aotizhongxin,5.0,42.0,15.5,155.69384057972792,19.8,34.3,24.7,29.19913043478243,2013-07-17 07:00:00,172.0,2013-07-18 07:00:00
3385,2013-07-20 12:00:00,0,train,3397,2013,7,20,12,14.0,14.0,6.0,23.0,200.0,117.0,32.7,998.4,18.1,0.0,NNE,1.4,Aotizhongxin,14.0,148.0,115.0,1160.4329710144646,22.9,32.9,27.450000000000003,11.904057971014241,2013-07-20 12:00:00,106.0,2013-07-21 12:00:00
3387,2013-07-20 14:00:00,0,train,3399,2013,7,20,14,13.0,13.0,6.0,24.0,200.0,146.0,33.6,997.9,19.3,0.0,E,1.1,Aotizhongxin,13.0,148.0,111.0,1792.2536231883796,22.9,33.7,27.450000000000003,13.398188405796843,2013-07-20 14:00:00,81.0,2013-07-21 14:00:00
3441,2013-07-22 20:00:00,0,train,3453,2013,7,22,20,90.0,129.0,29.0,55.0,1400.0,162.0,26.0,997.9,20.3,0.0,SW,1.0,Aotizhongxin,44.0,141.0,74.0,620.9492753622953,22.0,30.2,26.7,8.053623188405622,2013-07-22 20:00:00,30.0,2013-07-23 20:00:00
3504,2013-07-25 11:00:00,0,train,3516,2013,7,25,11,19.0,64.0,5.0,37.0,300.0,75.0,34.3,997.3,17.5,0.0,SSW,1.0,Aotizhongxin,8.0,27.0,17.5,23.304347826078683,22.6,37.9,27.65,32.87693840579674,2013-07-25 11:00:00,49.0,2013-07-26 11:00:00
3550,2013-07-27 09:00:00,0,train,3562,2013,7,27,9,85.0,43.0,5.0,41.0,1000.0,31.0,24.1,995.7,23.4,0.1,NE,0.6,Aotizhongxin,39.0,95.0,71.5,288.5199275362092,23.3,26.0,24.35,0.5104166666663972,2013-07-27 09:00:00,53.0,2013-07-28 09:00:00
3622,2013-07-30 09:00:00,0,train,3634,2013,7,30,9,172.0,198.0,9.0,82.0,1200.0,36.0,30.3,993.1,22.7,0.0,NE,1.4,Aotizhongxin,35.0,172.0,84.5,1315.1521739130199,22.9,31.5,27.9,7.8825905797098725,2013-07-30 09:00:00,33.0,2013-07-31 09:00:00
3668,2013-08-01 07:00:00,0,train,3680,2013,8,1,7,36.0,19.0,3.0,35.0,300.0,55.0,22.8,998.4,22.1,0.0,ENE,1.3,Aotizhongxin,19.0,117.0,32.5,817.1721014492584,20.6,33.4,22.8,23.28086956521704,2013-08-01 07:00:00,46.0,2013-08-02 07:00:00
3692,2013-08-02 07:00:00,0,train,3704,2013,8,2,7,46.0,40.0,5.0,48.0,600.0,3.0,23.3,1001.2,22.1,0.0,NNW,0.8,Aotizhongxin,38.0,88.0,54.0,157.25905797099597,21.2,27.4,23.200000000000003,2.93085144927493,2013-08-02 07:00:00,16.0,2013-08-03 07:00:00
3736,2013-08-04 03:00:00,0,train,3748,2013,8,4,3,92.0,117.0,8.0,46.0,,65.331,23.6,995.8,22.2,0.0,NNE,1.3,Aotizhongxin,16.0,92.0,26.0,611.1576086956368,21.6,32.4,27.5,12.557663043477897,2013-08-04 03:00:00,42.0,2013-08-05 03:00:00
3785,2013-08-06 04:00:00,0,train,3797,2013,8,6,4,87.0,177.0,4.284,,,,24.8,993.0,23.8,0.0,NE,1.2,Aotizhongxin,34.0,87.0,48.0,170.05797101447448,19.7,34.3,27.15,14.779710144927174,2013-08-06 04:00:00,30.0,2013-08-07 04:00:00
3820,2013-08-07 15:00:00,0,train,3832,2013,8,7,15,21.0,39.0,15.0,34.0,,46.2672,24.3,997.5,20.8,0.1,NNE,2.7,Aotizhongxin,20.0,220.0,34.0,4962.592391304326,23.7,33.5,28.45,8.571231884057685,2013-08-07 15:00:00,45.0,2013-08-08 15:00:00
3852,2013-08-08 23:00:00,0,train,3864,2013,8,8,23,36.0,127.0,4.0,55.0,500.0,82.0,23.5,995.4,20.4,0.0,N,0.2,Aotizhongxin,17.0,45.0,27.0,99.99275362317034,21.1,33.9,27.9,23.29188405797076,2013-08-08 23:00:00,57.0,2013-08-09 23:00:00
3866,2013-08-09 13:00:00,0,train,3878,2013,8,9,13,42.0,90.0,19.0,53.0,700.0,150.0,36.4,994.9,20.6,0.0,SSW,1.4,Aotizhongxin,15.0,45.0,30.5,74.49275362317022,21.1,36.4,28.950000000000003,25.938097826086732,2013-08-09 13:00:00,147.0,2013-08-10 13:00:00
4086,2013-08-18 17:00:00,0,train,4098,2013,8,18,17,13.0,22.0,8.0,20.0,400.0,136.0,33.0,1001.3,19.5,0.0,WSW,2.1,Aotizhongxin,3.0,20.0,10.5,18.514492753615233,22.5,35.0,28.299999999999997,19.36085144927511,2013-08-18 17:00:00,10.0,2013-08-19 17:00:00
4135,2013-08-20 18:00:00,0,train,4147,2013,8,20,18,95.0,104.0,11.0,63.0,1200.0,106.0,25.0,1002.8,23.6,0.4,N,1.0,Aotizhongxin,26.0,161.0,63.0,2126.1721014492505,22.9,30.1,26.4,6.556449275361871,2013-08-20 18:00:00,75.0,2013-08-21 18:00:00
4189,2013-08-23 00:00:00,0,train,4201,2013,8,23,0,115.0,145.0,5.0,139.0,1100.0,1.0,22.8,1004.0,21.6,0.0,W,0.5,Aotizhongxin,74.0,133.0,117.5,147.15760869561782,21.4,25.8,23.85,1.958840579709491,2013-08-23 00:00:00,44.0,2013-08-24 00:00:00
4196,2013-08-23 07:00:00,0,train,4208,2013,8,23,7,98.0,112.0,4.0,65.0,800.0,1.0,23.1,1005.1,20.8,0.0,NE,0.8,Aotizhongxin,74.0,130.0,114.5,218.91123188402574,22.1,25.8,23.7,1.4430253623181954,2013-08-23 07:00:00,30.0,2013-08-24 07:00:00
4230,2013-08-24 17:00:00,0,train,4242,2013,8,24,17,14.0,26.0,8.0,28.0,400.0,135.0,32.4,1001.8,14.5,0.0,SSE,0.1,Aotizhongxin,12.0,71.0,30.0,225.04166666665805,20.9,35.4,24.85,27.075579710144627,2013-08-24 17:00:00,33.0,2013-08-25 17:00:00
4249,2013-08-25 12:00:00,0,train,4261,2013,8,25,12,32.0,61.0,8.0,45.0,600.0,167.0,34.1,1001.1,17.3,0.0,S,1.8,Aotizhongxin,12.0,57.0,32.0,180.43297101448346,19.4,35.4,25.25,35.44592391304314,2013-08-25 12:00:00,18.0,2013-08-26 12:00:00
4294,2013-08-27 09:00:00,0,train,4306,2013,8,27,9,53.0,86.0,16.0,78.0,1800.0,2.0,23.8,1003.8,19.7,0.0,NE,1.7,Aotizhongxin,11.0,122.0,48.0,756.492753623173,22.8,34.6,25.85,20.046884057970793,2013-08-27 09:00:00,52.0,2013-08-28 09:00:00
4360,2013-08-30 03:00:00,0,train,4372,2013,8,30,3,4.0,10.0,1.0,19.0,100.0,32.0,18.9,1006.3,13.5,0.0,NNE,2.0,Aotizhongxin,3.0,80.0,8.5,244.38949275362066,18.9,27.3,24.75,7.725797101448542,2013-08-30 03:00:00,25.0,2013-08-31 03:00:00
4366,2013-08-30 09:00:00,0,train,4378,2013,8,30,9,6.0,16.0,1.0,26.0,300.0,30.0,24.5,1008.5,11.1,0.0,NE,2.2,Aotizhongxin,3.0,12.0,6.0,8.983695652173056,18.2,27.1,22.35,9.86085144927441,2013-08-30 09:00:00,21.0,2013-08-31 09:00:00
4371,2013-08-30 14:00:00,0,train,4383,2013,8,30,14,7.0,12.0,1.0,16.0,200.0,66.0,27.9,1005.3,9.2,0.0,NW,1.8,Aotizhongxin,3.0,12.0,6.0,9.693840579709343,18.2,27.9,22.35,9.642826086955557,2013-08-30 14:00:00,8.0,2013-08-31 14:00:00
4422,2013-09-01 17:00:00,0,train,4434,2013,9,1,17,43.0,97.0,11.0,47.0,900.0,178.0,26.8,1006.4,14.9,0.0,E,0.8,Aotizhongxin,11.0,62.0,33.0,183.34601449274444,16.6,30.2,21.8,21.26737318840489,2013-09-01 17:00:00,64.0,2013-09-02 17:00:00
4434,2013-09-02 05:00:00,0,train,4446,2013,9,2,5,17.0,19.0,2.0,36.0,300.0,27.0,16.7,1011.0,13.8,0.0,NE,0.5,Aotizhongxin,17.0,62.0,40.0,160.11413043477083,16.7,30.2,22.75,21.304275362317966,2013-09-02 05:00:00,121.0,2013-09-03 05:00:00
4457,2013-09-03 04:00:00,0,train,4469,2013,9,3,4,123.0,181.0,5.0,86.0,1200.0,1.0,19.1,1011.1,17.6,0.0,NE,1.2,Aotizhongxin,15.0,123.0,55.5,1031.9057971014324,16.7,28.6,22.25,14.145144927535291,2013-09-03 04:00:00,138.0,2013-09-04 04:00:00
4540,2013-09-06 15:00:00,0,train,4552,2013,9,6,15,67.0,62.0,11.0,57.0,1100.0,96.0,25.6,1008.9,16.4,0.0,WSW,3.4,Aotizhongxin,9.0,67.0,43.5,206.04166666665134,17.7,26.3,19.75,8.82389492753499,2013-09-06 15:00:00,8.0,2013-09-07 15:00:00
4923,2013-09-22 14:00:00,0,train,4935,2013,9,22,14,96.0,144.0,10.0,99.0,1000.0,2.0,22.3,1008.6,16.6,0.0,E,0.5,Aotizhongxin,26.0,96.0,49.5,412.9112318840297,18.6,28.1,21.0,6.986884057969756,2013-09-22 14:00:00,3.0,2013-09-23 14:00:00
4982,2013-09-25 01:00:00,0,train,4994,2013,9,25,1,12.0,30.0,2.0,54.0,300.0,8.0,8.1,1017.3,5.7,0.0,N,0.5,Aotizhongxin,3.0,26.0,8.5,49.56340579708641,8.1,22.8,13.15,21.919112318838184,2013-09-25 01:00:00,35.0,2013-09-26 01:00:00
5022,2013-09-26 17:00:00,1,train,5034,2013,9,26,17,49.0,70.0,16.0,56.0,500.0,98.0,20.8,1008.2,8.4,0.0,SSW,1.0,Aotizhongxin,11.0,62.0,26.0,267.10144927534304,8.7,24.7,15.9,34.34302536231669,2013-09-26 17:00:00,240.0,2013-09-27 17:00:00
5028,2013-09-26 23:00:00,1,train,5040,2013,9,26,23,79.0,148.0,16.0,119.0,1700.0,1.0,13.6,1008.1,10.2,0.0,NE,1.2,Aotizhongxin,16.0,79.0,41.0,371.3913043478046,8.7,24.7,14.25,32.770271739128255,2013-09-26 23:00:00,263.0,2013-09-27 23:00:00
5036,2013-09-27 07:00:00,1,train,5048,2013,9,27,7,76.0,116.0,18.0,67.0,1500.0,1.0,13.3,1008.0,11.0,0.0,N,1.2,Aotizhongxin,19.0,117.0,61.5,702.7807971014238,10.0,24.7,14.25,27.479130434780508,2013-09-27 07:00:00,215.0,2013-09-28 07:00:00
5091,2013-09-29 14:00:00,0,train,5103,2013,9,29,14,239.0,249.0,21.0,95.0,1600.0,6.0,19.3,1012.7,15.2,0.0,NNE,1.0,Aotizhongxin,176.0,321.0,248.0,1388.4057971014029,14.0,20.1,15.65,3.406884057968864,2013-09-29 14:00:00,110.0,2013-09-30 14:00:00
5387,2013-10-11 22:00:00,0,train,5399,2013,10,11,22,119.0,202.0,20.2776,143.0,1500.0,1.0,12.5,1011.8,8.8,0.0,ENE,0.8,Aotizhongxin,8.0,134.0,37.5,1468.3894927535487,6.7,22.9,13.350000000000001,31.456449275359887,2013-10-11 22:00:00,95.0,2013-10-12 22:00:00
5417,2013-10-13 04:00:00,0,train,5429,2013,10,13,4,36.0,52.0,9.7104,42.0,800.0,34.0,15.8,1013.0,9.0,0.0,NNE,0.9,Aotizhongxin,31.0,103.0,55.5,375.7373188405058,9.0,21.9,17.05,11.90862318840378,2013-10-13 04:00:00,83.0,2013-10-14 04:00:00
5511,2013-10-17 02:00:00,1,train,5523,2013,10,17,2,94.0,108.0,15.0,85.0,1200.0,1.0,6.6,1020.1,4.8,0.0,NE,0.8,Aotizhongxin,25.0,142.0,43.5,1482.0851449274626,1.6,20.4,10.8,41.186068840576766,2013-10-17 02:00:00,254.0,2013-10-18 02:00:00
5554,2013-10-18 21:00:00,0,train,5566,2013,10,18,21,264.0,274.0,29.0,159.0,3000.0,1.0,11.4,1019.0,8.8,0.0,ENE,1.0,Aotizhongxin,173.0,267.0,220.0,796.0579710144157,6.7,17.1,10.4,11.764764492750645,2013-10-18 21:00:00,3.0,2013-10-19 21:00:00
5557,2013-10-19 00:00:00,0,train,5569,2013,10,19,0,274.0,300.0,41.0,136.0,2500.0,1.0,11.6,1019.0,9.8,0.0,SE,0.6,Aotizhongxin,173.0,274.0,228.0,1008.6068840578944,6.7,17.1,11.5,10.476068840576811,2013-10-19 00:00:00,22.0,2013-10-20 00:00:00
5558,2013-10-19 01:00:00,0,train,5570,2013,10,19,1,262.0,265.0,37.0,125.0,2200.0,1.0,12.0,1018.8,9.7,0.0,NE,0.9,Aotizhongxin,173.0,274.0,232.0,1049.1231884057206,6.7,17.1,11.649999999999999,9.939057971011623,2013-10-19 01:00:00,24.0,2013-10-20 01:00:00
5568,2013-10-19 11:00:00,0,train,5580,2013,10,19,11,9.0,13.0,8.0,18.0,300.0,40.0,16.7,1020.3,-2.4,0.0,NNE,3.9,Aotizhongxin,3.0,274.0,224.5,10114.8623188405,9.9,17.1,11.8,6.241721014490102,2013-10-19 11:00:00,10.0,2013-10-20 11:00:00
5682,2013-10-24 05:00:00,0,train,5694,2013,10,24,5,10.0,38.0,2.0,26.0,200.0,22.0,2.7,1021.8,-3.0,0.0,NW,0.0,Aotizhongxin,9.0,39.0,17.5,58.65036231874718,2.7,16.0,8.5,18.984057971011275,2013-10-24 05:00:00,38.0,2013-10-25 05:00:00
5689,2013-10-24 12:00:00,0,train,5701,2013,10,24,12,11.0,22.0,4.0,15.0,400.0,75.0,15.9,1020.4,-2.1,0.0,WNW,4.1,Aotizhongxin,9.0,39.0,13.5,54.78079710135548,2.4,16.0,8.8,18.979836956518557,2013-10-24 12:00:00,27.0,2013-10-25 12:00:00
5756,2013-10-27 07:00:00,1,train,5768,2013,10,27,7,90.0,116.0,14.0,78.0,1200.0,1.0,5.0,1013.7,3.2,0.0,NE,1.0,Aotizhongxin,32.0,151.0,83.0,1590.0271739129594,3.6,17.5,6.6,25.5880978260837,2013-10-27 07:00:00,245.0,2013-10-28 07:00:00
5779,2013-10-28 06:00:00,0,train,5791,2013,10,28,6,244.0,247.0,31.0,118.0,2000.0,1.0,5.8,1012.9,4.4,0.0,NE,0.7,Aotizhongxin,83.0,367.0,242.5,5621.432971014435,5.0,16.0,7.75,12.610851449272134,2013-10-28 06:00:00,18.0,2013-10-29 06:00:00
5817,2013-10-29 20:00:00,0,train,5829,2013,10,29,20,36.0,93.0,12.0,91.0,900.0,1.0,6.0,1023.0,1.5,0.0,WNW,0.4,Aotizhongxin,3.0,361.0,18.0,15993.157608695585,6.0,17.4,9.850000000000001,13.890144927533262,2013-10-29 20:00:00,161.0,2013-10-30 20:00:00
5872,2013-11-01 03:00:00,0,train,5884,2013,11,1,3,210.0,238.0,11.0,96.0,1700.0,,4.6,1021.3,4.2,0.0,NE,1.1,Aotizhongxin,112.0,247.0,137.5,2164.253623188339,2.7,14.3,6.699999999999999,15.58824275361974,2013-11-01 03:00:00,160.0,2013-11-02 03:00:00
5945,2013-11-04 04:00:00,0,train,5957,2013,11,4,4,21.0,29.0,9.0,55.0,400.0,,3.0,1023.4,1.0,0.0,E,0.4,Aotizhongxin,3.0,24.0,11.5,44.56340579697302,2.8,18.8,9.5,34.82021739130131,2013-11-04 04:00:00,124.0,2013-11-05 04:00:00
5967,2013-11-05 02:00:00,1,train,5979,2013,11,5,2,154.0,239.0,28.0,91.0,2100.0,,7.3,1017.8,3.3,0.0,NE,1.4,Aotizhongxin,16.0,154.0,32.5,1516.766304347711,1.8,17.7,7.45,28.58144927535909,2013-11-05 02:00:00,195.0,2013-11-06 02:00:00
5978,2013-11-05 13:00:00,0,train,5990,2013,11,5,13,173.0,185.0,57.0,95.0,1700.0,6.8544,13.8,1013.0,2.7,0.0,E,1.2,Aotizhongxin,26.0,174.0,100.5,2168.7753623187423,5.3,17.4,8.05,12.399112318837417,2013-11-05 13:00:00,37.0,2013-11-06 13:00:00
6018,2013-11-07 05:00:00,0,train,6030,2013,11,7,5,5.0,8.0,4.0,47.0,2400.0,,2.0,1016.4,-4.1,0.0,ENE,0.8,Aotizhongxin,5.0,191.0,11.5,5891.210144927454,2.0,17.9,10.65,25.086793478257857,2013-11-07 05:00:00,92.0,2013-11-08 05:00:00
6036,2013-11-07 23:00:00,0,train,6048,2013,11,7,23,100.0,167.0,22.0,84.0,2300.0,,4.2,1014.5,-2.4,0.0,NE,1.2,Aotizhongxin,3.0,100.0,19.0,950.4927536231047,2.0,13.8,7.3999999999999995,17.360416666663195,2013-11-07 23:00:00,163.0,2013-11-08 23:00:00
6037,2013-11-08 00:00:00,0,train,6049,2013,11,8,0,138.0,215.0,31.0,88.0,2700.0,,3.6,1015.0,-2.4,0.0,NE,1.1,Aotizhongxin,3.0,138.0,23.5,1391.4492753622355,2.0,13.8,6.55,17.969275362315337,2013-11-08 00:00:00,165.0,2013-11-09 00:00:00
6042,2013-11-08 05:00:00,0,train,6054,2013,11,8,5,92.0,124.0,27.0,65.0,1700.0,,1.7,1015.1,-3.4,0.0,NE,1.1,Aotizhongxin,3.0,162.0,52.0,2542.47644927528,1.7,13.8,4.25,21.1869384057935,2013-11-08 05:00:00,158.0,2013-11-09 05:00:00
6069,2013-11-09 08:00:00,0,train,6081,2013,11,9,8,163.0,169.0,52.0,95.0,2600.0,,7.8,1017.2,1.6,0.0,ENE,1.2,Aotizhongxin,83.0,170.0,159.5,816.8913043477448,4.4,12.8,5.25,8.746014492750058,2013-11-09 08:00:00,9.0,2013-11-10 08:00:00
6090,2013-11-10 05:00:00,0,train,6102,2013,11,10,5,7.0,21.0,11.0,13.0,300.0,45.1962,0.3,1025.9,-20.1,0.0,NNE,3.0,Aotizhongxin,4.0,181.0,20.5,4480.978260869488,0.0,15.4,8.6,27.119402173909673,2013-11-10 05:00:00,17.0,2013-11-11 05:00:00
6148,2013-11-12 15:00:00,0,train,6160,2013,11,12,15,19.0,27.0,14.0,26.0,400.0,54.1926,15.3,1017.1,-4.1,0.0,ESE,1.3,Aotizhongxin,13.0,109.0,71.5,962.956521739051,-0.7,16.4,5.4,41.03036231883696,2013-11-12 15:00:00,179.0,2013-11-13 15:00:00
6165,2013-11-13 08:00:00,0,train,6177,2013,11,13,8,139.0,178.0,64.0,85.0,3100.0,,5.8,1017.4,-0.7,0.0,NNE,1.8,Aotizhongxin,13.0,148.0,65.5,1747.1231884057179,2.3,16.4,6.3,25.63563405796762,2013-11-13 08:00:00,16.0,2013-11-14 08:00:00
6314,2013-11-19 13:00:00,0,train,6326,2013,11,19,13,19.0,25.0,18.0,17.0,500.0,34.4862,7.9,1017.0,-11.0,0.0,S,1.4,Aotizhongxin,4.0,19.0,12.0,22.195652173818477,-2.0,9.2,3.45,10.962590579706065,2013-11-19 13:00:00,23.0,2013-11-20 13:00:00
6324,2013-11-19 23:00:00,0,train,6336,2013,11,19,23,81.0,105.0,25.0,69.0,1700.0,,-2.8,1017.6,-4.7,0.0,NE,0.2,Aotizhongxin,5.0,81.0,17.5,747.2155797100507,-2.8,7.9,0.25,13.061666666662378,2013-11-19 23:00:00,104.0,2013-11-20 23:00:00
6332,2013-11-20 07:00:00,0,train,6344,2013,11,20,7,114.0,144.0,57.0,73.0,3500.0,,-0.9,1018.3,-7.5,0.0,ENE,1.2,Aotizhongxin,12.0,114.0,69.5,1177.9547101448338,-3.4,7.9,-0.7,16.40331521738694,2013-11-20 07:00:00,99.0,2013-11-21 07:00:00
6344,2013-11-20 19:00:00,0,train,6356,2013,11,20,19,64.0,112.0,23.0,83.0,1500.0,,1.6,1018.2,-4.9,0.0,WSW,0.1,Aotizhongxin,17.0,117.0,78.0,1079.9402173912108,-3.4,11.7,0.35000000000000003,31.11710144927119,2013-11-20 19:00:00,114.0,2013-11-21 19:00:00
6413,2013-11-23 16:00:00,0,train,6425,2013,11,23,16,185.0,222.0,65.0,143.0,2700.0,1.0,8.5,1013.2,-1.9,0.0,W,1.5,Aotizhongxin,90.0,322.0,180.0,4398.2010869564265,-1.3,14.1,2.3499999999999996,25.656503623184516,2013-11-23 16:00:00,68.0,2013-11-24 16:00:00
6441,2013-11-24 20:00:00,0,train,6453,2013,11,24,20,60.0,151.0,20.0,52.0,1300.0,1.0,8.0,1008.2,-8.6,0.0,NNE,2.3,Aotizhongxin,31.0,288.0,61.0,10294.775362318745,2.1,10.1,8.9,8.5234782608661,2013-11-24 20:00:00,26.0,2013-11-25 20:00:00
6618,2013-12-02 05:00:00,0,train,6630,2013,12,2,5,86.0,77.0,33.0,58.0,1500.0,1.0,-4.2,1013.1,-6.8,0.0,NE,1.3,Aotizhongxin,43.0,155.0,69.0,1014.867753623089,-5.6,11.7,-0.5,36.96862318840154,2013-12-02 05:00:00,59.0,2013-12-03 05:00:00
6674,2013-12-04 13:00:00,0,train,6686,2013,12,4,13,63.0,88.0,43.0,53.0,1100.0,18.0,14.2,1012.3,-7.9,0.0,ENE,1.7,Aotizhongxin,18.0,160.0,80.0,2269.9347826085973,-3.0,14.6,1.45,44.66940217390908,2013-12-04 13:00:00,9.0,2013-12-05 13:00:00
6699,2013-12-05 14:00:00,0,train,6711,2013,12,5,14,12.0,11.0,9.0,13.0,500.0,54.0,10.9,1017.8,-12.5,0.0,ENE,2.0,Aotizhongxin,6.0,125.0,42.5,1528.0797101448236,1.0,11.6,5.050000000000001,9.021449275358636,2013-12-05 14:00:00,79.0,2013-12-06 14:00:00
6714,2013-12-06 05:00:00,1,train,6726,2013,12,6,5,116.0,152.0,68.0,67.0,3700.0,1.0,-3.2,1013.9,-6.7,0.0,W,0.5,Aotizhongxin,6.0,121.0,27.5,1358.2318840578646,-3.2,10.9,4.6,23.05606884057579,2013-12-06 05:00:00,225.0,2013-12-07 05:00:00
6772,2013-12-08 15:00:00,0,train,6784,2013,12,8,15,21.0,62.0,13.0,20.0,600.0,43.0,9.0,1013.9,-10.0,0.0,SW,0.9,Aotizhongxin,21.0,420.0,334.5,7834.302536231857,1.3,11.3,2.8,8.09519927535842,2013-12-08 15:00:00,3.0,2013-12-09 15:00:00
6814,2013-12-10 09:00:00,0,train,6826,2013,12,10,9,21.0,27.0,24.0,49.0,900.0,1.0,0.6,1013.0,-9.4,0.0,E,1.1,Aotizhongxin,3.0,44.0,17.0,149.5579710142913,-4.3,6.7,-2.1500000000000004,16.80579710144473,2013-12-10 09:00:00,22.0,2013-12-11 09:00:00
6816,2013-12-10 11:00:00,0,train,6828,2013,12,10,11,47.0,56.0,39.0,59.0,1600.0,1.0,6.5,1011.2,-13.7,0.0,NW,6.5,Aotizhongxin,3.0,47.0,20.0,168.16666666646697,-4.3,6.7,-2.1500000000000004,17.42085144927082,2013-12-10 11:00:00,29.0,2013-12-11 11:00:00
6857,2013-12-12 04:00:00,0,train,6869,2013,12,12,4,33.0,36.0,28.0,53.0,1100.0,3.213,2.8,1012.0,-15.8,0.0,NNW,5.1,Aotizhongxin,3.0,47.0,31.0,137.56340579690612,-5.5,6.0,0.25,10.623894927531813,2013-12-12 04:00:00,35.0,2013-12-13 04:00:00
6912,2013-12-14 11:00:00,0,train,6924,2013,12,14,11,30.0,32.0,16.0,35.0,900.0,23.562,2.6,1022.7,-18.8,0.0,ENE,3.2,Aotizhongxin,25.0,127.0,51.0,824.8242753621405,-8.0,2.8,-3.0,13.461086956516802,2013-12-14 11:00:00,32.0,2013-12-15 11:00:00
6990,2013-12-17 17:00:00,0,train,7002,2013,12,17,17,21.0,20.0,15.0,37.0,,21.2058,0.8,1027.8,-17.5,0.0,N,2.6,Aotizhongxin,21.0,235.0,124.0,6558.259057970866,-0.8,3.0,0.30000000000000004,1.2069384057926709,2013-12-17 17:00:00,36.0,2013-12-18 17:00:00
7013,2013-12-18 16:00:00,0,train,7025,2013,12,18,16,14.0,253.0,31.0,59.0,,13.7088,-2.2,1022.5,-13.1,0.0,WSW,2.3,Aotizhongxin,9.0,26.0,14.0,18.737318840380734,-7.0,0.8,-2.9000000000000004,6.654329710139917,2013-12-18 16:00:00,23.0,2013-12-19 16:00:00
7026,2013-12-19 05:00:00,0,train,7038,2013,12,19,5,25.0,31.0,15.4224,33.2586,,12.2094,-6.8,1024.4,-16.5,0.0,NE,1.9,Aotizhongxin,12.0,117.0,18.0,1138.2536231882193,-6.9,0.4,-5.1,5.676068840574581,2013-12-19 05:00:00,26.0,2013-12-20 05:00:00
7067,2013-12-20 22:00:00,0,train,7079,2013,12,20,22,40.0,59.0,38.0,75.0,1100.0,1.0,-6.5,1031.2,-11.3,0.0,SE,0.4,Aotizhongxin,11.0,113.0,26.5,907.8967391302476,-9.2,3.6,-5.15,20.41036231883555,2013-12-20 22:00:00,160.0,2013-12-21 22:00:00
7087,2013-12-21 18:00:00,0,train,7099,2013,12,21,18,88.0,154.0,44.0,105.0,1800.0,1.0,-3.1,1027.5,-12.1,0.0,W,1.2,Aotizhongxin,13.0,88.0,28.5,348.7807971012594,-9.4,3.4,-4.55,13.373025362313765,2013-12-21 18:00:00,86.0,2013-12-22 18:00:00
7092,2013-12-21 23:00:00,1,train,7104,2013,12,21,23,194.0,226.0,90.0,117.0,2900.0,1.0,-7.4,1027.7,-10.4,0.0,NE,1.0,Aotizhongxin,13.0,194.0,33.0,2850.195652173739,-9.4,3.4,-4.55,13.995634057965924,2013-12-21 23:00:00,250.0,2013-12-22 23:00:00
7140,2013-12-23 23:00:00,1,train,7152,2013,12,23,23,180.0,221.0,81.0,122.0,3100.0,1.0,-6.4,1029.5,-9.9,0.0,E,0.0,Aotizhongxin,34.0,253.0,136.5,5177.17210144914,-9.3,6.3,-5.25,29.37123188405298,2013-12-23 23:00:00,228.0,2013-12-24 23:00:00
7158,2013-12-24 17:00:00,0,train,7170,2013,12,24,17,277.0,343.0,138.0,158.0,5800.0,1.0,-1.0,1025.5,-7.8,0.0,NE,1.3,Aotizhongxin,34.0,277.0,191.5,4521.3913043477205,-6.5,1.1,-3.9,6.280851449270333,2013-12-24 17:00:00,33.0,2013-12-25 17:00:00
7162,2013-12-24 21:00:00,0,train,7174,2013,12,24,21,255.0,308.0,175.0,141.0,5500.0,1.0,-2.2,1025.1,-8.3,0.0,NE,1.8,Aotizhongxin,129.0,277.0,214.0,2432.3460144926676,-6.5,1.1,-2.35,6.021286231879095,2013-12-24 21:00:00,20.0,2013-12-25 21:00:00
7194,2013-12-26 05:00:00,0,train,7206,2013,12,26,5,6.0,53.0,6.0,16.0,300.0,51.0,-5.1,1028.9,-19.3,0.0,NNE,2.2,Aotizhongxin,6.0,321.0,30.5,16047.041666666519,-7.6,6.5,-2.75,17.365634057966247,2013-12-26 05:00:00,13.0,2013-12-27 05:00:00
7277,2013-12-29 16:00:00,0,train,7289,2013,12,29,16,53.0,89.0,,83.0,1200.0,15.0,3.9,1010.2,-17.7,0.0,SW,1.8,Aotizhongxin,9.0,80.0,33.0,378.56340579690004,-9.2,6.9,-3.5999999999999996,34.45623188405306,2013-12-29 16:00:00,17.0,2013-12-30 16:00:00
7342,2014-01-01 09:00:00,0,train,7354,2014,1,1,9,38.0,142.0,25.0,87.0,1200.0,1.0,9.0,1009.6,-11.6,0.0,NNW,1.9,Aotizhongxin,16.0,124.0,26.0,807.9981884055981,-3.3,9.9,6.15,28.212880434778555,2014-01-01 09:00:00,117.0,2014-01-02 09:00:00
7343,2014-01-01 10:00:00,0,train,7355,2014,1,1,10,33.0,130.0,27.0,63.0,1200.0,16.0,10.3,1009.4,-11.7,0.0,NNW,1.7,Aotizhongxin,16.0,124.0,26.0,807.2590579708153,-3.3,10.3,6.15,29.441086956517704,2014-01-01 10:00:00,119.0,2014-01-02 10:00:00
7383,2014-01-03 02:00:00,0,train,7395,2014,1,3,2,87.0,110.0,62.0,74.0,2100.0,1.0,5.9,1013.7,-11.7,0.0,NE,2.0,Aotizhongxin,74.0,402.0,138.0,4588.374999999869,-1.3,7.9,2.8499999999999996,8.454619565213191,2014-01-03 02:00:00,74.0,2014-01-04 02:00:00
7400,2014-01-03 19:00:00,1,train,7412,2014,1,3,19,36.0,97.0,21.0,78.0,1000.0,1.0,-1.5,1018.7,-8.7,0.0,S,0.5,Aotizhongxin,16.0,198.0,34.0,4501.606884057786,-1.5,9.5,4.9,7.94492753622798,2014-01-03 19:00:00,185.0,2014-01-04 19:00:00
7409,2014-01-04 04:00:00,0,train,7421,2014,1,4,4,66.0,102.0,30.0,60.0,1700.0,1.0,-2.0,1018.6,-4.7,0.0,NE,1.0,Aotizhongxin,16.0,90.0,35.0,575.7101449273327,-2.7,9.5,3.25,19.134710144923314,2014-01-04 04:00:00,146.0,2014-01-05 04:00:00
7449,2014-01-05 20:00:00,0,train,7461,2014,1,5,20,47.0,78.0,24.0,86.0,1200.0,1.0,-2.0,1020.3,-10.1,0.0,SW,1.0,Aotizhongxin,23.0,184.0,116.5,3270.9275362317167,-5.3,7.4,-1.8,17.54057971014035,2014-01-05 20:00:00,160.0,2014-01-06 20:00:00
7519,2014-01-08 18:00:00,0,train,7531,2014,1,8,18,14.0,23.0,11.0,28.0,600.0,34.0,-1.7,1027.4,-21.8,0.0,NW,1.8,Aotizhongxin,7.0,27.0,13.0,30.173913043259578,-4.4,2.9,-1.25,3.7111413043430637,2014-01-08 18:00:00,47.0,2014-01-09 18:00:00
7543,2014-01-09 18:00:00,0,train,7555,2014,1,9,18,47.0,93.0,31.0,70.0,1000.0,10.0,-2.7,1023.8,-19.2,0.0,SW,2.3,Aotizhongxin,9.0,103.0,18.0,735.0851449273274,-6.7,1.2,-2.45,4.2947101449225595,2014-01-09 18:00:00,76.0,2014-01-10 18:00:00
7619,2014-01-12 22:00:00,0,train,7631,2014,1,12,22,54.0,94.0,39.0,78.0,1200.0,1.0,-5.8,1028.6,-16.1,0.0,WNW,1.0,Aotizhongxin,9.0,103.0,15.5,425.88405797080566,-5.8,4.7,-0.8500000000000001,6.159710144922846,2014-01-12 22:00:00,153.0,2014-01-13 22:00:00
7711,2014-01-16 18:00:00,0,train,7723,2014,1,16,18,230.0,261.0,132.0,126.0,2800.0,1.0,0.0,1023.0,-6.6,0.0,SW,1.4,Aotizhongxin,123.0,538.0,420.0,18915.29710144929,-3.5,6.9,-1.35,10.124927536227272,2014-01-16 18:00:00,11.0,2014-01-17 18:00:00
7715,2014-01-16 22:00:00,1,train,7727,2014,1,16,22,273.0,295.0,111.0,100.0,3800.0,1.0,0.4,1024.7,-2.5,0.0,S,0.9,Aotizhongxin,123.0,538.0,392.5,18995.95471014493,-3.5,6.9,-0.1,9.761286231879483,2014-01-16 22:00:00,282.0,2014-01-17 22:00:00
7758,2014-01-18 17:00:00,0,train,7770,2014,1,18,17,85.0,108.0,30.0,72.0,1400.0,21.0,2.8,1025.6,-11.9,0.0,SW,3.6,Aotizhongxin,11.0,282.0,39.5,5382.949275362195,-7.8,6.0,-3.3,24.898840579705304,2014-01-18 17:00:00,182.0,2014-01-19 17:00:00
7833,2014-01-21 20:00:00,0,train,7845,2014,1,21,20,80.0,114.0,49.0,88.0,1400.0,1.0,-3.0,1022.1,-17.0,0.0,SW,1.7,Aotizhongxin,7.0,80.0,18.5,388.8623188404446,-6.0,3.4,-1.9,8.975054347821299,2014-01-21 20:00:00,177.0,2014-01-22 20:00:00
7886,2014-01-24 01:00:00,0,train,7898,2014,1,24,1,276.0,307.0,182.0,144.0,5300.0,1.0,-1.3,1009.2,-11.2,0.0,NE,1.3,Aotizhongxin,173.0,287.0,215.0,1564.9547101448381,-4.9,3.9,-1.65,8.476938405792328,2014-01-24 01:00:00,65.0,2014-01-25 01:00:00
7915,2014-01-25 07:00:00,0,train,7928,2014,1,25,7,6.0,32.0,10.0,6.0,400.0,64.0,3.9,1019.9,-17.7,0.0,NE,2.6,Aotizhongxin,6.0,223.0,54.5,4409.1014492752665,-1.0,8.8,3.5999999999999996,8.579836956517623,2014-01-25 07:00:00,16.0,2014-01-26 07:00:00
7919,2014-01-25 11:00:00,0,train,7932,2014,1,25,11,16.0,30.0,20.0,23.0,600.0,69.0,6.8,1021.8,-18.1,0.0,NE,2.0,Aotizhongxin,6.0,163.0,37.0,1656.7807971013513,-1.0,8.8,4.4,8.317807971010469,2014-01-25 11:00:00,24.0,2014-01-26 11:00:00
7925,2014-01-25 17:00:00,0,train,7938,2014,1,25,17,11.0,24.0,11.0,31.0,400.0,44.0,4.1,1023.2,-17.5,0.0,ENE,2.2,Aotizhongxin,5.0,65.0,19.5,377.8242753622191,-1.0,8.2,4.25,6.621666666662599,2014-01-25 17:00:00,69.0,2014-01-26 17:00:00
7990,2014-01-28 10:00:00,0,train,8003,2014,1,28,10,20.0,31.0,34.0,65.0,1300.0,5.0,3.4,1024.6,-14.8,0.0,SSW,2.3,Aotizhongxin,5.0,148.0,15.0,2678.157608695553,-6.9,12.6,2.3499999999999996,26.148967391300122,2014-01-28 10:00:00,100.0,2014-01-29 10:00:00
8016,2014-01-29 12:00:00,0,train,8029,2014,1,29,12,109.0,123.0,121.0,62.0,1900.0,8.0,1.5,1006.2,-6.6,0.0,NE,1.8,Aotizhongxin,57.0,109.0,66.5,182.1449275361369,-4.6,5.1,-0.4,11.375362318835956,2014-01-29 12:00:00,13.0,2014-01-30 12:00:00
8090,2014-02-01 14:00:00,0,train,8103,2014,2,1,14,99.0,82.0,51.0,54.0,1600.0,2.0,4.7,1008.8,1.5,0.0,SSW,1.7,Aotizhongxin,96.0,170.0,139.0,335.6068840578868,1.6,4.9,2.55,1.1277536231841598,2014-02-01 14:00:00,16.0,2014-02-02 14:00:00
8120,2014-02-02 20:00:00,0,train,8133,2014,2,2,20,8.0,21.0,9.0,11.0,400.0,64.0,2.5,1014.6,-24.1,0.0,NE,2.6,Aotizhongxin,3.0,151.0,116.5,3724.24456521729,1.1,9.7,2.85,9.378677536227867,2014-02-02 20:00:00,4.0,2014-02-03 20:00:00
8200,2014-02-06 04:00:00,0,train,8213,2014,2,6,4,148.0,151.0,46.0,69.0,2500.0,1.0,-4.5,1022.9,-9.9,0.0,NE,1.8,Aotizhongxin,59.0,167.0,89.5,1077.731884057878,-6.3,0.8,-2.95,5.401721014487806,2014-02-06 04:00:00,82.0,2014-02-07 04:00:00
8238,2014-02-07 18:00:00,0,train,8251,2014,2,7,18,84.0,61.0,20.0,59.0,1200.0,16.0,-2.8,1018.5,-3.6,0.2,N,1.2,Aotizhongxin,64.0,128.0,85.0,185.7807971013499,-3.5,0.2,-2.4,1.310144927531368,2014-02-07 18:00:00,3.0,2014-02-08 18:00:00
8264,2014-02-08 20:00:00,0,train,8277,2014,2,8,20,5.0,8.0,7.0,13.0,400.0,64.0,-5.3,1028.0,-19.1,0.0,NE,2.3,Aotizhongxin,3.0,135.0,73.5,2295.780797101341,-5.3,1.7,-3.0,4.979057971009613,2014-02-08 20:00:00,12.0,2014-02-09 20:00:00
8296,2014-02-10 04:00:00,0,train,8309,2014,2,10,4,11.0,9.0,31.0,19.0,600.0,46.0,-10.3,1030.9,-17.8,0.0,NE,1.9,Aotizhongxin,3.0,17.0,9.0,11.905797101321834,-10.3,-1.0,-5.05,7.8808695652120715,2014-02-10 04:00:00,100.0,2014-02-11 04:00:00
8309,2014-02-10 17:00:00,0,train,8322,2014,2,10,17,25.0,20.0,13.0,31.0,600.0,58.0,-3.7,1025.9,-15.1,0.0,SW,2.2,Aotizhongxin,5.0,28.0,12.0,35.384057970888435,-12.2,-1.2,-4.75,11.093460144922165,2014-02-10 17:00:00,111.0,2014-02-11 17:00:00
8323,2014-02-11 07:00:00,0,train,8336,2014,2,11,7,58.0,53.0,45.0,58.0,1600.0,1.0,-8.5,1023.9,-13.9,0.0,NE,1.3,Aotizhongxin,8.0,109.0,34.0,982.4057971013341,-10.7,-1.2,-7.05,10.326358695646723,2014-02-11 07:00:00,153.0,2014-02-12 07:00:00
8350,2014-02-12 10:00:00,0,train,8363,2014,2,12,10,79.0,58.0,39.0,50.0,1500.0,1.0,0.7,1028.0,-14.5,0.0,ENE,1.8,Aotizhongxin,77.0,194.0,144.5,1394.8677536231078,-7.5,0.7,-4.85,9.331521739125316,2014-02-12 10:00:00,170.0,2014-02-13 10:00:00
8418,2014-02-15 06:00:00,1,train,8431,2014,2,15,6,307.0,298.0,76.0,103.0,4000.0,1.0,-3.6,1018.6,-5.9,0.0,ENE,2.3,Aotizhongxin,114.0,584.0,294.0,16325.128623188402,-5.6,3.2,-3.1,6.7460144927487535,2014-02-15 06:00:00,407.0,2014-02-16 06:00:00
8474,2014-02-17 14:00:00,0,train,8487,2014,2,17,14,77.0,78.0,58.0,49.0,1700.0,59.0,5.0,1027.6,-13.9,0.0,SE,1.2,Aotizhongxin,42.0,296.0,123.0,7289.884057970837,-1.2,5.6,2.3,3.647826086952267,2014-02-17 14:00:00,69.0,2014-02-18 14:00:00
8492,2014-02-18 08:00:00,0,train,8505,2014,2,18,8,56.0,69.0,30.0,76.0,1300.0,1.0,-2.1,1028.7,-7.8,0.0,WSW,2.0,Aotizhongxin,33.0,93.0,64.0,299.12862318815456,-5.0,5.0,0.0,12.304275362314286,2014-02-18 08:00:00,68.0,2014-02-19 08:00:00
8503,2014-02-18 19:00:00,0,train,8516,2014,2,18,19,76.0,89.0,23.0,47.0,900.0,46.0,1.3,1022.9,-8.3,0.0,SSW,0.0,Aotizhongxin,33.0,77.0,60.0,220.04166666641314,-5.0,1.7,-0.55,5.455054347821364,2014-02-18 19:00:00,32.0,2014-02-19 19:00:00
8523,2014-02-19 15:00:00,1,train,8536,2014,2,19,15,16.0,6.0,13.0,9.0,400.0,72.0,6.0,1021.0,-12.1,0.0,SW,1.4,Aotizhongxin,14.0,131.0,81.0,1296.543478260627,-4.9,6.3,0.7,10.752445652169403,2014-02-19 15:00:00,256.0,2014-02-20 15:00:00
8540,2014-02-20 08:00:00,1,train,8553,2014,2,20,8,143.0,162.0,35.0,74.0,2200.0,1.0,-1.5,1025.8,-4.3,0.0,NE,0.7,Aotizhongxin,13.0,143.0,71.0,3063.2971014490367,-3.5,6.3,1.15,10.208532608691218,2014-02-20 08:00:00,216.0,2014-02-21 08:00:00
8561,2014-02-21 05:00:00,1,train,8574,2014,2,21,5,281.0,281.0,60.0,95.0,2600.0,1.0,-0.6,1022.6,-3.1,0.0,NNE,1.0,Aotizhongxin,121.0,343.0,287.0,6096.514492753557,-2.4,1.8,-0.45,1.1831884057924762,2014-02-21 05:00:00,292.0,2014-02-22 05:00:00
8576,2014-02-21 20:00:00,1,train,8589,2014,2,21,20,241.0,292.0,87.0,125.0,2800.0,1.0,-0.8,1022.5,-3.5,0.0,WNW,0.4,Aotizhongxin,196.0,334.0,244.5,1614.6068840579132,-1.1,4.0,-0.3,3.214710144923066,2014-02-21 20:00:00,208.0,2014-02-22 20:00:00
8583,2014-02-22 03:00:00,1,train,8596,2014,2,22,3,278.0,350.0,102.0,114.0,4400.0,1.0,0.6,1023.1,-3.1,0.0,NE,1.0,Aotizhongxin,196.0,313.0,244.0,793.3840579709452,-1.1,4.0,0.30000000000000004,3.044057971010035,2014-02-22 03:00:00,189.0,2014-02-23 03:00:00
8718,2014-02-28 00:00:00,1,train,8737,2014,2,28,0,34.0,24.0,13.0,85.0,900.0,2.0,-2.0,1022.4,-7.3,0.0,W,0.0,Aotizhongxin,7.0,46.0,15.0,82.7373188404552,-2.0,8.6,3.8499999999999996,10.871141304343743,2014-02-28 00:00:00,195.0,2014-03-01 00:00:00
9012,2014-03-12 06:00:00,0,train,9031,2014,3,12,6,6.0,11.0,4.0,9.0,300.0,63.0,5.7,1021.0,-15.0,0.0,NE,3.2,Aotizhongxin,3.0,247.0,142.5,8355.911231884,2.6,13.6,8.65,9.27824275361986,2014-03-12 06:00:00,16.0,2014-03-13 06:00:00
9022,2014-03-12 16:00:00,0,train,9041,2014,3,12,16,9.0,19.0,8.0,12.0,400.0,84.0,10.9,1017.5,-16.5,0.0,NW,1.7,Aotizhongxin,3.0,164.0,7.0,2460.6304347825244,5.7,12.1,8.15,4.378677536228485,2014-03-12 16:00:00,21.0,2014-03-13 16:00:00
9075,2014-03-14 21:00:00,0,train,9094,2014,3,14,21,50.0,136.0,20.0,80.0,800.0,19.0,11.8,1007.1,-7.6,0.0,SW,3.7,Aotizhongxin,7.0,50.0,17.0,119.01449275353697,1.8,16.5,11.95,14.96775362318537,2014-03-14 21:00:00,162.0,2014-03-15 21:00:00
9122,2014-03-16 20:00:00,0,train,9141,2014,3,16,20,141.0,215.0,65.0,53.0,1100.0,85.0,11.8,1006.8,-0.1,0.0,SSE,2.7,Aotizhongxin,61.0,181.0,118.5,1424.3025362318242,4.2,17.6,13.25,16.570416666663736,2014-03-16 20:00:00,26.0,2014-03-17 20:00:00
9202,2014-03-20 04:00:00,0,train,9221,2014,3,20,4,6.0,16.0,2.0,34.0,300.0,40.0,7.0,1022.5,-10.3,0.0,N,2.1,Aotizhongxin,6.0,88.0,53.5,824.563405797028,4.8,13.7,9.45,6.038677536228522,2014-03-20 04:00:00,14.0,2014-03-21 04:00:00
9313,2014-03-24 19:00:00,0,train,9332,2014,3,24,19,181.0,227.0,73.0,73.0,1300.0,109.0,14.9,1005.2,6.7,0.0,SW,1.2,Aotizhongxin,112.0,280.0,234.5,1953.1576086956184,7.5,20.3,13.6,20.469565217388478,2014-03-24 19:00:00,177.0,2014-03-25 19:00:00
9363,2014-03-26 21:00:00,0,train,9382,2014,3,26,21,374.0,471.0,48.0,163.0,2600.0,2.0,13.9,1005.2,11.2,0.0,ESE,0.0,Aotizhongxin,147.0,374.0,270.5,3390.804347826063,8.6,23.2,14.55,25.866304347823576,2014-03-26 21:00:00,117.0,2014-03-27 21:00:00
9367,2014-03-27 01:00:00,0,train,9386,2014,3,27,1,410.0,469.0,38.0,164.0,2500.0,2.0,12.9,1005.2,10.3,0.0,NE,1.0,Aotizhongxin,220.0,410.0,301.5,2782.693840579697,8.6,23.2,14.55,23.453894927533774,2014-03-27 01:00:00,147.0,2014-03-28 01:00:00
9425,2014-03-29 11:00:00,0,train,9444,2014,3,29,11,25.0,47.0,5.0,8.0,300.0,81.0,19.8,1008.4,2.6,0.0,ENE,1.5,Aotizhongxin,5.0,204.0,58.0,3976.679347825929,12.0,23.6,16.9,15.141449275360035,2014-03-29 11:00:00,33.0,2014-03-30 11:00:00
9454,2014-03-30 16:00:00,0,train,9473,2014,3,30,16,13.0,19.0,5.0,15.0,300.0,104.0,25.0,1007.2,-3.5,0.0,SW,2.8,Aotizhongxin,3.0,71.0,38.5,346.4347826085061,8.1,26.0,18.2,42.49432971014262,2014-03-30 16:00:00,129.0,2014-03-31 16:00:00
9457,2014-03-30 19:00:00,0,train,9476,2014,3,30,19,23.0,73.0,6.0,70.0,400.0,51.0,21.9,1009.6,-1.4,0.0,SW,2.2,Aotizhongxin,3.0,71.0,38.5,354.3188405795204,8.1,26.0,18.2,44.86896739130209,2014-03-30 19:00:00,54.0,2014-03-31 19:00:00
9492,2014-04-01 06:00:00,0,train,9511,2014,4,1,6,143.0,168.0,9.0,90.0,1200.0,2.0,8.8,1009.3,7.4,0.0,NE,1.0,Aotizhongxin,6.0,271.0,136.5,4110.405797101344,8.8,22.3,15.350000000000001,18.89760869564961,2014-04-01 06:00:00,128.0,2014-04-02 06:00:00
9536,2014-04-03 02:00:00,0,train,9555,2014,4,3,2,52.0,145.0,15.0,68.0,600.0,9.0,8.9,1018.6,4.3,0.0,SW,0.5,Aotizhongxin,27.0,156.0,102.0,1208.476449275228,8.9,23.6,15.65,21.92606884057734,2014-04-03 02:00:00,31.0,2014-04-04 02:00:00
9583,2014-04-05 01:00:00,0,train,9602,2014,4,5,1,35.0,163.0,14.0,71.0,600.0,23.0,9.2,1017.1,-2.4,0.0,SW,2.3,Aotizhongxin,13.0,62.0,33.0,203.43297101432105,3.8,26.4,14.8,52.65780797101191,2014-04-05 01:00:00,78.0,2014-04-06 01:00:00
9607,2014-04-06 01:00:00,0,train,9626,2014,4,6,1,78.0,255.0,12.0,115.0,700.0,2.0,6.0,1014.8,2.1,0.0,W,0.9,Aotizhongxin,6.0,78.0,27.5,379.6231884056233,4.8,20.9,13.55,26.402826086953606,2014-04-06 01:00:00,53.0,2014-04-07 01:00:00
9628,2014-04-06 22:00:00,0,train,9647,2014,4,6,22,60.0,186.0,20.0,42.0,500.0,72.0,16.7,1008.3,0.7,0.0,SW,2.3,Aotizhongxin,32.0,82.0,62.0,230.2536231882512,4.1,24.3,17.85,57.485634057968454,2014-04-06 22:00:00,143.0,2014-04-07 22:00:00
9831,2014-04-15 09:00:00,0,train,9850,2014,4,15,9,105.0,157.0,28.0,80.0,900.0,20.0,20.0,1015.8,12.7,0.0,SSW,1.0,Aotizhongxin,52.0,294.0,184.0,7182.548913043401,13.1,25.0,20.35,16.54514492753442,2014-04-15 09:00:00,86.0,2014-04-16 09:00:00
9839,2014-04-15 17:00:00,0,train,9858,2014,4,15,17,104.0,156.0,17.0,47.0,700.0,44.0,17.7,1012.3,2.0,0.0,SSW,1.2,Aotizhongxin,52.0,260.0,107.5,4156.666666666549,13.1,22.7,18.95,9.248677536229826,2014-04-15 17:00:00,57.0,2014-04-16 17:00:00
9899,2014-04-18 05:00:00,0,train,9918,2014,4,18,5,125.0,154.0,11.0,68.0,1500.0,2.0,12.6,1013.2,11.3,0.0,N,1.2,Aotizhongxin,68.0,159.0,107.5,586.0416666665295,11.1,17.2,14.7,3.743315217388526,2014-04-18 05:00:00,69.0,2014-04-19 05:00:00
9926,2014-04-19 08:00:00,0,train,9945,2014,4,19,8,72.0,132.0,20.0,108.0,800.0,3.0,14.3,1016.0,3.1,0.0,SW,1.8,Aotizhongxin,61.0,188.0,86.5,1951.6449275360976,12.7,21.0,14.95,8.153043478258473,2014-04-19 08:00:00,96.0,2014-04-20 08:00:00
9940,2014-04-19 22:00:00,0,train,9959,2014,4,19,22,69.0,96.0,9.0,70.0,600.0,38.0,8.9,1012.8,6.3,0.0,WSW,0.0,Aotizhongxin,40.0,76.0,63.0,110.26086956505503,8.9,14.9,13.9,1.9718840579679888,2014-04-19 22:00:00,65.0,2014-04-20 22:00:00
9942,2014-04-20 00:00:00,0,train,9961,2014,4,20,0,85.0,122.0,7.0,106.0,800.0,2.0,9.9,1013.0,5.9,0.0,NNE,1.6,Aotizhongxin,40.0,85.0,63.0,140.21557970998333,8.9,14.9,13.8,3.142318840576597,2014-04-20 00:00:00,74.0,2014-04-21 00:00:00
10097,2014-04-30 11:00:00,0,train,10212,2014,4,30,11,184.0,210.0,29.0,116.0,1200.0,66.0,25.1,1003.8,12.0,0.0,SW,2.8,Aotizhongxin,61.0,184.0,110.0,770.5634057971014,12.6,26.6,20.95,21.690144927534917,2014-04-30 11:00:00,166.0,2014-05-01 11:00:00
10118,2014-05-01 08:00:00,0,train,10233,2014,5,1,8,138.0,210.0,17.0,116.0,1000.0,7.0,20.5,1002.9,13.5,0.0,N,1.4,Aotizhongxin,85.0,185.0,128.5,860.3750000000003,14.4,27.6,21.95,18.514329710143937,2014-05-01 08:00:00,36.0,2014-05-02 08:00:00
10148,2014-05-02 14:00:00,0,train,10263,2014,5,2,14,57.0,57.0,2.0,8.0,300.0,102.0,20.9,1010.1,-1.6,0.0,NW,3.7,Aotizhongxin,28.0,168.0,54.5,1816.4275362318774,12.8,25.6,15.850000000000001,15.25070652173683,2014-05-02 14:00:00,65.0,2014-05-03 14:00:00
10154,2014-05-02 20:00:00,0,train,10269,2014,5,2,20,18.0,19.0,2.0,22.0,400.0,75.0,12.8,1012.8,5.2,0.0,SSW,1.0,Aotizhongxin,12.0,66.0,39.5,227.07065217390394,12.8,22.6,15.0,11.121721014490191,2014-05-02 20:00:00,58.0,2014-05-03 20:00:00
10178,2014-05-03 20:00:00,0,train,10293,2014,5,3,20,58.0,948.0,2.0,7.0,200.0,81.0,14.6,1010.9,-6.3,0.0,N,4.0,Aotizhongxin,17.0,99.0,55.5,510.6938405797027,7.9,23.0,15.2,29.7518840579682,2014-05-03 20:00:00,26.0,2014-05-04 20:00:00
10249,2014-05-06 19:00:00,0,train,10364,2014,5,6,19,96.0,188.0,37.0,61.0,1100.0,107.0,18.3,998.9,8.0,0.0,S,0.8,Aotizhongxin,29.0,179.0,75.0,1420.0579710144873,8.9,21.8,15.85,20.599402173910246,2014-05-06 19:00:00,46.0,2014-05-07 19:00:00
10407,2014-05-13 09:00:00,0,train,10522,2014,5,13,9,83.0,192.0,16.0,85.0,800.0,13.0,22.2,995.3,13.3,0.0,SW,1.6,Aotizhongxin,12.0,85.0,43.5,350.8623188405669,13.0,29.0,23.15,31.01101449275282,2014-05-13 09:00:00,12.0,2014-05-14 09:00:00
10426,2014-05-14 04:00:00,0,train,10541,2014,5,14,4,31.0,133.0,6.0,30.0,200.0,53.0,16.7,1000.7,-2.4,0.0,NNE,2.7,Aotizhongxin,25.0,102.0,43.0,676.6014492753505,14.4,29.8,22.65,25.272590579709483,2014-05-14 04:00:00,52.0,2014-05-15 04:00:00
10440,2014-05-14 18:00:00,0,train,10555,2014,5,14,18,14.0,31.0,6.0,37.0,300.0,71.0,19.9,997.6,-0.2,0.0,SSE,1.2,Aotizhongxin,10.0,91.0,19.0,307.1884057970821,16.7,25.7,19.25,6.310144927534641,2014-05-14 18:00:00,121.0,2014-05-15 18:00:00
10488,2014-05-16 18:00:00,0,train,10603,2014,5,16,18,16.0,37.0,2.0,26.0,200.0,131.0,26.3,1003.0,4.7,0.0,SSW,1.3,Aotizhongxin,14.0,158.0,82.0,1713.6068840579658,13.8,29.9,24.45,28.90427536231809,2014-05-16 18:00:00,46.0,2014-05-17 18:00:00
10709,2014-05-25 23:00:00,0,train,10824,2014,5,25,23,25.0,84.0,3.0,94.0,700.0,2.0,18.3,1000.0,2.2,0.0,S,0.7,Aotizhongxin,11.0,198.0,85.0,4023.9710144927635,17.6,27.9,23.5,11.697807971013864,2014-05-25 23:00:00,38.0,2014-05-26 23:00:00
10729,2014-05-26 19:00:00,0,train,10844,2014,5,26,19,18.0,18.0,3.0,25.0,300.0,109.0,27.1,988.8,2.2,0.0,NE,1.0,Aotizhongxin,11.0,44.0,25.0,88.43478260870512,13.4,35.5,25.1,65.94340579710116,2014-05-26 19:00:00,14.0,2014-05-27 19:00:00
10733,2014-05-26 23:00:00,0,train,10848,2014,5,26,23,38.0,62.0,5.0,118.0,800.0,2.0,20.0,989.5,9.0,0.0,W,0.2,Aotizhongxin,11.0,44.0,29.5,84.37500000000946,13.4,35.5,25.75,62.671576086956364,2014-05-26 23:00:00,14.0,2014-05-27 23:00:00
10777,2014-05-28 19:00:00,0,train,10892,2014,5,28,19,30.0,30.0,9.0,41.0,300.0,165.0,32.7,991.9,8.9,0.0,WSW,2.7,Aotizhongxin,12.0,52.0,33.0,177.95471014493603,15.1,36.2,25.1,66.47652173913052,2014-05-28 19:00:00,38.0,2014-05-29 19:00:00
10805,2014-05-29 23:00:00,0,train,10920,2014,5,29,23,63.0,63.0,7.0,185.0,1200.0,17.0,23.8,996.3,17.8,0.0,NNE,0.0,Aotizhongxin,19.0,113.0,57.0,397.3260869565302,19.2,40.5,27.8,56.96601449275489,2014-05-29 23:00:00,84.0,2014-05-30 23:00:00
10828,2014-05-30 22:00:00,0,train,10943,2014,5,30,22,90.0,198.0,27.0,50.0,900.0,177.0,25.9,1002.2,16.4,0.0,ESE,0.1,Aotizhongxin,49.0,122.0,97.5,574.5923913043572,22.1,34.8,28.45,20.46650362318937,2014-05-30 22:00:00,129.0,2014-05-31 22:00:00
10845,2014-05-31 15:00:00,0,train,10960,2014,5,31,15,142.0,288.0,73.0,79.0,2500.0,240.0,33.5,999.1,16.4,0.0,SW,2.1,Aotizhongxin,76.0,142.0,103.5,433.79710144928424,21.5,33.5,27.45,17.73123188405862,2014-05-31 15:00:00,33.0,2014-06-01 15:00:00
10870,2014-06-01 16:00:00,0,train,10985,2014,6,1,16,32.0,51.0,4.0,29.0,400.0,156.0,23.0,1001.6,19.8,2.4,SE,4.7,Aotizhongxin,30.0,152.0,46.5,1997.2155797101557,20.3,32.0,23.2,15.348532608695285,2014-06-01 16:00:00,30.0,2014-06-02 16:00:00
10911,2014-06-03 09:00:00,0,train,11026,2014,6,3,9,30.0,74.0,4.0,44.0,400.0,74.0,27.6,1002.7,13.5,0.0,NE,2.0,Aotizhongxin,20.0,51.0,30.5,79.71014492754858,16.2,27.6,21.85,15.23413043478106,2014-06-03 09:00:00,96.0,2014-06-04 09:00:00
10937,2014-06-04 11:00:00,0,train,11052,2014,6,4,11,61.0,61.0,13.0,61.0,700.0,109.0,28.0,1000.1,16.3,0.0,S,1.7,Aotizhongxin,21.0,96.0,53.5,398.76630434783675,20.0,32.0,26.0,16.98940217391309,2014-06-04 11:00:00,64.0,2014-06-05 11:00:00
10956,2014-06-05 06:00:00,0,train,11071,2014,6,5,6,74.0,74.0,6.0,96.0,700.0,2.0,22.2,1000.4,18.8,0.0,E,0.2,Aotizhongxin,42.0,96.0,51.0,394.6304347826189,19.7,30.1,25.05,10.411721014492457,2014-06-05 06:00:00,85.0,2014-06-06 06:00:00
10982,2014-06-06 08:00:00,0,train,11097,2014,6,6,8,94.0,94.0,15.0,60.0,1700.0,24.0,25.4,998.3,20.2,0.0,NNE,1.3,Aotizhongxin,42.0,115.0,79.0,422.2608695652264,22.7,33.7,28.75,14.880000000000804,2014-06-06 08:00:00,10.0,2014-06-07 08:00:00
11069,2014-06-09 23:00:00,0,train,11184,2014,6,9,23,41.0,41.0,2.0,38.0,600.0,94.0,20.6,1002.4,15.4,0.0,NE,0.8,Aotizhongxin,15.0,54.0,29.0,133.1721014492866,15.0,29.6,23.049999999999997,27.56389492753517,2014-06-09 23:00:00,85.0,2014-06-10 23:00:00
11125,2014-06-12 07:00:00,0,train,11240,2014,6,12,7,31.0,31.0,4.0,75.0,400.0,18.0,24.1,1001.8,15.6,0.0,NE,2.1,Aotizhongxin,13.0,91.0,29.0,363.259057971029,17.7,30.6,24.6,16.914999999999495,2014-06-12 07:00:00,117.0,2014-06-13 07:00:00
11172,2014-06-14 06:00:00,0,train,11287,2014,6,14,6,18.0,18.0,2.0,35.0,200.0,32.0,20.1,1002.9,19.3,0.0,NNE,0.6,Aotizhongxin,15.0,117.0,32.0,762.1666666666795,18.1,31.5,20.299999999999997,27.30346014492691,2014-06-14 06:00:00,155.0,2014-06-15 06:00:00
11182,2014-06-14 16:00:00,0,train,11297,2014,6,14,16,39.0,39.0,5.0,28.0,500.0,217.0,32.2,997.8,18.4,0.0,WSW,3.3,Aotizhongxin,15.0,57.0,27.5,125.73188405798567,18.1,33.3,20.299999999999997,28.687753623187717,2014-06-14 16:00:00,156.0,2014-06-15 16:00:00
11213,2014-06-15 23:00:00,0,train,11328,2014,6,15,23,103.0,103.0,2.0,58.0,1000.0,100.0,21.9,998.2,20.7,0.0,ESE,0.0,Aotizhongxin,55.0,163.0,113.5,893.5054347826069,21.9,31.7,24.950000000000003,11.36862318840581,2014-06-15 23:00:00,116.0,2014-06-16 23:00:00
11224,2014-06-16 10:00:00,0,train,11339,2014,6,16,10,180.0,180.0,4.0,67.0,1000.0,78.0,26.4,998.0,20.9,0.0,W,0.5,Aotizhongxin,55.0,180.0,108.0,1279.1721014492725,21.2,31.7,23.35,13.395579710144684,2014-06-16 10:00:00,34.0,2014-06-17 10:00:00
11237,2014-06-16 23:00:00,0,train,11352,2014,6,16,23,116.0,116.0,2.0,58.0,900.0,110.0,26.0,995.7,21.0,0.0,SW,1.5,Aotizhongxin,103.0,180.0,118.5,838.9981884057916,21.2,30.0,26.2,8.672391304347649,2014-06-16 23:00:00,63.0,2014-06-17 23:00:00
11241,2014-06-17 03:00:00,0,train,11356,2014,6,17,3,130.0,130.0,4.0,12.0,600.0,127.0,18.4,997.6,18.4,40.7,ESE,0.2,Aotizhongxin,106.0,245.0,152.0,1294.4329710144857,18.4,30.0,26.2,9.120851449275227,2014-06-17 03:00:00,58.0,2014-06-18 03:00:00
11285,2014-06-18 23:00:00,0,train,11400,2014,6,18,23,123.0,123.0,2.0,45.0,800.0,92.0,22.1,996.7,20.7,0.0,W,0.0,Aotizhongxin,27.0,123.0,64.0,562.2318840579803,18.5,30.6,25.049999999999997,20.116938405796628,2014-06-18 23:00:00,91.0,2014-06-19 23:00:00
11296,2014-06-19 10:00:00,0,train,11411,2014,6,19,10,209.0,209.0,5.0,65.0,2400.0,90.0,27.0,998.9,20.8,0.0,ESE,1.7,Aotizhongxin,27.0,209.0,111.5,2164.108695652177,19.3,30.6,25.65,14.177971014492508,2014-06-19 10:00:00,25.0,2014-06-20 10:00:00
11329,2014-06-20 19:00:00,0,train,11444,2014,6,20,19,34.0,34.0,2.0,35.0,400.0,106.0,24.6,1000.9,18.3,0.0,S,1.7,Aotizhongxin,15.0,92.0,34.5,712.0797101449359,19.1,28.4,23.1,12.739112318839602,2014-06-20 19:00:00,60.0,2014-06-21 19:00:00
11531,2014-06-29 05:00:00,0,train,11646,2014,6,29,5,17.0,17.0,2.0,44.0,300.0,16.0,22.7,1000.9,18.5,0.0,ENE,0.6,Aotizhongxin,13.0,63.0,22.0,167.72282608697498,22.1,36.6,29.9,29.53623188405926,2014-06-29 05:00:00,100.0,2014-06-30 05:00:00
11587,2014-07-01 13:00:00,0,train,11702,2014,7,1,13,128.0,128.0,20.0,53.0,1200.0,157.0,30.4,998.0,20.6,0.0,WSW,1.6,Aotizhongxin,47.0,136.0,74.0,850.9565217391306,23.3,35.2,29.55,11.77259057971132,2014-07-01 13:00:00,56.0,2014-07-02 13:00:00
11621,2014-07-02 23:00:00,1,train,11736,2014,7,2,23,109.0,109.0,2.0,52.0,800.0,39.0,23.9,996.0,23.4,0.0,NNE,0.6,Aotizhongxin,22.0,118.0,50.5,783.2753623188509,21.2,27.0,22.95,3.0833152173902896,2014-07-02 23:00:00,269.0,2014-07-03 23:00:00
11625,2014-07-03 03:00:00,1,train,11740,2014,7,3,3,161.0,161.0,2.0,36.0,900.0,41.0,23.5,995.5,22.8,0.0,SW,1.2,Aotizhongxin,39.0,161.0,74.0,1194.7807971014531,21.2,27.0,23.45,2.3847644927527294,2014-07-03 03:00:00,225.0,2014-07-04 03:00:00
11719,2014-07-07 01:00:00,1,train,11834,2014,7,7,1,145.0,145.0,2.0,58.0,1300.0,59.0,26.9,998.8,23.8,0.0,SSE,1.0,Aotizhongxin,145.0,280.0,207.0,904.9981884057281,24.2,32.2,28.6,6.641449275363402,2014-07-07 01:00:00,246.0,2014-07-08 01:00:00
11795,2014-07-10 05:00:00,0,train,11910,2014,7,10,5,23.0,23.0,3.0,49.0,600.0,5.0,21.7,996.0,20.3,0.0,NNE,0.5,Aotizhongxin,11.0,60.0,24.5,250.92753623193443,21.6,32.4,27.35,14.30688405797145,2014-07-10 05:00:00,62.0,2014-07-11 05:00:00
11803,2014-07-10 13:00:00,0,train,11918,2014,7,10,13,20.0,20.0,9.0,19.0,300.0,136.0,35.6,992.9,16.4,0.0,WSW,3.2,Aotizhongxin,11.0,60.0,26.5,212.65036231888996,21.6,36.9,27.6,25.813894927537035,2014-07-10 13:00:00,10.0,2014-07-11 13:00:00
11871,2014-07-13 09:00:00,0,train,11986,2014,7,13,9,6.0,6.0,4.0,15.0,100.0,65.0,31.7,997.5,12.5,0.0,NNE,1.8,Aotizhongxin,6.0,39.0,13.0,106.34782608701506,21.3,34.7,28.9,20.6021557971024,2014-07-13 09:00:00,23.0,2014-07-14 09:00:00
11974,2014-07-17 16:00:00,0,train,12089,2014,7,17,16,169.0,169.0,2.0,40.0,1900.0,120.0,27.8,999.4,24.8,0.0,W,0.9,Aotizhongxin,38.0,169.0,118.5,1806.6938405797132,20.8,30.0,23.2,10.157971014492182,2014-07-17 16:00:00,121.0,2014-07-18 16:00:00
12004,2014-07-18 22:00:00,0,train,12119,2014,7,18,22,86.0,86.0,2.0,54.0,600.0,107.0,29.8,1001.7,25.1,0.0,SSW,0.9,Aotizhongxin,86.0,219.0,121.0,1404.2536231883926,24.7,33.1,29.700000000000003,9.825199275363445,2014-07-18 22:00:00,73.0,2014-07-19 22:00:00
12025,2014-07-19 19:00:00,0,train,12140,2014,7,19,19,54.0,54.0,2.0,23.0,300.0,138.0,32.7,1001.2,23.9,0.0,WSW,3.6,Aotizhongxin,37.0,112.0,74.5,306.17210144930726,25.2,36.0,30.6,14.210416666668394,2014-07-19 19:00:00,71.0,2014-07-20 19:00:00
12187,2014-07-26 13:00:00,0,train,12302,2014,7,26,13,128.0,128.0,5.0,38.0,1100.0,270.0,34.0,1002.0,19.3,0.0,WSW,2.7,Aotizhongxin,31.0,146.0,97.0,1444.8623188405973,21.9,34.3,28.75,16.419836956522758,2014-07-26 13:00:00,155.0,2014-07-27 13:00:00
12250,2014-07-29 04:00:00,0,train,12365,2014,7,29,4,130.0,130.0,3.0,30.0,500.0,91.0,25.4,997.8,22.9,0.0,WSW,1.6,Aotizhongxin,75.0,187.0,106.5,1131.4329710144932,22.4,34.6,29.95,11.635054347827547,2014-07-29 04:00:00,54.0,2014-07-30 04:00:00
12304,2014-07-31 10:00:00,0,train,12419,2014,7,31,10,233.0,233.0,2.0,51.0,1700.0,62.0,28.0,1001.7,24.4,0.0,SE,0.0,Aotizhongxin,137.0,256.0,198.0,1312.0579710144552,24.9,29.3,26.049999999999997,2.175652173913349,2014-07-31 10:00:00,183.0,2014-08-01 10:00:00
12376,2014-08-03 10:00:00,0,train,12491,2014,8,3,10,107.0,107.0,2.0,29.0,700.0,116.0,33.4,995.4,26.4,0.0,SSW,0.9,Aotizhongxin,107.0,190.0,140.5,534.6503623188274,26.0,34.9,29.9,9.543894927537773,2014-08-03 10:00:00,14.0,2014-08-04 10:00:00
12398,2014-08-04 08:00:00,0,train,12513,2014,8,4,8,54.0,54.0,2.0,67.0,700.0,10.0,27.0,997.8,21.5,0.0,ENE,2.1,Aotizhongxin,54.0,129.0,95.0,329.5362318840735,25.6,34.4,28.15,7.5965036231896,2014-08-04 08:00:00,17.0,2014-08-05 08:00:00
12408,2014-08-04 18:00:00,0,train,12523,2014,8,4,18,11.0,11.0,2.0,34.0,700.0,37.0,22.5,1000.8,21.5,0.0,ESE,0.7,Aotizhongxin,3.0,108.0,64.5,1459.4710144927908,21.2,28.6,26.0,6.159981884057891,2014-08-04 18:00:00,36.0,2014-08-05 18:00:00
12443,2014-08-06 05:00:00,0,train,12558,2014,8,6,5,71.0,71.0,3.0,91.0,700.0,2.0,21.7,1002.1,21.7,0.0,N,0.0,Aotizhongxin,12.0,71.0,35.5,212.9402173913497,20.5,32.5,25.9,13.371231884058153,2014-08-06 05:00:00,87.0,2014-08-07 05:00:00
12444,2014-08-06 06:00:00,0,train,12559,2014,8,6,6,73.0,73.0,4.0,89.0,700.0,2.0,22.6,1002.3,22.6,0.0,ENE,0.9,Aotizhongxin,17.0,73.0,37.0,238.68840579714544,21.2,32.5,25.9,12.549112318840791,2014-08-06 06:00:00,106.0,2014-08-07 06:00:00
12474,2014-08-07 12:00:00,0,train,12589,2014,8,7,12,62.0,62.0,15.0,37.0,1400.0,164.0,32.6,1002.9,16.4,0.0,WSW,1.0,Aotizhongxin,3.0,131.0,64.0,1745.2880434782944,21.7,34.1,25.5,21.93384057971065,2014-08-07 12:00:00,98.0,2014-08-08 12:00:00
12570,2014-08-11 12:00:00,0,train,12685,2014,8,11,12,10.0,10.0,2.0,9.0,400.0,91.0,34.1,998.3,11.3,0.0,NE,2.7,Aotizhongxin,8.0,78.0,34.0,550.8097826087403,21.8,34.1,27.700000000000003,17.118188405797977,2014-08-11 12:00:00,18.0,2014-08-12 12:00:00
12589,2014-08-12 07:00:00,0,train,12704,2014,8,12,7,13.0,13.0,2.0,49.0,200.0,20.0,24.0,1001.2,14.1,0.0,ENE,1.8,Aotizhongxin,3.0,36.0,14.0,95.73731884063439,18.9,34.5,26.049999999999997,33.35172101449333,2014-08-12 07:00:00,36.0,2014-08-13 07:00:00
12636,2014-08-14 06:00:00,0,train,12751,2014,8,14,6,33.0,33.0,3.0,58.0,400.0,2.0,17.8,1003.1,17.8,0.0,ENE,0.6,Aotizhongxin,19.0,49.0,27.0,69.56688405802043,16.8,23.7,20.1,3.5266666666646502,2014-08-14 06:00:00,36.0,2014-08-15 06:00:00
12637,2014-08-14 07:00:00,0,train,12752,2014,8,14,7,33.0,33.0,3.0,59.0,600.0,2.0,19.4,1003.2,19.4,0.0,ENE,1.3,Aotizhongxin,19.0,49.0,27.0,68.02666666671617,16.8,23.7,19.85,3.5016666666646366,2014-08-14 07:00:00,84.0,2014-08-15 07:00:00
12661,2014-08-15 07:00:00,0,train,12776,2014,8,15,7,84.0,84.0,2.0,90.0,600.0,2.0,22.4,1002.5,19.8,0.0,ENE,1.1,Aotizhongxin,18.0,84.0,33.5,213.6449275362779,17.7,30.0,22.950000000000003,18.758260869564538,2014-08-15 07:00:00,47.0,2014-08-16 07:00:00
12664,2014-08-15 10:00:00,0,train,12779,2014,8,15,10,96.0,96.0,2.0,70.0,900.0,66.0,29.4,1001.7,16.6,0.0,NNW,1.6,Aotizhongxin,18.0,127.0,36.5,881.6449275362725,17.7,30.0,23.35,20.043460144926943,2014-08-15 10:00:00,37.0,2014-08-16 10:00:00
12696,2014-08-16 18:00:00,0,train,12811,2014,8,16,18,72.0,72.0,9.0,48.0,1200.0,210.0,29.2,1000.3,19.2,0.0,WSW,1.4,Aotizhongxin,29.0,88.0,44.5,290.5634057971398,20.3,34.3,26.85,22.53275362318877,2014-08-16 18:00:00,27.0,2014-08-17 18:00:00
12724,2014-08-17 22:00:00,0,train,12839,2014,8,17,22,58.0,114.0,6.0,57.0,800.0,116.0,23.7,1005.5,20.4,0.0,E,0.2,Aotizhongxin,27.0,183.0,42.0,1636.1286231884399,22.3,30.6,25.15,8.363188405797283,2014-08-17 22:00:00,78.0,2014-08-18 22:00:00
12789,2014-08-20 15:00:00,0,train,12904,2014,8,20,15,101.0,164.0,24.0,26.0,1100.0,229.0,32.2,1000.1,22.0,0.0,WSW,2.3,Aotizhongxin,53.0,149.0,87.5,700.8677536231935,21.4,32.5,27.55,13.447173913044015,2014-08-20 15:00:00,160.0,2014-08-21 15:00:00
12804,2014-08-21 06:00:00,0,train,12919,2014,8,21,6,135.0,172.0,2.0,112.0,1000.0,2.0,23.9,1001.6,21.6,0.0,NNE,0.8,Aotizhongxin,82.0,149.0,115.0,347.05085144926596,23.0,32.5,27.8,10.496938405797785,2014-08-21 06:00:00,27.0,2014-08-22 06:00:00
12808,2014-08-21 10:00:00,0,train,12923,2014,8,21,10,171.0,272.0,3.0,76.0,1200.0,32.0,26.1,1002.3,22.6,0.0,SSE,0.9,Aotizhongxin,82.0,178.0,115.0,672.7051992753487,23.0,32.5,27.0,10.688695652174507,2014-08-21 10:00:00,29.0,2014-08-22 10:00:00
12820,2014-08-21 22:00:00,0,train,12935,2014,8,21,22,20.0,27.0,2.0,31.0,700.0,102.0,21.8,1003.6,21.3,0.9,E,0.2,Aotizhongxin,20.0,178.0,139.5,1134.041666666639,21.8,32.9,25.8,11.583478260869951,2014-08-21 22:00:00,130.0,2014-08-22 22:00:00
12891,2014-08-24 21:00:00,0,train,13006,2014,8,24,21,32.0,270.0,2.0,55.0,400.0,80.0,26.3,1003.9,21.1,0.0,ESE,1.1,Aotizhongxin,7.0,163.0,15.0,1019.1014492754276,20.8,32.6,26.15,19.05606884057987,2014-08-24 21:00:00,25.0,2014-08-25 21:00:00
12906,2014-08-25 12:00:00,0,train,13021,2014,8,25,12,3.0,5.0,2.0,11.0,100.0,74.0,31.7,1004.7,9.8,0.0,ENE,2.6,Aotizhongxin,3.0,46.0,16.5,134.8623188406494,19.0,32.6,26.450000000000003,20.64195652173946,2014-08-25 12:00:00,21.0,2014-08-26 12:00:00
12936,2014-08-26 18:00:00,0,train,13051,2014,8,26,18,17.0,68.0,9.0,35.0,400.0,149.0,29.0,1005.7,10.6,0.0,W,1.1,Aotizhongxin,8.0,45.0,25.5,113.78079710151427,16.4,35.5,26.65,44.701286231884254,2014-08-26 18:00:00,72.0,2014-08-27 18:00:00
12989,2014-08-28 23:00:00,0,train,13104,2014,8,28,23,78.0,83.0,2.0,48.0,1400.0,108.0,20.4,1009.9,18.9,0.0,E,0.5,Aotizhongxin,56.0,113.6,79.0,336.9369384058168,20.4,28.3,23.4,4.589112318840045,2014-08-28 23:00:00,124.0,2014-08-29 23:00:00
12994,2014-08-29 04:00:00,0,train,13109,2014,8,29,4,66.0,66.0,2.0,24.0,1200.0,94.0,19.5,1009.4,18.7,0.0,E,0.0,Aotizhongxin,56.0,106.0,71.5,179.07983695654843,19.5,28.3,22.8,7.397807971013713,2014-08-29 04:00:00,158.0,2014-08-30 04:00:00
13080,2014-09-01 18:00:00,0,train,13195,2014,9,1,18,141.0,141.0,2.0,87.0,2000.0,55.0,23.9,1005.0,21.8,0.0,E,0.9,Aotizhongxin,61.0,153.0,99.5,1035.7101449275458,20.8,26.2,21.65,3.0684057971004437,2014-09-01 18:00:00,14.0,2014-09-02 18:00:00
13092,2014-09-02 06:00:00,0,train,13207,2014,9,2,6,24.0,24.0,3.0,27.0,1100.0,69.0,19.6,1004.4,19.6,1.1,ENE,1.0,Aotizhongxin,23.0,153.0,112.0,2590.359547101469,19.5,26.2,22.05,5.389836956520537,2014-09-02 06:00:00,11.0,2014-09-03 06:00:00
13120,2014-09-03 10:00:00,0,train,13235,2014,9,3,10,21.0,21.0,20.0,31.0,600.0,,27.1,1005.4,13.8,0.0,NE,2.1,Aotizhongxin,11.0,31.0,16.5,28.775362318923243,15.7,27.1,19.4,9.033025362316783,2014-09-03 10:00:00,42.0,2014-09-04 10:00:00
13211,2014-09-07 05:00:00,0,train,13326,2014,9,7,5,170.0,230.0,2.0,77.0,1100.0,29.0,21.6,1002.5,21.3,0.0,SSW,0.2,Aotizhongxin,105.0,170.0,141.5,314.6666666666472,21.6,28.7,25.15,5.542318840579635,2014-09-07 05:00:00,4.0,2014-09-08 05:00:00
13258,2014-09-09 04:00:00,0,train,13373,2014,9,9,4,36.0,84.0,2.0,84.0,500.0,2.0,15.6,1004.2,10.8,0.0,E,1.1,Aotizhongxin,3.0,36.0,12.5,119.38949275375134,15.1,30.2,23.450000000000003,27.81999999999895,2014-09-09 04:00:00,75.0,2014-09-10 04:00:00
13323,2014-09-11 21:00:00,0,train,13438,2014,9,11,21,105.0,105.0,2.0,46.0,1300.0,70.0,20.4,1008.7,20.2,2.3,NE,0.2,Aotizhongxin,60.0,107.0,88.0,195.38405797105585,18.1,26.7,21.8,7.866793478259446,2014-09-11 21:00:00,59.0,2014-09-12 21:00:00
13354,2014-09-13 04:00:00,0,train,13469,2014,9,13,4,74.0,166.0,6.0,96.0,1000.0,2.0,19.1,1009.0,18.3,0.0,E,0.6,Aotizhongxin,43.0,77.0,62.0,84.51449275369828,18.1,25.2,20.65,4.840271739128682,2014-09-13 04:00:00,91.0,2014-09-14 04:00:00
13471,2014-09-18 01:00:00,0,train,13586,2014,9,18,1,50.0,83.0,,,,,13.1,1015.8,13.1,0.0,NE,0.0,Aotizhongxin,17.0,100.0,49.5,653.7807971015387,13.1,22.7,16.799999999999997,10.224329710141706,2014-09-18 01:00:00,56.0,2014-09-19 01:00:00
13498,2014-09-19 04:00:00,0,train,13613,2014,9,19,4,101.0,153.0,4.0,88.0,600.0,2.0,13.3,1008.6,12.0,0.0,SSW,0.0,Aotizhongxin,39.0,101.0,64.5,502.89130434788973,11.9,28.4,19.85,33.04432971014272,2014-09-19 04:00:00,124.0,2014-09-20 04:00:00
13603,2014-09-23 13:00:00,0,train,13718,2014,9,23,13,34.0,34.0,2.0,28.0,500.0,30.0,18.1,1011.4,17.8,0.5,NE,1.1,Aotizhongxin,34.0,137.0,86.5,1015.4184782609287,17.4,21.1,18.6,1.1504347826059027,2014-09-23 13:00:00,15.0,2014-09-24 13:00:00
13629,2014-09-24 15:00:00,0,train,13744,2014,9,24,15,15.0,15.0,5.0,23.0,300.0,69.0,25.2,1008.4,15.5,0.0,WSW,1.6,Aotizhongxin,11.0,62.0,28.5,210.7807971015729,16.5,26.6,17.35,11.185199275359714,2014-09-24 15:00:00,167.0,2014-09-25 15:00:00
13660,2014-09-25 22:00:00,0,train,13775,2014,9,25,22,133.0,133.0,4.0,88.0,1400.0,27.0,19.8,1007.7,17.6,0.0,WSW,1.6,Aotizhongxin,67.0,169.0,127.5,957.3840579710259,14.9,22.2,19.700000000000003,6.213623188402957,2014-09-25 22:00:00,149.0,2014-09-26 22:00:00
13685,2014-09-26 23:00:00,0,train,13800,2014,9,26,23,125.0,125.0,4.0,94.0,1700.0,2.0,16.5,1007.1,16.5,0.0,ENE,1.3,Aotizhongxin,72.0,194.0,123.5,1484.374999999994,16.5,23.2,19.25,3.6301449275336366,2014-09-26 23:00:00,86.0,2014-09-27 23:00:00
13706,2014-09-27 20:00:00,0,train,13821,2014,9,27,20,36.0,78.0,3.0,77.0,500.0,38.0,16.8,1010.9,13.9,0.0,ENE,0.0,Aotizhongxin,7.0,171.0,26.0,2171.449275362427,13.3,26.1,17.7,18.57536231883795,2014-09-27 20:00:00,46.0,2014-09-28 20:00:00
13756,2014-09-29 22:00:00,0,train,13871,2014,9,29,22,19.0,45.0,2.0,41.0,400.0,18.0,15.2,1021.7,5.9,0.0,SSW,1.3,Aotizhongxin,8.0,107.0,77.5,1663.172101449366,15.0,24.2,17.85,13.650271739127673,2014-09-29 22:00:00,55.0,2014-09-30 22:00:00
13765,2014-09-30 07:00:00,0,train,13880,2014,9,30,7,18.0,49.0,10.0,41.0,700.0,9.0,11.3,1023.2,1.0,0.0,W,2.2,Aotizhongxin,8.0,102.0,20.0,885.4764492754891,11.2,24.2,17.85,25.376793478257554,2014-09-30 07:00:00,43.0,2014-10-01 07:00:00
13789,2014-10-01 07:00:00,0,train,13904,2014,10,1,7,43.0,82.0,7.0,57.0,600.0,2.0,12.2,1012.0,6.2,0.0,NE,1.2,Aotizhongxin,15.0,80.0,33.5,468.8677536233002,11.5,16.2,12.65,1.9259239130381252,2014-10-01 07:00:00,67.0,2014-10-02 07:00:00
13792,2014-10-01 10:00:00,0,train,13907,2014,10,1,10,69.0,124.0,11.0,60.0,900.0,2.0,13.9,1011.1,7.0,0.0,NE,1.8,Aotizhongxin,19.0,80.0,49.0,424.86956521749545,11.9,16.2,13.0,1.7553623188352974,2014-10-01 10:00:00,80.0,2014-10-02 10:00:00
13794,2014-10-01 12:00:00,0,train,13909,2014,10,1,12,80.0,124.0,12.0,64.0,1300.0,3.0,10.6,1010.1,9.5,0.9,NE,2.0,Aotizhongxin,23.0,80.0,55.0,425.4492753624165,10.6,16.2,12.8,1.8917210144873697,2014-10-01 12:00:00,67.0,2014-10-02 12:00:00
13830,2014-10-03 00:00:00,0,train,13945,2014,10,3,0,110.0,110.0,6.0,81.0,1300.0,2.0,12.2,1010.9,12.2,0.0,ENE,1.1,Aotizhongxin,23.0,112.0,66.5,508.34057971023,8.2,21.6,13.2,21.231286231879206,2014-10-03 00:00:00,141.0,2014-10-04 00:00:00
13927,2014-10-07 01:00:00,1,train,14042,2014,10,7,1,97.0,157.0,6.0,113.0,700.0,2.0,11.4,1014.5,9.0,0.0,ENE,0.8,Aotizhongxin,16.0,97.0,24.0,859.9981884059234,5.3,21.7,14.55,29.879347826082086,2014-10-07 01:00:00,248.0,2014-10-08 01:00:00
13937,2014-10-07 11:00:00,1,train,14052,2014,10,7,11,82.0,130.0,14.0,64.0,900.0,18.0,18.6,1014.3,8.0,0.0,E,1.4,Aotizhongxin,19.0,97.0,69.0,784.4184782609602,9.1,21.7,14.600000000000001,18.630416666662125,2014-10-07 11:00:00,238.0,2014-10-08 11:00:00
14039,2014-10-12 05:00:00,0,train,14166,2014,10,12,5,10.0,10.0,,,,,15.3,1024.8,1.8,0.0,NNE,2.8,Aotizhongxin,4.0,314.0,186.5,17812.89673913034,14.6,19.2,16.75,2.4856340579673106,2014-10-12 05:00:00,9.0,2014-10-13 05:00:00
14063,2014-10-13 05:00:00,0,train,14190,2014,10,13,5,9.0,9.0,,,,,5.5,1024.9,-1.4,0.0,NNE,0.9,Aotizhongxin,4.0,13.0,8.0,7.172101449346699,5.5,17.5,14.75,15.64737318840048,2014-10-13 05:00:00,23.0,2014-10-14 05:00:00
14085,2014-10-14 03:00:00,0,train,14212,2014,10,14,3,32.0,32.0,5.0,56.0,400.0,2.0,3.9,1016.2,3.8,0.0,ESE,0.0,Aotizhongxin,3.0,62.0,13.0,341.36231884063557,3.9,18.3,9.7,27.11693840579053,2014-10-14 03:00:00,81.0,2014-10-15 03:00:00
14244,2014-10-20 18:00:00,0,train,14371,2014,10,20,18,229.0,229.0,7.0,110.0,1800.0,37.0,15.9,1015.0,14.3,0.0,WSW,1.0,Aotizhongxin,149.0,360.0,228.5,3687.014492753439,12.1,20.2,15.95,5.225434782604718,2014-10-20 18:00:00,39.0,2014-10-21 18:00:00
14250,2014-10-21 00:00:00,0,train,14377,2014,10,21,0,59.0,59.0,10.0,53.0,800.0,19.0,14.8,1018.5,7.8,0.0,SW,2.6,Aotizhongxin,59.0,272.0,226.5,2928.476449275197,12.1,20.2,15.95,5.341086956517739,2014-10-21 00:00:00,68.0,2014-10-22 00:00:00
14262,2014-10-21 12:00:00,0,train,14389,2014,10,21,12,34.0,34.0,29.0,71.0,1400.0,9.0,15.1,1018.8,-2.8,0.0,WSW,2.5,Aotizhongxin,31.0,272.0,51.0,10271.3025362318,12.1,20.2,14.95,5.066938405792642,2014-10-21 12:00:00,85.0,2014-10-22 12:00:00
14388,2014-10-26 18:00:00,0,train,14515,2014,10,26,18,13.0,13.0,2.0,60.0,400.0,22.0,10.4,1022.1,-5.6,0.0,NE,0.7,Aotizhongxin,5.0,431.0,29.5,30996.340579710017,10.4,18.8,14.5,5.876231884053334,2014-10-26 18:00:00,33.0,2014-10-27 18:00:00
14394,2014-10-27 00:00:00,0,train,14521,2014,10,27,0,13.0,13.0,2.0,61.0,400.0,10.0,4.1,1026.2,-3.4,0.0,ENE,1.3,Aotizhongxin,5.0,344.0,15.0,12170.911231884014,4.1,18.8,14.5,20.527228260864185,2014-10-27 00:00:00,48.0,2014-10-28 00:00:00
14462,2014-10-29 20:00:00,1,train,14589,2014,10,29,20,148.0,223.0,16.0,162.0,2400.0,2.0,11.2,1017.9,9.9,0.0,N,0.0,Aotizhongxin,53.0,148.0,105.5,514.5797101448484,6.4,16.4,10.399999999999999,10.317373188399326,2014-10-29 20:00:00,188.0,2014-10-30 20:00:00
14479,2014-10-30 13:00:00,0,train,14606,2014,10,30,13,160.0,160.0,19.0,95.0,1700.0,33.0,15.4,1015.9,9.5,0.0,E,1.1,Aotizhongxin,108.0,172.0,149.0,334.14492753611694,10.5,16.4,11.2,3.0591304347767134,2014-10-30 13:00:00,128.0,2014-10-31 13:00:00
14480,2014-10-30 14:00:00,0,train,14607,2014,10,30,14,175.0,175.0,24.0,104.0,1600.0,34.0,15.1,1015.7,9.2,0.0,NE,1.4,Aotizhongxin,108.0,175.0,150.0,299.4710144926363,10.5,15.4,11.2,2.6378079710085722,2014-10-30 14:00:00,135.0,2014-10-31 14:00:00
14564,2014-11-03 02:00:00,0,train,14691,2014,11,3,2,14.0,43.0,3.0,61.0,900.0,2.0,3.1,1017.0,-0.2,0.0,W,0.0,Aotizhongxin,3.0,15.0,6.5,9.890362318831777,2.5,15.1,9.899999999999999,16.56347826086246,2014-11-03 02:00:00,57.0,2014-11-04 02:00:00
14607,2014-11-04 21:00:00,0,train,14734,2014,11,4,21,174.0,216.0,13.0,127.0,2800.0,2.0,5.3,1020.0,4.6,0.0,E,0.4,Aotizhongxin,46.0,177.0,70.5,2101.476449275286,2.2,16.1,5.949999999999999,24.284275362310847,2014-11-04 21:00:00,6.0,2014-11-05 21:00:00
14618,2014-11-05 08:00:00,0,train,14745,2014,11,5,8,83.0,126.0,16.0,91.0,1700.0,2.0,6.4,1020.0,1.3,0.0,E,0.6,Aotizhongxin,56.0,349.0,147.5,3935.940217391185,3.1,16.1,6.15,19.850144927528497,2014-11-05 08:00:00,9.0,2014-11-06 08:00:00
14656,2014-11-06 22:00:00,0,train,14783,2014,11,6,22,37.0,88.0,14.0,69.0,1000.0,7.0,2.8,1018.0,-1.0,0.0,WSW,1.4,Aotizhongxin,3.0,37.0,6.0,60.65036231884438,2.0,13.0,9.5,10.240416666659083,2014-11-06 22:00:00,33.0,2014-11-07 22:00:00
14752,2014-11-10 22:00:00,0,train,14879,2014,11,10,22,132.0,151.0,5.0,117.0,1600.0,2.0,3.5,1015.0,2.2,0.0,WSW,0.0,Aotizhongxin,38.0,132.0,67.0,628.9565217390801,-0.8,14.9,4.1,32.318478260860495,2014-11-10 22:00:00,7.0,2014-11-11 22:00:00
14754,2014-11-11 00:00:00,0,train,14881,2014,11,11,0,147.0,164.0,4.0,128.0,1900.0,2.0,2.8,1011.0,2.1,0.0,ESE,0.0,Aotizhongxin,38.0,147.0,67.0,1035.3623188405254,-0.8,14.9,4.1,31.473840579701132,2014-11-11 00:00:00,5.0,2014-11-12 00:00:00
14811,2014-11-13 09:00:00,0,train,14938,2014,11,13,9,33.0,91.0,11.0,77.0,1600.0,2.0,4.2,1014.0,-10.3,0.0,NW,1.3,Aotizhongxin,3.0,33.0,6.5,43.9836956521784,-2.9,8.2,5.75,15.906086956511775,2014-11-13 09:00:00,28.0,2014-11-14 09:00:00
14827,2014-11-14 01:00:00,0,train,14954,2014,11,14,1,34.0,62.0,11.0,84.0,1200.0,2.0,-0.8,1016.0,-3.2,0.0,NE,0.0,Aotizhongxin,7.0,41.0,24.5,128.43297101448462,-2.9,13.1,4.5,32.07418478259898,2014-11-14 01:00:00,127.0,2014-11-15 01:00:00
14856,2014-11-15 06:00:00,0,train,14983,2014,11,15,6,61.0,99.0,23.0,75.0,1700.0,2.0,2.1,1013.0,-6.3,0.0,E,0.7,Aotizhongxin,18.0,143.0,36.5,1567.905797101415,-1.9,13.6,4.0,20.542590579701244,2014-11-15 06:00:00,135.0,2014-11-16 06:00:00
14996,2014-11-21 02:00:00,0,train,15123,2014,11,21,2,411.0,494.0,14.0,134.0,5200.0,2.0,1.9,1012.0,0.9,0.0,ENE,1.4,Aotizhongxin,186.0,464.0,302.0,4986.427536231585,0.2,9.9,3.25,9.856068840569945,2014-11-21 02:00:00,6.0,2014-11-22 02:00:00
15037,2014-11-22 19:00:00,0,train,15164,2014,11,22,19,53.0,100.0,17.0,102.0,1100.0,2.0,7.3,1028.0,-7.9,0.0,SW,0.8,Aotizhongxin,6.0,53.0,27.5,159.51992753620138,-1.2,11.8,6.1,13.140217391295677,2014-11-22 19:00:00,156.0,2014-11-23 19:00:00
15045,2014-11-23 03:00:00,1,train,15172,2014,11,23,3,120.0,183.0,12.0,75.0,2000.0,2.0,4.1,1030.0,-1.3,0.0,ENE,1.8,Aotizhongxin,8.0,129.0,37.0,1481.8677536231328,-1.2,11.8,4.3,15.09824275361423,2014-11-23 03:00:00,207.0,2014-11-24 03:00:00
15177,2014-11-28 15:00:00,1,train,15304,2014,11,28,15,82.0,168.0,20.0,81.0,1200.0,24.0,10.1,1017.0,-1.3,0.0,SW,1.7,Aotizhongxin,16.0,86.0,48.5,609.1884057970449,-1.0,10.2,4.800000000000001,11.056231884048342,2014-11-28 15:00:00,285.0,2014-11-29 15:00:00
15195,2014-11-29 09:00:00,0,train,15322,2014,11,29,9,232.0,302.0,32.0,109.0,4200.0,2.0,2.6,1024.0,0.0,0.0,NE,1.0,Aotizhongxin,66.0,241.0,172.5,4235.9710144925975,-0.9,10.2,4.35,15.093043478251072,2014-11-29 09:00:00,14.0,2014-11-30 09:00:00
15315,2014-12-04 09:00:00,0,train,15442,2014,12,4,9,3.0,21.0,6.0,21.0,400.0,44.0,-1.6,1035.0,-22.9,0.0,NNW,4.5,Aotizhongxin,3.0,13.0,7.5,6.456521739083541,-3.1,1.1,-1.6,1.89536231882788,2014-12-04 09:00:00,7.0,2014-12-05 09:00:00
15345,2014-12-05 15:00:00,0,train,15472,2014,12,5,15,7.0,,10.0,,500.0,58.0,5.3,1027.0,-21.0,0.0,NNW,2.6,Aotizhongxin,3.0,21.0,8.0,16.476449275314202,-5.8,5.3,-2.1500000000000004,11.467536231871465,2014-12-05 15:00:00,23.0,2014-12-06 15:00:00
15479,2014-12-11 05:00:00,0,train,15606,2014,12,11,5,11.0,11.0,7.0,32.0,500.0,24.0,-3.2,1027.0,-15.5,0.0,ENE,1.8,Aotizhongxin,9.0,275.0,14.0,7768.927536231783,-5.4,5.0,-0.09999999999999999,11.13650362317656,2014-12-11 05:00:00,7.0,2014-12-12 05:00:00
15489,2014-12-11 15:00:00,0,train,15616,2014,12,11,15,11.0,12.0,9.0,16.0,500.0,57.0,3.4,1031.0,-15.8,0.0,WSW,3.6,Aotizhongxin,8.0,23.0,11.0,12.14492753616585,-4.5,5.0,-0.09999999999999999,6.7199275362199025,2014-12-11 15:00:00,13.0,2014-12-12 15:00:00
15508,2014-12-12 10:00:00,0,train,15635,2014,12,12,10,12.0,30.0,12.0,15.0,400.0,44.0,0.8,1023.0,-19.1,0.0,NW,3.9,Aotizhongxin,5.0,74.0,10.0,424.8623188405083,-1.8,5.0,-0.1,4.093460144915781,2014-12-12 10:00:00,30.0,2014-12-13 10:00:00
15527,2014-12-13 05:00:00,0,train,15654,2014,12,13,5,9.0,81.0,13.0,14.0,400.0,40.0,-0.3,1026.0,-19.0,0.0,NW,2.1,Aotizhongxin,5.0,15.0,11.0,7.6358695651526896,-1.7,3.6,0.8500000000000001,2.454492753611603,2014-12-13 05:00:00,93.0,2014-12-14 05:00:00
15531,2014-12-13 09:00:00,0,train,15658,2014,12,13,9,29.0,95.0,33.0,65.0,1200.0,2.0,-1.5,1025.0,-13.7,0.0,NNW,0.8,Aotizhongxin,7.0,29.0,12.0,18.954710144861334,-3.9,3.6,0.8500000000000001,3.4782427536115357,2014-12-13 09:00:00,67.0,2014-12-14 09:00:00
15532,2014-12-13 10:00:00,0,train,15659,2014,12,13,10,30.0,89.0,34.0,63.0,1100.0,2.0,2.3,1028.0,-17.3,0.0,WSW,1.2,Aotizhongxin,7.0,30.0,12.5,31.737318840512962,-3.9,3.6,1.05,3.5877536231767837,2014-12-13 10:00:00,56.0,2014-12-14 10:00:00
15540,2014-12-13 18:00:00,0,train,15667,2014,12,13,18,89.0,167.0,27.0,85.0,1600.0,9.0,1.7,1028.0,-14.9,0.0,WSW,2.2,Aotizhongxin,7.0,89.0,15.5,421.0271739129684,-3.9,5.0,1.05,5.284764492742161,2014-12-13 18:00:00,121.0,2014-12-14 18:00:00
15569,2014-12-14 23:00:00,0,train,15696,2014,12,14,23,102.0,147.0,61.0,102.0,2000.0,2.0,-1.1,1027.0,-8.5,0.0,WNW,0.5,Aotizhongxin,43.0,161.0,82.0,1690.4565217390086,-8.1,7.0,-0.9500000000000001,19.52057971013279,2014-12-14 23:00:00,6.0,2014-12-15 23:00:00
15634,2015-01-02 09:00:00,0,train,16138,2015,1,2,9,13.0,22.0,16.0,59.0,700.0,8.0,-2.0,1029.0,-17.7,0.0,ENE,1.9,Aotizhongxin,11.0,111.0,49.5,1195.0144927536232,-8.0,3.0,-3.0,11.911231884044753,2015-01-02 09:00:00,152.0,2015-01-03 09:00:00
15669,2015-01-03 20:00:00,1,train,16173,2015,1,3,20,185.0,217.0,83.0,150.0,3700.0,2.0,-5.0,1011.0,-13.4,0.0,WNW,0.9,Aotizhongxin,101.0,185.0,156.0,412.86775362319224,-7.0,4.0,-4.0,11.992753623175163,2015-01-03 20:00:00,267.0,2015-01-04 20:00:00
15739,2015-01-06 18:00:00,0,train,16243,2015,1,6,18,49.0,100.0,17.0,67.0,1000.0,8.0,2.0,1017.0,-22.0,0.0,SW,2.1,Aotizhongxin,3.0,49.0,11.0,105.98369565220081,-4.0,4.0,1.0,5.998188405785353,2015-01-06 18:00:00,74.0,2015-01-07 18:00:00
15743,2015-01-06 22:00:00,0,train,16247,2015,1,6,22,91.0,203.0,44.0,83.0,1600.0,2.0,-4.0,1020.0,-18.3,0.0,W,1.3,Aotizhongxin,5.0,91.0,12.5,601.644927536257,-4.0,4.0,-0.5,6.427536231872087,2015-01-06 22:00:00,74.0,2015-01-07 22:00:00
15751,2015-01-07 06:00:00,0,train,16255,2015,1,7,6,17.0,17.0,12.0,32.0,800.0,16.0,-7.0,1019.0,-16.7,0.0,ENE,0.7,Aotizhongxin,10.0,105.0,26.5,1211.8478260869788,-7.0,4.0,-1.0,16.954710144914774,2015-01-07 06:00:00,155.0,2015-01-08 06:00:00
15795,2015-01-09 02:00:00,1,train,16299,2015,1,9,2,158.0,197.0,75.0,124.0,4100.0,2.0,-2.0,1024.0,-10.3,0.0,ENE,1.1,Aotizhongxin,59.0,274.0,157.0,3365.4710144927553,-6.0,4.0,-1.0,12.514492753610481,2015-01-09 02:00:00,234.0,2015-01-10 02:00:00
15823,2015-01-10 06:00:00,0,train,16327,2015,1,10,6,149.0,168.0,47.0,95.0,4000.0,2.0,-7.0,1015.0,-12.5,0.0,NW,0.6,Aotizhongxin,6.0,268.0,18.0,11173.449275362333,-7.0,8.0,1.0,22.601449275350753,2015-01-10 06:00:00,6.0,2015-01-11 06:00:00
15892,2015-01-13 03:00:00,1,train,16396,2015,1,13,3,170.0,202.0,61.0,99.0,4100.0,2.0,-3.5,1029.7,-8.4,0.0,ENE,1.2,Aotizhongxin,52.0,213.0,131.0,2512.514492753629,-7.0,3.0,-2.7,9.847173913030526,2015-01-13 03:00:00,185.0,2015-01-14 03:00:00
15948,2015-01-15 11:00:00,0,train,16452,2015,1,15,11,176.0,176.0,62.0,68.0,2600.0,4.0,-2.8,1025.6,-8.7,0.0,E,1.4,Aotizhongxin,155.0,251.0,217.5,899.7373188405687,-7.4,0.0,-3.45,6.231304347812417,2015-01-15 11:00:00,13.0,2015-01-16 11:00:00
15990,2015-01-17 05:00:00,0,train,16494,2015,1,17,5,14.0,14.0,10.0,29.0,700.0,36.0,-7.0,1028.0,-18.1,0.0,SE,0.3,Aotizhongxin,9.0,19.0,13.0,4.927536231934944,-7.0,3.0,1.0,7.519927536219739,2015-01-17 05:00:00,97.0,2015-01-18 05:00:00
16019,2015-01-18 10:00:00,0,train,16523,2015,1,18,10,101.0,136.0,52.0,86.0,2300.0,2.0,1.0,1014.0,-11.4,0.0,W,1.3,Aotizhongxin,18.0,150.0,100.0,772.6859239130739,-4.0,3.0,-0.5,3.2753623188284204,2015-01-18 10:00:00,27.0,2015-01-19 10:00:00
16037,2015-01-19 04:00:00,0,train,16541,2015,1,19,4,14.0,31.0,10.0,51.0,600.0,15.0,1.0,1016.0,-15.1,0.0,N,1.9,Aotizhongxin,6.0,113.0,15.0,1756.0797101449707,-2.0,6.0,3.0,6.492753623177536,2015-01-19 04:00:00,76.0,2015-01-20 04:00:00
16079,2015-01-20 22:00:00,0,train,16583,2015,1,20,22,89.0,119.0,54.0,98.0,2200.0,2.0,-2.0,1020.0,-7.3,0.0,NE,0.5,Aotizhongxin,50.0,99.0,79.0,111.99818840583212,-5.0,5.0,-1.0,10.173913043466024,2015-01-20 22:00:00,46.0,2015-01-21 22:00:00
16104,2015-01-21 23:00:00,1,train,16608,2015,1,21,23,37.0,56.0,28.0,82.0,1900.0,2.0,-6.0,1020.0,-13.4,0.0,WNW,0.6,Aotizhongxin,7.0,46.0,13.0,123.85326086961545,-6.0,6.0,2.5,10.42753623187283,2015-01-21 23:00:00,211.0,2015-01-22 23:00:00
16119,2015-01-22 14:00:00,0,train,16623,2015,1,22,14,112.0,136.0,49.0,107.0,2500.0,14.0,5.0,1018.0,-15.0,0.0,SW,1.5,Aotizhongxin,7.0,142.0,33.5,1637.8532608696073,-8.0,6.0,-4.0,22.340579710131916,2015-01-22 14:00:00,183.0,2015-01-23 14:00:00
16143,2015-01-23 14:00:00,0,train,16647,2015,1,23,14,183.0,200.0,72.0,114.0,3000.0,10.0,5.0,1013.0,-13.4,0.0,W,0.9,Aotizhongxin,86.0,237.0,172.0,1172.6358695652282,-7.0,5.0,-2.0,16.80978260868322,2015-01-23 14:00:00,86.0,2015-01-24 14:00:00
16172,2015-01-24 19:00:00,0,train,16676,2015,1,24,19,78.0,106.0,34.0,83.0,2200.0,6.0,2.0,1023.0,-6.8,0.0,ENE,1.5,Aotizhongxin,23.0,232.0,84.0,4147.606884057996,-5.0,3.0,-1.0,10.679347826074643,2015-01-24 19:00:00,169.0,2015-01-25 19:00:00
16187,2015-01-25 10:00:00,0,train,16691,2015,1,25,10,84.0,84.0,19.0,44.0,1400.0,8.0,1.0,1023.0,-3.5,0.0,WSW,1.9,Aotizhongxin,66.0,88.0,79.5,41.73188405800006,-1.0,3.0,0.5,2.057971014481307,2015-01-25 10:00:00,42.0,2015-01-26 10:00:00
16243,2015-01-27 18:00:00,0,train,16747,2015,1,27,18,18.0,24.0,12.0,51.0,900.0,22.0,0.0,1027.0,-20.9,0.0,NE,1.2,Aotizhongxin,6.0,18.0,9.0,10.085144927575458,-7.0,3.0,-3.1,11.839710144914125,2015-01-27 18:00:00,38.0,2015-01-28 18:00:00
16276,2015-01-29 03:00:00,0,train,16780,2015,1,29,3,103.0,116.0,33.0,46.0,1500.0,22.0,-1.0,1026.0,-14.9,0.0,W,1.5,Aotizhongxin,8.0,126.0,29.5,1256.9112318840907,-5.0,2.0,-0.5,5.374999999987317,2015-01-29 03:00:00,9.0,2015-01-30 03:00:00
16292,2015-01-29 20:00:00,0,train,16797,2015,1,29,20,12.0,26.0,9.0,22.0,800.0,51.0,0.0,1024.0,-19.2,0.0,NNE,2.2,Aotizhongxin,8.0,126.0,77.0,1463.9112318840862,-3.0,4.0,0.0,5.0416666666547485,2015-01-29 20:00:00,22.0,2015-01-30 20:00:00
16303,2015-01-30 07:00:00,0,train,16808,2015,1,30,7,9.0,12.0,24.0,28.0,800.0,37.0,-7.0,1031.0,-20.6,0.0,E,1.0,Aotizhongxin,6.0,95.0,11.0,991.3894927536586,-7.0,4.0,-1.0,11.731884057958554,2015-01-30 07:00:00,11.0,2015-01-31 07:00:00
16334,2015-01-31 14:00:00,0,train,16839,2015,1,31,14,13.0,17.0,16.0,16.0,500.0,61.0,4.0,1032.0,-23.9,0.0,N,1.4,Aotizhongxin,7.0,24.0,13.0,25.027667984229584,-8.0,4.0,-2.0,15.033460144914587,2015-01-31 14:00:00,35.0,2015-02-01 14:00:00
16406,2015-02-03 14:00:00,0,train,16911,2015,2,3,14,56.0,56.0,36.0,22.0,900.0,105.0,8.0,1023.0,-11.4,0.0,N,3.7,Aotizhongxin,56.0,213.0,152.0,1324.9112318840712,-7.0,8.0,0.5,18.166666666654617,2015-02-03 14:00:00,13.0,2015-02-04 14:00:00
16467,2015-02-06 03:00:00,0,train,16972,2015,2,6,3,51.0,65.0,24.0,101.0,1500.0,2.0,-6.0,1018.0,-11.1,0.0,W,0.7,Aotizhongxin,7.0,58.0,24.5,367.97101449278506,-6.0,7.0,1.5,19.157608695640594,2015-02-06 03:00:00,4.0,2015-02-07 03:00:00
16468,2015-02-06 04:00:00,0,train,16973,2015,2,6,4,57.0,79.0,20.0,100.0,1800.0,,-6.0,1017.0,-11.5,0.0,ENE,0.4,Aotizhongxin,7.0,58.0,29.0,373.5869565217702,-6.0,7.0,1.5,21.014492753611506,2015-02-06 04:00:00,3.0,2015-02-07 04:00:00
16490,2015-02-07 02:00:00,0,train,16995,2015,2,7,2,14.0,42.0,25.0,34.0,600.0,55.0,4.0,1016.0,-13.8,0.0,NE,2.4,Aotizhongxin,14.0,97.0,64.5,543.4782608695914,-7.0,10.0,4.0,36.12862318839477,2015-02-07 02:00:00,6.0,2015-02-08 02:00:00
16513,2015-02-08 01:00:00,0,train,17018,2015,2,8,1,4.0,12.0,5.0,9.0,400.0,86.0,-5.0,1029.0,-25.7,0.0,NE,1.4,Aotizhongxin,3.0,15.0,7.0,14.601449275397815,-5.0,4.0,2.0,8.002590579698573,2015-02-08 01:00:00,104.0,2015-02-09 01:00:00
16519,2015-02-08 07:00:00,0,train,17024,2015,2,8,7,8.0,15.0,19.0,24.0,400.0,64.0,-7.0,1030.0,-25.2,0.0,NNE,1.5,Aotizhongxin,3.0,15.0,6.0,11.215579710180432,-7.0,3.0,-0.5,15.769981884045228,2015-02-08 07:00:00,81.0,2015-02-09 07:00:00
16546,2015-02-09 10:00:00,0,train,17051,2015,2,9,10,65.0,86.0,40.0,60.0,1600.0,,-1.0,1024.0,-21.2,0.0,NE,1.8,Aotizhongxin,7.0,112.0,61.0,1097.853260869593,-8.0,3.0,-3.0,16.057971014479126,2015-02-09 10:00:00,107.0,2015-02-10 10:00:00
16553,2015-02-09 17:00:00,0,train,17058,2015,2,9,17,125.0,159.0,49.0,117.0,2100.0,163.0,5.0,1016.0,-19.6,0.0,SW,3.4,Aotizhongxin,33.0,125.0,75.5,419.1014492753873,-8.0,7.0,-3.0,27.050851449262154,2015-02-09 17:00:00,75.0,2015-02-10 17:00:00
16616,2015-02-12 08:00:00,0,train,17121,2015,2,12,8,17.0,33.0,14.0,62.0,700.0,44.0,-5.0,1012.0,-11.2,0.0,NE,0.9,Aotizhongxin,6.0,32.0,16.5,48.38949275365634,-6.0,11.0,4.0,29.55797101448237,2015-02-12 08:00:00,92.0,2015-02-13 08:00:00
16629,2015-02-12 21:00:00,1,train,17134,2015,2,12,21,63.0,92.0,20.0,57.0,1100.0,63.0,4.0,1015.0,-13.8,0.0,SW,2.1,Aotizhongxin,6.0,63.0,19.5,171.43297101452504,-6.0,8.0,3.5,18.144927536220894,2015-02-12 21:00:00,192.0,2015-02-13 21:00:00
16659,2015-02-14 03:00:00,1,train,17164,2015,2,14,3,216.0,221.0,65.0,131.0,3700.0,15.0,0.0,1009.0,-9.2,0.0,ENE,1.8,Aotizhongxin,83.0,237.0,114.5,3041.478260869581,-4.0,8.0,1.5,14.946068840568616,2015-02-14 03:00:00,301.0,2015-02-15 03:00:00
16701,2015-02-15 21:00:00,0,train,17206,2015,2,15,21,178.0,210.0,79.0,106.0,3400.0,4.0,4.0,1012.0,-9.1,0.0,SSW,1.3,Aotizhongxin,178.0,351.0,276.0,1434.869565217366,-4.0,8.0,3.0,14.079710144916742,2015-02-15 21:00:00,19.0,2015-02-16 21:00:00
16773,2015-02-18 21:00:00,0,train,17278,2015,2,18,21,163.0,239.0,70.0,69.0,1500.0,52.0,4.0,1021.0,-10.9,0.0,SW,2.6,Aotizhongxin,6.0,163.0,16.0,1192.3405797102146,-2.0,11.0,3.5,18.14809782607676,2015-02-18 21:00:00,125.0,2015-02-19 21:00:00
16788,2015-02-19 12:00:00,0,train,17293,2015,2,19,12,193.0,235.0,78.0,50.0,1600.0,49.0,4.0,1020.0,-11.2,0.0,SW,3.0,Aotizhongxin,6.0,294.0,150.0,10384.375000000031,-2.0,11.0,3.5,15.884057971004225,2015-02-19 12:00:00,97.0,2015-02-20 12:00:00
16843,2015-02-21 19:00:00,0,train,17348,2015,2,21,19,21.0,382.0,2.0,9.0,300.0,81.0,1.0,1016.0,-22.1,0.0,N,4.9,Aotizhongxin,21.0,288.0,163.0,4051.505434782643,0.0,4.0,1.0,0.8737499999885701,2015-02-21 19:00:00,20.0,2015-02-22 19:00:00
16872,2015-02-23 00:00:00,0,train,17377,2015,2,23,0,26.0,88.0,18.0,23.0,600.0,52.0,-4.0,1017.0,-15.0,0.0,NNE,1.2,Aotizhongxin,10.0,94.0,26.0,662.0217391305026,-5.0,4.0,-2.0,11.130652173900456,2015-02-23 00:00:00,174.0,2015-02-24 00:00:00
16938,2015-02-25 18:00:00,0,train,17443,2015,2,25,18,11.0,30.0,3.0,14.0,300.0,80.0,4.0,1013.0,-21.2,0.0,WNW,2.2,Aotizhongxin,7.0,216.0,67.0,8001.471014492811,-0.2,7.0,3.0,3.214710144917084,2015-02-25 18:00:00,10.0,2015-02-26 18:00:00
16960,2015-02-26 16:00:00,0,train,17465,2015,2,26,16,12.0,22.0,4.0,8.0,300.0,85.0,6.0,1016.0,-21.3,0.0,WNW,4.0,Aotizhongxin,7.0,44.0,12.0,57.123188405885735,-2.0,6.0,1.0,6.813840579698743,2015-02-26 16:00:00,30.0,2015-02-27 16:00:00
16969,2015-02-27 01:00:00,0,train,17474,2015,2,27,1,15.0,34.0,11.0,29.0,500.0,48.0,-0.6,1027.9,-18.7,0.0,ENE,3.0,Aotizhongxin,7.0,19.0,13.0,10.108695652263028,-2.0,6.0,1.7,6.875489130423561,2015-02-27 01:00:00,51.0,2015-02-28 01:00:00
16992,2015-02-28 00:00:00,0,train,17497,2015,2,28,0,50.0,77.0,17.0,35.0,1000.0,34.0,-1.0,1026.0,-3.7,0.0,SSW,2.1,Aotizhongxin,5.0,50.0,20.0,186.0000000000853,-3.6,2.0,0.0,3.1504347825965953,2015-02-28 00:00:00,69.0,2015-03-01 00:00:00
16997,2015-02-28 05:00:00,0,train,17502,2015,2,28,5,46.0,48.0,6.0,30.0,700.0,29.0,-2.2,1024.1,-4.5,0.0,S,1.7,Aotizhongxin,7.0,51.0,33.5,176.14492753631467,-3.6,2.0,0.0,2.8990579710024207,2015-02-28 05:00:00,9.0,2015-03-01 05:00:00
17014,2015-02-28 22:00:00,0,train,17519,2015,2,28,22,98.0,98.0,13.0,63.0,1200.0,22.0,0.6,1021.0,-4.6,0.0,WNW,1.7,Aotizhongxin,34.0,211.0,96.0,4759.971014492803,-2.2,5.0,0.0,3.1486231883938225,2015-02-28 22:00:00,49.0,2015-03-01 22:00:00
17100,2015-03-04 12:00:00,0,train,17605,2015,3,4,12,12.0,12.0,5.0,18.0,400.0,73.0,3.7,1025.2,-27.7,0.0,NW,1.9,Aotizhongxin,8.0,21.0,14.5,12.195652174002786,-3.0,3.7,0.44999999999999996,4.580797101437443,2015-03-04 12:00:00,134.0,2015-03-05 12:00:00
17177,2015-03-07 17:00:00,0,train,17682,2015,3,7,17,193.0,206.0,35.0,66.0,1600.0,103.0,11.0,1013.1,-3.2,0.0,SSE,2.2,Aotizhongxin,186.0,313.0,246.0,1523.1141304347943,-2.6,11.9,2.85,25.109726247976987,2015-03-07 17:00:00,14.0,2015-03-08 17:00:00
17184,2015-03-08 00:00:00,0,train,17689,2015,3,8,0,222.0,222.0,58.0,110.0,1900.0,11.0,4.4,1015.1,-2.5,0.0,ESE,1.4,Aotizhongxin,186.0,313.0,226.5,1291.7373188405966,-2.6,11.9,5.0,25.441513687590927,2015-03-08 00:00:00,15.0,2015-03-09 00:00:00
17224,2015-03-09 16:00:00,0,train,17729,2015,3,9,16,15.0,34.0,4.0,9.0,400.0,93.0,3.8,1030.4,-29.0,0.0,N,3.6,Aotizhongxin,3.0,20.0,10.0,19.911231884133812,-3.0,11.2,1.5,16.224347826075995,2015-03-09 16:00:00,43.0,2015-03-10 16:00:00
17255,2015-03-10 23:00:00,0,train,17760,2015,3,10,23,67.0,92.0,18.0,97.0,1000.0,19.0,3.4,1020.3,-15.8,0.0,W,1.8,Aotizhongxin,5.0,76.0,21.0,468.19565217398366,-7.3,7.9,3.95,27.256068840568652,2015-03-10 23:00:00,58.0,2015-03-11 23:00:00
17273,2015-03-11 20:00:00,0,train,17781,2015,3,11,20,31.0,70.0,7.0,50.0,600.0,60.0,7.1,1016.0,-18.7,0.0,SSE,1.7,Aotizhongxin,9.0,110.0,39.5,1193.476449275427,-4.0,9.7,5.1,21.952101449265246,2015-03-11 20:00:00,72.0,2015-03-12 20:00:00
17281,2015-03-12 04:00:00,0,train,17789,2015,3,12,4,82.0,116.0,26.0,83.0,1800.0,15.0,-0.7,1013.8,-13.3,0.0,ENE,1.2,Aotizhongxin,9.0,88.0,33.5,866.4275362319503,-4.0,9.7,5.7,17.25739130433806,2015-03-12 04:00:00,114.0,2015-03-13 04:00:00
17293,2015-03-12 16:00:00,0,train,17801,2015,3,12,16,,,,,,,11.7,1009.3,-19.0,0.0,SE,1.9,Aotizhongxin,19.0,93.0,83.0,746.957142857211,-2.8,12.2,5.55,20.835199275352785,2015-03-12 16:00:00,14.0,2015-03-13 16:00:00
17334,2015-03-14 09:00:00,0,train,17842,2015,3,14,9,63.0,85.0,38.0,76.0,1900.0,7.0,1.2,1020.0,-4.7,0.0,E,1.5,Aotizhongxin,9.0,100.0,46.0,631.3315217391964,0.4,12.8,4.65,20.72954710143995,2015-03-14 09:00:00,128.0,2015-03-15 09:00:00
17495,2015-03-21 02:00:00,0,train,18003,2015,3,21,2,45.0,321.0,2.0,44.0,500.0,52.0,14.6,1012.2,-16.8,0.0,NW,3.1,Aotizhongxin,24.0,62.0,39.0,110.23188405807942,6.0,19.2,15.3,13.017318840574951,2015-03-21 02:00:00,31.0,2015-03-22 02:00:00
17563,2015-03-23 22:00:00,0,train,18071,2015,3,23,22,36.0,101.0,2.0,52.0,600.0,62.0,13.7,1024.0,-15.3,0.0,WSW,3.8,Aotizhongxin,9.0,73.0,37.0,343.36231884068866,-0.3,17.9,12.95,46.00775362318132,2015-03-23 22:00:00,124.0,2015-03-24 22:00:00
17583,2015-03-24 18:00:00,0,train,18091,2015,3,24,18,80.0,132.0,24.0,62.0,1500.0,106.0,14.2,1024.4,-8.5,0.0,SE,1.7,Aotizhongxin,20.0,114.0,66.0,472.4927536232865,2.2,15.5,10.95,21.746666666659547,2015-03-24 18:00:00,89.0,2015-03-25 18:00:00
17595,2015-03-25 06:00:00,0,train,18103,2015,3,25,6,112.0,151.0,31.0,99.0,2200.0,2.0,1.2,1026.8,-2.7,0.0,NE,0.2,Aotizhongxin,63.0,149.0,82.5,790.9565217392136,1.2,15.4,9.55,19.9313043478186,2015-03-25 06:00:00,120.0,2015-03-26 06:00:00
17615,2015-03-26 02:00:00,0,train,18123,2015,3,26,2,100.0,173.0,21.0,69.0,1000.0,41.0,11.1,1025.5,-0.1,0.0,SW,0.7,Aotizhongxin,88.0,163.0,115.5,495.9981884058701,1.2,17.9,13.75,30.25650362318213,2015-03-26 02:00:00,57.0,2015-03-27 02:00:00
17679,2015-03-28 18:00:00,0,train,18187,2015,3,28,18,22.0,94.0,2.0,17.0,400.0,109.0,21.8,1008.5,-1.5,0.0,NNW,3.2,Aotizhongxin,22.0,156.0,96.0,1892.9275362319736,11.1,23.1,17.55,11.048913043474887,2015-03-28 18:00:00,63.0,2015-03-29 18:00:00
17690,2015-03-29 05:00:00,0,train,18198,2015,3,29,5,40.0,95.0,9.0,94.0,900.0,2.0,7.6,1012.9,-0.1,0.0,NE,0.7,Aotizhongxin,22.0,156.0,33.0,1071.471014492863,7.6,23.1,17.75,27.35085144927138,2015-03-29 05:00:00,119.0,2015-03-30 05:00:00
17717,2015-03-30 08:00:00,0,train,18225,2015,3,30,8,133.0,366.0,30.0,109.0,2100.0,5.0,13.0,1006.2,3.9,0.0,SE,1.6,Aotizhongxin,59.0,157.0,121.5,1119.201086956594,10.7,22.7,16.4,16.283025362315083,2015-03-30 08:00:00,162.0,2015-03-31 08:00:00
17782,2015-04-02 02:00:00,0,train,18291,2015,4,2,2,45.0,45.0,2.0,44.0,800.0,44.0,5.5,1006.7,3.5,5.0,NW,2.2,Aotizhongxin,26.0,89.0,44.0,333.30434782620324,5.5,12.6,9.850000000000001,6.119836956514468,2015-04-02 02:00:00,19.0,2015-04-03 02:00:00
17783,2015-04-02 03:00:00,0,train,18292,2015,4,2,3,42.0,42.0,2.0,41.0,900.0,43.0,5.3,1004.9,3.6,2.7,NW,1.1,Aotizhongxin,26.0,89.0,42.5,294.9402173914217,5.3,12.6,9.850000000000001,6.434329710137636,2015-04-02 03:00:00,19.0,2015-04-03 03:00:00
17793,2015-04-02 13:00:00,0,train,18302,2015,4,2,13,25.0,25.0,2.0,19.0,700.0,92.0,9.8,994.5,4.0,0.0,NNE,2.9,Aotizhongxin,25.0,55.0,42.0,49.911231884180204,4.6,12.4,7.35,7.619112318832586,2015-04-02 13:00:00,21.0,2015-04-03 13:00:00
17821,2015-04-03 17:00:00,0,train,18330,2015,4,3,17,45.0,60.0,7.0,35.0,800.0,136.0,14.8,1007.9,0.6,0.0,S,2.4,Aotizhongxin,10.0,45.0,19.0,115.71014492767102,6.4,16.1,13.85,8.7442753623131,2015-04-03 17:00:00,71.0,2015-04-04 17:00:00
17947,2015-04-08 23:00:00,1,train,18456,2015,4,8,23,139.0,139.0,14.0,76.0,1100.0,13.0,8.3,1018.1,1.4,0.0,SSE,1.0,Aotizhongxin,70.0,142.0,97.0,547.2173913044328,3.4,14.0,9.100000000000001,8.496068840572379,2015-04-08 23:00:00,234.0,2015-04-09 23:00:00
17952,2015-04-09 04:00:00,1,train,18461,2015,4,9,4,122.0,149.0,14.0,78.0,1100.0,,3.9,1016.9,0.6,0.0,E,0.5,Aotizhongxin,72.0,149.0,109.0,501.4492753623963,3.4,14.0,9.100000000000001,10.998967391296793,2015-04-09 04:00:00,229.0,2015-04-10 04:00:00
17959,2015-04-09 11:00:00,1,train,18468,2015,4,9,11,165.0,183.0,31.0,77.0,1400.0,46.0,12.5,1017.0,1.5,0.0,WSW,1.6,Aotizhongxin,72.0,168.0,129.5,550.2826086957198,3.0,14.0,9.350000000000001,12.191014492746111,2015-04-09 11:00:00,226.0,2015-04-10 11:00:00
17974,2015-04-10 02:00:00,0,train,18483,2015,4,10,2,201.0,259.0,9.0,125.0,1500.0,2.0,8.9,1015.6,6.0,0.0,NE,1.4,Aotizhongxin,116.0,242.0,170.5,1838.172101449312,3.0,17.8,13.3,25.06543478260254,2015-04-10 02:00:00,116.0,2015-04-11 02:00:00
17980,2015-04-10 08:00:00,1,train,18489,2015,4,10,8,218.0,218.0,12.0,85.0,1400.0,12.0,9.9,1017.3,6.6,0.0,ENE,1.7,Aotizhongxin,116.0,242.0,199.5,1376.9547101449537,6.5,17.8,13.3,14.408695652168163,2015-04-10 08:00:00,223.0,2015-04-11 08:00:00
18000,2015-04-11 04:00:00,0,train,18509,2015,4,11,4,244.0,259.0,26.0,82.0,3400.0,,11.7,1014.6,8.2,0.1,E,1.3,Aotizhongxin,53.0,244.0,127.5,4336.369112318891,6.5,20.8,15.45,19.42259057970551,2015-04-11 04:00:00,13.0,2015-04-12 04:00:00
18009,2015-04-11 13:00:00,0,train,18518,2015,4,11,13,128.0,128.0,20.0,34.0,1900.0,135.0,17.5,1015.2,5.7,0.0,SSE,2.8,Aotizhongxin,53.0,246.0,125.0,4388.314764492805,10.4,20.8,15.55,10.988043478256532,2015-04-11 13:00:00,15.0,2015-04-12 13:00:00
18191,2015-04-19 03:00:00,0,train,18700,2015,4,19,3,104.0,139.0,2.0,93.0,900.0,3.0,14.9,1008.2,10.3,0.0,W,1.0,Aotizhongxin,50.0,243.0,148.0,2564.5797101449834,13.7,21.2,17.700000000000003,7.010416666663367,2015-04-19 03:00:00,95.0,2015-04-20 03:00:00
18218,2015-04-20 23:00:00,0,train,18744,2015,4,20,23,,165.0,19.0,44.0,1500.0,88.0,17.2,1007.3,4.8,0.0,WSW,5.7,Aotizhongxin,28.0,170.0,91.0,1960.7647058824564,6.5,22.1,17.65,31.724619565213075,2015-04-20 23:00:00,12.0,2015-04-21 23:00:00
18235,2015-04-22 08:00:00,0,train,18777,2015,4,22,8,61.0,148.0,9.0,92.0,1100.0,8.0,15.8,1015.6,6.0,0.0,E,1.5,Aotizhongxin,11.0,120.0,40.0,981.9644268775646,8.2,26.5,19.15,38.574492753620106,2015-04-22 08:00:00,91.0,2015-04-23 08:00:00
18249,2015-04-22 22:00:00,0,train,18791,2015,4,22,22,42.0,152.0,12.0,49.0,400.0,88.0,21.3,1009.8,2.5,0.0,WSW,3.8,Aotizhongxin,12.0,188.0,42.5,1170.5797101450164,8.2,25.2,21.35,37.49983695651878,2015-04-22 22:00:00,16.0,2015-04-23 22:00:00
18331,2015-04-26 08:00:00,0,train,18873,2015,4,26,8,111.0,232.0,18.0,110.0,1300.0,26.0,20.3,1008.0,11.8,0.0,E,0.8,Aotizhongxin,44.0,111.0,89.5,456.73731884065717,14.7,31.9,25.299999999999997,27.055579710145274,2015-04-26 08:00:00,94.0,2015-04-27 08:00:00
18351,2015-04-27 04:00:00,0,train,18893,2015,4,27,4,73.0,133.0,8.0,37.0,700.0,,20.3,1002.0,12.3,0.0,S,1.5,Aotizhongxin,46.0,144.0,84.5,1053.217391304422,14.7,31.0,24.9,22.730652173913374,2015-04-27 04:00:00,40.0,2015-04-28 04:00:00
18392,2015-04-28 21:00:00,0,train,18934,2015,4,28,21,52.0,110.0,3.0,79.0,900.0,90.0,21.2,1009.0,10.7,0.0,S,1.1,Aotizhongxin,25.0,52.0,43.5,40.3894927537175,16.7,24.6,20.450000000000003,8.551721014490804,2015-04-28 21:00:00,119.0,2015-04-29 21:00:00
18455,2015-05-01 12:00:00,0,train,18997,2015,5,1,12,191.0,205.0,20.0,77.0,1700.0,115.0,25.2,1003.5,14.9,0.0,W,2.4,Aotizhongxin,61.0,261.0,179.0,4231.6068840580165,17.9,29.3,23.25,16.852101449275164,2015-05-01 12:00:00,54.0,2015-05-02 12:00:00
18457,2015-05-01 14:00:00,0,train,18999,2015,5,1,14,71.0,77.0,6.0,18.0,600.0,83.0,19.0,1005.2,10.3,0.0,NW,5.4,Aotizhongxin,61.0,261.0,180.5,4292.606884058016,17.9,29.3,21.9,15.745199275361774,2015-05-01 14:00:00,47.0,2015-05-02 14:00:00
18470,2015-05-02 03:00:00,0,train,19012,2015,5,2,3,42.0,42.0,2.0,56.0,600.0,14.0,14.5,1006.4,12.4,0.0,E,1.0,Aotizhongxin,25.0,237.0,44.0,6327.1884057971665,14.3,25.2,17.2,11.804347826083593,2015-05-02 03:00:00,129.0,2015-05-03 03:00:00
18522,2015-05-04 07:00:00,0,train,19064,2015,5,4,7,10.0,97.0,2.0,36.0,700.0,61.0,15.2,1015.5,-9.7,0.0,ENE,1.3,Aotizhongxin,6.0,41.0,12.0,57.362318840681866,13.3,23.1,18.950000000000003,10.675923913040588,2015-05-04 07:00:00,76.0,2015-05-05 07:00:00
18611,2015-05-08 00:00:00,0,train,19153,2015,5,8,0,11.0,48.0,2.0,32.0,300.0,79.0,15.9,1007.3,0.4,0.0,NE,0.0,Aotizhongxin,11.0,56.0,41.0,123.34601449284337,10.1,24.1,19.4,20.35101449275078,2015-05-08 00:00:00,86.0,2015-05-09 00:00:00
18626,2015-05-08 15:00:00,0,train,19168,2015,5,8,15,32.0,77.0,7.0,22.0,700.0,129.0,23.0,1002.8,5.0,0.0,ESE,3.4,Aotizhongxin,11.0,71.0,36.0,381.43297101458387,12.1,23.8,19.35,14.92867753622905,2015-05-08 15:00:00,51.0,2015-05-09 15:00:00
18666,2015-05-10 07:00:00,0,train,19208,2015,5,10,7,53.0,99.0,11.0,83.0,1000.0,4.0,12.1,1012.0,2.8,0.0,E,1.0,Aotizhongxin,22.0,53.0,34.5,57.557971014585235,11.6,14.1,12.3,0.4999999999938739,2015-05-10 07:00:00,33.0,2015-05-11 07:00:00
18667,2015-05-10 08:00:00,0,train,19209,2015,5,10,8,50.0,50.0,13.0,74.0,1000.0,11.0,12.0,1012.2,3.5,0.0,E,1.5,Aotizhongxin,22.0,53.0,34.5,67.29710144936759,11.6,14.1,12.2,0.5025905797039937,2015-05-10 08:00:00,37.0,2015-05-11 08:00:00
18725,2015-05-12 18:00:00,0,train,19267,2015,5,12,18,24.0,139.0,3.0,56.0,500.0,89.0,26.6,987.8,3.8,0.0,SE,1.3,Aotizhongxin,3.0,26.0,11.5,46.86775362329146,10.9,27.4,15.8,26.862880434779537,2015-05-12 18:00:00,72.0,2015-05-13 18:00:00
18758,2015-05-14 03:00:00,0,train,19300,2015,5,14,3,11.0,53.0,2.0,13.0,100.0,96.0,20.3,999.1,-2.8,0.0,NNW,4.6,Aotizhongxin,11.0,146.0,51.5,1113.505434782689,10.6,30.9,23.9,34.98027173913016,2015-05-14 03:00:00,15.0,2015-05-15 03:00:00
18784,2015-05-15 05:00:00,0,train,19326,2015,5,15,5,9.0,32.0,2.0,28.0,200.0,64.0,19.5,1010.2,2.4,0.0,N,2.6,Aotizhongxin,6.0,38.0,14.0,75.86775362329372,18.9,25.4,21.15,5.099547101448344,2015-05-15 05:00:00,43.0,2015-05-16 05:00:00
18786,2015-05-15 07:00:00,0,train,19328,2015,5,15,7,17.0,44.0,2.0,27.0,300.0,63.0,18.0,1012.6,5.6,0.0,NE,1.5,Aotizhongxin,6.0,38.0,14.5,73.34601449285874,18.0,25.4,21.15,5.499547101448306,2015-05-15 07:00:00,46.0,2015-05-16 07:00:00
18804,2015-05-16 01:00:00,0,train,19346,2015,5,16,1,66.0,147.0,8.0,106.0,1000.0,33.0,15.6,1009.1,8.8,0.0,WNW,0.5,Aotizhongxin,9.0,66.0,22.0,236.25905797111355,15.6,24.6,21.15,6.133460144926173,2015-05-16 01:00:00,76.0,2015-05-17 01:00:00
18825,2015-05-16 22:00:00,1,train,19367,2015,5,16,22,70.0,146.0,24.0,37.0,1000.0,169.0,24.2,1000.6,10.8,0.0,SW,4.6,Aotizhongxin,22.0,72.0,51.0,240.31884057979843,10.2,28.6,24.25,39.01362318840473,2015-05-16 22:00:00,187.0,2015-05-17 22:00:00
18905,2015-05-20 06:00:00,0,train,19447,2015,5,20,6,10.0,25.0,2.0,32.0,200.0,59.0,19.4,1012.3,1.4,0.0,NNW,2.6,Aotizhongxin,5.0,53.0,10.0,196.65036231893336,18.9,25.6,21.75,4.428623188405149,2015-05-20 06:00:00,62.0,2015-05-21 06:00:00
18951,2015-05-22 04:00:00,0,train,19493,2015,5,22,4,61.0,133.0,12.0,74.0,800.0,36.0,16.7,1006.0,7.6,0.0,WSW,1.4,Aotizhongxin,27.0,81.0,40.0,210.1739130435595,15.1,28.1,22.65,16.26057971014454,2015-05-22 04:00:00,89.0,2015-05-23 04:00:00
18967,2015-05-22 20:00:00,0,train,19509,2015,5,22,20,51.0,76.0,11.0,39.0,700.0,194.0,26.5,1003.2,7.0,0.0,SW,2.2,Aotizhongxin,27.0,107.0,50.5,586.6014492754377,15.7,29.5,22.4,19.946884057970696,2015-05-22 20:00:00,83.0,2015-05-23 20:00:00
18985,2015-05-23 14:00:00,0,train,19527,2015,5,23,14,96.0,99.0,19.0,25.0,800.0,287.0,30.6,1002.4,10.5,0.0,S,3.2,Aotizhongxin,48.0,142.0,89.5,1122.2155797102052,15.9,30.6,23.65,23.67737318840573,2015-05-23 14:00:00,80.0,2015-05-24 14:00:00
19069,2015-05-27 02:00:00,0,train,19611,2015,5,27,2,79.0,202.0,12.0,42.0,700.0,119.0,24.6,1000.9,14.4,0.0,SW,3.1,Aotizhongxin,62.0,130.0,79.0,374.1449275362958,21.2,33.4,28.05,13.77297101449445,2015-05-27 02:00:00,121.0,2015-05-28 02:00:00
19078,2015-05-27 11:00:00,0,train,19620,2015,5,27,11,131.0,178.0,12.0,54.0,1100.0,174.0,27.6,1002.2,16.9,0.0,SE,2.7,Aotizhongxin,62.0,145.0,85.0,689.7373188406417,22.2,33.4,27.200000000000003,14.063025362320413,2015-05-27 11:00:00,143.0,2015-05-28 11:00:00
19085,2015-05-27 18:00:00,0,train,19627,2015,5,27,18,100.0,118.0,4.0,26.0,800.0,239.0,30.4,998.2,12.3,0.0,S,2.3,Aotizhongxin,62.0,145.0,94.0,615.5634057971627,22.2,31.1,27.200000000000003,8.870851449276685,2015-05-27 18:00:00,83.0,2015-05-28 18:00:00
19106,2015-05-28 15:00:00,0,train,19648,2015,5,28,15,96.0,135.0,19.0,30.0,900.0,225.0,29.1,998.4,14.9,0.0,SSW,3.3,Aotizhongxin,78.0,160.0,124.0,547.036231884112,21.8,30.9,26.25,7.935199275363402,2015-05-28 15:00:00,34.0,2015-05-29 15:00:00
19116,2015-05-29 01:00:00,0,train,19658,2015,5,29,1,99.0,138.0,9.0,41.0,1000.0,124.0,24.9,1000.8,13.1,0.0,SW,1.7,Aotizhongxin,77.0,160.0,102.5,716.954710144984,21.8,29.5,26.450000000000003,5.47471014492849,2015-05-29 01:00:00,88.0,2015-05-30 01:00:00
19119,2015-05-29 04:00:00,0,train,19661,2015,5,29,4,90.0,167.0,9.0,91.0,1500.0,,21.8,1001.2,16.7,0.0,SW,0.7,Aotizhongxin,77.0,160.0,93.0,714.6793478261444,21.8,29.5,26.450000000000003,6.603894927537113,2015-05-29 04:00:00,81.0,2015-05-30 04:00:00
19127,2015-05-29 12:00:00,0,train,19669,2015,5,29,12,76.0,76.0,5.0,60.0,900.0,111.0,27.8,1001.5,15.8,0.0,E,1.6,Aotizhongxin,76.0,108.0,90.0,96.04166666672775,20.1,29.5,25.5,9.70331521739192,2015-05-29 12:00:00,50.0,2015-05-30 12:00:00
19163,2015-05-31 00:00:00,0,train,19705,2015,5,31,0,47.0,63.0,12.0,57.0,1300.0,70.0,22.3,1000.9,13.9,0.0,SE,1.6,Aotizhongxin,26.0,90.0,61.0,326.08514492760366,16.9,29.8,24.9,15.588405797101712,2015-05-31 00:00:00,63.0,2015-06-01 00:00:00
19201,2015-06-01 14:00:00,0,train,19743,2015,6,1,14,134.0,189.0,2.0,32.0,1100.0,260.0,31.4,995.8,18.0,0.0,S,2.7,Aotizhongxin,51.0,134.0,81.5,693.4782608696263,23.3,32.6,29.1,7.928532608697616,2015-06-01 14:00:00,40.0,2015-06-02 14:00:00
19213,2015-06-02 02:00:00,0,train,19755,2015,6,2,2,57.0,118.0,12.0,39.0,1100.0,90.0,23.0,1000.9,16.3,0.0,E,2.8,Aotizhongxin,57.0,149.0,105.5,704.8043478261445,23.0,32.2,27.3,8.12666666666819,2015-06-02 02:00:00,34.0,2015-06-03 02:00:00
19221,2015-06-02 10:00:00,0,train,19763,2015,6,2,10,14.0,34.0,2.0,8.0,200.0,99.0,27.9,1005.1,1.4,0.0,NW,5.9,Aotizhongxin,7.0,149.0,75.0,1976.114130434845,21.6,32.2,27.6,10.279710144928972,2015-06-02 10:00:00,70.0,2015-06-03 10:00:00
19242,2015-06-03 07:00:00,0,train,19784,2015,6,3,7,41.0,130.0,12.0,50.0,700.0,58.0,21.5,1010.9,12.6,0.0,NNW,1.1,Aotizhongxin,7.0,60.0,25.0,176.8242753623949,16.4,32.6,26.6,29.766014492754355,2015-06-03 07:00:00,29.0,2015-06-04 07:00:00
19306,2015-06-05 23:00:00,0,train,19848,2015,6,5,23,57.0,86.0,2.0,63.0,700.0,96.0,21.7,995.7,16.0,0.0,NE,2.0,Aotizhongxin,13.0,76.0,45.5,322.1086956522456,15.2,30.9,23.0,27.054710144927416,2015-06-05 23:00:00,14.0,2015-06-06 23:00:00
19342,2015-06-07 11:00:00,0,train,19884,2015,6,7,11,12.0,13.0,6.0,30.0,4000.0,79.0,26.3,1004.2,7.3,0.0,ENE,1.4,Aotizhongxin,8.0,51.0,16.0,115.12318840587407,14.4,28.7,21.200000000000003,22.43432971014434,2015-06-07 11:00:00,10.0,2015-06-08 11:00:00
19362,2015-06-08 07:00:00,0,train,19904,2015,6,8,7,10.0,89.0,8.0,50.0,400.0,31.0,20.4,1002.8,9.3,0.0,WNW,1.6,Aotizhongxin,4.0,21.0,10.5,15.375000000078701,14.5,28.1,21.35,15.173260869564743,2015-06-08 07:00:00,22.0,2015-06-09 07:00:00
19368,2015-06-08 13:00:00,0,train,19910,2015,6,8,13,11.0,11.0,4.0,9.0,300.0,105.0,28.7,999.3,5.5,0.0,N,3.1,Aotizhongxin,4.0,21.0,11.5,15.331521739209027,14.5,28.7,21.35,16.2638949275358,2015-06-08 13:00:00,121.0,2015-06-09 13:00:00
19369,2015-06-08 14:00:00,0,train,19911,2015,6,8,14,9.0,9.0,5.0,8.0,300.0,113.0,29.7,998.7,5.0,0.0,W,3.4,Aotizhongxin,4.0,21.0,11.5,15.036231884136555,14.5,29.7,21.35,17.469492753622784,2015-06-08 14:00:00,118.0,2015-06-09 14:00:00
19395,2015-06-09 16:00:00,0,train,19937,2015,6,9,16,94.0,114.0,33.0,32.0,1600.0,242.0,28.4,995.6,13.5,0.0,ESE,3.2,Aotizhongxin,16.0,121.0,33.0,1005.4492753623902,18.8,29.0,23.3,12.349275362318973,2015-06-09 16:00:00,26.0,2015-06-10 16:00:00
19414,2015-06-10 11:00:00,0,train,19956,2015,6,10,11,67.0,,,,,,20.8,996.8,16.8,0.0,ENE,1.5,Aotizhongxin,34.0,121.0,67.0,573.3623188406458,18.5,28.6,21.549999999999997,13.57259057971008,2015-06-10 11:00:00,3.0,2015-06-11 11:00:00
19527,2015-06-16 12:00:00,0,train,20101,2015,6,16,12,162.0,178.0,27.0,67.0,1600.0,200.0,30.1,999.7,16.5,0.0,E,2.1,Aotizhongxin,71.0,162.0,91.0,1173.8972332016392,21.0,31.6,27.6,12.00057971014639,2015-06-16 12:00:00,34.0,2015-06-17 12:00:00
19554,2015-06-17 15:00:00,0,train,20128,2015,6,17,15,26.0,100.0,2.0,19.0,400.0,209.0,26.6,997.3,16.5,0.0,NE,6.4,Aotizhongxin,26.0,86.0,52.5,347.08514492760514,21.2,33.1,25.200000000000003,17.05905797101579,2015-06-17 15:00:00,6.0,2015-06-18 15:00:00
19608,2015-06-19 21:00:00,0,train,20182,2015,6,19,21,28.0,73.0,2.0,77.0,900.0,25.0,19.7,1008.1,15.8,0.0,W,0.3,Aotizhongxin,7.0,40.0,12.0,74.34601449283028,16.5,27.6,21.35,10.010652173912186,2015-06-19 21:00:00,23.0,2015-06-20 21:00:00
19633,2015-06-20 22:00:00,0,train,20207,2015,6,20,22,24.0,51.0,2.0,43.0,300.0,137.0,27.0,1005.6,13.0,0.0,WSW,1.6,Aotizhongxin,10.0,45.0,19.5,106.24456521746642,17.1,31.0,26.049999999999997,27.726503623188666,2015-06-20 22:00:00,56.0,2015-06-21 22:00:00
19634,2015-06-20 23:00:00,0,train,20208,2015,6,20,23,28.0,57.0,2.0,44.0,400.0,131.0,27.0,1005.8,12.6,0.0,SW,2.3,Aotizhongxin,10.0,45.0,19.5,93.85326086964045,17.1,31.0,26.85,26.167807971014906,2015-06-20 23:00:00,59.0,2015-06-21 23:00:00
19645,2015-06-21 10:00:00,0,train,20219,2015,6,21,10,76.0,94.0,5.0,75.0,600.0,101.0,27.0,1005.3,15.7,0.0,ESE,1.0,Aotizhongxin,10.0,76.0,26.0,431.03623188413036,20.3,31.0,27.0,9.475362318841798,2015-06-21 10:00:00,108.0,2015-06-22 10:00:00
19647,2015-06-21 12:00:00,0,train,20221,2015,6,21,12,50.0,50.0,4.0,49.0,500.0,184.0,29.4,1004.2,12.3,0.0,SW,3.0,Aotizhongxin,10.0,76.0,33.5,428.0000000000714,20.3,31.0,27.0,9.916231884059249,2015-06-21 12:00:00,106.0,2015-06-22 12:00:00
19663,2015-06-22 04:00:00,1,train,20237,2015,6,22,4,72.0,98.0,23.0,48.0,800.0,,21.9,1002.1,15.0,0.0,ESE,1.5,Aotizhongxin,27.0,76.0,52.5,292.2318840580387,20.3,31.9,27.15,12.868623188407177,2015-06-22 04:00:00,278.0,2015-06-23 04:00:00
19666,2015-06-22 07:00:00,1,train,20240,2015,6,22,7,148.0,173.0,16.0,60.0,1400.0,45.0,22.5,1002.6,17.0,0.0,ESE,2.2,Aotizhongxin,27.0,148.0,60.5,837.5652173913699,21.2,31.9,27.15,12.384275362320233,2015-06-22 07:00:00,277.0,2015-06-23 07:00:00
19778,2015-06-26 23:00:00,0,train,20352,2015,6,26,23,14.0,14.0,2.0,33.0,400.0,101.0,21.2,998.4,19.1,0.1,S,0.4,Aotizhongxin,14.0,156.0,110.0,953.2155797101949,20.3,28.7,23.75,9.140797101449536,2015-06-26 23:00:00,116.0,2015-06-27 23:00:00
19816,2015-06-28 13:00:00,1,train,20390,2015,6,28,13,205.0,205.0,13.0,32.0,1700.0,210.0,29.8,1001.7,21.7,0.0,SSE,2.2,Aotizhongxin,100.0,205.0,152.0,840.041666666721,23.2,29.8,26.6,4.4440579710156465,2015-06-28 13:00:00,205.0,2015-06-29 13:00:00
19836,2015-06-29 09:00:00,0,train,20410,2015,6,29,9,185.0,,,,,,25.6,999.3,21.3,0.0,ESE,1.2,Aotizhongxin,122.0,207.0,182.0,482.259057971073,23.4,31.2,27.4,7.290144927537672,2015-06-29 09:00:00,9.0,2015-06-30 09:00:00
19933,2015-07-03 10:00:00,0,train,20507,2015,7,3,10,16.0,26.0,6.0,35.0,400.0,59.0,26.3,1005.6,9.2,0.0,ENE,1.6,Aotizhongxin,3.0,36.0,16.0,88.69384057975422,17.0,33.3,25.1,29.41739130434879,2015-07-03 10:00:00,39.0,2015-07-04 10:00:00
20000,2015-07-06 05:00:00,0,train,20574,2015,7,6,5,78.0,99.0,4.0,51.0,700.0,63.0,19.2,1007.2,17.5,0.0,E,1.1,Aotizhongxin,50.0,94.0,70.0,104.2608695652666,18.1,29.1,24.7,13.526503623188772,2015-07-06 05:00:00,76.0,2015-07-07 05:00:00
20010,2015-07-06 15:00:00,0,train,20584,2015,7,6,15,57.0,57.0,11.0,25.0,900.0,278.0,30.1,1005.0,13.8,0.0,SW,2.0,Aotizhongxin,55.0,129.0,70.5,337.02717391309324,19.2,30.1,25.3,13.19461956521801,2015-07-06 15:00:00,69.0,2015-07-07 15:00:00
20045,2015-07-08 02:00:00,0,train,20619,2015,7,8,2,99.0,103.0,8.0,33.0,1100.0,106.0,23.7,1005.3,17.2,0.0,ESE,1.4,Aotizhongxin,48.0,99.0,71.0,159.4710144928039,20.2,32.0,27.1,14.86085144927664,2015-07-08 02:00:00,81.0,2015-07-09 02:00:00
20067,2015-07-09 00:00:00,0,train,20641,2015,7,9,0,65.0,100.0,13.0,70.0,900.0,58.0,25.6,1008.1,16.7,0.0,ESE,0.8,Aotizhongxin,59.0,197.0,118.5,1826.954710144984,21.7,32.7,27.4,15.057807971016029,2015-07-09 00:00:00,32.0,2015-07-10 00:00:00
20099,2015-07-10 08:00:00,0,train,20673,2015,7,10,8,68.0,95.0,8.0,60.0,600.0,38.0,24.6,1008.8,19.4,0.0,ESE,1.9,Aotizhongxin,25.0,107.0,61.0,818.8532608696195,23.0,32.5,28.15,11.13679347826257,2015-07-10 08:00:00,134.0,2015-07-11 08:00:00
20239,2015-07-16 04:00:00,0,train,20813,2015,7,16,4,51.0,51.0,2.0,27.0,600.0,,22.5,1003.0,19.7,0.0,NNW,1.4,Aotizhongxin,25.0,59.0,46.0,112.8043478261486,22.2,29.0,27.65,3.8092753623202276,2015-07-16 04:00:00,22.0,2015-07-17 04:00:00
20250,2015-07-16 15:00:00,0,train,20824,2015,7,16,15,29.0,29.0,2.0,43.0,700.0,127.0,23.6,1002.9,19.3,0.0,NW,2.3,Aotizhongxin,29.0,61.0,48.0,78.51449275368475,20.9,29.0,23.6,8.234492753623693,2015-07-16 15:00:00,36.0,2015-07-17 15:00:00
20253,2015-07-16 18:00:00,0,train,20827,2015,7,16,18,31.0,31.0,2.0,45.0,900.0,127.0,24.8,1002.0,18.7,0.0,NW,1.7,Aotizhongxin,29.0,61.0,46.5,108.40579710151083,20.9,28.5,23.6,5.669782608695955,2015-07-16 18:00:00,52.0,2015-07-17 18:00:00
20312,2015-07-19 05:00:00,0,train,20886,2015,7,19,5,76.0,76.0,2.0,71.0,900.0,29.0,21.8,1003.4,21.3,0.2,ESE,0.8,Aotizhongxin,22.0,76.0,48.0,142.42753623194542,21.1,27.9,22.25,4.409547101449168,2015-07-19 05:00:00,94.0,2015-07-20 05:00:00
20335,2015-07-20 04:00:00,0,train,20909,2015,7,20,4,97.0,97.0,2.0,66.0,800.0,,22.8,1004.0,22.0,2.2,SSE,0.3,Aotizhongxin,52.0,138.0,78.0,679.9836956522348,21.6,27.7,22.8,2.6402717391304695,2015-07-20 04:00:00,121.0,2015-07-21 04:00:00
20406,2015-07-23 03:00:00,0,train,20980,2015,7,23,3,32.0,32.0,2.0,49.0,600.0,56.0,21.2,1000.2,20.7,0.0,ENE,0.8,Aotizhongxin,9.0,103.0,63.0,899.6358695652892,21.2,30.9,24.45,13.154710144928238,2015-07-23 03:00:00,36.0,2015-07-24 03:00:00
20419,2015-07-23 16:00:00,0,train,20993,2015,7,23,16,81.0,81.0,,,,,30.3,997.8,21.1,0.0,SW,1.5,Aotizhongxin,9.0,87.0,41.0,397.557971014567,21.2,30.8,24.55,11.869492753623787,2015-07-23 16:00:00,47.0,2015-07-24 16:00:00
20452,2015-07-25 01:00:00,0,train,21026,2015,7,25,1,75.0,113.0,6.0,116.0,1000.0,2.0,24.5,997.5,20.4,0.0,SE,2.4,Aotizhongxin,33.0,103.0,68.0,443.82427536238964,22.5,32.5,25.799999999999997,9.436503623189617,2015-07-25 01:00:00,152.0,2015-07-26 01:00:00
20466,2015-07-25 15:00:00,0,train,21040,2015,7,25,15,65.0,93.0,7.0,24.0,700.0,242.0,32.8,995.2,20.7,0.0,SSW,3.3,Aotizhongxin,47.0,127.0,75.0,326.7373188406476,22.1,32.8,26.85,11.340797101450658,2015-07-25 15:00:00,105.0,2015-07-26 15:00:00
