original_index,timestamp,target,partition,No,year,month,day,hour,PM2.5,PM10,SO2,NO2,CO,O3,TEMP,PRES,DEWP,RAIN,wd,WSPM,station,pm25_min,pm25_max,pm25_median,pm25_variance,temperature_min,temperature_max,temperature_median,temperature_variance,feature_timestamp,future_pm25,target_timestamp
57,2013-03-03 20:00:00,0,train,69,2013,3,3,20,60.0,175.0,64.0,135.0,2000.0,4.0,11.7,1013.5,-12.6,0.0,N,0.9,Aotizhongxin,19.0,112.0,87.0,853.8242753623186,-5.8,16.9,2.1,66.1249275362319,2013-03-03 20:00:00,34.0,2013-03-04 20:00:00
115,2013-03-06 06:00:00,1,train,127,2013,3,6,6,186.0,194.0,94.0,131.0,2600.0,22.0,4.5,1008.4,-5.3,0.0,NE,2.0,Aotizhongxin,106.0,284.0,189.0,2251.3623188405804,2.9,13.8,5.15,14.893750000000017,2013-03-06 06:00:00,306.0,2013-03-07 06:00:00
134,2013-03-07 01:00:00,1,train,146,2013,3,7,1,240.0,297.0,91.0,127.0,4000.0,17.0,0.7,1007.1,-2.7,0.0,SE,1.2,Aotizhongxin,175.0,266.0,230.0,921.1304347826087,0.7,14.7,5.4,18.540416666666683,2013-03-07 01:00:00,339.0,2013-03-08 01:00:00
168,2013-03-08 11:00:00,0,train,180,2013,3,8,11,219.0,362.0,83.0,160.0,3100.0,84.0,20.5,1000.5,-3.3,0.0,SSW,4.4,Aotizhongxin,201.0,376.0,309.5,2550.601449275347,1.1,20.5,11.350000000000001,46.84375000000003,2013-03-08 11:00:00,69.0,2013-03-09 11:00:00
282,2013-03-13 05:00:00,0,train,294,2013,3,13,5,3.0,6.0,13.0,20.0,400.0,69.0,-0.9,1021.0,-8.1,0.0,NNE,0.9,Aotizhongxin,3.0,160.0,123.5,3026.041666666728,-0.9,6.6,3.55,3.3165036231883245,2013-03-13 05:00:00,72.0,2013-03-14 05:00:00
312,2013-03-14 11:00:00,0,train,324,2013,3,14,11,111.0,112.0,67.0,66.0,1600.0,77.0,5.5,1022.3,-3.6,0.0,S,1.2,Aotizhongxin,3.0,111.0,45.5,966.6068840580467,-0.8,9.7,3.95,12.024329710144855,2013-03-14 11:00:00,3.0,2013-03-15 11:00:00
332,2013-03-15 07:00:00,1,train,344,2013,3,15,7,137.0,156.0,43.0,75.0,1899.0,52.0,2.4,1016.3,-2.3,0.0,NNE,1.0,Aotizhongxin,72.0,183.0,117.0,1134.4057971014988,0.5,9.9,2.95,9.761576086956456,2013-03-15 07:00:00,275.0,2013-03-16 07:00:00
340,2013-03-15 15:00:00,0,train,352,2013,3,15,15,256.0,305.0,102.0,147.0,2299.0,52.0,12.3,1010.9,-0.3,0.0,S,2.0,Aotizhongxin,3.0,256.0,163.5,2682.911231884102,0.6,12.3,5.050000000000001,15.432391304347783,2013-03-15 15:00:00,150.0,2013-03-16 15:00:00
390,2013-03-17 17:00:00,0,train,402,2013,3,17,17,356.0,369.0,92.0,98.0,2200.0,107.0,14.1,996.1,4.9,0.0,SSW,0.9,Aotizhongxin,162.0,362.0,216.5,4235.652173913045,4.2,15.9,9.25,14.097807971014534,2013-03-17 17:00:00,3.0,2013-03-18 17:00:00
407,2013-03-18 10:00:00,0,train,419,2013,3,18,10,13.0,6.0,4.0,11.0,400.0,107.0,9.4,1004.7,-17.7,0.0,NE,3.8,Aotizhongxin,3.0,463.0,327.0,30129.036231884038,6.2,15.9,10.7,8.559057971014546,2013-03-18 10:00:00,51.0,2013-03-19 10:00:00
430,2013-03-19 09:00:00,0,train,442,2013,3,19,9,38.0,57.0,26.0,51.0,,18.0,2.6,1008.2,-3.5,0.0,NNE,2.9,Aotizhongxin,3.0,78.0,30.5,274.5489130435355,0.1,12.0,3.35,19.147373188405744,2013-03-19 09:00:00,42.0,2013-03-20 09:00:00
439,2013-03-19 18:00:00,0,train,451,2013,3,19,18,28.0,28.0,10.0,40.0,700.0,25.0,2.3,1011.4,1.6,1.4,NE,1.8,Aotizhongxin,28.0,78.0,37.5,160.40579710150178,0.1,5.4,2.8499999999999996,2.1095652173912,2013-03-19 18:00:00,59.0,2013-03-20 18:00:00
443,2013-03-19 22:00:00,0,train,455,2013,3,19,22,65.0,81.0,8.0,64.0,1200.0,4.0,0.4,1015.6,0.1,1.3,SSE,1.4,Aotizhongxin,28.0,65.0,37.5,120.84057971019796,0.1,4.8,2.4,1.893894927536117,2013-03-19 22:00:00,81.0,2013-03-20 22:00:00
462,2013-03-20 17:00:00,1,train,474,2013,3,20,17,41.0,46.0,21.0,30.0,700.0,64.0,4.4,1014.5,-2.3,0.0,SW,3.4,Aotizhongxin,23.0,68.0,39.0,168.07065217396598,-5.7,5.4,0.9,9.268677536231746,2013-03-20 17:00:00,187.0,2013-03-21 17:00:00
478,2013-03-21 09:00:00,0,train,490,2013,3,21,9,120.0,129.0,12.0,71.0,1800.0,2.0,2.7,1005.3,-2.2,0.0,N,1.6,Aotizhongxin,24.0,120.0,75.0,965.4329710145324,-1.7,5.4,2.75,4.5245652173911965,2013-03-21 09:00:00,146.0,2013-03-22 09:00:00
536,2013-03-23 19:00:00,0,train,548,2013,3,23,19,14.0,56.0,4.0,16.0,,70.0,6.0,1012.8,-12.6,0.0,NNE,4.3,Aotizhongxin,14.0,89.0,62.5,374.4184782609021,0.8,11.9,4.4,10.529492753623133,2013-03-23 19:00:00,32.0,2013-03-24 19:00:00
551,2013-03-24 10:00:00,0,train,563,2013,3,24,10,3.0,10.0,11.0,16.0,,67.0,5.9,1019.0,-16.0,0.0,NNW,3.0,Aotizhongxin,3.0,89.0,14.0,1052.6304347826472,1.0,11.9,4.8,9.683025362318787,2013-03-24 10:00:00,121.0,2013-03-25 10:00:00
600,2013-03-26 11:00:00,1,train,612,2013,3,26,11,209.0,264.0,76.0,104.0,1800.0,6.0,9.7,1008.6,-0.2,0.0,SW,2.6,Aotizhongxin,100.0,209.0,123.5,1470.2826086956716,-0.4,10.8,7.25,16.934710144927504,2013-03-26 11:00:00,186.0,2013-03-27 11:00:00
607,2013-03-26 18:00:00,0,train,619,2013,3,26,18,204.0,277.0,123.0,116.0,1899.0,20.0,11.8,1003.7,1.4,0.0,SSW,1.2,Aotizhongxin,100.0,223.0,187.5,1999.130434782622,-0.4,12.9,7.25,23.39157608695651,2013-03-26 18:00:00,12.0,2013-03-27 18:00:00
704,2013-03-30 19:00:00,1,train,716,2013,3,30,19,84.0,98.0,28.0,56.0,700.0,57.0,6.8,1016.9,1.3,0.0,S,1.5,Aotizhongxin,57.0,95.0,78.0,145.98369565221972,2.5,10.9,5.85,8.763750000000034,2013-03-30 19:00:00,227.0,2013-03-31 19:00:00
771,2013-04-02 14:00:00,1,train,783,2013,4,2,14,136.0,168.0,43.0,47.0,1399.0,107.0,17.7,1008.0,-0.6,0.0,SW,4.6,Aotizhongxin,3.0,162.0,30.0,3533.6938405797437,0.0,17.7,10.15,33.51998188405801,2013-04-02 14:00:00,208.0,2013-04-03 14:00:00
820,2013-04-04 15:00:00,0,train,832,2013,4,4,15,85.0,190.0,81.0,94.0,2399.0,21.0,6.8,1007.1,3.9,0.0,NNE,2.0,Aotizhongxin,36.0,122.0,59.5,549.4710144927902,6.8,15.6,8.95,4.678840579710176,2013-04-04 15:00:00,12.0,2013-04-05 15:00:00
874,2013-04-06 21:00:00,0,train,886,2013,4,6,21,35.0,84.0,9.0,67.0,600.0,43.0,9.8,1006.0,-7.0,0.0,SSW,2.6,Aotizhongxin,3.0,35.0,3.0,72.6068840580223,-1.3,15.2,9.8,29.141141304347872,2013-04-06 21:00:00,90.0,2013-04-07 21:00:00
902,2013-04-08 01:00:00,0,train,914,2013,4,8,1,42.0,43.0,21.0,54.0,700.0,15.0,5.2,1003.0,3.7,0.0,SW,1.1,Aotizhongxin,42.0,125.0,79.0,456.1286231884365,2.0,15.3,9.4,19.30927536231889,2013-04-08 01:00:00,12.0,2013-04-09 01:00:00
905,2013-04-08 04:00:00,0,train,917,2013,4,8,4,31.0,177.0,14.0,52.0,400.0,72.0,7.5,1004.6,-15.4,0.0,N,2.2,Aotizhongxin,31.0,125.0,79.0,608.0851449275676,3.0,15.3,9.5,13.530362318840627,2013-04-08 04:00:00,11.0,2013-04-09 04:00:00
1021,2013-04-13 00:00:00,0,train,1033,2013,4,13,0,70.0,191.0,42.0,71.0,700.0,18.0,15.4,999.6,4.1,0.0,W,1.3,Aotizhongxin,44.0,73.0,52.5,66.66666666670429,3.3,22.6,17.05,45.362590579710265,2013-04-13 00:00:00,8.0,2013-04-14 00:00:00
1025,2013-04-13 04:00:00,0,train,1037,2013,4,13,4,92.0,174.0,39.0,83.0,1000.0,2.0,9.1,996.5,3.1,0.0,NE,0.7,Aotizhongxin,45.0,92.0,58.0,200.05797101452887,4.1,22.6,17.05,30.636358695652298,2013-04-13 04:00:00,30.0,2013-04-14 04:00:00
1096,2013-04-16 03:00:00,0,train,1108,2013,4,16,3,63.0,157.0,51.0,71.0,1399.0,,9.2,997.4,2.3,0.0,NE,1.0,Aotizhongxin,46.0,115.0,70.0,445.4619565217734,6.4,19.5,12.1,16.084764492753738,2013-04-16 03:00:00,35.0,2013-04-17 03:00:00
1105,2013-04-16 12:00:00,0,train,1117,2013,4,16,12,72.0,187.0,40.0,55.0,600.0,76.0,20.8,1001.4,-1.7,0.0,N,3.9,Aotizhongxin,46.0,115.0,67.5,444.6666666667011,8.5,20.8,12.95,17.788913043478377,2013-04-16 12:00:00,51.0,2013-04-17 12:00:00
1132,2013-04-17 15:00:00,0,train,1144,2013,4,17,15,60.0,83.0,29.0,40.0,900.0,78.0,17.1,1002.0,-1.6,0.0,SSE,1.2,Aotizhongxin,21.0,93.0,43.0,274.94021739134524,8.5,22.2,10.85,15.766938405797184,2013-04-17 15:00:00,10.0,2013-04-18 15:00:00
1139,2013-04-17 22:00:00,0,train,1151,2013,4,17,22,47.0,99.0,12.0,75.0,600.0,29.0,12.4,1010.4,-4.7,0.0,NNE,3.7,Aotizhongxin,33.0,74.0,48.5,121.13043478264926,8.5,17.1,12.25,9.519057971014574,2013-04-17 22:00:00,16.0,2013-04-18 22:00:00
1189,2013-04-20 00:00:00,0,train,1201,2013,4,20,0,55.0,60.0,4.0,59.0,600.0,10.0,3.5,1017.5,1.9,0.0,SW,1.7,Aotizhongxin,31.0,67.0,51.5,84.3478260869956,3.5,8.4,6.5,2.4747101449274815,2013-04-20 00:00:00,96.0,2013-04-21 00:00:00
1196,2013-04-20 07:00:00,0,train,1208,2013,4,20,7,79.0,87.0,5.0,60.0,700.0,2.0,5.0,1017.9,2.4,0.0,W,0.8,Aotizhongxin,31.0,79.0,52.5,148.97826086960325,0.9,7.9,4.300000000000001,4.1573188405796255,2013-04-20 07:00:00,108.0,2013-04-21 07:00:00
1306,2013-04-24 21:00:00,0,train,1318,2013,4,24,21,13.0,136.0,3.0,14.0,300.0,73.0,14.9,1008.1,-1.3,0.0,N,1.7,Aotizhongxin,10.0,193.0,124.0,4877.4710144927485,6.3,24.1,15.350000000000001,41.364619565217474,2013-04-24 21:00:00,12.0,2013-04-25 21:00:00
1349,2013-04-26 16:00:00,0,train,1361,2013,4,26,16,81.0,123.0,45.0,45.0,700.0,123.0,23.7,1000.4,3.6,0.0,ESE,3.0,Aotizhongxin,3.0,92.0,47.5,918.4057971014436,6.1,24.3,14.8,45.25884057971024,2013-04-26 16:00:00,74.0,2013-04-27 16:00:00
1355,2013-04-26 22:00:00,0,train,1367,2013,4,26,22,48.0,73.0,29.0,81.0,600.0,56.0,16.2,1004.1,0.3,0.0,S,0.9,Aotizhongxin,24.0,92.0,69.5,428.2608695652117,6.1,24.3,17.6,43.85123188405808,2013-04-26 22:00:00,75.0,2013-04-27 22:00:00
1374,2013-04-27 17:00:00,0,train,1386,2013,4,27,17,72.0,157.0,39.0,37.0,900.0,144.0,21.8,1004.2,5.6,0.0,S,1.9,Aotizhongxin,32.0,89.0,59.5,268.8242753623132,9.3,23.9,18.6,21.88418478260883,2013-04-27 17:00:00,88.0,2013-04-28 17:00:00
1391,2013-04-28 10:00:00,0,train,1403,2013,4,28,10,92.0,147.0,101.0,71.0,2500.0,69.0,17.1,1004.9,6.3,0.0,NNE,2.0,Aotizhongxin,38.0,96.0,77.5,242.6666666666608,11.9,23.9,17.05,14.948913043478397,2013-04-28 10:00:00,18.0,2013-04-29 10:00:00
1453,2013-05-01 00:00:00,0,train,1465,2013,5,1,0,41.0,248.0,18.0,61.0,600.0,47.0,14.1,1012.2,0.0,0.0,SE,1.0,Aotizhongxin,11.0,41.0,17.0,35.623188405789975,8.9,29.1,20.85,40.37780797101454,2013-05-01 00:00:00,61.0,2013-05-02 00:00:00
1517,2013-05-03 16:00:00,0,train,1529,2013,5,3,16,195.0,74.0,24.0,28.0,600.0,148.0,21.7,1009.5,7.1,0.0,WSW,4.2,Aotizhongxin,45.0,254.0,67.5,3092.144927536225,13.4,22.9,18.5,10.278967391304489,2013-05-03 16:00:00,66.0,2013-05-04 16:00:00
1526,2013-05-04 01:00:00,0,train,1538,2013,5,4,1,80.0,104.0,23.0,34.0,700.0,86.0,15.4,1010.9,8.4,0.0,SSW,2.1,Aotizhongxin,45.0,254.0,62.0,3310.166666666659,13.4,22.6,18.35,9.215634057971165,2013-05-04 01:00:00,122.0,2013-05-05 01:00:00
1571,2013-05-05 22:00:00,0,train,1583,2013,5,5,22,272.0,299.0,31.0,48.0,1700.0,82.0,19.0,1009.5,15.9,0.0,W,0.5,Aotizhongxin,122.0,366.0,187.5,3306.9981884057806,13.8,27.3,21.35,24.454329710144975,2013-05-05 22:00:00,146.0,2013-05-06 22:00:00
1586,2013-05-06 13:00:00,1,train,1598,2013,5,6,13,278.0,306.0,53.0,42.0,1600.0,198.0,30.6,1007.3,9.5,0.0,SW,2.7,Aotizhongxin,225.0,316.0,277.0,747.5362318840323,16.0,30.6,22.4,20.58954710144925,2013-05-06 13:00:00,243.0,2013-05-07 13:00:00
1678,2013-05-10 09:00:00,0,train,1690,2013,5,10,9,30.0,80.0,15.0,58.0,500.0,42.0,25.0,997.9,1.1,0.0,NNE,2.4,Aotizhongxin,22.0,113.0,68.5,870.3025362319022,9.5,25.0,17.4,18.276358695652448,2013-05-10 09:00:00,72.0,2013-05-11 09:00:00
1687,2013-05-10 18:00:00,0,train,1699,2013,5,10,18,15.0,46.0,12.0,23.0,300.0,99.0,26.6,993.0,3.8,0.0,SW,3.2,Aotizhongxin,9.0,113.0,68.5,1419.519927536252,9.5,31.0,17.4,64.379927536232,2013-05-10 18:00:00,20.0,2013-05-11 18:00:00
1788,2013-05-14 23:00:00,0,train,1800,2013,5,14,23,38.0,112.0,18.0,80.0,700.0,65.0,19.4,1006.9,7.5,0.0,NE,1.0,Aotizhongxin,17.0,178.0,25.0,2693.384057971035,14.5,31.0,23.25,31.780706521739123,2013-05-14 23:00:00,42.0,2013-05-15 23:00:00
1814,2013-05-16 01:00:00,0,train,1826,2013,5,16,1,49.0,132.0,30.0,94.0,900.0,6.0,17.3,1012.6,11.1,0.0,SSE,0.7,Aotizhongxin,33.0,103.0,58.5,362.91123188407477,15.4,28.0,22.5,17.002536231884076,2013-05-16 01:00:00,77.0,2013-05-17 01:00:00
1862,2013-05-18 01:00:00,0,train,1874,2013,5,18,1,158.0,208.0,18.0,120.0,1700.0,2.0,19.0,1003.4,15.3,0.0,NE,0.8,Aotizhongxin,78.0,158.0,111.5,487.69384057972195,17.3,24.4,20.85,5.815199275362382,2013-05-18 01:00:00,48.0,2013-05-19 01:00:00
1960,2013-05-22 03:00:00,0,train,1972,2013,5,22,3,55.0,120.0,40.0,81.0,,30.6306,16.0,1002.8,10.3,0.0,SSW,0.5,Aotizhongxin,52.0,146.0,102.0,585.4710144927755,15.5,28.1,22.45,17.744565217391276,2013-05-22 03:00:00,32.0,2013-05-23 03:00:00
1984,2013-05-23 03:00:00,1,train,1996,2013,5,23,3,32.0,77.0,20.0,120.0,,,16.1,1005.8,7.8,0.0,NE,1.3,Aotizhongxin,22.0,101.0,57.5,618.6938405797384,15.3,28.3,22.549999999999997,23.184329710144926,2013-05-23 03:00:00,188.0,2013-05-24 03:00:00
2013,2013-05-24 08:00:00,0,train,2025,2013,5,24,8,171.0,258.0,14.0,99.0,2500.0,36.0,25.7,1006.7,13.9,0.0,N,2.0,Aotizhongxin,29.0,225.0,103.5,3749.304347826106,18.4,29.0,24.35,13.125144927536068,2013-05-24 08:00:00,19.0,2013-05-25 08:00:00
2107,2013-05-28 06:00:00,0,train,2119,2013,5,28,6,73.0,91.0,3.0,56.0,800.0,11.0,17.9,999.5,17.4,0.3,NE,0.7,Aotizhongxin,36.0,107.0,80.5,364.86775362321004,16.8,22.2,19.0,2.119981884058175,2013-05-28 06:00:00,7.0,2013-05-29 06:00:00
2150,2013-05-30 01:00:00,0,train,2162,2013,5,30,1,41.0,125.0,14.0,120.0,500.0,7.0,14.1,1002.7,10.5,0.0,ESE,0.4,Aotizhongxin,5.0,41.0,9.0,134.43297101451762,14.1,30.4,23.7,24.284329710144853,2013-05-30 01:00:00,49.0,2013-05-31 01:00:00
2156,2013-05-30 07:00:00,0,train,2168,2013,5,30,7,31.0,84.0,21.0,70.0,400.0,24.0,20.4,1004.2,5.6,0.0,NE,1.7,Aotizhongxin,5.0,48.0,18.0,244.69384057973465,13.6,30.4,23.7,36.79940217391305,2013-05-30 07:00:00,90.0,2013-05-31 07:00:00
2197,2013-06-01 00:00:00,0,train,2209,2013,6,1,0,115.0,152.0,4.0,54.0,700.0,79.0,20.0,998.0,18.5,0.0,WSW,0.0,Aotizhongxin,45.0,118.0,111.5,683.2391304348041,18.4,29.3,24.45,12.66896739130421,2013-06-01 00:00:00,54.0,2013-06-02 00:00:00
2257,2013-06-03 12:00:00,0,train,2269,2013,6,3,12,104.0,88.0,36.0,32.0,1000.0,186.0,32.1,998.4,10.7,0.0,SE,2.2,Aotizhongxin,104.0,235.0,144.0,1340.7753623188576,17.8,32.1,23.15,15.47302536231877,2013-06-03 12:00:00,128.0,2013-06-04 12:00:00
2263,2013-06-03 18:00:00,0,train,2275,2013,6,3,18,105.0,171.0,23.0,45.0,1000.0,285.0,29.0,999.6,14.8,0.0,SW,1.1,Aotizhongxin,50.0,180.0,127.5,1690.9275362318967,17.8,33.1,23.15,29.386086956521492,2013-06-03 18:00:00,73.0,2013-06-04 18:00:00
2300,2013-06-05 07:00:00,0,train,2312,2013,6,5,7,83.0,66.0,3.0,53.0,900.0,19.0,18.6,1007.4,18.4,1.8,NE,0.7,Aotizhongxin,61.0,170.0,81.0,975.0652173913135,18.4,22.1,20.0,1.6371014492758258,2013-06-05 07:00:00,122.0,2013-06-06 07:00:00
2311,2013-06-05 18:00:00,0,train,2323,2013,6,5,18,175.0,188.0,3.0,62.0,1899.0,8.0,19.0,1006.1,17.8,0.0,ESE,1.3,Aotizhongxin,61.0,175.0,81.0,1370.6938405797196,18.4,20.2,19.1,0.34195652173969,2013-06-05 18:00:00,162.0,2013-06-06 18:00:00
2335,2013-06-06 18:00:00,0,train,2347,2013,6,6,18,162.0,180.0,5.0,84.0,3000.0,5.0,19.7,1003.9,19.0,0.0,N,1.3,Aotizhongxin,74.0,203.0,132.5,1373.5199275362477,18.3,20.1,18.9,0.26688405797157894,2013-06-06 18:00:00,134.0,2013-06-07 18:00:00
2343,2013-06-07 02:00:00,0,train,2355,2013,6,7,2,135.0,149.0,4.0,74.0,2299.0,4.0,20.0,1002.3,18.8,0.0,E,0.5,Aotizhongxin,74.0,162.0,130.5,584.2155797101611,18.3,20.2,19.65,0.41867753623241816,2013-06-07 02:00:00,143.0,2013-06-08 02:00:00
2379,2013-06-08 14:00:00,0,train,2391,2013,6,8,14,240.0,290.0,10.0,98.0,3200.0,9.0,20.4,1001.9,19.4,0.0,NE,1.2,Aotizhongxin,102.0,240.0,135.0,1537.9112318840723,19.4,20.7,20.05,0.128405797101934,2013-06-08 14:00:00,3.0,2013-06-09 14:00:00
2394,2013-06-09 05:00:00,0,train,2406,2013,6,9,5,93.0,99.0,11.0,56.0,2200.0,8.0,19.2,1002.2,18.7,0.0,NE,1.7,Aotizhongxin,93.0,240.0,174.5,1876.2826086956636,19.2,20.4,19.9,0.08000000000049241,2013-06-09 05:00:00,24.0,2013-06-10 05:00:00
2396,2013-06-09 07:00:00,0,train,2408,2013,6,9,7,58.0,58.0,7.0,60.0,900.0,17.0,18.8,1004.1,16.6,0.0,NNE,3.2,Aotizhongxin,58.0,240.0,174.5,2392.253623188418,18.8,20.4,19.9,0.14260869565267084,2013-06-09 07:00:00,15.0,2013-06-10 07:00:00
2403,2013-06-09 14:00:00,0,train,2415,2013,6,9,14,3.0,6.0,3.0,58.0,300.0,34.0,17.1,1006.8,16.6,1.6,NE,1.6,Aotizhongxin,3.0,235.0,134.0,6476.215579710168,16.9,20.4,19.8,1.5469565217397043,2013-06-09 14:00:00,11.0,2013-06-10 14:00:00
2412,2013-06-09 23:00:00,0,train,2424,2013,6,9,23,6.0,9.0,3.0,92.0,500.0,8.0,16.3,1007.4,16.1,0.0,NW,0.6,Aotizhongxin,3.0,176.0,14.0,3339.9402173913436,16.3,19.9,17.15,1.8073731884064912,2013-06-09 23:00:00,34.0,2013-06-10 23:00:00
2419,2013-06-10 06:00:00,0,train,2431,2013,6,10,6,25.0,28.0,5.0,55.0,700.0,4.0,16.4,1008.6,16.4,0.0,NE,0.5,Aotizhongxin,3.0,58.0,13.0,133.73731884062693,15.8,18.8,16.75,0.47818840579789224,2013-06-10 06:00:00,68.0,2013-06-11 06:00:00
2434,2013-06-10 21:00:00,0,train,2446,2013,6,10,21,36.0,77.0,4.0,102.0,400.0,49.0,20.7,1005.8,16.3,0.0,SSW,1.0,Aotizhongxin,6.0,41.0,21.0,79.56340579714711,15.8,26.6,20.85,16.266068840580186,2013-06-10 21:00:00,47.0,2013-06-11 21:00:00
2451,2013-06-11 14:00:00,0,train,2463,2013,6,11,14,139.0,148.0,12.0,85.0,600.0,165.0,23.5,1001.0,17.0,0.0,SSW,2.1,Aotizhongxin,14.0,139.0,40.5,1005.1884057971389,17.1,26.3,21.25,10.129547101449669,2013-06-11 14:00:00,58.0,2013-06-12 14:00:00
2481,2013-06-12 20:00:00,0,train,2493,2013,6,12,20,104.0,120.0,9.0,68.0,1000.0,174.0,22.5,1002.1,17.2,0.0,S,0.4,Aotizhongxin,16.0,104.0,50.0,641.5362318840954,14.4,26.8,21.85,21.723894927536666,2013-06-12 20:00:00,112.0,2013-06-13 20:00:00
2517,2013-06-14 08:00:00,0,train,2529,2013,6,14,8,100.0,103.0,47.0,104.0,800.0,70.0,24.7,1004.3,14.2,0.0,SW,2.8,Aotizhongxin,70.0,162.0,100.5,810.7373188405977,21.9,29.7,24.45,7.252971014492668,2013-06-14 08:00:00,79.0,2013-06-15 08:00:00
2564,2013-06-16 07:00:00,0,train,2576,2013,6,16,7,147.0,189.0,32.0,80.0,1100.0,54.0,23.4,999.1,18.5,0.0,NNE,0.8,Aotizhongxin,79.0,226.0,150.5,1061.432971014498,22.4,30.9,26.05,7.77326086956507,2013-06-16 07:00:00,14.0,2013-06-17 07:00:00
2581,2013-06-17 00:00:00,0,train,2593,2013,6,17,0,191.0,111.0,16.0,43.0,1399.0,35.0,21.5,997.9,20.0,0.0,NE,1.2,Aotizhongxin,118.0,218.0,190.0,908.1449275362274,21.1,23.5,22.05,0.5404166666668433,2013-06-17 00:00:00,53.0,2013-06-18 00:00:00
2722,2013-06-22 21:00:00,0,train,2734,2013,6,22,21,50.0,52.0,1.428,87.4578,,,20.5,1002.2,19.2,0.0,N,0.0,Aotizhongxin,16.0,94.0,43.0,389.89673913046596,20.5,24.1,21.2,0.9040579710146367,2013-06-22 21:00:00,44.0,2013-06-23 21:00:00
2731,2013-06-23 06:00:00,0,train,2743,2013,6,23,6,58.0,67.0,7.7112,80.8882,,,21.4,999.8,19.3,0.0,NNE,1.3,Aotizhongxin,31.0,94.0,51.5,292.3460144927825,19.8,22.2,20.75,0.5558695652175881,2013-06-23 06:00:00,55.0,2013-06-24 06:00:00
2744,2013-06-23 19:00:00,0,train,2756,2013,6,23,19,56.0,78.0,5.4264,56.2522,,213.129,27.4,996.3,17.3,0.0,SW,2.2,Aotizhongxin,29.0,83.0,57.0,210.78079710147802,19.8,31.2,24.15,20.82579710144911,2013-06-23 19:00:00,154.0,2013-06-24 19:00:00
2772,2013-06-24 23:00:00,0,train,2784,2013,6,24,23,37.0,9.0,0.2856,64.0536,,59.976,20.8,996.8,20.3,0.0,N,0.6,Aotizhongxin,36.0,233.0,120.0,3903.0271739130544,20.6,29.3,23.85,10.703460144927412,2013-06-24 23:00:00,160.0,2013-06-25 23:00:00
2791,2013-06-25 18:00:00,0,train,2803,2013,6,25,18,188.0,222.0,27.9888,92.385,,7.9254,22.2,992.8,21.4,0.7,NE,1.2,Aotizhongxin,36.0,188.0,84.0,2599.478260869581,20.6,24.1,21.5,1.31210144927552,2013-06-25 18:00:00,78.0,2013-06-26 18:00:00
2824,2013-06-27 03:00:00,1,train,2836,2013,6,27,3,84.0,41.0,10.5672,68.9808,,42.84,22.6,991.7,19.2,0.0,NE,0.8,Aotizhongxin,78.0,247.0,139.5,2407.2753623188373,21.2,31.2,26.450000000000003,11.595652173912828,2013-06-27 03:00:00,392.0,2013-06-28 03:00:00
2841,2013-06-27 20:00:00,1,train,2853,2013,6,27,20,83.0,114.0,14.8512,64.0536,,192.3516,25.8,993.2,20.1,0.0,WNW,0.8,Aotizhongxin,30.0,247.0,81.0,3899.432971014516,22.6,34.2,27.0,15.982590579709838,2013-06-27 20:00:00,494.0,2013-06-28 20:00:00
2851,2013-06-28 06:00:00,0,train,2863,2013,6,28,6,287.0,237.0,43.4112,51.7356,,46.053,25.5,996.4,22.0,0.0,ENE,1.7,Aotizhongxin,30.0,392.0,89.5,13429.710144927536,24.8,34.2,26.6,12.251231884057631,2013-06-28 06:00:00,68.0,2013-06-29 06:00:00
2882,2013-06-29 13:00:00,1,train,2894,2013,6,29,13,116.0,141.0,18.0,68.0,2299.0,25.0,23.3,999.4,21.2,0.0,ENE,1.1,Aotizhongxin,22.0,510.0,88.0,34395.54891304343,20.5,27.0,22.55,5.3877536231886305,2013-06-29 13:00:00,229.0,2013-06-30 13:00:00
2930,2013-07-01 13:00:00,0,train,2942,2013,7,1,13,175.0,183.0,22.0,73.0,,,26.3,992.7,23.6,0.0,NE,2.0,Aotizhongxin,149.0,277.0,183.5,1827.1286231883382,23.9,28.3,24.8,1.2625905797101122,2013-07-01 13:00:00,4.0,2013-07-02 13:00:00
2947,2013-07-02 06:00:00,0,train,2959,2013,7,2,6,12.0,12.0,3.0,22.0,200.0,69.0,23.0,990.0,17.9,0.0,NE,1.5,Aotizhongxin,9.0,225.0,169.5,6881.780797101421,20.9,27.8,24.6,4.4180978260870765,2013-07-02 06:00:00,37.0,2013-07-03 06:00:00
2950,2013-07-02 09:00:00,0,train,2962,2013,7,2,9,11.0,11.0,8.0,45.0,300.0,71.0,30.7,991.1,17.0,0.0,NNW,1.7,Aotizhongxin,9.0,225.0,81.5,7970.157608695632,20.9,30.7,24.75,7.268677536231935,2013-07-02 09:00:00,33.0,2013-07-03 09:00:00
3044,2013-07-06 07:00:00,0,train,3056,2013,7,6,7,73.0,230.0,14.0,88.0,900.0,2.0,26.4,996.9,21.4,0.0,NE,1.8,Aotizhongxin,10.0,73.0,23.5,328.2880434782724,23.8,36.2,30.35,17.297318840579056,2013-07-06 07:00:00,48.0,2013-07-07 07:00:00
3046,2013-07-06 09:00:00,0,train,3058,2013,7,6,9,106.0,201.0,17.0,88.0,1100.0,50.0,30.3,996.8,21.9,0.0,SW,1.2,Aotizhongxin,10.0,106.0,27.0,696.5054347826175,23.8,36.2,29.85,17.119347826086308,2013-07-06 09:00:00,53.0,2013-07-07 09:00:00
3077,2013-07-07 16:00:00,0,train,3089,2013,7,7,16,117.0,167.0,17.0,41.0,800.0,233.0,31.2,992.6,24.8,0.0,SW,3.0,Aotizhongxin,20.0,117.0,55.5,531.3894927536223,21.4,33.2,26.75,20.124347826086606,2013-07-07 16:00:00,85.0,2013-07-08 16:00:00
3161,2013-07-11 04:00:00,0,train,3173,2013,7,11,4,26.0,32.0,4.0,64.0,400.0,2.0,21.8,1000.7,21.3,0.0,N,0.1,Aotizhongxin,19.0,35.0,27.0,18.60869565219537,21.8,24.8,22.55,0.9506521739131333,2013-07-11 04:00:00,62.0,2013-07-12 04:00:00
3196,2013-07-12 15:00:00,0,train,3208,2013,7,12,15,80.0,101.0,5.0,57.0,700.0,289.0,31.2,998.5,24.3,0.0,SW,3.3,Aotizhongxin,30.0,80.0,55.0,181.36231884058543,20.6,32.1,24.549999999999997,15.54340579710132,2013-07-12 15:00:00,102.0,2013-07-13 15:00:00
3277,2013-07-16 00:00:00,0,train,3289,2013,7,16,0,53.0,38.0,4.0,62.0,1100.0,2.0,23.3,990.4,23.3,0.0,NE,0.8,Aotizhongxin,20.0,72.0,48.5,183.50000000000452,22.6,25.5,23.75,0.8097826086955877,2013-07-16 00:00:00,37.0,2013-07-17 00:00:00
3278,2013-07-16 01:00:00,0,train,3290,2013,7,16,1,56.0,45.0,5.0,56.0,1200.0,2.0,23.2,990.3,23.2,0.1,NW,0.5,Aotizhongxin,20.0,72.0,48.5,179.90579710145386,22.6,25.5,23.75,0.7825362318839927,2013-07-16 01:00:00,36.0,2013-07-17 01:00:00
3394,2013-07-20 21:00:00,0,train,3406,2013,7,20,21,128.0,168.0,7.0,47.0,1200.0,148.0,26.2,999.2,22.5,0.0,SW,1.4,Aotizhongxin,9.0,148.0,103.0,2760.7753623188187,22.9,34.2,27.2,14.128097826086698,2013-07-20 21:00:00,44.0,2013-07-21 21:00:00
3401,2013-07-21 04:00:00,0,train,3413,2013,7,21,4,75.0,84.0,8.0,69.0,600.0,33.0,23.6,999.5,21.7,0.0,E,0.0,Aotizhongxin,9.0,136.0,82.5,2263.476449275343,23.3,34.2,27.2,12.45114130434755,2013-07-21 04:00:00,93.0,2013-07-22 04:00:00
3532,2013-07-26 15:00:00,0,train,3544,2013,7,26,15,79.0,84.0,10.0,58.0,2200.0,26.0,24.9,997.3,22.0,0.0,NE,2.3,Aotizhongxin,23.0,79.0,42.0,248.38949275360733,23.3,35.5,26.1,11.50318840579679,2013-07-26 15:00:00,122.0,2013-07-27 15:00:00
3565,2013-07-28 00:00:00,0,train,3577,2013,7,28,0,147.0,107.0,6.0,97.0,1800.0,2.0,23.4,994.3,23.1,0.0,NNE,0.2,Aotizhongxin,85.0,147.0,94.5,438.7663043477943,23.4,27.5,24.45,1.6503623188403036,2013-07-28 00:00:00,36.0,2013-07-29 00:00:00
3641,2013-07-31 04:00:00,0,train,3653,2013,7,31,4,16.0,16.0,5.0,,200.0,38.0,21.4,993.5,21.2,0.0,W,0.0,Aotizhongxin,3.0,189.0,98.5,3555.940217391276,20.9,34.9,29.9,25.945199275362068,2013-07-31 04:00:00,22.0,2013-08-01 04:00:00
3642,2013-07-31 05:00:00,0,train,3654,2013,7,31,5,16.0,15.0,3.0,38.0,300.0,42.0,21.8,993.7,21.8,0.0,NE,1.0,Aotizhongxin,3.0,189.0,90.5,3856.9275362318567,20.9,34.9,29.9,26.507753623188158,2013-07-31 05:00:00,25.0,2013-08-01 05:00:00
3651,2013-07-31 14:00:00,0,train,3663,2013,7,31,14,59.0,92.0,12.0,36.0,600.0,236.0,33.4,992.3,23.7,0.0,S,1.6,Aotizhongxin,3.0,131.0,45.5,1164.7228260869392,20.9,34.2,29.549999999999997,24.18318840579682,2013-07-31 14:00:00,52.0,2013-08-01 14:00:00
3705,2013-08-02 20:00:00,0,train,3717,2013,8,2,20,14.0,3.0,3.0,56.0,400.0,75.0,23.8,999.7,19.5,0.0,SSW,0.9,Aotizhongxin,14.0,113.0,71.5,553.2590579709928,21.2,31.6,24.1,14.402608695651766,2013-08-02 20:00:00,33.0,2013-08-03 20:00:00
3719,2013-08-03 10:00:00,0,train,3731,2013,8,3,10,17.0,31.0,3.1416,41.2653,,79.4682,30.2,998.7,18.0,0.0,WSW,1.3,Aotizhongxin,13.0,113.0,29.0,1478.427536231866,21.6,31.6,25.25,12.806884057970612,2013-08-03 10:00:00,107.0,2013-08-04 10:00:00
3732,2013-08-03 23:00:00,0,train,3744,2013,8,3,23,56.0,81.0,5.0,40.0,,100.2456,25.2,997.4,22.9,0.0,SW,2.1,Aotizhongxin,13.0,56.0,24.0,126.47644927534824,21.6,32.4,27.5,15.75867753623151,2013-08-03 23:00:00,19.0,2013-08-04 23:00:00
3763,2013-08-05 06:00:00,0,train,3775,2013,8,5,6,50.0,21.0,3.0,42.0,,19.4922,20.7,993.4,19.5,0.0,WSW,1.9,Aotizhongxin,6.0,146.0,57.0,1319.7228260869367,19.7,34.0,24.55,29.89557971014449,2013-08-05 06:00:00,97.0,2013-08-06 06:00:00
3835,2013-08-08 06:00:00,0,train,3847,2013,8,8,6,19.0,49.0,4.0,72.0,500.0,2.0,22.3,995.1,21.8,0.0,NNW,0.1,Aotizhongxin,15.0,34.0,19.5,45.86775362317058,21.1,29.7,22.45,8.885144927535881,2013-08-08 06:00:00,15.0,2013-08-09 06:00:00
3858,2013-08-09 05:00:00,0,train,3870,2013,8,9,5,22.0,38.0,4.0,50.9144,,24.2046,21.1,996.0,19.9,0.0,NE,1.0,Aotizhongxin,17.0,45.0,27.0,75.50543478259054,21.1,33.9,27.9,22.154492753622936,2013-08-09 05:00:00,40.0,2013-08-10 05:00:00
3887,2013-08-10 10:00:00,1,train,3899,2013,8,10,10,51.0,131.0,4.0,41.0,1400.0,94.0,32.2,1000.0,24.0,0.0,NNE,1.6,Aotizhongxin,31.0,108.0,45.5,459.55797101447314,24.3,36.4,29.5,17.005199275362173,2013-08-10 10:00:00,210.0,2013-08-11 10:00:00
3893,2013-08-10 16:00:00,0,train,3905,2013,8,10,16,135.0,212.0,26.0,30.0,1200.0,278.0,34.1,998.5,24.9,0.0,SW,2.8,Aotizhongxin,34.0,147.0,56.5,1549.51992753621,24.3,36.3,29.5,15.500579710144784,2013-08-10 16:00:00,146.0,2013-08-11 16:00:00
3936,2013-08-12 11:00:00,0,train,3948,2013,8,12,11,46.0,31.0,4.0,47.0,400.0,67.0,29.1,999.9,23.5,0.0,SW,1.5,Aotizhongxin,30.0,260.0,53.5,5939.826086956497,23.4,31.8,24.05,6.171286231883789,2013-08-12 11:00:00,73.0,2013-08-13 11:00:00
4012,2013-08-15 15:00:00,0,train,4024,2013,8,15,15,127.0,142.0,12.0,46.0,1000.0,192.0,33.2,995.6,26.2,0.0,SW,1.5,Aotizhongxin,71.0,127.0,88.0,297.02717391301644,27.1,33.2,29.8,3.9391123188404054,2013-08-15 15:00:00,164.0,2013-08-16 15:00:00
4040,2013-08-16 19:00:00,0,train,4052,2013,8,16,19,177.0,241.0,11.0,127.0,2400.0,4.0,29.7,992.1,27.5,0.0,NE,1.3,Aotizhongxin,47.0,206.0,136.5,3054.7807971014117,27.1,32.5,29.25,3.101449275362128,2013-08-16 19:00:00,11.0,2013-08-17 19:00:00
4057,2013-08-17 12:00:00,0,train,4069,2013,8,17,12,32.0,84.0,19.0,36.0,400.0,86.0,35.7,996.1,13.8,0.0,N,3.3,Aotizhongxin,18.0,187.0,156.5,5197.123188405762,25.4,35.7,29.6,7.4197101449273655,2013-08-17 12:00:00,5.0,2013-08-18 12:00:00
4075,2013-08-18 06:00:00,0,train,4087,2013,8,18,6,15.0,36.0,6.0,70.0,900.0,2.0,24.9,1003.7,17.1,0.0,NE,1.6,Aotizhongxin,4.0,32.0,15.0,55.82427536230924,22.5,36.3,29.1,24.539927536231676,2013-08-18 06:00:00,19.0,2013-08-19 06:00:00
4147,2013-08-21 06:00:00,0,train,4159,2013,8,21,6,130.0,51.0,5.0,52.0,1100.0,11.0,23.1,1003.6,22.8,0.0,NE,1.1,Aotizhongxin,54.0,161.0,122.0,935.5489130434444,23.1,29.8,24.75,5.965489130434295,2013-08-21 06:00:00,117.0,2013-08-22 06:00:00
4223,2013-08-24 10:00:00,0,train,4235,2013,8,24,10,30.0,102.0,7.0,63.0,700.0,32.0,31.3,1004.7,16.9,0.0,NE,1.6,Aotizhongxin,5.0,71.0,31.0,310.346014492744,20.9,34.8,24.85,26.949981884057678,2013-08-24 10:00:00,29.0,2013-08-25 10:00:00
4228,2013-08-24 15:00:00,0,train,4240,2013,8,24,15,12.0,14.0,4.0,20.0,300.0,107.0,34.5,1002.2,13.3,0.0,ESE,1.8,Aotizhongxin,12.0,71.0,30.0,222.38949275361452,20.9,35.4,24.85,27.32983695652144,2013-08-24 15:00:00,39.0,2013-08-25 15:00:00
4302,2013-08-27 17:00:00,0,train,4314,2013,8,27,17,80.0,126.0,16.0,85.0,2000.0,24.0,25.4,1000.5,21.1,0.0,NE,1.4,Aotizhongxin,39.0,122.0,63.5,429.1286231883848,22.8,30.0,24.85,3.108405797100852,2013-08-27 17:00:00,19.0,2013-08-28 17:00:00
4355,2013-08-29 22:00:00,0,train,4367,2013,8,29,22,11.0,46.0,6.0,46.0,400.0,6.0,22.2,1003.1,12.7,0.0,NE,2.2,Aotizhongxin,3.0,116.0,11.0,1512.2880434782521,21.8,27.3,24.75,4.292155797100802,2013-08-29 22:00:00,22.0,2013-08-30 22:00:00
4452,2013-09-02 23:00:00,0,train,4464,2013,9,2,23,80.0,111.0,12.0,52.0,1300.0,71.0,20.3,1010.9,18.2,0.0,SW,0.0,Aotizhongxin,15.0,90.0,44.5,538.666666666653,16.7,28.6,22.25,15.54824275362222,2013-09-02 23:00:00,119.0,2013-09-03 23:00:00
4468,2013-09-03 15:00:00,0,train,4480,2013,9,3,15,100.0,117.0,15.0,40.0,1100.0,189.0,28.1,1008.2,17.9,0.0,SSE,2.4,Aotizhongxin,47.0,123.0,80.0,392.69565217389066,18.8,28.5,22.0,12.659130434781693,2013-09-03 15:00:00,58.0,2013-09-04 15:00:00
4481,2013-09-04 04:00:00,0,train,4493,2013,9,4,4,138.0,75.0,8.0,41.0,1100.0,46.0,18.3,1011.4,17.8,0.3,WSW,1.2,Aotizhongxin,59.0,151.0,99.5,700.6884057970744,18.3,28.5,24.200000000000003,10.178242753622424,2013-09-04 04:00:00,16.0,2013-09-05 04:00:00
4486,2013-09-04 09:00:00,0,train,4498,2013,9,4,9,34.0,47.0,2.0,57.0,800.0,18.0,20.2,1011.6,18.9,0.0,NNE,1.2,Aotizhongxin,34.0,151.0,98.5,1261.1884057970767,18.3,28.5,24.200000000000003,12.377318840578878,2013-09-04 09:00:00,10.0,2013-09-05 09:00:00
4524,2013-09-05 23:00:00,0,train,4536,2013,9,5,23,39.0,44.0,13.0,43.0,1200.0,27.0,18.8,1011.3,15.7,0.0,SE,0.9,Aotizhongxin,7.0,45.0,16.0,146.17391304346782,16.5,28.0,20.45,16.102590579708984,2013-09-05 23:00:00,98.0,2013-09-06 23:00:00
4560,2013-09-07 11:00:00,0,train,4572,2013,9,7,11,91.0,75.0,14.0,42.0,1200.0,81.0,26.6,1012.0,15.6,0.0,NNE,1.1,Aotizhongxin,49.0,129.0,95.5,391.71014492751254,17.8,26.6,20.75,9.187753623187287,2013-09-07 11:00:00,86.0,2013-09-08 11:00:00
4591,2013-09-08 18:00:00,0,train,4603,2013,9,8,18,148.0,204.0,36.0,63.0,2400.0,84.0,21.1,1008.9,20.3,0.0,SE,0.1,Aotizhongxin,27.0,148.0,86.0,1317.0144927536019,18.5,24.7,20.35,4.952445652172675,2013-09-08 18:00:00,81.0,2013-09-09 18:00:00
4668,2013-09-11 23:00:00,0,train,4680,2013,9,11,23,85.0,149.0,16.0,63.0,900.0,79.0,19.6,1008.4,17.0,0.0,SSW,0.8,Aotizhongxin,16.0,101.0,67.0,860.608695652156,13.6,28.8,23.25,28.460797101448232,2013-09-11 23:00:00,144.0,2013-09-12 23:00:00
4713,2013-09-13 20:00:00,0,train,4725,2013,9,13,20,163.0,221.0,6.0,68.0,1900.0,1.0,19.9,1001.6,19.6,0.8,W,2.3,Aotizhongxin,39.0,224.0,81.0,2651.7318840579437,17.8,21.7,19.6,0.8588405797084612,2013-09-13 20:00:00,23.0,2013-09-14 20:00:00
4763,2013-09-15 22:00:00,0,train,4775,2013,9,15,22,32.0,123.0,16.0,86.0,500.0,4.0,20.1,1007.3,14.7,0.0,SSW,1.4,Aotizhongxin,9.0,33.0,20.0,58.36956521737458,15.3,26.7,20.45,15.312880434781139,2013-09-15 22:00:00,62.0,2013-09-16 22:00:00
4850,2013-09-19 13:00:00,0,train,4862,2013,9,19,13,131.0,110.0,27.0,70.0,2000.0,34.0,26.1,1006.4,20.4,0.0,SSW,2.0,Aotizhongxin,76.0,139.0,93.5,289.2880434782298,19.6,26.1,21.200000000000003,3.273623188404656,2013-09-19 13:00:00,9.0,2013-09-20 13:00:00
5022,2013-09-26 17:00:00,1,train,5034,2013,9,26,17,49.0,70.0,16.0,56.0,500.0,98.0,20.8,1008.2,8.4,0.0,SSW,1.0,Aotizhongxin,11.0,62.0,26.0,267.10144927534304,8.7,24.7,15.9,34.34302536231669,2013-09-26 17:00:00,240.0,2013-09-27 17:00:00
5096,2013-09-29 19:00:00,0,train,5108,2013,9,29,19,198.0,214.0,27.0,90.0,1500.0,21.0,17.9,1013.7,15.3,0.0,NE,0.5,Aotizhongxin,148.0,321.0,241.0,2261.288043478213,14.0,19.3,16.549999999999997,3.342318840577607,2013-09-29 19:00:00,165.0,2013-09-30 19:00:00
5150,2013-10-02 01:00:00,0,train,5162,2013,10,2,1,33.0,36.0,4.0,58.0,500.0,1.0,11.6,1016.6,11.4,0.0,WSW,0.1,Aotizhongxin,3.0,194.0,37.5,3329.9112318839984,11.6,22.3,17.45,9.081721014490716,2013-10-02 01:00:00,43.0,2013-10-03 01:00:00
5207,2013-10-04 10:00:00,1,train,5219,2013,10,4,10,97.0,131.0,79.0,70.0,2300.0,18.0,19.1,1009.0,12.6,0.0,WNW,1.1,Aotizhongxin,37.0,101.0,68.0,419.8677536231303,13.6,21.7,16.5,6.353043478258874,2013-10-04 10:00:00,305.0,2013-10-05 10:00:00
5243,2013-10-05 22:00:00,1,train,5255,2013,10,5,22,297.0,321.0,22.0,182.0,2800.0,1.0,15.4,1017.7,14.6,0.0,ENE,0.9,Aotizhongxin,235.0,349.0,279.0,940.6884057970436,13.7,23.3,15.95,10.367807971012533,2013-10-05 22:00:00,191.0,2013-10-06 22:00:00
5269,2013-10-07 00:00:00,0,train,5281,2013,10,7,0,160.0,175.0,53.0,94.0,2300.0,3.0,14.7,1015.5,14.4,0.0,E,0.2,Aotizhongxin,137.0,327.0,202.5,3412.7228260868906,13.3,20.6,15.65,6.149782608693508,2013-10-07 00:00:00,63.0,2013-10-08 00:00:00
5284,2013-10-07 15:00:00,0,train,5296,2013,10,7,15,3.0,21.0,36.0,19.0,100.0,67.0,24.9,1016.2,7.1,0.0,E,1.5,Aotizhongxin,3.0,213.0,157.0,4779.210144927466,13.4,25.7,15.9,19.774764492751853,2013-10-07 15:00:00,55.0,2013-10-08 15:00:00
5291,2013-10-07 22:00:00,0,train,5303,2013,10,7,22,71.0,207.0,43.0,87.0,500.0,20.0,19.4,1018.8,11.7,0.0,S,1.3,Aotizhongxin,3.0,173.0,54.5,4749.24456521732,13.4,25.7,18.0,19.223405797099826,2013-10-07 22:00:00,98.0,2013-10-08 22:00:00
5296,2013-10-08 03:00:00,0,train,5308,2013,10,8,3,36.0,68.0,14.0,39.0,200.0,32.0,16.0,1017.8,10.1,0.0,NNE,1.3,Aotizhongxin,3.0,173.0,37.0,3121.0362318839857,13.4,25.7,18.4,16.068405797099913,2013-10-08 03:00:00,120.0,2013-10-09 03:00:00
5398,2013-10-12 09:00:00,0,train,5410,2013,10,12,9,51.0,68.0,1.1424,60.0,600.0,1.0,17.3,1015.0,7.3,0.0,N,0.5,Aotizhongxin,28.0,134.0,57.0,841.3840579709404,8.8,22.9,13.350000000000001,23.718840579707802,2013-10-12 09:00:00,27.0,2013-10-13 09:00:00
5402,2013-10-12 13:00:00,0,train,5414,2013,10,12,13,45.0,54.0,2.856,43.0,400.0,51.0,21.6,1011.8,7.8,0.0,ENE,1.7,Aotizhongxin,43.0,134.0,58.5,692.1449275361578,8.8,22.9,13.350000000000001,24.46809782608462,2013-10-12 13:00:00,44.0,2013-10-13 13:00:00
5413,2013-10-13 00:00:00,0,train,5425,2013,10,13,0,72.0,117.0,21.7056,109.0,1400.0,1.0,15.6,1012.9,9.9,0.0,ENE,0.6,Aotizhongxin,32.0,103.0,60.5,342.3315217390564,8.8,21.9,17.05,19.597391304345635,2013-10-13 00:00:00,73.0,2013-10-14 00:00:00
5425,2013-10-13 12:00:00,0,train,5437,2013,10,13,12,30.0,40.0,5.4264,58.0,600.0,6.0,16.2,1013.3,9.8,0.0,N,0.6,Aotizhongxin,19.0,103.0,45.0,668.3188405796363,15.0,21.6,16.35,3.359999999997971,2013-10-13 12:00:00,10.0,2013-10-14 12:00:00
5430,2013-10-13 17:00:00,0,train,5442,2013,10,13,17,62.0,75.0,2.5704,79.0,800.0,1.0,14.6,1012.6,10.8,0.0,NE,0.5,Aotizhongxin,19.0,103.0,47.0,643.9999999999263,14.6,17.8,15.9,0.7238949275340554,2013-10-13 17:00:00,7.0,2013-10-14 17:00:00
5503,2013-10-16 18:00:00,0,train,5515,2013,10,16,18,37.0,82.0,6.0,66.0,500.0,38.0,15.3,1018.1,2.8,0.0,WSW,1.9,Aotizhongxin,25.0,51.0,38.0,79.54891304340518,1.6,20.4,10.25,47.64954710144622,2013-10-16 18:00:00,148.0,2013-10-17 18:00:00
5547,2013-10-18 14:00:00,0,train,5559,2013,10,18,14,248.0,249.0,67.0,140.0,2100.0,8.0,17.1,1017.7,8.5,0.0,NW,1.0,Aotizhongxin,91.0,254.0,196.0,1761.809782608619,6.7,18.1,10.05,14.448532608692721,2013-10-18 14:00:00,13.0,2013-10-19 14:00:00
5554,2013-10-18 21:00:00,0,train,5566,2013,10,18,21,264.0,274.0,29.0,159.0,3000.0,1.0,11.4,1019.0,8.8,0.0,ENE,1.0,Aotizhongxin,173.0,267.0,220.0,796.0579710144157,6.7,17.1,10.4,11.764764492750645,2013-10-18 21:00:00,3.0,2013-10-19 21:00:00
5555,2013-10-18 22:00:00,0,train,5567,2013,10,18,22,268.0,287.0,44.0,158.0,2700.0,1.0,11.7,1019.0,9.3,0.0,NE,1.1,Aotizhongxin,173.0,268.0,223.0,859.0652173912273,6.7,17.1,10.75,11.429547101446323,2013-10-18 22:00:00,9.0,2013-10-19 22:00:00
5562,2013-10-19 05:00:00,0,train,5574,2013,10,19,5,157.0,13.0,24.0,66.0,1000.0,1.0,9.9,1019.4,1.5,0.0,NE,1.4,Aotizhongxin,157.0,274.0,225.5,1221.188405797025,6.8,17.1,11.649999999999999,6.589836956518961,2013-10-19 05:00:00,25.0,2013-10-20 05:00:00
5570,2013-10-19 13:00:00,0,train,5582,2013,10,19,13,15.0,18.0,12.0,18.0,300.0,44.0,18.8,1019.3,-0.1,0.0,NNE,2.9,Aotizhongxin,3.0,274.0,222.0,12190.86956521731,9.9,18.8,11.8,7.867536231881435,2013-10-19 13:00:00,3.0,2013-10-20 13:00:00
5593,2013-10-20 12:00:00,0,train,5605,2013,10,20,12,10.0,10.0,15.0,25.0,300.0,39.0,19.1,1018.5,-0.4,0.0,ENE,2.0,Aotizhongxin,3.0,27.0,13.5,63.91123188396444,4.3,19.1,12.2,31.816739130431873,2013-10-20 12:00:00,107.0,2013-10-21 12:00:00
5670,2013-10-23 17:00:00,0,train,5682,2013,10,23,17,21.0,58.0,9.0,46.0,400.0,28.0,7.6,1015.7,1.6,0.0,SW,0.8,Aotizhongxin,15.0,129.0,28.0,993.0652173912142,3.0,16.0,9.25,18.67913043477941,2013-10-23 17:00:00,23.0,2013-10-24 17:00:00
5748,2013-10-26 23:00:00,1,train,5760,2013,10,26,23,151.0,189.0,38.0,124.0,2100.0,1.0,5.8,1013.7,3.0,0.0,E,0.6,Aotizhongxin,32.0,151.0,46.0,1222.9275362317965,2.1,17.5,6.6,31.656739130431436,2013-10-26 23:00:00,342.0,2013-10-27 23:00:00
5806,2013-10-29 09:00:00,0,train,5818,2013,10,29,9,16.0,9.0,19.0,33.0,400.0,23.0,13.7,1024.2,-3.1,0.0,NNE,2.9,Aotizhongxin,4.0,361.0,264.0,19333.331521739066,6.4,16.2,10.399999999999999,8.926068840576766,2013-10-29 09:00:00,23.0,2013-10-30 09:00:00
5838,2013-10-30 17:00:00,0,train,5850,2013,10,30,17,102.0,124.0,24.0,80.0,1100.0,47.0,9.0,1019.9,4.6,0.0,SSW,0.7,Aotizhongxin,18.0,104.0,50.0,928.2318840579021,2.0,15.3,6.45,21.678967391300866,2013-10-30 17:00:00,144.0,2013-10-31 17:00:00
5906,2013-11-02 13:00:00,0,train,5918,2013,11,2,13,317.0,315.0,26.0,165.0,2300.0,8.3538,12.9,1015.3,6.5,0.0,SW,2.5,Aotizhongxin,137.0,317.0,186.0,1961.9402173912392,3.3,13.3,6.8,9.897101449271938,2013-11-02 13:00:00,12.0,2013-11-03 13:00:00
5947,2013-11-04 06:00:00,0,train,5959,2013,11,4,6,26.0,35.0,9.0,57.0,500.0,,1.8,1023.5,0.9,0.0,NNE,0.4,Aotizhongxin,3.0,26.0,11.5,62.927536231755965,1.8,18.8,7.65,40.00260869564902,2013-11-04 06:00:00,99.0,2013-11-05 06:00:00
5989,2013-11-06 00:00:00,0,train,6001,2013,11,6,0,230.0,251.0,27.0,111.0,2600.0,,5.1,1012.5,3.1,0.0,E,0.6,Aotizhongxin,99.0,262.0,171.5,2553.0652173912285,5.1,14.2,7.85,8.103025362315574,2013-11-06 00:00:00,6.0,2013-11-07 00:00:00
6029,2013-11-07 16:00:00,0,train,6041,2013,11,7,16,25.0,161.0,19.0,34.0,900.0,39.627,11.5,1012.7,-4.7,0.0,SSW,1.0,Aotizhongxin,3.0,25.0,10.0,50.25362318832081,2.0,13.8,10.65,14.093460144924382,2013-11-07 16:00:00,157.0,2013-11-08 16:00:00
6068,2013-11-09 07:00:00,0,train,6080,2013,11,9,7,159.0,159.0,53.0,97.0,2400.0,,6.3,1016.7,1.2,0.0,NE,1.8,Aotizhongxin,82.0,170.0,158.5,972.2880434781796,4.4,12.8,5.2,8.859999999996418,2013-11-09 07:00:00,9.0,2013-11-10 07:00:00
6074,2013-11-09 13:00:00,0,train,6086,2013,11,9,13,58.0,80.0,63.0,50.0,1200.0,10.71,15.2,1016.4,-3.7,0.0,NE,2.2,Aotizhongxin,58.0,181.0,160.5,647.8188405796291,4.4,15.4,5.25,14.01478260869217,2013-11-09 13:00:00,10.0,2013-11-10 13:00:00
6105,2013-11-10 20:00:00,0,train,6117,2013,11,10,20,65.0,114.0,14.0,82.0,1100.0,,2.2,1021.1,-7.4,0.0,N,1.6,Aotizhongxin,4.0,65.0,9.0,269.47101449267643,-0.9,11.4,4.55,14.612590579706282,2013-11-10 20:00:00,67.0,2013-11-11 20:00:00
6166,2013-11-13 09:00:00,0,train,6178,2013,11,13,9,144.0,177.0,76.0,80.0,3400.0,,6.3,1016.9,0.2,0.0,ENE,0.8,Aotizhongxin,13.0,148.0,70.0,2000.4565217390507,2.3,16.4,6.05,25.137318840576285,2013-11-13 09:00:00,18.0,2013-11-14 09:00:00
6185,2013-11-14 04:00:00,0,train,6197,2013,11,14,4,103.0,88.0,41.0,82.0,1900.0,,8.6,1013.2,-8.9,0.0,NW,1.7,Aotizhongxin,103.0,262.0,171.0,2340.3478260868583,2.9,9.8,6.199999999999999,4.839057971010853,2013-11-14 04:00:00,90.0,2013-11-15 04:00:00
6229,2013-11-16 00:00:00,0,train,6241,2013,11,16,0,118.0,199.0,35.0,103.0,,,5.4,1009.0,-3.7,0.0,NNE,1.0,Aotizhongxin,62.0,118.0,96.5,254.57971014483385,-1.3,15.8,5.15,34.38456521738765,2013-11-16 00:00:00,20.0,2013-11-17 00:00:00
6232,2013-11-16 03:00:00,0,train,6244,2013,11,16,3,154.0,233.0,55.0,86.0,2600.0,,11.5,1009.2,-5.1,0.0,NNW,3.2,Aotizhongxin,62.0,159.0,100.5,711.693840579616,-1.3,15.8,5.4,29.34737318840227,2013-11-16 03:00:00,11.0,2013-11-17 03:00:00
6250,2013-11-16 21:00:00,0,train,6262,2013,11,16,21,10.0,12.0,7.0,28.0,400.0,23.9904,1.0,1018.9,-7.3,0.0,NNE,0.2,Aotizhongxin,4.0,159.0,16.5,3430.070652173819,1.0,12.0,9.05,11.873460144924145,2013-11-16 21:00:00,8.0,2013-11-17 21:00:00
6261,2013-11-17 08:00:00,0,train,6273,2013,11,17,8,10.0,15.0,19.0,35.0,600.0,19.0638,7.1,1019.2,-12.2,0.0,N,3.3,Aotizhongxin,4.0,22.0,10.0,19.780797101354718,-1.9,12.0,6.1,25.079981884054206,2013-11-17 08:00:00,7.0,2013-11-18 08:00:00
6308,2013-11-19 07:00:00,0,train,6320,2013,11,19,7,18.0,34.0,12.0,41.0,600.0,,-0.1,1021.1,-12.4,0.0,E,1.2,Aotizhongxin,4.0,18.0,7.5,18.679347825992362,-2.0,9.2,3.6,13.298097826082937,2013-11-19 07:00:00,114.0,2013-11-20 07:00:00
6459,2013-11-25 14:00:00,0,train,6471,2013,11,25,14,8.0,19.0,7.0,9.0,300.0,52.0,7.7,1011.5,-15.2,0.0,NNW,2.7,Aotizhongxin,5.0,68.0,14.0,527.0851449274413,1.9,10.1,5.35,4.861576086952786,2013-11-25 14:00:00,10.0,2013-11-26 14:00:00
6506,2013-11-27 13:00:00,0,train,6518,2013,11,27,13,8.0,51.0,4.0,5.0,300.0,48.0,-0.7,1021.9,-24.2,0.0,NNW,4.5,Aotizhongxin,3.0,12.0,8.0,4.956521739036176,-4.3,6.2,-1.75,8.899112318835959,2013-11-27 13:00:00,8.0,2013-11-28 13:00:00
6545,2013-11-29 04:00:00,0,train,6557,2013,11,29,4,22.0,39.0,29.0,62.0,,,-5.2,1017.0,-9.3,0.0,NW,0.0,Aotizhongxin,4.0,79.0,12.0,477.97101449265864,-5.2,7.0,-1.3,15.974329710140386,2013-11-29 04:00:00,45.0,2013-11-30 04:00:00
6573,2013-11-30 08:00:00,0,train,6585,2013,11,30,8,14.0,33.0,30.0,37.0,700.0,14.0,6.4,1018.2,-13.8,0.0,NNE,2.4,Aotizhongxin,14.0,121.0,64.5,1107.9999999999025,-3.1,13.5,5.199999999999999,25.688623188401987,2013-11-30 08:00:00,56.0,2013-12-01 08:00:00
6593,2013-12-01 04:00:00,0,train,6605,2013,12,1,4,46.0,103.0,18.0,66.0,1100.0,1.0,-4.9,1018.8,-8.5,0.0,NE,0.2,Aotizhongxin,12.0,46.0,28.0,135.2010869564249,-4.9,10.9,5.0,34.395362318836526,2013-12-01 04:00:00,85.0,2013-12-02 04:00:00
6599,2013-12-01 10:00:00,0,train,6611,2013,12,1,10,57.0,70.0,68.0,60.0,1900.0,6.0,8.1,1018.9,-9.8,0.0,ENE,1.5,Aotizhongxin,12.0,63.0,38.0,302.0416666665695,-5.6,10.9,-0.75,39.68548913043049,2013-12-01 10:00:00,52.0,2013-12-02 10:00:00
6605,2013-12-01 16:00:00,0,train,6617,2013,12,1,16,67.0,96.0,33.0,83.0,1500.0,5.0,6.3,1014.9,-8.4,0.0,WSW,1.3,Aotizhongxin,12.0,69.0,45.0,212.92753623178638,-5.6,11.7,-0.75,39.27304347825656,2013-12-01 16:00:00,77.0,2013-12-02 16:00:00
6672,2013-12-04 11:00:00,0,train,6684,2013,12,4,11,74.0,96.0,55.0,61.0,1600.0,6.0,13.0,1013.4,-7.7,0.0,NNE,1.9,Aotizhongxin,18.0,160.0,80.0,2533.201086956423,-3.0,14.8,1.45,45.04346014492358,2013-12-04 11:00:00,8.0,2013-12-05 11:00:00
6674,2013-12-04 13:00:00,0,train,6686,2013,12,4,13,63.0,88.0,43.0,53.0,1100.0,18.0,14.2,1012.3,-7.9,0.0,ENE,1.7,Aotizhongxin,18.0,160.0,80.0,2269.9347826085973,-3.0,14.6,1.45,44.66940217390908,2013-12-04 13:00:00,9.0,2013-12-05 13:00:00
6717,2013-12-06 08:00:00,0,train,6729,2013,12,6,8,75.0,87.0,57.0,52.0,2000.0,1.0,0.7,1015.4,-7.8,0.0,NNE,0.6,Aotizhongxin,6.0,121.0,43.5,1619.9927536230832,-3.2,10.9,2.85,27.03210144927132,2013-12-06 08:00:00,111.0,2013-12-07 08:00:00
6753,2013-12-07 20:00:00,0,train,6765,2013,12,7,20,378.0,389.0,65.0,123.0,7100.0,1.0,1.3,1014.3,-0.9,0.0,NE,0.9,Aotizhongxin,85.0,388.0,256.0,8606.608695652109,-3.4,7.2,0.75,12.645923913039182,2013-12-07 20:00:00,10.0,2013-12-08 20:00:00
6791,2013-12-09 10:00:00,0,train,6803,2013,12,9,10,3.0,9.0,13.0,21.0,500.0,37.0,4.2,1019.5,-12.7,0.0,N,4.6,Aotizhongxin,3.0,286.0,10.0,7197.8188405795245,1.0,11.3,3.75,9.814710144923662,2013-12-09 10:00:00,31.0,2013-12-10 10:00:00
6874,2013-12-12 21:00:00,0,train,6886,2013,12,12,21,19.0,18.0,8.0,40.0,700.0,4.0,-5.9,1019.0,-16.8,0.0,NE,0.4,Aotizhongxin,3.0,43.0,10.5,193.47644927516106,-5.9,2.8,-0.4,4.850851449270667,2013-12-12 21:00:00,46.0,2013-12-13 21:00:00
6876,2013-12-12 23:00:00,0,train,6888,2013,12,12,23,16.0,29.0,15.0,51.0,1000.0,1.0,-6.9,1019.5,-14.2,0.0,WSW,1.8,Aotizhongxin,3.0,43.0,10.5,174.73731884037784,-6.9,2.8,-0.4,7.331884057966253,2013-12-12 23:00:00,44.0,2013-12-13 23:00:00
7097,2013-12-22 04:00:00,1,train,7109,2013,12,22,4,161.0,212.0,65.0,74.0,2800.0,1.0,-5.6,1027.2,-13.0,0.0,NE,1.2,Aotizhongxin,13.0,196.0,50.5,5115.1231884056415,-9.4,3.4,-4.6,13.780797101444191,2013-12-22 04:00:00,244.0,2013-12-23 04:00:00
7104,2013-12-22 11:00:00,0,train,7116,2013,12,22,11,70.0,115.0,90.0,76.0,2100.0,3.0,0.2,1026.2,-14.6,0.0,NE,1.0,Aotizhongxin,28.0,196.0,78.0,4078.82427536217,-7.4,3.4,-4.55,10.486956521734093,2013-12-22 11:00:00,121.0,2013-12-23 11:00:00
7124,2013-12-23 07:00:00,1,train,7136,2013,12,23,7,138.0,178.0,87.0,99.0,3200.0,1.0,-8.6,1025.4,-10.7,0.0,NNW,0.6,Aotizhongxin,28.0,270.0,159.0,7762.166666666546,-9.3,3.2,-5.5,16.462536231878882,2013-12-23 07:00:00,245.0,2013-12-24 07:00:00
7164,2013-12-24 23:00:00,0,train,7176,2013,12,24,23,228.0,273.0,185.0,127.0,5200.0,1.0,-4.3,1024.6,-9.3,0.0,ENE,0.6,Aotizhongxin,129.0,277.0,230.0,2154.346014492671,-6.5,1.1,-2.35,5.083025362313907,2013-12-24 23:00:00,9.0,2013-12-25 23:00:00
7176,2013-12-25 11:00:00,0,train,7188,2013,12,25,11,261.0,310.0,145.0,150.0,6200.0,1.0,1.6,1020.1,-7.7,0.0,NE,1.2,Aotizhongxin,130.0,295.0,258.0,1462.427536231819,-7.6,1.6,-2.35,7.678188405792144,2013-12-25 11:00:00,11.0,2013-12-26 11:00:00
7208,2013-12-26 19:00:00,0,train,7220,2013,12,26,19,9.0,30.0,9.0,21.0,600.0,43.0,-1.4,1028.4,-18.5,0.0,NE,1.4,Aotizhongxin,6.0,24.0,9.0,16.775362318621358,-5.2,1.6,-2.7,5.228405797096568,2013-12-26 19:00:00,30.0,2013-12-27 19:00:00
7214,2013-12-27 01:00:00,0,train,7226,2013,12,27,1,11.0,13.0,16.0,29.0,600.0,28.0,-3.9,1028.1,-18.2,0.0,N,1.7,Aotizhongxin,6.0,17.0,9.0,7.824275362099535,-5.9,1.6,-3.9,6.474710144922606,2013-12-27 01:00:00,16.0,2013-12-28 01:00:00
7277,2013-12-29 16:00:00,0,train,7289,2013,12,29,16,53.0,89.0,,83.0,1200.0,15.0,3.9,1010.2,-17.7,0.0,SW,1.8,Aotizhongxin,9.0,80.0,33.0,378.56340579690004,-9.2,6.9,-3.5999999999999996,34.45623188405306,2013-12-29 16:00:00,17.0,2013-12-30 16:00:00
7388,2014-01-03 07:00:00,0,train,7400,2014,1,3,7,35.0,145.0,26.0,28.0,500.0,33.0,3.4,1016.9,-12.2,0.0,N,3.2,Aotizhongxin,30.0,402.0,130.5,6409.346014492614,-0.6,7.9,3.7,5.049275362314797,2014-01-03 07:00:00,73.0,2014-01-04 07:00:00
7410,2014-01-04 05:00:00,0,train,7422,2014,1,4,5,67.0,94.0,27.0,61.0,1700.0,1.0,-3.1,1018.5,-5.1,0.0,ENE,1.2,Aotizhongxin,16.0,90.0,35.5,594.2608695650149,-3.1,9.5,1.6,20.271576086952255,2014-01-04 05:00:00,171.0,2014-01-05 05:00:00
7418,2014-01-04 13:00:00,0,train,7430,2014,1,4,13,142.0,167.0,75.0,75.0,2200.0,2.0,2.1,1014.4,-4.0,0.0,ENE,1.5,Aotizhongxin,16.0,142.0,71.0,1183.7663043476375,-3.1,9.5,-1.0,12.064057971009944,2014-01-04 13:00:00,37.0,2014-01-05 13:00:00
7485,2014-01-07 08:00:00,0,train,7497,2014,1,7,8,175.0,182.0,60.0,79.0,2800.0,1.0,-1.5,1021.1,-3.9,0.0,NNE,0.8,Aotizhongxin,98.0,206.0,159.0,972.9547101447904,-3.0,0.1,-1.35,1.0031884057923117,2014-01-07 08:00:00,14.0,2014-01-08 08:00:00
7560,2014-01-10 11:00:00,0,train,7572,2014,1,10,11,62.0,108.0,67.0,69.0,1900.0,1.0,-0.3,1024.8,-20.6,0.0,SSW,0.7,Aotizhongxin,11.0,68.0,45.0,314.1449275360278,-8.7,1.2,-3.45,10.949981884052786,2014-01-10 11:00:00,50.0,2014-01-11 11:00:00
7724,2014-01-17 07:00:00,0,train,7736,2014,1,17,7,89.0,59.0,77.0,59.0,1600.0,,-1.7,1025.6,-5.4,0.0,WSW,1.1,Aotizhongxin,89.0,422.0,253.5,11536.76630434778,-2.3,6.9,0.2,6.822590579705662,2014-01-17 07:00:00,19.0,2014-01-18 07:00:00
7729,2014-01-17 12:00:00,0,train,7741,2014,1,17,12,100.0,106.0,77.0,64.0,1800.0,15.0,3.5,1024.4,-8.5,0.0,W,1.8,Aotizhongxin,70.0,356.0,180.0,8603.172101449201,-1.7,6.9,0.2,6.343025362314351,2014-01-17 12:00:00,35.0,2014-01-18 12:00:00
7732,2014-01-17 15:00:00,0,train,7744,2014,1,17,15,12.0,53.0,15.0,8.0,500.0,61.0,6.0,1024.0,-15.3,0.0,NW,2.3,Aotizhongxin,12.0,356.0,129.5,10098.144927536148,-1.7,6.5,0.2,5.67449275361869,2014-01-17 15:00:00,105.0,2014-01-18 15:00:00
7756,2014-01-18 15:00:00,0,train,7768,2014,1,18,15,105.0,138.0,41.0,89.0,1800.0,26.0,4.1,1025.1,-12.4,0.0,SW,4.1,Aotizhongxin,9.0,282.0,35.5,5643.9927536230625,-7.8,6.0,-3.3,24.499981884053117,2014-01-18 15:00:00,177.0,2014-01-19 15:00:00
7785,2014-01-19 20:00:00,0,train,7797,2014,1,19,20,27.0,462.0,11.0,8.0,500.0,60.0,2.0,1020.2,-17.0,0.0,N,5.1,Aotizhongxin,27.0,182.0,121.5,1559.2010869564149,-2.1,5.2,-0.15,5.466503623183845,2014-01-19 20:00:00,11.0,2014-01-20 20:00:00
7813,2014-01-21 00:00:00,0,train,7825,2014,1,21,0,10.0,17.0,8.0,2.0,,51.0,-3.1,1028.1,-17.9,0.0,N,1.1,Aotizhongxin,3.0,14.0,9.0,7.2590579708743395,-3.1,2.8,-0.7,2.7791123188359315,2014-01-21 00:00:00,119.0,2014-01-22 00:00:00
7827,2014-01-21 14:00:00,0,train,7839,2014,1,21,14,34.0,39.0,31.0,50.0,1000.0,25.0,3.4,1023.9,-17.5,0.0,SW,2.4,Aotizhongxin,6.0,34.0,13.0,44.08695652160065,-6.0,3.4,-1.1,8.164329710140146,2014-01-21 14:00:00,99.0,2014-01-22 14:00:00
7881,2014-01-23 20:00:00,0,train,7893,2014,1,23,20,250.0,311.0,105.0,132.0,4800.0,1.0,-0.8,1009.6,-9.9,0.0,NE,0.9,Aotizhongxin,168.0,287.0,201.0,1167.3623188404888,-4.9,3.9,-3.0,9.628623188400978,2014-01-23 20:00:00,43.0,2014-01-24 20:00:00
7917,2014-01-25 09:00:00,0,train,7930,2014,1,25,9,8.0,14.0,14.0,17.0,400.0,54.0,5.7,1021.7,-17.5,0.0,NNE,3.1,Aotizhongxin,6.0,188.0,41.5,2959.5634057970046,-1.0,8.8,4.25,7.71215579709739,2014-01-25 09:00:00,21.0,2014-01-26 09:00:00
7944,2014-01-26 12:00:00,0,train,7957,2014,1,26,12,25.0,50.0,44.0,16.0,400.0,56.0,1.6,1022.8,-7.7,0.0,S,2.6,Aotizhongxin,5.0,55.0,19.0,114.84584980226664,-2.3,8.2,0.2,9.333623188401347,2014-01-26 12:00:00,133.0,2014-01-27 12:00:00
8062,2014-01-31 10:00:00,0,train,8075,2014,1,31,10,73.0,94.0,70.0,40.0,1100.0,25.0,1.2,1014.4,-4.5,0.0,NNE,2.3,Aotizhongxin,12.0,333.0,99.5,7551.983695652083,-1.3,9.6,0.8999999999999999,16.315199275358058,2014-01-31 10:00:00,158.0,2014-02-01 10:00:00
8069,2014-01-31 17:00:00,0,train,8082,2014,1,31,17,129.0,148.0,62.0,41.0,1200.0,33.0,2.6,1012.3,-1.9,0.0,NE,1.0,Aotizhongxin,32.0,333.0,106.5,5218.650362318753,-1.3,5.0,0.8999999999999999,4.07737318840133,2014-01-31 17:00:00,98.0,2014-02-01 17:00:00
8094,2014-02-01 18:00:00,0,train,8107,2014,2,1,18,101.0,88.0,36.0,60.0,1800.0,1.0,3.4,1007.5,0.8,0.0,SW,1.3,Aotizhongxin,98.0,170.0,139.0,460.8967391303498,1.6,4.9,2.6,1.357971014488531,2014-02-01 18:00:00,3.0,2014-02-02 18:00:00
8177,2014-02-05 05:00:00,0,train,8190,2014,2,5,5,142.0,154.0,52.0,66.0,3100.0,1.0,-6.2,1022.9,-21.0,0.0,NE,1.9,Aotizhongxin,3.0,158.0,21.5,2374.0271739129307,-6.6,0.7,-2.4000000000000004,5.565489130429818,2014-02-05 05:00:00,141.0,2014-02-06 05:00:00
8218,2014-02-06 22:00:00,0,train,8231,2014,2,6,22,128.0,157.0,92.0,74.0,2500.0,10.0,-0.5,1024.7,-6.5,0.0,WSW,1.7,Aotizhongxin,87.0,167.0,119.0,457.53623188397114,-4.5,1.8,-0.9,4.442826086951719,2014-02-06 22:00:00,81.0,2014-02-07 22:00:00
8424,2014-02-15 12:00:00,1,train,8437,2014,2,15,12,330.0,307.0,123.0,83.0,2900.0,20.0,2.9,1018.5,-5.8,0.0,ENE,1.6,Aotizhongxin,114.0,584.0,312.5,12457.297101449285,-4.5,3.2,-2.8,7.393894927531439,2014-02-15 12:00:00,258.0,2014-02-16 12:00:00
8451,2014-02-16 15:00:00,0,train,8464,2014,2,16,15,130.0,87.0,50.0,48.0,1500.0,67.0,5.6,1023.1,-8.0,0.0,SW,3.7,Aotizhongxin,122.0,505.0,409.5,13252.31884057974,-3.4,7.0,-1.5,13.75217391303894,2014-02-16 15:00:00,80.0,2014-02-17 15:00:00
8477,2014-02-17 17:00:00,0,train,8490,2014,2,17,17,77.0,85.0,50.0,55.0,1700.0,56.0,2.8,1027.4,-13.5,0.0,SSW,2.0,Aotizhongxin,42.0,296.0,81.5,7238.983695651984,-1.2,5.0,2.3,2.9765036231841275,2014-02-17 17:00:00,77.0,2014-02-18 17:00:00
8547,2014-02-20 15:00:00,1,train,8560,2014,2,20,15,256.0,262.0,57.0,84.0,2300.0,15.0,1.8,1022.9,-3.9,0.0,SE,0.7,Aotizhongxin,13.0,256.0,131.0,3777.036231883866,-3.5,4.7,0.35,4.888043478256278,2014-02-20 15:00:00,243.0,2014-02-21 15:00:00
8579,2014-02-21 23:00:00,1,train,8592,2014,2,21,23,246.0,294.0,61.0,119.0,3400.0,1.0,-1.1,1023.0,-3.6,0.0,NE,0.9,Aotizhongxin,196.0,304.0,244.0,913.7318840579039,-1.1,4.0,-0.25,3.2303623188361095,2014-02-21 23:00:00,204.0,2014-02-22 23:00:00
8621,2014-02-23 17:00:00,1,train,8634,2014,2,23,17,216.0,278.0,163.0,98.0,4100.0,1.0,2.8,1023.5,-2.7,0.0,ENE,0.8,Aotizhongxin,158.0,261.0,194.0,555.9710144926479,1.4,4.7,2.8499999999999996,0.8546195652131914,2014-02-23 17:00:00,323.0,2014-02-24 17:00:00
8683,2014-02-26 13:00:00,0,train,8702,2014,2,26,13,518.0,520.0,171.0,152.0,5700.0,4.0,8.0,1014.7,1.6,0.0,ENE,2.1,Aotizhongxin,314.0,518.0,455.0,3945.437908496836,-0.2,8.6,3.3,8.16840579709743,2014-02-26 13:00:00,15.0,2014-02-27 13:00:00
8719,2014-02-28 01:00:00,1,train,8738,2014,2,28,1,39.0,55.0,18.0,83.0,800.0,2.0,-1.4,1022.3,-8.2,0.0,N,1.0,Aotizhongxin,7.0,46.0,15.5,102.65036231871655,-2.0,8.6,3.45,11.916068840575596,2014-02-28 01:00:00,210.0,2014-03-01 01:00:00
8804,2014-03-03 14:00:00,0,train,8823,2014,3,3,14,269.0,307.0,133.0,101.0,5000.0,2.0,3.2,1013.8,-3.0,0.0,NE,2.0,Aotizhongxin,125.0,269.0,185.5,2247.3315217390914,-2.3,11.0,3.1,13.475199275358175,2014-03-03 14:00:00,7.0,2014-03-04 14:00:00
8865,2014-03-06 03:00:00,0,train,8884,2014,3,6,3,8.0,12.0,5.0,19.0,400.0,60.0,1.0,1024.1,-20.7,0.0,NNE,2.2,Aotizhongxin,3.0,46.0,21.0,177.5579710143897,-5.4,8.3,3.2,14.839836956517525,2014-03-06 03:00:00,77.0,2014-03-07 03:00:00
8880,2014-03-06 18:00:00,0,train,8899,2014,3,6,18,7.0,13.0,9.0,17.0,400.0,74.0,5.3,1021.7,-18.6,0.0,SW,3.4,Aotizhongxin,3.0,46.0,10.0,163.67934782598118,-1.7,8.8,3.2,10.29780797101036,2014-03-06 18:00:00,38.0,2014-03-07 18:00:00
8881,2014-03-06 19:00:00,0,train,8900,2014,3,6,19,11.0,45.0,13.0,36.0,600.0,52.0,4.5,1021.8,-17.8,0.0,WSW,2.4,Aotizhongxin,3.0,46.0,10.0,133.47101449264733,-1.7,8.8,3.2,10.327807971010364,2014-03-06 19:00:00,38.0,2014-03-07 19:00:00
8984,2014-03-11 02:00:00,0,train,9003,2014,3,11,2,185.0,236.0,95.0,116.0,3500.0,2.0,1.7,1011.7,-2.6,0.0,NE,1.2,Aotizhongxin,19.0,190.0,99.0,2634.2318840579032,0.3,9.2,3.5999999999999996,8.431141304343766,2014-03-11 02:00:00,3.0,2014-03-12 02:00:00
9031,2014-03-13 01:00:00,0,train,9050,2014,3,13,1,23.0,40.0,14.0,66.0,700.0,11.0,0.0,1020.0,-11.1,0.0,WNW,1.1,Aotizhongxin,3.0,52.0,7.0,152.8242753622303,0.0,11.0,7.05,6.837101449271763,2014-03-13 01:00:00,21.0,2014-03-14 01:00:00
9086,2014-03-15 08:00:00,0,train,9105,2014,3,15,8,79.0,170.0,49.0,74.0,1600.0,2.0,8.0,1006.1,-6.9,0.0,N,1.2,Aotizhongxin,7.0,83.0,44.0,648.6666666665864,1.9,16.5,11.95,24.246938405793916,2014-03-15 08:00:00,74.0,2014-03-16 08:00:00
9093,2014-03-15 15:00:00,0,train,9112,2014,3,15,15,117.0,183.0,48.0,112.0,1500.0,46.0,22.1,1002.6,-6.7,0.0,SSW,1.6,Aotizhongxin,21.0,117.0,71.5,685.2445652173172,1.9,22.1,11.100000000000001,37.462590579707054,2014-03-15 15:00:00,97.0,2014-03-16 15:00:00
9172,2014-03-18 22:00:00,0,train,9191,2014,3,18,22,40.0,89.0,12.0,49.0,700.0,50.0,9.2,1015.5,-7.9,0.0,SSW,3.5,Aotizhongxin,15.0,73.0,25.5,462.78079710137433,6.8,17.1,12.1,7.123695652170967,2014-03-18 22:00:00,18.0,2014-03-19 22:00:00
9213,2014-03-20 15:00:00,0,train,9232,2014,3,20,15,16.0,42.0,4.0,9.0,300.0,89.0,18.8,1017.5,-10.2,0.0,NNW,4.4,Aotizhongxin,6.0,58.0,13.0,196.05797101441416,6.5,18.8,10.95,14.118188405794003,2014-03-20 15:00:00,24.0,2014-03-21 15:00:00
9332,2014-03-25 14:00:00,1,train,9351,2014,3,25,14,188.0,253.0,61.0,85.0,1600.0,148.0,22.1,1002.3,5.1,0.0,SSW,1.2,Aotizhongxin,157.0,274.0,233.0,1074.4057971014163,9.1,22.3,13.25,22.165797101446618,2014-03-25 14:00:00,277.0,2014-03-26 14:00:00
9342,2014-03-26 00:00:00,1,train,9361,2014,3,26,0,192.0,315.0,36.0,134.0,1300.0,2.0,10.3,1004.1,7.4,0.0,SE,0.5,Aotizhongxin,147.0,274.0,225.5,1570.4184782608331,9.1,22.3,15.600000000000001,24.08579710144674,2014-03-26 00:00:00,389.0,2014-03-27 00:00:00
9344,2014-03-26 02:00:00,1,train,9363,2014,3,26,2,220.0,246.0,37.0,154.0,1800.0,2.0,10.1,1004.1,6.1,0.0,E,0.0,Aotizhongxin,147.0,268.0,215.5,1290.0851449274987,9.1,22.3,15.600000000000001,23.652971014490227,2014-03-26 02:00:00,398.0,2014-03-27 02:00:00
9351,2014-03-26 09:00:00,1,train,9370,2014,3,26,9,284.0,348.0,49.0,124.0,2300.0,2.0,16.0,1006.9,8.5,0.0,NE,1.3,Aotizhongxin,147.0,284.0,221.5,1646.862318840543,8.6,22.3,15.3,23.206884057968495,2014-03-26 09:00:00,305.0,2014-03-27 09:00:00
9371,2014-03-27 05:00:00,0,train,9390,2014,3,27,5,299.0,349.0,25.0,124.0,1900.0,2.0,12.0,1006.5,9.0,0.0,NE,1.6,Aotizhongxin,254.0,410.0,318.5,2185.86775362318,10.7,23.2,14.55,18.42492753622949,2014-03-27 05:00:00,143.0,2014-03-28 05:00:00
9439,2014-03-30 01:00:00,0,train,9458,2014,3,30,1,54.0,155.0,12.0,101.0,700.0,2.0,9.3,1008.8,6.6,0.0,W,0.0,Aotizhongxin,5.0,57.0,26.0,187.0362318838644,9.3,23.0,17.35,19.796739130432446,2014-03-30 01:00:00,92.0,2014-03-31 01:00:00
9506,2014-04-01 20:00:00,0,train,9525,2014,4,1,20,66.0,118.0,12.0,54.0,600.0,105.0,19.1,1003.8,5.5,0.0,SW,2.3,Aotizhongxin,43.0,209.0,128.5,1869.0851449274153,8.8,23.6,15.2,28.75992753622945,2014-04-01 20:00:00,103.0,2014-04-02 20:00:00
9518,2014-04-02 08:00:00,0,train,9537,2014,4,2,8,140.0,226.0,28.0,101.0,1200.0,2.0,17.2,1008.4,7.3,0.0,NE,3.6,Aotizhongxin,43.0,209.0,108.5,1616.6793478259585,10.8,23.6,18.75,17.875362318838423,2014-04-02 08:00:00,10.0,2014-04-03 08:00:00
9550,2014-04-03 16:00:00,0,train,9569,2014,4,3,16,3.0,42.0,2.0,10.0,300.0,96.0,19.5,1015.1,-15.7,0.0,ENE,4.6,Aotizhongxin,3.0,139.0,47.5,1813.824275362159,8.7,19.7,15.350000000000001,14.054329710142328,2014-04-03 16:00:00,19.0,2014-04-04 16:00:00
9560,2014-04-04 02:00:00,0,train,9579,2014,4,4,2,31.0,152.0,11.0,38.0,500.0,42.0,7.6,1012.9,-2.7,0.0,WSW,2.3,Aotizhongxin,3.0,58.0,18.0,277.3913043476494,7.6,19.7,13.399999999999999,19.46840579709869,2014-04-04 02:00:00,36.0,2014-04-05 02:00:00
9575,2014-04-04 17:00:00,0,train,9594,2014,4,4,17,16.0,114.0,2.0,13.0,300.0,102.0,21.3,1006.4,-10.4,0.0,NNE,4.6,Aotizhongxin,10.0,62.0,32.5,237.03623188388627,3.8,26.4,11.4,54.77867753622917,2014-04-04 17:00:00,14.0,2014-04-05 17:00:00
9605,2014-04-05 23:00:00,0,train,9624,2014,4,5,23,54.0,152.0,11.0,65.0,600.0,44.0,7.8,1015.4,3.1,0.0,WSW,0.7,Aotizhongxin,6.0,54.0,27.5,217.5634057969259,4.8,20.9,13.55,23.339981884055092,2014-04-05 23:00:00,58.0,2014-04-06 23:00:00
9636,2014-04-07 06:00:00,0,train,9655,2014,4,7,6,84.0,242.0,12.0,85.0,700.0,2.0,9.8,1008.3,2.4,0.0,ENE,0.8,Aotizhongxin,32.0,84.0,57.5,230.17391304332278,7.5,24.3,17.85,34.37563405796868,2014-04-07 06:00:00,168.0,2014-04-08 06:00:00
9742,2014-04-11 16:00:00,0,train,9761,2014,4,11,16,63.0,65.0,12.0,45.0,400.0,95.0,16.8,1010.6,-0.4,0.0,SW,1.0,Aotizhongxin,43.0,96.0,76.5,209.55797101434106,13.1,17.7,15.25,2.266956521736428,2014-04-11 16:00:00,93.0,2014-04-12 16:00:00
9749,2014-04-11 23:00:00,0,train,9768,2014,4,11,23,98.0,124.0,38.0,116.0,1600.0,2.0,11.1,1012.0,2.4,0.0,WSW,1.1,Aotizhongxin,43.0,98.0,74.0,269.5489130433258,11.1,17.7,14.149999999999999,3.1017391304319863,2014-04-11 23:00:00,115.0,2014-04-12 23:00:00
9802,2014-04-14 04:00:00,0,train,9821,2014,4,14,4,253.0,276.0,21.0,111.0,2100.0,2.0,12.1,1011.7,10.0,0.0,NE,1.0,Aotizhongxin,140.0,253.0,191.0,1208.346014492685,9.9,23.3,16.6,19.179981884055668,2014-04-14 04:00:00,59.0,2014-04-15 04:00:00
9842,2014-04-15 20:00:00,0,train,9861,2014,4,15,20,51.0,162.0,10.0,73.0,800.0,16.0,15.5,1013.7,1.2,0.0,SW,1.5,Aotizhongxin,51.0,260.0,102.5,2726.8242753621826,13.1,22.1,17.6,7.663315217389121,2014-04-15 20:00:00,66.0,2014-04-16 20:00:00
9845,2014-04-15 23:00:00,0,train,9864,2014,4,15,23,37.0,84.0,10.0,62.0,500.0,16.0,13.5,1012.8,3.8,0.0,SSW,0.8,Aotizhongxin,37.0,164.0,78.0,1728.5144927534734,13.1,22.1,16.85,8.1736231884035,2014-04-15 23:00:00,81.0,2014-04-16 23:00:00
9855,2014-04-16 09:00:00,0,train,9874,2014,4,16,9,86.0,108.0,15.0,89.0,900.0,2.0,17.1,1010.2,-2.6,0.0,WSW,1.0,Aotizhongxin,35.0,128.0,63.0,772.8405797099797,12.1,22.1,15.45,10.127536231881617,2014-04-16 09:00:00,107.0,2014-04-17 09:00:00
9902,2014-04-18 08:00:00,0,train,9921,2014,4,18,8,146.0,161.0,14.0,82.0,1100.0,2.0,15.8,1014.7,12.0,0.0,E,1.0,Aotizhongxin,68.0,159.0,116.0,698.840579710012,11.4,17.2,14.9,2.471521739127734,2014-04-18 08:00:00,72.0,2014-04-19 08:00:00
9920,2014-04-19 02:00:00,0,train,9939,2014,4,19,2,74.0,140.0,19.0,114.0,900.0,8.0,13.7,1016.3,2.6,0.0,WSW,1.5,Aotizhongxin,65.0,188.0,127.0,1510.8677536230648,12.6,21.0,15.45,7.986068840577326,2014-04-19 02:00:00,121.0,2014-04-20 02:00:00
9979,2014-04-21 13:00:00,0,train,9998,2014,4,21,13,27.0,41.0,5.0,20.0,300.0,96.0,23.8,1009.5,0.1,0.0,WSW,3.5,Aotizhongxin,21.0,90.0,64.0,414.5634057969375,7.9,24.1,18.1,33.55114130434549,2014-04-21 13:00:00,75.0,2014-04-22 13:00:00
10105,2014-04-30 19:00:00,0,train,10220,2014,4,30,19,114.0,170.0,10.0,56.0,600.0,162.0,23.7,1001.4,11.4,0.0,SSW,1.8,Aotizhongxin,61.0,185.0,113.0,915.4764492753623,12.6,27.6,20.95,25.38635869565096,2014-04-30 19:00:00,67.0,2014-05-01 19:00:00
10182,2014-05-04 00:00:00,0,train,10297,2014,5,4,0,51.0,76.0,2.0,9.0,300.0,75.0,11.0,1012.6,-4.3,0.0,NNW,2.7,Aotizhongxin,33.0,99.0,55.5,389.5362318840507,7.9,23.0,15.2,27.925054347823338,2014-05-04 00:00:00,98.0,2014-05-05 00:00:00
10186,2014-05-04 04:00:00,0,train,10301,2014,5,4,4,34.0,36.0,2.0,17.0,300.0,65.0,9.9,1012.1,-7.3,0.0,NNW,3.3,Aotizhongxin,32.0,99.0,53.0,439.7807971014418,8.9,23.0,15.2,25.157101449272673,2014-05-04 04:00:00,58.0,2014-05-05 04:00:00
10227,2014-05-05 21:00:00,0,train,10342,2014,5,5,21,38.0,73.0,5.0,46.0,400.0,69.0,13.8,1009.4,-0.7,0.0,S,0.8,Aotizhongxin,16.0,98.0,34.5,340.1449275362227,5.4,20.8,15.7,35.501286231880755,2014-05-05 21:00:00,113.0,2014-05-06 21:00:00
10259,2014-05-07 05:00:00,0,train,10374,2014,5,7,5,136.0,194.0,29.0,104.0,2400.0,2.0,11.0,998.7,8.9,0.0,NNE,0.1,Aotizhongxin,69.0,179.0,118.0,604.1086956521702,10.9,21.8,17.0,14.01565217391047,2014-05-07 05:00:00,134.0,2014-05-08 05:00:00
10298,2014-05-08 20:00:00,0,train,10413,2014,5,8,20,68.0,129.0,23.0,60.0,1100.0,106.0,19.2,1007.3,5.6,0.0,SSE,1.7,Aotizhongxin,33.0,146.0,82.5,1179.9981884057922,10.3,22.2,19.1,18.951576086954244,2014-05-08 20:00:00,37.0,2014-05-09 20:00:00
10478,2014-05-16 08:00:00,0,train,10593,2014,5,16,8,98.0,214.0,14.0,84.0,600.0,23.0,24.2,1002.3,5.5,0.0,NNE,2.1,Aotizhongxin,40.0,158.0,96.5,822.6503623188422,13.8,27.8,22.9,22.863405797100476,2014-05-16 08:00:00,73.0,2014-05-17 08:00:00
10479,2014-05-16 09:00:00,0,train,10594,2014,5,16,9,77.0,135.0,3.0,55.0,400.0,53.0,25.5,1002.7,4.0,0.0,ENE,2.2,Aotizhongxin,40.0,158.0,96.5,723.8532608695674,13.8,27.8,24.1,23.34579710144835,2014-05-16 09:00:00,79.0,2014-05-17 09:00:00
10481,2014-05-16 11:00:00,0,train,10596,2014,5,16,11,27.0,60.0,2.0,18.0,200.0,104.0,27.4,1002.6,6.2,0.0,SE,1.3,Aotizhongxin,27.0,158.0,96.5,805.9112318840599,13.8,27.8,24.45,24.611231884057105,2014-05-16 11:00:00,98.0,2014-05-17 11:00:00
10510,2014-05-17 16:00:00,0,train,10625,2014,5,17,16,71.0,159.0,20.0,28.0,700.0,196.0,26.3,1004.1,6.8,0.0,SSW,1.9,Aotizhongxin,14.0,101.0,69.0,601.5362318840508,14.5,27.8,23.0,21.862155797100485,2014-05-17 16:00:00,84.0,2014-05-18 16:00:00
10622,2014-05-22 08:00:00,0,train,10737,2014,5,22,8,253.0,369.0,25.0,88.0,1900.0,15.0,24.6,1002.2,18.3,0.0,NE,1.6,Aotizhongxin,89.0,253.0,144.0,1771.5889130435041,19.0,30.7,24.3,17.63389492753599,2014-05-22 08:00:00,114.0,2014-05-23 08:00:00
10639,2014-05-23 01:00:00,0,train,10754,2014,5,23,1,76.0,171.0,13.0,40.0,500.0,120.0,22.5,1003.8,16.3,0.0,S,0.2,Aotizhongxin,42.0,290.0,117.5,7791.151231884082,19.0,33.6,26.95,26.22601449275416,2014-05-23 01:00:00,107.0,2014-05-24 01:00:00
10764,2014-05-28 06:00:00,0,train,10879,2014,5,28,6,40.0,40.0,12.0,98.0,900.0,2.0,19.8,998.1,11.0,0.0,ENE,0.4,Aotizhongxin,7.0,145.0,19.0,1552.20108695653,15.1,31.9,28.25,42.73913043478227,2014-05-28 06:00:00,67.0,2014-05-29 06:00:00
10819,2014-05-30 13:00:00,0,train,10934,2014,5,30,13,119.0,233.0,50.0,43.0,1600.0,302.0,34.2,999.5,15.6,0.0,SE,1.8,Aotizhongxin,19.0,122.0,67.0,936.3025362318928,22.1,40.3,27.950000000000003,36.61346014492875,2014-05-30 13:00:00,139.0,2014-05-31 13:00:00
10823,2014-05-30 17:00:00,0,train,10938,2014,5,30,17,111.0,246.0,40.0,44.0,1100.0,306.0,32.1,999.0,15.1,0.0,ESE,2.0,Aotizhongxin,38.0,122.0,79.0,832.949275362328,22.1,34.9,27.950000000000003,23.70492753623281,2014-05-30 17:00:00,144.0,2014-05-31 17:00:00
10844,2014-05-31 14:00:00,0,train,10959,2014,5,31,14,140.0,263.0,76.0,86.0,2600.0,206.0,33.3,999.5,15.3,0.0,WSW,1.7,Aotizhongxin,76.0,140.0,103.5,383.38949275363206,21.5,34.3,27.45,18.168913043478916,2014-05-31 14:00:00,33.0,2014-06-01 14:00:00
10856,2014-06-01 02:00:00,0,train,10971,2014,6,1,2,57.0,57.0,2.0,21.0,400.0,131.0,21.4,1002.6,18.2,0.1,ENE,1.3,Aotizhongxin,57.0,152.0,115.5,939.8188405797192,20.3,33.5,26.9,24.88666666666695,2014-06-01 02:00:00,50.0,2014-06-02 02:00:00
10862,2014-06-01 08:00:00,0,train,10977,2014,6,1,8,44.0,44.0,4.0,34.0,400.0,107.0,23.4,1001.9,17.6,0.0,NE,2.0,Aotizhongxin,43.0,152.0,115.5,1869.5579710145023,20.3,33.5,25.45,27.444057971014633,2014-06-01 08:00:00,23.0,2014-06-02 08:00:00
10904,2014-06-03 02:00:00,0,train,11019,2014,6,3,2,50.0,75.0,2.0,125.0,600.0,2.0,16.2,1002.4,15.6,0.0,ESE,0.0,Aotizhongxin,17.0,50.0,28.5,103.23913043479513,16.2,26.3,20.2,10.945797101447601,2014-06-03 02:00:00,54.0,2014-06-04 02:00:00
10925,2014-06-03 23:00:00,0,train,11040,2014,6,3,23,57.0,57.0,6.0,96.0,800.0,54.0,24.5,1002.2,14.0,0.0,S,2.4,Aotizhongxin,21.0,57.0,39.5,131.2101449275482,16.2,32.0,25.7,33.653460144927216,2014-06-03 23:00:00,48.0,2014-06-04 23:00:00
10933,2014-06-04 07:00:00,0,train,11048,2014,6,4,7,83.0,83.0,7.0,106.0,900.0,13.0,23.7,1001.8,17.0,0.0,NE,0.7,Aotizhongxin,21.0,83.0,50.0,274.1449275362433,20.0,32.0,25.7,17.939710144927627,2014-06-04 07:00:00,94.0,2014-06-05 07:00:00
10976,2014-06-06 02:00:00,0,train,11091,2014,6,6,2,96.0,96.0,10.0,87.0,800.0,67.0,22.9,997.6,18.9,0.0,ENE,0.7,Aotizhongxin,42.0,103.0,74.0,351.5634057971106,19.7,33.7,28.75,19.734492753623876,2014-06-06 02:00:00,24.0,2014-06-07 02:00:00
11028,2014-06-08 06:00:00,0,train,11143,2014,6,8,6,18.0,18.0,2.0,50.0,400.0,8.0,19.3,997.5,14.1,0.0,E,1.0,Aotizhongxin,3.0,33.0,9.5,91.30253623189579,18.2,30.7,24.05,19.721449275361696,2014-06-08 06:00:00,21.0,2014-06-09 06:00:00
11079,2014-06-10 09:00:00,0,train,11194,2014,6,10,9,81.0,81.0,10.0,56.0,1300.0,42.0,23.2,1003.4,17.0,0.0,WNW,1.1,Aotizhongxin,19.0,81.0,47.5,310.9981884058072,17.4,29.6,22.95,19.50940217391217,2014-06-10 09:00:00,91.0,2014-06-11 09:00:00
11170,2014-06-14 04:00:00,0,train,11285,2014,6,14,4,25.0,25.0,4.0,31.0,100.0,32.0,18.1,1002.4,18.1,0.0,NE,0.0,Aotizhongxin,15.0,117.0,39.0,1113.1014492753736,18.1,31.5,22.9,25.520869565216852,2014-06-14 04:00:00,96.0,2014-06-15 04:00:00
11182,2014-06-14 16:00:00,0,train,11297,2014,6,14,16,39.0,39.0,5.0,28.0,500.0,217.0,32.2,997.8,18.4,0.0,WSW,3.3,Aotizhongxin,15.0,57.0,27.5,125.73188405798567,18.1,33.3,20.299999999999997,28.687753623187717,2014-06-14 16:00:00,156.0,2014-06-15 16:00:00
11205,2014-06-15 15:00:00,0,train,11320,2014,6,15,15,125.0,125.0,24.0,49.0,1000.0,247.0,29.3,996.5,19.9,0.0,WSW,0.8,Aotizhongxin,39.0,163.0,106.0,1267.346014492754,22.7,32.2,26.85,11.028532608695915,2014-06-15 15:00:00,164.0,2014-06-16 15:00:00
11207,2014-06-15 17:00:00,0,train,11322,2014,6,15,17,147.0,147.0,14.0,65.0,1100.0,232.0,28.7,996.7,17.9,0.0,NE,2.0,Aotizhongxin,51.0,163.0,113.5,1050.1286231884044,22.7,31.7,26.85,9.41824275362339,2014-06-15 17:00:00,106.0,2014-06-16 17:00:00
11265,2014-06-18 03:00:00,0,train,11380,2014,6,18,3,58.0,58.0,2.0,57.0,500.0,2.0,18.6,997.8,18.6,0.0,NNE,0.6,Aotizhongxin,14.0,160.0,57.0,1717.8677536231976,18.5,26.7,20.2,8.21710144927385,2014-06-18 03:00:00,129.0,2014-06-19 03:00:00
11276,2014-06-18 14:00:00,0,train,11391,2014,6,18,14,28.0,28.0,5.0,22.0,400.0,139.0,30.0,995.1,18.8,0.0,W,2.4,Aotizhongxin,27.0,160.0,60.0,1268.8242753623279,18.5,30.6,20.2,18.8502717391293,2014-06-18 14:00:00,141.0,2014-06-19 14:00:00
11346,2014-06-21 12:00:00,0,train,11461,2014,6,21,12,88.0,88.0,13.0,35.0,1300.0,92.0,25.5,1002.4,19.2,0.0,WNW,1.9,Aotizhongxin,15.0,97.0,78.0,906.804347826094,20.3,28.4,22.9,7.053840579709439,2014-06-21 12:00:00,44.0,2014-06-22 12:00:00
11365,2014-06-22 07:00:00,0,train,11480,2014,6,22,7,18.0,18.0,2.0,55.0,200.0,28.0,19.8,1004.3,18.6,0.0,NNE,0.6,Aotizhongxin,13.0,96.0,45.0,949.8242753623272,16.9,26.6,18.950000000000003,13.243749999998265,2014-06-22 07:00:00,21.0,2014-06-23 07:00:00
11458,2014-06-26 04:00:00,0,train,11573,2014,6,26,4,189.0,189.0,6.0,24.0,900.0,43.0,22.8,997.3,22.3,0.0,NNW,0.4,Aotizhongxin,75.0,190.0,114.0,917.4619565217359,22.5,26.6,23.55,1.714329710144468,2014-06-26 04:00:00,20.0,2014-06-27 04:00:00
11471,2014-06-26 17:00:00,0,train,11586,2014,6,26,17,118.0,118.0,8.0,43.0,800.0,242.0,31.2,995.0,22.0,0.0,W,2.1,Aotizhongxin,50.0,190.0,138.5,1592.1449275362263,22.4,32.7,23.55,16.195634057971233,2014-06-26 17:00:00,16.0,2014-06-27 17:00:00
11472,2014-06-26 18:00:00,0,train,11587,2014,6,26,18,106.0,106.0,9.0,39.0,700.0,209.0,30.5,996.1,21.6,0.0,SW,1.8,Aotizhongxin,50.0,190.0,138.5,1622.9981884057918,22.4,32.7,24.05,16.591884057971324,2014-06-26 18:00:00,15.0,2014-06-27 18:00:00
11510,2014-06-28 08:00:00,0,train,11625,2014,6,28,8,23.0,23.0,11.0,58.0,300.0,26.0,30.5,1000.8,11.5,0.0,NNE,2.5,Aotizhongxin,4.0,56.0,22.0,151.13043478262807,19.2,34.5,27.950000000000003,33.06840579710194,2014-06-28 08:00:00,43.0,2014-06-29 08:00:00
11531,2014-06-29 05:00:00,0,train,11646,2014,6,29,5,17.0,17.0,2.0,44.0,300.0,16.0,22.7,1000.9,18.5,0.0,ENE,0.6,Aotizhongxin,13.0,63.0,22.0,167.72282608697498,22.1,36.6,29.9,29.53623188405926,2014-06-29 05:00:00,100.0,2014-06-30 05:00:00
11548,2014-06-29 22:00:00,0,train,11663,2014,6,29,22,69.0,69.0,19.0,67.0,1400.0,157.0,25.0,1000.0,21.3,0.0,WSW,0.9,Aotizhongxin,17.0,74.0,46.0,294.6503623188531,22.1,34.3,28.65,17.13679347826174,2014-06-29 22:00:00,47.0,2014-06-30 22:00:00
11603,2014-07-02 05:00:00,1,train,11718,2014,7,2,5,49.0,49.0,2.0,14.0,500.0,100.0,21.5,997.8,21.5,0.0,NE,0.5,Aotizhongxin,22.0,188.0,120.0,2276.9547101449225,21.2,31.2,27.950000000000003,15.533460144927764,2014-07-02 05:00:00,226.0,2014-07-03 05:00:00
11680,2014-07-05 10:00:00,1,train,11795,2014,7,5,10,117.0,117.0,3.0,49.0,900.0,90.0,29.4,1001.8,22.4,0.0,W,1.1,Aotizhongxin,117.0,229.0,159.0,769.4492753622811,22.9,33.9,27.4,11.570851449276004,2014-07-05 10:00:00,226.0,2014-07-06 10:00:00
11736,2014-07-07 18:00:00,0,train,11851,2014,7,7,18,219.0,219.0,2.0,44.0,1000.0,188.0,30.9,994.0,23.3,0.0,SSW,1.3,Aotizhongxin,84.0,233.0,156.5,2438.7826086956134,24.9,31.7,28.950000000000003,5.362536231885211,2014-07-07 18:00:00,10.0,2014-07-08 18:00:00
11750,2014-07-08 08:00:00,0,train,11865,2014,7,8,8,137.0,137.0,2.0,66.0,1100.0,44.0,28.8,996.8,23.9,0.0,NE,1.8,Aotizhongxin,100.0,261.0,201.0,2182.0416666666097,24.3,31.7,29.1,6.260797101450385,2014-07-08 08:00:00,22.0,2014-07-09 08:00:00
11853,2014-07-12 15:00:00,0,train,11968,2014,7,12,15,7.0,7.0,2.0,17.0,200.0,118.0,34.3,994.6,13.7,0.0,W,1.6,Aotizhongxin,6.0,43.0,13.5,87.6068840580294,21.5,34.7,29.4,18.395634057972057,2014-07-12 15:00:00,11.0,2014-07-13 15:00:00
11856,2014-07-12 18:00:00,0,train,11971,2014,7,12,18,15.0,15.0,3.0,27.0,200.0,131.0,31.2,994.5,11.6,0.0,WSW,2.2,Aotizhongxin,6.0,43.0,13.5,90.08514492759473,21.5,34.7,29.4,18.359836956522773,2014-07-12 18:00:00,19.0,2014-07-13 18:00:00
11942,2014-07-16 08:00:00,0,train,12057,2014,7,16,8,85.0,85.0,2.0,72.0,600.0,14.0,26.1,999.0,22.6,0.0,NE,1.1,Aotizhongxin,48.0,100.0,59.5,222.3405797101729,21.8,31.6,26.1,14.593623188406015,2014-07-16 08:00:00,132.0,2014-07-17 08:00:00
11988,2014-07-18 06:00:00,0,train,12103,2014,7,18,6,121.0,121.0,2.0,38.0,1200.0,49.0,25.4,1002.3,24.0,0.0,NE,0.8,Aotizhongxin,114.0,219.0,159.5,842.8097826086657,23.5,28.5,26.700000000000003,1.9030253623190243,2014-07-18 06:00:00,73.0,2014-07-19 06:00:00
11992,2014-07-18 10:00:00,0,train,12107,2014,7,18,10,121.0,,8.0,44.0,2200.0,61.0,29.6,1002.2,24.7,0.0,ENE,0.6,Aotizhongxin,112.0,219.0,159.5,907.9981884057678,24.7,29.6,27.15,1.8243297101452933,2014-07-18 10:00:00,72.0,2014-07-19 10:00:00
12098,2014-07-22 20:00:00,0,train,12213,2014,7,22,20,27.0,27.0,5.0,57.0,900.0,29.0,24.5,1000.7,18.9,0.0,WNW,0.0,Aotizhongxin,7.0,27.0,11.0,20.54347826094253,24.5,30.1,27.05,1.559057971014975,2014-07-22 20:00:00,48.0,2014-07-23 20:00:00
12185,2014-07-26 11:00:00,0,train,12300,2014,7,26,11,138.0,138.0,3.0,89.0,1300.0,129.0,32.1,1003.0,22.2,0.0,W,2.5,Aotizhongxin,31.0,146.0,79.5,1446.253623188429,21.9,34.3,28.75,16.302608695653188,2014-07-26 11:00:00,133.0,2014-07-27 11:00:00
12270,2014-07-30 00:00:00,1,train,12385,2014,7,30,0,73.0,73.0,2.0,22.0,500.0,123.0,23.5,998.0,23.3,1.1,SSW,1.2,Aotizhongxin,73.0,201.0,106.5,1088.8405797101475,23.5,33.1,28.950000000000003,10.337318840580798,2014-07-30 00:00:00,212.0,2014-07-31 00:00:00
12314,2014-07-31 20:00:00,0,train,12429,2014,7,31,20,168.0,168.0,2.0,36.0,1100.0,161.0,27.1,1000.4,23.3,0.0,WSW,0.5,Aotizhongxin,157.0,256.0,214.5,790.5199275361832,24.9,31.3,26.9,5.127753623189071,2014-07-31 20:00:00,152.0,2014-08-01 20:00:00
12332,2014-08-01 14:00:00,0,train,12447,2014,8,1,14,159.0,159.0,2.0,27.0,1000.0,197.0,32.5,999.1,23.5,0.0,WSW,1.6,Aotizhongxin,144.0,222.0,174.5,506.10869565214233,24.4,32.5,27.15,5.602445652174685,2014-08-01 14:00:00,158.0,2014-08-02 14:00:00
12400,2014-08-04 10:00:00,0,train,12515,2014,8,4,10,14.0,14.0,2.0,29.0,200.0,48.0,24.0,999.3,22.4,6.4,ESE,1.2,Aotizhongxin,14.0,129.0,90.0,671.9402173913239,24.0,34.4,27.8,7.358188405798091,2014-08-04 10:00:00,28.0,2014-08-05 10:00:00
12430,2014-08-05 16:00:00,0,train,12545,2014,8,5,16,22.0,22.0,8.0,30.0,400.0,132.0,29.3,999.7,21.0,0.0,SW,1.6,Aotizhongxin,10.0,43.0,14.5,101.1014492754171,19.5,32.5,21.6,21.387228260869055,2014-08-05 16:00:00,3.0,2014-08-06 16:00:00
12527,2014-08-09 17:00:00,0,train,12642,2014,8,9,17,59.0,59.0,9.0,27.0,600.0,189.0,29.5,996.9,16.3,0.0,SW,2.3,Aotizhongxin,54.0,177.0,79.0,1228.3478260869708,20.6,31.7,26.85,14.262590579710485,2014-08-09 17:00:00,32.0,2014-08-10 17:00:00
12538,2014-08-10 04:00:00,0,train,12653,2014,8,10,4,29.0,29.0,2.0,39.0,300.0,38.0,19.2,998.5,19.2,0.1,SSW,0.0,Aotizhongxin,7.0,177.0,62.5,2537.188405797127,19.2,31.7,25.05,23.70514492753613,2014-08-10 04:00:00,21.0,2014-08-11 04:00:00
12572,2014-08-11 14:00:00,0,train,12687,2014,8,11,14,9.0,9.0,3.0,10.0,300.0,95.0,34.4,996.6,13.3,0.0,E,1.1,Aotizhongxin,8.0,78.0,31.5,610.8677536232346,21.8,34.4,27.700000000000003,19.07586956521833,2014-08-11 14:00:00,28.0,2014-08-12 14:00:00
12639,2014-08-14 09:00:00,0,train,12754,2014,8,14,9,27.0,27.0,5.0,50.0,500.0,19.0,24.8,1002.8,18.7,0.0,SSW,0.5,Aotizhongxin,19.0,49.0,26.9,63.05710144932523,16.8,24.8,19.85,4.965144927534292,2014-08-14 09:00:00,127.0,2014-08-15 09:00:00
12652,2014-08-14 22:00:00,0,train,12767,2014,8,14,22,18.0,18.0,3.0,75.0,500.0,30.0,20.8,1000.9,17.8,0.0,NW,0.0,Aotizhongxin,18.0,58.0,27.5,102.9275362319323,16.8,30.0,22.950000000000003,24.569981884057082,2014-08-14 22:00:00,34.0,2014-08-15 22:00:00
12657,2014-08-15 03:00:00,0,train,12772,2014,8,15,3,45.0,45.0,2.0,58.0,300.0,11.0,18.6,1000.5,17.8,0.0,E,0.5,Aotizhongxin,18.0,58.0,30.5,105.60688405801848,17.1,30.0,22.950000000000003,20.944619565216623,2014-08-15 03:00:00,88.0,2014-08-16 03:00:00
12690,2014-08-16 12:00:00,0,train,12805,2014,8,16,12,55.0,55.0,4.0,32.0,600.0,176.0,33.0,1001.7,17.2,0.0,SSE,1.1,Aotizhongxin,25.0,88.0,37.5,317.4764492754031,20.3,33.0,26.85,19.47123188405825,2014-08-16 12:00:00,47.0,2014-08-17 12:00:00
12695,2014-08-16 17:00:00,0,train,12810,2014,8,16,17,68.0,68.0,10.0,36.0,1000.0,249.0,30.9,999.9,18.3,0.0,WSW,2.7,Aotizhongxin,25.0,88.0,42.5,289.79710144931477,20.3,34.3,26.85,22.437373188406156,2014-08-16 17:00:00,32.0,2014-08-17 17:00:00
12736,2014-08-18 10:00:00,0,train,12851,2014,8,18,10,61.0,89.0,4.0,63.0,600.0,69.0,28.6,1006.5,19.5,0.0,WSW,2.0,Aotizhongxin,27.0,100.0,44.0,417.73731884061755,21.8,30.6,24.6,11.042155797101485,2014-08-18 10:00:00,136.0,2014-08-19 10:00:00
12756,2014-08-19 06:00:00,0,train,12871,2014,8,19,6,125.0,151.0,2.0,105.0,1100.0,2.0,21.2,1006.9,20.5,0.0,NNE,0.8,Aotizhongxin,28.0,125.0,75.5,462.78079710147153,20.1,30.9,26.15,14.102590579710236,2014-08-19 06:00:00,112.0,2014-08-20 06:00:00
12847,2014-08-23 01:00:00,0,train,12962,2014,8,23,1,103.0,180.0,4.0,136.0,1200.0,2.0,22.8,1000.3,22.1,0.0,WSW,0.6,Aotizhongxin,22.0,130.0,56.0,1587.6068840580053,19.9,27.2,24.55,5.859402173912513,2014-08-23 01:00:00,18.0,2014-08-24 01:00:00
12954,2014-08-27 12:00:00,0,train,13069,2014,8,27,12,39.0,96.0,,61.0,600.0,125.0,32.9,1006.9,14.5,0.0,SW,2.5,Aotizhongxin,8.0,56.0,27.5,179.3623188406416,16.6,35.5,23.65,44.41449275362313,2014-08-27 12:00:00,68.0,2014-08-28 12:00:00
12984,2014-08-28 18:00:00,0,train,13099,2014,8,28,18,79.0,124.0,5.0,40.0,600.0,126.0,22.8,1007.8,22.5,0.0,E,0.0,Aotizhongxin,56.0,113.6,79.0,314.1782427536446,22.6,28.3,23.8,3.1891123188402046,2014-08-28 18:00:00,84.0,2014-08-29 18:00:00
13011,2014-08-29 21:00:00,0,train,13126,2014,8,29,21,120.0,159.0,2.0,80.0,1100.0,82.0,21.1,1010.0,20.1,0.0,SSE,0.0,Aotizhongxin,56.0,120.0,74.5,245.80978260872152,19.3,27.5,22.0,8.186938405796223,2014-08-29 21:00:00,142.0,2014-08-30 21:00:00
13036,2014-08-30 22:00:00,0,train,13151,2014,8,30,22,138.0,138.0,2.0,59.0,1100.0,47.0,22.3,1008.0,21.8,0.1,NNE,1.7,Aotizhongxin,114.0,170.0,144.0,231.23913043476026,22.2,25.6,23.200000000000003,1.438242753622528,2014-08-30 22:00:00,78.0,2014-08-31 22:00:00
13045,2014-08-31 07:00:00,0,train,13160,2014,8,31,7,53.0,53.0,2.0,45.0,600.0,35.0,21.7,1007.6,19.8,0.0,NNE,1.4,Aotizhongxin,49.0,170.0,138.5,1720.05797101449,20.1,25.6,23.200000000000003,3.9265036231874975,2014-08-31 07:00:00,102.0,2014-09-01 07:00:00
13076,2014-09-01 14:00:00,0,train,13191,2014,9,1,14,144.0,144.0,2.0,70.0,2100.0,52.0,25.6,1005.4,22.5,0.0,W,1.4,Aotizhongxin,61.0,145.0,83.5,762.7753623188579,20.8,26.7,21.45,2.9903623188395096,2014-09-01 14:00:00,23.0,2014-09-02 14:00:00
13095,2014-09-02 09:00:00,0,train,13210,2014,9,2,9,26.0,26.0,2.0,44.0,1100.0,54.0,20.3,1005.0,20.3,0.3,NE,1.6,Aotizhongxin,23.0,153.0,63.15,3021.8073731884347,19.5,26.2,20.15,5.874184782607392,2014-09-02 09:00:00,23.0,2014-09-03 09:00:00
13175,2014-09-05 17:00:00,0,train,13290,2014,9,5,17,76.0,118.0,9.0,22.0,700.0,182.0,28.3,1003.0,18.1,0.0,WSW,3.0,Aotizhongxin,30.0,137.0,76.0,870.2536231884369,19.0,30.7,24.6,17.993749999999725,2014-09-05 17:00:00,105.0,2014-09-06 17:00:00
13212,2014-09-07 06:00:00,0,train,13327,2014,9,7,6,173.0,210.0,2.0,75.0,1000.0,18.0,21.8,1003.1,21.3,0.0,NNE,0.9,Aotizhongxin,105.0,173.0,142.5,351.4329710144713,21.6,28.7,25.15,5.542318840579635,2014-09-07 06:00:00,7.0,2014-09-08 06:00:00
13225,2014-09-07 19:00:00,0,train,13340,2014,9,7,19,133.0,191.0,3.0,44.0,1200.0,149.0,24.9,1001.4,21.2,0.0,SW,0.0,Aotizhongxin,97.0,226.0,143.5,1323.4999999999654,21.6,29.6,24.8,7.372590579710042,2014-09-07 19:00:00,17.0,2014-09-08 19:00:00
13231,2014-09-08 01:00:00,0,train,13346,2014,9,8,1,8.0,8.0,2.0,20.0,200.0,61.0,22.4,1004.6,5.3,0.0,NE,1.8,Aotizhongxin,8.0,226.0,145.5,2322.0797101448993,21.6,29.6,23.700000000000003,7.94775362318818,2014-09-08 01:00:00,35.0,2014-09-09 01:00:00
13316,2014-09-11 14:00:00,0,train,13431,2014,9,11,14,95.0,149.0,22.0,65.0,2000.0,107.0,25.8,1006.8,18.5,0.0,ENE,1.4,Aotizhongxin,35.0,106.0,78.5,475.90579710150814,18.1,28.9,21.85,11.722445652172718,2014-09-11 14:00:00,77.0,2014-09-12 14:00:00
13356,2014-09-13 06:00:00,0,train,13471,2014,9,13,6,84.0,164.0,8.0,91.0,1100.0,2.0,19.9,1009.7,18.9,0.0,ENE,1.0,Aotizhongxin,43.0,84.0,63.0,113.33152173920365,18.8,25.2,20.65,4.375579710143219,2014-09-13 06:00:00,94.0,2014-09-14 06:00:00
13363,2014-09-13 13:00:00,0,train,13478,2014,9,13,13,47.0,56.0,14.0,29.0,500.0,127.0,27.4,1007.5,15.1,0.0,SSW,3.6,Aotizhongxin,43.0,111.0,65.5,240.95471014499182,18.9,27.4,21.05,7.4017391304334215,2014-09-13 13:00:00,9.0,2014-09-14 13:00:00
13366,2014-09-13 16:00:00,0,train,13481,2014,9,13,16,49.0,93.0,12.0,30.0,400.0,147.0,26.5,1006.7,12.9,0.0,SW,3.4,Aotizhongxin,42.0,111.0,64.0,268.04166666673325,18.9,27.6,21.05,10.05070652173792,2014-09-13 16:00:00,13.0,2014-09-14 16:00:00
13392,2014-09-14 18:00:00,0,train,13507,2014,9,14,18,12.0,38.0,2.0,38.0,400.0,28.0,17.0,1012.4,11.5,0.0,ESE,0.2,Aotizhongxin,9.0,108.0,71.0,1147.90579710153,17.0,23.6,21.25,2.5646195652156525,2014-09-14 18:00:00,17.0,2014-09-15 18:00:00
13408,2014-09-15 10:00:00,0,train,13523,2014,9,15,10,10.0,51.0,17.0,38.0,400.0,18.0,26.4,1013.7,1.6,0.0,NNE,1.4,Aotizhongxin,9.0,44.0,18.5,125.78079710157044,14.0,26.4,16.85,15.291884057968065,2014-09-15 10:00:00,22.0,2014-09-16 10:00:00
13548,2014-09-21 06:00:00,0,train,13663,2014,9,21,6,99.0,99.0,9.0,57.0,2300.0,23.0,19.6,1011.4,15.7,0.0,ESE,0.2,Aotizhongxin,90.0,219.0,127.0,1524.2010869564974,17.9,28.0,20.65,10.93650362318712,2014-09-21 06:00:00,74.0,2014-09-22 06:00:00
13560,2014-09-21 18:00:00,0,train,13675,2014,9,21,18,112.0,149.0,8.0,58.0,1600.0,101.0,23.0,1011.3,18.7,0.0,S,2.5,Aotizhongxin,55.0,219.0,110.0,2914.5434782608672,18.6,25.1,21.0,4.344927536230336,2014-09-21 18:00:00,99.0,2014-09-22 18:00:00
13672,2014-09-26 10:00:00,0,train,13787,2014,9,26,10,122.0,122.0,12.0,77.0,1500.0,6.0,20.4,1005.2,17.2,0.0,S,0.5,Aotizhongxin,72.0,169.0,124.5,818.6304347826173,16.6,22.2,19.950000000000003,1.8318840579687297,2014-09-26 10:00:00,31.0,2014-09-27 10:00:00
13741,2014-09-29 07:00:00,0,train,13856,2014,9,29,7,94.0,114.0,3.0,62.0,1300.0,2.0,16.7,1011.2,15.9,0.0,NE,1.5,Aotizhongxin,24.0,107.0,73.0,599.2590579710869,15.0,22.4,17.65,7.368532608692575,2014-09-29 07:00:00,18.0,2014-09-30 07:00:00
13752,2014-09-29 18:00:00,0,train,13867,2014,9,29,18,10.0,44.0,2.0,38.0,200.0,40.0,19.2,1017.5,0.2,0.0,ESE,2.6,Aotizhongxin,8.0,107.0,77.5,1315.818840579793,15.0,24.2,17.7,13.189112318837852,2014-09-29 18:00:00,27.0,2014-09-30 18:00:00
13762,2014-09-30 04:00:00,0,train,13877,2014,9,30,4,20.0,54.0,7.0,37.0,600.0,6.0,11.3,1023.1,2.1,0.0,WSW,2.0,Aotizhongxin,8.0,107.0,21.5,1408.4619565218518,11.3,24.2,17.85,20.235634057967953,2014-09-30 04:00:00,64.0,2014-10-01 04:00:00
13800,2014-10-01 18:00:00,0,train,13915,2014,10,1,18,88.0,88.0,4.0,65.0,1000.0,2.0,10.6,1009.1,10.6,0.5,NE,0.8,Aotizhongxin,30.0,88.0,67.5,227.46195652182027,9.7,13.9,12.149999999999999,1.573043478254982,2014-10-01 18:00:00,29.0,2014-10-02 18:00:00
13877,2014-10-04 23:00:00,0,train,13992,2014,10,4,23,70.0,70.0,2.0,70.0,1200.0,2.0,13.5,1017.0,13.5,0.0,W,1.8,Aotizhongxin,49.0,141.0,88.0,486.0851449275938,12.6,16.8,15.0,1.289402173908517,2014-10-04 23:00:00,24.0,2014-10-05 23:00:00
13911,2014-10-06 09:00:00,0,train,14026,2014,10,6,9,19.0,52.0,2.0,45.0,300.0,4.0,16.2,1021.4,6.3,0.0,E,1.1,Aotizhongxin,8.0,31.0,17.0,45.12318840595754,5.3,21.8,10.55,34.731231884052434,2014-10-06 09:00:00,61.0,2014-10-07 09:00:00
13912,2014-10-06 10:00:00,0,train,14027,2014,10,6,10,24.0,56.0,2.0,46.0,400.0,8.0,18.1,1020.3,4.3,0.0,WSW,1.5,Aotizhongxin,9.0,31.0,17.5,42.688405797260856,5.3,21.8,10.55,34.3889673912988,2014-10-06 10:00:00,66.0,2014-10-07 10:00:00
13958,2014-10-08 08:00:00,1,train,14073,2014,10,8,8,222.0,222.0,7.0,108.0,1300.0,2.0,14.3,1015.1,13.7,0.0,ENE,1.0,Aotizhongxin,61.0,258.0,210.5,4022.505434782506,12.4,21.5,13.1,10.943478260865128,2014-10-08 08:00:00,332.0,2014-10-09 08:00:00
13962,2014-10-08 12:00:00,1,train,14077,2014,10,8,12,256.0,256.0,15.0,107.0,1900.0,15.0,18.2,1013.1,13.3,0.0,E,0.9,Aotizhongxin,110.0,258.0,215.0,1519.5634057969614,12.4,21.5,13.1,9.734184782604169,2014-10-08 12:00:00,345.0,2014-10-09 12:00:00
13966,2014-10-08 16:00:00,1,train,14081,2014,10,8,16,337.0,337.0,24.0,132.0,2200.0,58.0,18.4,1011.4,15.1,0.0,SE,0.0,Aotizhongxin,197.0,337.0,239.0,1064.231884057796,12.4,20.2,13.1,7.399547101444653,2014-10-08 16:00:00,367.0,2014-10-09 16:00:00
14020,2014-10-11 10:00:00,0,train,14147,2014,10,11,10,273.0,273.0,,,,,17.6,1015.4,16.8,0.0,SE,0.5,Aotizhongxin,139.0,354.0,314.0,1994.1666666663943,13.5,21.5,15.8,6.785923913039739,2014-10-11 10:00:00,8.0,2014-10-12 10:00:00
14079,2014-10-13 21:00:00,0,train,14206,2014,10,13,21,48.0,48.0,5.0,106.0,600.0,2.0,6.2,1018.0,2.8,0.0,W,0.0,Aotizhongxin,3.0,48.0,8.5,100.40579710151638,5.5,18.3,11.15,19.030851449269267,2014-10-13 21:00:00,93.0,2014-10-14 21:00:00
14088,2014-10-14 06:00:00,0,train,14215,2014,10,14,6,20.0,53.0,2.0,57.0,300.0,2.0,3.5,1016.1,3.2,0.0,E,0.0,Aotizhongxin,3.0,62.0,18.5,315.25905797106833,3.5,18.3,9.7,30.231521739123743,2014-10-14 06:00:00,85.0,2014-10-15 06:00:00
14112,2014-10-15 06:00:00,0,train,14239,2014,10,15,6,85.0,117.0,6.0,80.0,700.0,2.0,7.4,1008.1,6.7,0.0,NNW,0.9,Aotizhongxin,27.0,135.0,64.5,1067.259057971014,6.8,21.6,12.9,29.347753623183053,2014-10-15 06:00:00,25.0,2014-10-16 06:00:00
14132,2014-10-16 02:00:00,0,train,14259,2014,10,16,2,39.0,179.0,10.0,72.0,600.0,2.0,4.4,1016.6,2.4,0.0,SSW,0.1,Aotizhongxin,6.0,92.0,16.5,1053.606884058008,4.4,21.9,15.75,42.056231884052934,2014-10-16 02:00:00,92.0,2014-10-17 02:00:00
14175,2014-10-17 21:00:00,1,train,14302,2014,10,17,21,160.0,305.0,14.0,206.0,3200.0,2.0,13.1,1011.0,8.4,0.0,E,0.7,Aotizhongxin,73.0,160.0,89.5,653.5362318840246,6.0,24.2,12.8,41.877391304342694,2014-10-17 21:00:00,295.0,2014-10-18 21:00:00
14215,2014-10-19 13:00:00,1,train,14342,2014,10,19,13,231.0,241.0,29.0,101.0,1500.0,40.0,20.2,1007.2,13.4,0.0,SW,1.4,Aotizhongxin,166.0,367.0,308.0,2395.693840579464,12.9,25.1,14.15,12.831141304343848,2014-10-19 13:00:00,272.0,2014-10-20 13:00:00
14319,2014-10-23 21:00:00,1,train,14446,2014,10,23,21,173.0,271.0,17.0,161.0,2400.0,2.0,9.6,1007.4,9.6,0.0,NNE,0.0,Aotizhongxin,93.0,173.0,125.0,615.2880434781721,9.6,17.1,12.2,3.9808695652119153,2014-10-23 21:00:00,314.0,2014-10-24 21:00:00
14382,2014-10-26 12:00:00,0,train,14509,2014,10,26,12,10.0,10.0,2.0,17.0,300.0,57.0,17.8,1020.1,-5.5,0.0,E,1.8,Aotizhongxin,10.0,432.0,338.0,27880.6304347824,12.4,20.3,14.95,5.982445652169506,2014-10-26 12:00:00,46.0,2014-10-27 12:00:00
14446,2014-10-29 04:00:00,0,train,14573,2014,10,29,4,104.0,167.0,9.0,94.0,1300.0,2.0,7.0,1018.8,5.6,0.0,N,0.0,Aotizhongxin,31.0,114.0,69.5,522.2445652173415,4.5,14.4,9.649999999999999,7.579130434775603,2014-10-29 04:00:00,164.0,2014-10-30 04:00:00
14449,2014-10-29 07:00:00,0,train,14576,2014,10,29,7,94.0,146.0,8.0,86.0,1200.0,2.0,7.3,1019.8,6.1,0.0,ENE,0.7,Aotizhongxin,31.0,114.0,76.5,549.0144927535696,6.4,14.4,9.649999999999999,5.7815760869496176,2014-10-29 07:00:00,131.0,2014-10-30 07:00:00
14501,2014-10-31 11:00:00,0,train,14628,2014,10,31,11,109.0,109.0,16.0,95.0,2000.0,7.0,14.8,1015.2,11.6,0.0,SSW,0.7,Aotizhongxin,109.0,205.0,176.0,492.4275362317444,11.0,15.4,11.95,2.20608695651611,2014-10-31 11:00:00,14.0,2014-11-01 11:00:00
14530,2014-11-01 16:00:00,0,train,14657,2014,11,1,16,11.0,35.0,6.0,23.0,400.0,54.0,14.8,1023.0,-6.7,0.0,NW,1.7,Aotizhongxin,10.0,182.0,60.5,5194.318840579638,6.2,15.4,12.75,10.214764492747396,2014-11-01 16:00:00,5.0,2014-11-02 16:00:00
14607,2014-11-04 21:00:00,0,train,14734,2014,11,4,21,174.0,216.0,13.0,127.0,2800.0,2.0,5.3,1020.0,4.6,0.0,E,0.4,Aotizhongxin,46.0,177.0,70.5,2101.476449275286,2.2,16.1,5.949999999999999,24.284275362310847,2014-11-04 21:00:00,6.0,2014-11-05 21:00:00
14695,2014-11-08 13:00:00,0,train,14822,2014,11,8,13,76.0,76.0,36.0,72.0,1400.0,26.0,11.7,1031.0,-1.1,0.0,W,2.3,Aotizhongxin,25.0,90.0,67.0,376.1956521738721,-1.5,11.7,3.4000000000000004,17.683405797091517,2014-11-08 13:00:00,33.0,2014-11-09 13:00:00
15041,2014-11-22 23:00:00,0,train,15168,2014,11,22,23,120.0,206.0,29.0,114.0,2600.0,2.0,1.9,1027.0,-3.4,0.0,ENE,1.0,Aotizhongxin,6.0,120.0,27.5,928.3695652173508,-1.2,11.8,5.35,14.517807971005654,2014-11-22 23:00:00,161.0,2014-11-23 23:00:00
15086,2014-11-24 20:00:00,1,train,15213,2014,11,24,20,58.0,97.0,18.0,106.0,1200.0,2.0,4.3,1022.0,-3.5,0.0,SW,0.8,Aotizhongxin,18.0,240.0,47.0,5744.3405797100595,-1.9,12.2,3.5999999999999996,23.526503623178783,2014-11-24 20:00:00,240.0,2014-11-25 20:00:00
15099,2014-11-25 09:00:00,0,train,15226,2014,11,25,9,130.0,213.0,41.0,103.0,3700.0,2.0,2.3,1021.0,-2.0,0.0,ENE,1.4,Aotizhongxin,18.0,136.0,66.0,1637.7373188405195,-0.7,12.2,2.5999999999999996,21.663894927526588,2014-11-25 09:00:00,176.0,2014-11-26 09:00:00
15181,2014-11-28 19:00:00,1,train,15308,2014,11,28,19,111.0,190.0,18.0,98.0,1400.0,2.0,6.0,1021.0,-1.0,0.0,WSW,2.3,Aotizhongxin,28.0,111.0,67.5,550.1086956521053,-1.0,10.2,4.800000000000001,12.168623188396282,2014-11-28 19:00:00,280.0,2014-11-29 19:00:00
15233,2014-11-30 23:00:00,0,train,15360,2014,11,30,23,27.0,521.0,2.0,9.0,300.0,47.0,-3.5,1015.0,-26.5,0.0,N,7.3,Aotizhongxin,12.0,246.0,26.5,10022.766304347711,-3.5,7.5,3.5,9.339836956511375,2014-11-30 23:00:00,8.0,2014-12-01 23:00:00
15269,2014-12-02 11:00:00,0,train,15396,2014,12,2,11,28.0,46.0,21.0,57.0,1100.0,7.0,-3.0,1018.0,-19.4,0.0,W,2.6,Aotizhongxin,5.0,28.0,10.0,22.71739130429851,-10.1,-0.3,-4.15,7.7391123188262885,2014-12-02 11:00:00,8.0,2014-12-03 11:00:00
15363,2014-12-06 09:00:00,0,train,15490,2014,12,6,9,24.0,41.0,27.0,57.0,900.0,6.0,-2.3,1026.0,-17.2,0.0,ENE,1.2,Aotizhongxin,5.0,148.0,32.0,2517.4710144926635,-6.8,5.3,-3.5,17.062010869552356,2014-12-06 09:00:00,61.0,2014-12-07 09:00:00
15371,2014-12-06 17:00:00,0,train,15498,2014,12,6,17,47.0,145.0,23.0,92.0,1200.0,2.0,2.0,1023.0,-15.5,0.0,WNW,0.8,Aotizhongxin,18.0,148.0,43.0,2035.4184782607742,-6.8,4.1,-3.5,14.112753623175433,2014-12-06 17:00:00,7.0,2014-12-07 17:00:00
15401,2014-12-07 23:00:00,0,train,15528,2014,12,7,23,26.0,46.0,21.0,64.0,800.0,2.0,-1.9,1014.0,-13.7,0.0,NNE,1.3,Aotizhongxin,7.0,117.0,47.0,949.9999999999193,-3.3,5.2,0.30000000000000004,7.646938405785587,2014-12-07 23:00:00,141.0,2014-12-08 23:00:00
15493,2014-12-11 19:00:00,0,train,15620,2014,12,11,19,68.0,102.0,39.0,81.0,1100.0,4.0,-0.5,1030.0,-13.4,0.0,NW,1.2,Aotizhongxin,8.0,68.0,11.5,249.06521739123423,-4.5,5.0,-0.4,6.263460144915479,2014-12-11 19:00:00,14.0,2014-12-12 19:00:00
15546,2014-12-14 00:00:00,0,train,15673,2014,12,14,0,125.0,205.0,60.0,104.0,3400.0,2.0,-2.5,1031.0,-14.0,0.0,NE,1.2,Aotizhongxin,7.0,125.0,31.0,1281.8242753622285,-4.6,5.0,-0.15000000000000002,7.935199275350515,2014-12-14 00:00:00,119.0,2014-12-15 00:00:00
15549,2014-12-14 03:00:00,1,train,15676,2014,12,14,3,161.0,,,,,,-5.8,1031.0,-11.5,0.0,ENE,0.6,Aotizhongxin,9.0,161.0,43.5,2473.623188405693,-5.8,5.0,-0.3,10.487228260857476,2014-12-14 03:00:00,266.0,2014-12-15 03:00:00
15734,2015-01-06 13:00:00,0,train,16238,2015,1,6,13,10.0,10.0,12.0,10.0,700.0,49.0,3.0,1019.0,-22.8,0.0,WSW,3.5,Aotizhongxin,3.0,29.0,10.0,27.563405797128826,-4.0,8.0,1.0,11.449275362307397,2015-01-06 13:00:00,36.0,2015-01-07 13:00:00
15754,2015-01-07 09:00:00,0,train,16258,2015,1,7,9,21.0,28.0,26.0,55.0,1000.0,2.0,-1.0,1027.0,-17.7,0.0,NNE,1.2,Aotizhongxin,10.0,105.0,26.5,1166.000000000022,-7.0,4.0,-1.0,17.461956521726325,2015-01-07 09:00:00,65.0,2015-01-08 09:00:00
15913,2015-01-14 00:00:00,1,train,16417,2015,1,14,0,215.0,250.0,99.0,118.0,4300.0,2.0,-5.3,1027.0,-8.4,0.0,NE,1.2,Aotizhongxin,49.0,223.0,145.5,2263.0416666666683,-6.7,1.5,-3.45,6.254710144914078,2015-01-14 00:00:00,240.0,2015-01-15 00:00:00
15939,2015-01-15 02:00:00,1,train,16443,2015,1,15,2,246.0,268.0,35.0,118.0,4200.0,2.0,-5.2,1025.3,-7.5,0.0,NE,0.5,Aotizhongxin,152.0,251.0,203.5,1104.0706521739028,-5.8,0.0,-2.6,2.8360688405664987,2015-01-15 02:00:00,432.0,2015-01-16 02:00:00
15946,2015-01-15 09:00:00,0,train,16450,2015,1,15,9,155.0,155.0,44.0,68.0,2600.0,2.0,-4.5,1025.6,-9.0,0.0,ENE,1.0,Aotizhongxin,155.0,251.0,217.5,870.5489130434672,-7.4,0.0,-2.85,6.348623188392171,2015-01-15 09:00:00,15.0,2015-01-16 09:00:00
15974,2015-01-16 13:00:00,0,train,16478,2015,1,16,13,12.0,49.0,13.0,4.0,700.0,60.0,2.0,1023.0,-18.1,0.0,N,3.1,Aotizhongxin,11.0,497.0,405.5,40037.722826086945,-5.0,2.0,0.5,6.766304347813781,2015-01-16 13:00:00,77.0,2015-01-17 13:00:00
16040,2015-01-19 07:00:00,0,train,16544,2015,1,19,7,18.0,40.0,21.0,66.0,1200.0,6.0,-2.0,1022.0,-14.5,0.0,NE,1.9,Aotizhongxin,6.0,113.0,14.0,1313.2010869565675,-4.0,6.0,3.0,8.057971014481804,2015-01-19 07:00:00,78.0,2015-01-20 07:00:00
16072,2015-01-20 15:00:00,0,train,16576,2015,1,20,15,70.0,94.0,60.0,52.0,1600.0,34.0,5.0,1015.0,-8.9,0.0,NNE,1.4,Aotizhongxin,45.0,99.0,75.5,161.53623188409415,-5.0,6.0,-0.5,11.64492753621985,2015-01-20 15:00:00,9.0,2015-01-21 15:00:00
16115,2015-01-22 10:00:00,0,train,16619,2015,1,22,10,108.0,155.0,56.0,87.0,3000.0,4.0,0.0,1022.0,-14.0,0.0,E,1.2,Aotizhongxin,7.0,108.0,27.5,604.9547101449742,-8.0,6.0,-4.0,24.92753623187117,2015-01-22 10:00:00,169.0,2015-01-23 10:00:00
16116,2015-01-22 11:00:00,0,train,16620,2015,1,22,11,142.0,190.0,62.0,103.0,3200.0,7.0,1.0,1019.0,-13.5,0.0,ENE,1.2,Aotizhongxin,7.0,142.0,28.0,1098.7536231884512,-8.0,6.0,-4.0,24.25362318839287,2015-01-22 11:00:00,162.0,2015-01-23 11:00:00
16216,2015-01-26 15:00:00,0,train,16720,2015,1,26,15,9.0,9.0,2.0,4.0,700.0,66.0,3.0,1024.0,-20.4,0.0,NE,2.9,Aotizhongxin,6.0,218.0,165.0,5170.318840579723,-5.0,4.0,0.5,10.231884057958924,2015-01-26 15:00:00,8.0,2015-01-27 15:00:00
16227,2015-01-27 02:00:00,0,train,16731,2015,1,27,2,10.0,10.0,14.0,8.0,700.0,51.0,-6.0,1034.0,-22.0,0.0,NE,3.3,Aotizhongxin,6.0,218.0,9.5,6577.070652173942,-6.0,4.0,-0.5,11.384057971002198,2015-01-27 02:00:00,25.0,2015-01-28 02:00:00
16254,2015-01-28 05:00:00,0,train,16758,2015,1,28,5,14.0,14.0,16.0,23.0,900.0,36.0,-5.0,1028.0,-19.9,0.0,ENE,0.9,Aotizhongxin,8.0,40.0,16.0,98.95652173916774,-8.0,3.0,-5.0,12.613460144913727,2015-01-28 05:00:00,89.0,2015-01-29 05:00:00
16260,2015-01-28 11:00:00,0,train,16764,2015,1,28,11,16.0,16.0,13.0,21.0,800.0,45.0,-1.0,1029.0,-20.6,0.0,ENE,2.9,Aotizhongxin,8.0,40.0,17.0,102.4275362319214,-8.0,3.0,-5.0,11.392445652160305,2015-01-28 11:00:00,95.0,2015-01-29 11:00:00
16273,2015-01-29 00:00:00,0,train,16777,2015,1,29,0,98.0,110.0,50.0,92.0,2200.0,3.0,-1.0,1025.0,-16.8,0.0,WNW,0.8,Aotizhongxin,8.0,98.0,23.0,469.4130434782957,-8.0,2.0,-0.5,7.8188405796972,2015-01-29 00:00:00,7.0,2015-01-30 00:00:00
16313,2015-01-30 17:00:00,0,train,16818,2015,1,30,17,9.0,52.0,15.0,13.0,300.0,80.0,3.0,1031.0,-22.8,0.0,WNW,2.2,Aotizhongxin,6.0,14.0,11.0,7.055335968420035,-7.0,3.0,-1.0,10.263188405784392,2015-01-30 17:00:00,12.0,2015-01-31 17:00:00
16349,2015-02-01 05:00:00,0,train,16854,2015,2,1,5,32.0,35.0,25.0,58.0,1300.0,2.0,-10.0,1028.0,-15.9,0.0,NE,0.7,Aotizhongxin,10.0,109.0,24.0,1366.1449275362638,-10.0,4.0,-4.5,26.514492753609524,2015-02-01 05:00:00,164.0,2015-02-02 05:00:00
16385,2015-02-02 17:00:00,0,train,16890,2015,2,2,17,153.0,177.0,83.0,142.0,3000.0,6.0,3.0,1028.0,-15.2,0.0,NE,0.9,Aotizhongxin,66.0,213.0,118.5,1680.3894927536398,-6.0,3.0,-3.9,11.271231884045,2015-02-02 17:00:00,38.0,2015-02-03 17:00:00
16388,2015-02-02 20:00:00,0,train,16893,2015,2,2,20,172.0,197.0,84.0,141.0,3000.0,5.0,2.0,1025.0,-10.5,0.0,SW,2.8,Aotizhongxin,66.0,213.0,127.5,1877.027173913059,-6.0,3.0,-3.9,12.525217391291518,2015-02-02 20:00:00,15.0,2015-02-03 20:00:00
16473,2015-02-06 09:00:00,0,train,16978,2015,2,6,9,61.0,90.0,29.0,102.0,2700.0,15.0,-1.0,1017.0,-8.5,0.0,ENE,1.4,Aotizhongxin,12.0,79.0,51.0,449.5634057971305,-7.0,7.0,1.5,27.17210144926337,2015-02-06 09:00:00,11.0,2015-02-07 09:00:00
16496,2015-02-07 08:00:00,0,train,17001,2015,2,7,8,13.0,27.0,28.0,29.0,500.0,70.0,2.0,1021.0,-17.0,0.0,N,4.2,Aotizhongxin,3.0,97.0,46.0,1094.998188405826,-2.0,10.0,4.0,11.710144927526313,2015-02-07 08:00:00,8.0,2015-02-08 08:00:00
16530,2015-02-08 18:00:00,0,train,17035,2015,2,8,18,33.0,59.0,23.0,44.0,700.0,65.0,0.0,1029.0,-24.4,0.0,WSW,2.3,Aotizhongxin,3.0,33.0,8.0,45.992753623223564,-7.0,3.0,-3.0,11.847826086943174,2015-02-08 18:00:00,122.0,2015-02-09 18:00:00
16533,2015-02-08 21:00:00,0,train,17038,2015,2,8,21,60.0,98.0,29.0,51.0,900.0,56.0,-2.0,1026.0,-22.0,0.0,WSW,1.6,Aotizhongxin,3.0,60.0,8.0,254.75362318844,-7.0,3.0,-3.0,11.650362318827211,2015-02-08 21:00:00,164.0,2015-02-09 21:00:00
16535,2015-02-08 23:00:00,0,train,17040,2015,2,8,23,76.0,112.0,42.0,68.0,1200.0,33.0,-6.0,1027.0,-17.4,0.0,W,0.0,Aotizhongxin,3.0,76.0,11.0,494.3750000000332,-7.0,3.0,-3.0,12.027173913030069,2015-02-08 23:00:00,153.0,2015-02-09 23:00:00
16559,2015-02-09 23:00:00,0,train,17064,2015,2,9,23,153.0,181.0,49.0,122.0,2600.0,22.0,-4.0,1013.0,-16.6,0.0,ENE,1.6,Aotizhongxin,61.0,165.0,86.5,1090.9112318840796,-8.0,7.0,-3.0,29.54215579708848,2015-02-09 23:00:00,118.0,2015-02-10 23:00:00
16648,2015-02-13 16:00:00,1,train,17153,2015,2,13,16,120.0,132.0,31.0,97.0,1900.0,56.0,8.0,1007.0,-12.5,0.0,SW,2.8,Aotizhongxin,24.0,120.0,85.5,668.1086956521976,-4.0,8.0,2.5,17.74244565216268,2015-02-13 16:00:00,238.0,2015-02-14 16:00:00
16654,2015-02-13 22:00:00,1,train,17159,2015,2,13,22,186.0,216.0,68.0,150.0,3600.0,15.0,3.0,1007.0,-9.0,0.0,NE,1.2,Aotizhongxin,83.0,192.0,95.5,1141.7228260869763,-4.0,8.0,1.0,17.762010869553862,2015-02-13 22:00:00,290.0,2015-02-14 22:00:00
16674,2015-02-14 18:00:00,1,train,17179,2015,2,14,18,256.0,289.0,66.0,135.0,3000.0,53.0,6.0,1003.0,-9.1,0.0,NE,0.9,Aotizhongxin,155.0,256.0,204.0,854.3188405797106,-2.0,11.0,1.5,17.76086956520692,2015-02-14 18:00:00,265.0,2015-02-15 18:00:00
16742,2015-02-17 14:00:00,0,train,17247,2015,2,17,14,14.0,31.0,6.0,6.0,300.0,79.0,10.0,1014.0,-12.0,0.0,E,1.9,Aotizhongxin,12.0,30.0,16.5,20.28804347833674,0.0,12.0,4.5,14.157608695642727,2015-02-17 14:00:00,12.0,2015-02-18 14:00:00
16749,2015-02-17 21:00:00,0,train,17254,2015,2,17,21,19.0,33.0,5.0,76.0,700.0,3.0,2.0,1021.0,-8.7,0.0,SW,0.2,Aotizhongxin,13.0,30.0,17.5,19.362318840655067,0.0,11.0,4.0,12.553894927526535,2015-02-17 21:00:00,163.0,2015-02-18 21:00:00
16796,2015-02-19 20:00:00,0,train,17301,2015,2,19,20,121.0,125.0,16.0,34.0,1100.0,55.0,2.0,1023.0,-0.1,0.0,SW,2.4,Aotizhongxin,86.0,294.0,150.0,4343.940217391325,-2.0,5.0,2.0,4.563405797090396,2015-02-19 20:00:00,158.0,2015-02-20 20:00:00
16809,2015-02-20 09:00:00,0,train,17314,2015,2,20,9,90.0,90.0,14.0,48.0,1400.0,26.0,1.0,1015.0,-0.3,0.3,SW,1.0,Aotizhongxin,76.0,243.0,115.0,1777.7373188406234,0.0,5.0,2.0,1.867753623177474,2015-02-20 09:00:00,172.0,2015-02-21 09:00:00
16827,2015-02-21 03:00:00,0,train,17332,2015,2,21,3,158.0,158.0,13.0,49.0,2100.0,10.0,1.0,1013.0,0.3,0.0,NNW,0.6,Aotizhongxin,76.0,177.0,122.5,1123.7318840580156,0.0,2.0,1.0,0.24563405795941093,2015-02-21 03:00:00,94.0,2015-02-22 03:00:00
16866,2015-02-22 18:00:00,0,train,17371,2015,2,22,18,14.0,80.0,5.0,14.0,300.0,70.0,3.0,1015.0,-17.8,0.0,N,1.2,Aotizhongxin,10.0,94.0,26.5,664.3460144928214,-5.0,4.0,0.0,9.808097826074665,2015-02-22 18:00:00,45.0,2015-02-23 18:00:00
16877,2015-02-23 05:00:00,0,train,17382,2015,2,23,5,16.0,72.0,9.0,16.0,500.0,54.0,-5.7,1019.4,-14.7,0.0,SW,0.4,Aotizhongxin,10.0,65.0,22.0,147.12862318847706,-6.0,4.0,-2.0,12.749565217378608,2015-02-23 05:00:00,176.0,2015-02-24 05:00:00
16965,2015-02-26 21:00:00,0,train,17470,2015,2,26,21,15.0,35.0,7.0,31.0,500.0,52.0,3.0,1023.0,-19.1,0.0,N,1.1,Aotizhongxin,7.0,44.0,13.0,55.41304347834943,-2.0,6.0,1.2,7.047807971003262,2015-02-26 21:00:00,35.0,2015-02-27 21:00:00
16970,2015-02-27 02:00:00,0,train,17475,2015,2,27,2,7.0,23.0,4.0,15.0,300.0,60.0,-1.2,1028.3,-19.2,0.0,ENE,2.8,Aotizhongxin,7.0,19.0,12.5,9.650362318929865,-2.0,6.0,1.7,7.108967391293101,2015-02-27 02:00:00,34.0,2015-02-28 02:00:00
17018,2015-03-01 02:00:00,0,train,17523,2015,3,1,2,20.0,132.0,6.0,22.0,400.0,59.0,-2.6,1020.4,-8.3,0.0,WNW,1.0,Aotizhongxin,20.0,211.0,106.5,4639.027173913092,-2.6,5.0,-0.1,3.7634601449154714,2015-03-01 02:00:00,54.0,2015-03-02 02:00:00
17036,2015-03-01 20:00:00,0,train,17541,2015,3,1,20,31.0,72.0,15.0,40.0,600.0,65.0,8.4,1012.8,-14.6,0.0,SW,2.3,Aotizhongxin,9.0,196.0,27.0,1802.5634057971813,-3.2,11.5,4.6,30.234999999990013,2015-03-01 20:00:00,13.0,2015-03-02 20:00:00
17147,2015-03-06 11:00:00,1,train,17652,2015,3,6,11,176.0,200.0,67.0,73.0,2100.0,36.0,3.7,1016.2,-10.4,0.0,E,0.8,Aotizhongxin,42.0,227.0,153.0,2399.9112318841057,-4.1,7.6,3.2,16.283025362307978,2015-03-06 11:00:00,228.0,2015-03-07 11:00:00
17161,2015-03-07 01:00:00,1,train,17666,2015,3,7,1,313.0,342.0,91.0,142.0,4000.0,19.0,-0.2,1013.0,-6.2,0.0,ESE,0.8,Aotizhongxin,136.0,313.0,209.0,2712.2445652174147,-4.1,9.6,2.25,18.616358695641235,2015-03-07 01:00:00,213.0,2015-03-08 01:00:00
17187,2015-03-08 03:00:00,0,train,17692,2015,3,8,3,221.0,221.0,56.0,105.0,2300.0,12.0,1.5,1014.5,-2.6,0.0,NE,1.1,Aotizhongxin,186.0,276.0,220.0,621.8188405797301,-2.6,11.9,5.0,22.317964441805845,2015-03-08 03:00:00,8.0,2015-03-09 03:00:00
17221,2015-03-09 13:00:00,0,train,17726,2015,3,9,13,8.0,29.0,3.0,9.0,200.0,87.0,1.2,1032.4,-29.6,0.0,NE,3.7,Aotizhongxin,3.0,19.0,10.0,15.940217391380282,-3.0,12.0,1.5,26.486793478250434,2015-03-09 13:00:00,13.0,2015-03-10 13:00:00
17234,2015-03-10 02:00:00,0,train,17739,2015,3,10,2,11.0,12.0,4.0,22.0,300.0,63.0,-1.8,1033.0,-27.5,0.0,WNW,1.3,Aotizhongxin,3.0,20.0,8.5,16.688405797177463,-3.0,3.8,-0.05,4.12862318839381,2015-03-10 02:00:00,105.0,2015-03-11 02:00:00
17276,2015-03-11 23:00:00,0,train,17784,2015,3,11,23,58.0,98.0,32.0,71.0,1000.0,41.0,5.1,1016.0,-17.3,0.0,SW,2.5,Aotizhongxin,9.0,110.0,33.5,1130.1086956522395,-4.0,9.7,5.7,22.210144927526184,2015-03-11 23:00:00,85.0,2015-03-12 23:00:00
17323,2015-03-13 22:00:00,0,train,17831,2015,3,13,22,37.0,64.0,16.0,101.0,1000.0,20.0,4.7,1020.5,-14.7,0.0,ESE,2.8,Aotizhongxin,9.0,139.0,54.5,2500.7373188406386,-3.3,12.8,4.9,29.309112318831012,2015-03-13 22:00:00,170.0,2015-03-14 22:00:00
17401,2015-03-17 04:00:00,0,train,17909,2015,3,17,4,318.0,347.0,16.0,102.0,2400.0,2.0,6.8,1012.3,4.5,0.0,E,0.8,Aotizhongxin,104.0,332.0,281.0,7138.862318840584,6.6,13.5,9.1,5.04302536231152,2015-03-17 04:00:00,25.0,2015-03-18 04:00:00
17421,2015-03-18 00:00:00,0,train,17929,2015,3,18,0,30.0,52.0,10.0,33.0,600.0,65.0,8.1,1016.8,-8.5,0.0,SW,2.5,Aotizhongxin,30.0,332.0,158.5,9685.172101449314,5.3,15.9,9.75,12.141286231877245,2015-03-18 00:00:00,105.0,2015-03-19 00:00:00
17446,2015-03-19 01:00:00,0,train,17954,2015,3,19,1,119.0,208.0,23.0,123.0,2000.0,9.0,4.0,1011.8,-4.2,0.0,ENE,0.6,Aotizhongxin,21.0,119.0,36.0,830.8043478261905,4.0,13.6,8.1,9.2995471014415,2015-03-19 01:00:00,105.0,2015-03-20 01:00:00
17530,2015-03-22 13:00:00,0,train,18038,2015,3,22,13,12.0,15.0,2.0,12.0,300.0,95.0,11.8,1024.9,-21.5,0.0,SE,1.7,Aotizhongxin,9.0,44.0,12.0,74.65036231895901,5.7,18.8,11.65,18.343460144921515,2015-03-22 13:00:00,13.0,2015-03-23 13:00:00
17580,2015-03-24 15:00:00,0,train,18088,2015,3,24,15,66.0,97.0,24.0,51.0,1500.0,98.0,15.1,1025.2,-9.8,0.0,E,1.8,Aotizhongxin,9.0,114.0,64.0,686.8242753624203,2.2,17.9,10.95,25.718677536224913,2015-03-24 15:00:00,110.0,2015-03-25 15:00:00
17725,2015-03-30 16:00:00,0,train,18233,2015,3,30,16,161.0,292.0,30.0,39.0,1200.0,161.0,21.8,1002.2,8.3,0.0,SSW,1.1,Aotizhongxin,62.0,185.0,136.5,1444.8043478261484,10.7,22.6,16.25,14.527536231880182,2015-03-30 16:00:00,59.0,2015-03-31 16:00:00
17779,2015-04-01 23:00:00,0,train,18288,2015,4,1,23,46.0,75.0,2.0,59.0,700.0,43.0,8.7,1009.7,0.6,0.1,NW,1.7,Aotizhongxin,26.0,89.0,55.5,361.12862318851995,6.3,12.6,9.850000000000001,5.253025362311637,2015-04-01 23:00:00,11.0,2015-04-02 23:00:00
17799,2015-04-02 19:00:00,0,train,18308,2015,4,2,19,17.0,17.0,2.0,22.0,600.0,82.0,14.0,995.4,1.6,0.0,NW,4.5,Aotizhongxin,17.0,55.0,41.5,88.00000000012355,4.6,14.8,7.35,11.66340579709366,2015-04-02 19:00:00,76.0,2015-04-03 19:00:00
17816,2015-04-03 12:00:00,0,train,18325,2015,4,3,12,15.0,15.0,6.0,22.0,400.0,120.0,15.3,1009.3,-0.5,0.0,E,3.0,Aotizhongxin,10.0,36.0,19.0,53.82608695665764,6.4,15.3,12.8,6.64041666666057,2015-04-03 12:00:00,77.0,2015-04-04 12:00:00
17819,2015-04-03 15:00:00,0,train,18328,2015,4,3,15,45.0,75.0,6.0,27.0,600.0,134.0,15.8,1008.1,0.7,0.0,S,3.2,Aotizhongxin,10.0,45.0,19.0,84.0579710146281,6.4,16.1,13.649999999999999,8.157373188399996,2015-04-03 15:00:00,74.0,2015-04-04 15:00:00
17871,2015-04-05 19:00:00,0,train,18380,2015,4,5,19,14.0,41.0,2.0,11.0,300.0,73.0,11.3,1017.5,-9.7,0.0,NNE,3.8,Aotizhongxin,14.0,143.0,60.0,2340.7807971015536,10.6,16.0,14.05,3.5089130434729743,2015-04-05 19:00:00,33.0,2015-04-06 19:00:00
17876,2015-04-06 00:00:00,0,train,18385,2015,4,6,0,16.0,19.0,2.0,10.0,200.0,79.0,7.2,1023.3,-12.1,0.0,N,3.2,Aotizhongxin,14.0,143.0,24.5,2306.650362318956,7.2,16.0,12.45,7.965797101443462,2015-04-06 00:00:00,43.0,2015-04-07 00:00:00
17882,2015-04-06 06:00:00,0,train,18391,2015,4,6,6,17.0,20.0,2.0,9.0,200.0,76.0,4.3,1026.8,-11.4,0.0,ENE,1.8,Aotizhongxin,14.0,118.0,20.5,408.84057971027835,4.3,16.0,11.75,18.880217391297816,2015-04-06 06:00:00,10.0,2015-04-07 06:00:00
17918,2015-04-07 18:00:00,0,train,18427,2015,4,7,18,26.0,63.0,4.0,30.0,300.0,81.0,11.6,1022.3,-12.7,0.0,SW,4.2,Aotizhongxin,6.0,47.0,14.0,173.15760869578762,1.7,12.6,8.1,10.594710144919594,2015-04-07 18:00:00,122.0,2015-04-08 18:00:00
17938,2015-04-08 14:00:00,1,train,18447,2015,4,8,14,86.0,167.0,25.0,27.0,800.0,101.0,13.6,1018.0,-1.2,0.0,S,4.0,Aotizhongxin,12.0,104.0,72.5,808.3460144928596,3.4,14.0,9.8,8.683478260862309,2015-04-08 14:00:00,196.0,2015-04-09 14:00:00
17942,2015-04-08 18:00:00,0,train,18451,2015,4,8,18,122.0,139.0,16.0,37.0,900.0,84.0,11.3,1016.5,1.0,0.0,SSW,2.3,Aotizhongxin,25.0,122.0,80.5,547.9981884058933,3.4,14.0,9.8,8.514184782601422,2015-04-08 18:00:00,117.0,2015-04-09 18:00:00
17954,2015-04-09 06:00:00,1,train,18463,2015,4,9,6,138.0,148.0,11.0,83.0,1400.0,4.0,3.0,1016.9,0.2,0.0,E,0.9,Aotizhongxin,72.0,149.0,122.0,434.95652173920485,3.0,14.0,9.100000000000001,11.753623188398207,2015-04-09 06:00:00,206.0,2015-04-10 06:00:00
17962,2015-04-09 14:00:00,0,train,18471,2015,4,9,14,196.0,227.0,20.0,68.0,1200.0,110.0,16.8,1014.4,2.0,0.0,SSW,2.8,Aotizhongxin,99.0,196.0,135.5,568.1086956522325,3.0,16.8,9.350000000000001,15.354329710137549,2015-04-09 14:00:00,133.0,2015-04-10 14:00:00
17973,2015-04-10 01:00:00,0,train,18482,2015,4,10,1,212.0,212.0,15.0,107.0,1400.0,20.0,10.1,1015.7,5.9,0.0,ESE,0.6,Aotizhongxin,116.0,242.0,166.5,1901.3623188406184,3.0,17.8,13.3,26.435634057964787,2015-04-10 01:00:00,70.0,2015-04-11 01:00:00
17999,2015-04-11 03:00:00,0,train,18508,2015,4,11,3,215.0,233.0,17.0,69.0,2300.0,34.0,12.2,1014.7,7.7,0.1,ESE,3.4,Aotizhongxin,53.0,229.0,127.5,4217.564764492805,6.5,20.8,15.45,20.836793478256165,2015-04-11 03:00:00,17.0,2015-04-12 03:00:00
18067,2015-04-13 23:00:00,0,train,18576,2015,4,13,23,56.0,82.0,4.0,68.0,600.0,55.0,12.1,1011.5,2.5,0.0,WSW,2.3,Aotizhongxin,11.0,56.0,23.0,186.38949275373832,4.9,18.5,12.45,23.143188405790813,2015-04-13 23:00:00,54.0,2015-04-14 23:00:00
18076,2015-04-14 08:00:00,0,train,18585,2015,4,14,8,56.0,59.0,5.0,78.0,800.0,25.0,11.2,1007.4,1.4,0.0,NNE,1.1,Aotizhongxin,17.0,85.0,43.5,434.7536231885093,4.5,18.5,12.45,19.145923913037453,2015-04-14 08:00:00,148.0,2015-04-15 08:00:00
18128,2015-04-16 12:00:00,0,train,18637,2015,4,16,12,9.0,39.0,2.0,8.0,200.0,98.0,17.1,1009.5,-13.7,0.0,NW,5.6,Aotizhongxin,9.0,403.0,80.5,8356.579710145,12.3,24.7,16.85,16.192880434779255,2015-04-16 12:00:00,72.0,2015-04-17 12:00:00
18156,2015-04-17 16:00:00,0,train,18665,2015,4,17,16,95.0,173.0,22.0,43.0,500.0,124.0,25.2,1002.0,-3.3,0.0,SW,4.4,Aotizhongxin,9.0,108.0,54.0,649.7228260870492,9.1,25.2,16.75,17.972590579706488,2015-04-17 16:00:00,176.0,2015-04-18 16:00:00
18162,2015-04-17 22:00:00,0,train,18671,2015,4,17,22,116.0,285.0,43.0,90.0,1100.0,62.0,18.5,1005.2,5.3,0.0,SE,1.0,Aotizhongxin,42.0,214.0,78.5,1359.6449275363148,9.1,25.2,17.9,23.0915760869533,2015-04-17 22:00:00,50.0,2015-04-18 22:00:00
18167,2015-04-18 03:00:00,0,train,18676,2015,4,18,3,140.0,399.0,22.0,149.0,1100.0,2.0,16.4,1005.7,5.0,0.0,ENE,0.6,Aotizhongxin,44.0,214.0,97.0,1260.1721014493517,9.1,25.2,18.0,21.23130434782306,2015-04-18 03:00:00,104.0,2015-04-19 03:00:00
18250,2015-04-22 23:00:00,0,train,18792,2015,4,22,23,44.0,134.0,15.0,50.0,500.0,80.0,20.5,1009.3,3.2,0.0,SW,2.3,Aotizhongxin,20.0,188.0,43.5,1107.043478260958,8.2,25.2,21.35,36.62608695651892,2015-04-22 23:00:00,20.0,2015-04-23 23:00:00
18299,2015-04-25 00:00:00,0,train,18841,2015,4,25,0,67.0,255.0,10.0,111.0,900.0,24.0,16.6,1013.3,4.0,0.0,SW,0.1,Aotizhongxin,35.0,109.0,76.5,490.72282608703784,8.9,26.0,21.1,36.126884057968404,2015-04-25 00:00:00,91.0,2015-04-26 00:00:00
18320,2015-04-25 21:00:00,0,train,18862,2015,4,25,21,85.0,268.0,27.0,50.0,1000.0,191.0,26.9,1006.9,9.7,0.0,WSW,5.6,Aotizhongxin,44.0,106.0,68.5,251.90579710153105,10.2,31.9,22.4,57.997101449274275,2015-04-25 21:00:00,58.0,2015-04-26 21:00:00
18324,2015-04-26 01:00:00,0,train,18866,2015,4,26,1,88.0,196.0,21.0,46.0,900.0,113.0,22.9,1006.4,11.9,0.0,WSW,2.6,Aotizhongxin,44.0,106.0,72.0,312.1666666667468,10.2,31.9,25.299999999999997,53.95389492753576,2015-04-26 01:00:00,46.0,2015-04-27 01:00:00
18374,2015-04-28 03:00:00,0,train,18916,2015,4,28,3,25.0,38.0,2.0,34.0,600.0,83.0,17.1,1002.5,11.4,0.0,NE,1.3,Aotizhongxin,25.0,122.0,84.5,1111.4184782609475,17.0,27.5,20.450000000000003,14.2580978260856,2015-04-28 03:00:00,119.0,2015-04-29 03:00:00
18414,2015-04-29 19:00:00,0,train,18956,2015,4,29,19,131.0,199.0,12.0,38.0,1000.0,191.0,24.6,1005.6,13.8,0.0,SSW,2.2,Aotizhongxin,48.0,143.0,117.5,681.5652173913677,13.9,26.6,20.799999999999997,17.752391304346123,2015-04-29 19:00:00,61.0,2015-04-30 19:00:00
18453,2015-05-01 10:00:00,0,train,18995,2015,5,1,10,192.0,256.0,22.0,94.0,2000.0,55.0,22.8,1004.7,14.6,0.0,N,0.9,Aotizhongxin,61.0,261.0,168.0,4078.4184782609163,17.9,29.3,23.25,17.070144927536056,2015-05-01 10:00:00,46.0,2015-05-02 10:00:00
18597,2015-05-07 10:00:00,0,train,19139,2015,5,7,10,50.0,119.0,7.0,63.0,900.0,56.0,18.9,1007.6,0.5,0.0,WSW,1.4,Aotizhongxin,8.0,50.0,32.0,116.25362318850068,10.1,21.1,17.0,11.009492753619492,2015-05-07 10:00:00,55.0,2015-05-08 10:00:00
18635,2015-05-09 00:00:00,0,train,19177,2015,5,9,0,86.0,86.0,10.0,36.0,1400.0,67.0,14.8,1011.5,8.1,0.0,SE,2.7,Aotizhongxin,13.0,111.0,43.5,895.7971014493604,12.1,23.7,17.9,13.713840579706968,2015-05-09 00:00:00,35.0,2015-05-10 00:00:00
18679,2015-05-10 20:00:00,0,train,19221,2015,5,10,20,39.0,39.0,3.0,61.0,1700.0,27.0,9.1,1009.9,8.2,0.8,NNE,1.5,Aotizhongxin,27.0,53.0,37.5,40.16666666675737,8.2,12.4,11.6,2.7191123188333335,2015-05-10 20:00:00,14.0,2015-05-11 20:00:00
18753,2015-05-13 22:00:00,0,train,19295,2015,5,13,22,42.0,215.0,3.0,16.0,200.0,101.0,26.7,994.9,1.1,0.0,NNW,4.8,Aotizhongxin,29.0,146.0,71.0,963.6358695652947,10.6,30.9,23.200000000000003,53.637807971013146,2015-05-13 22:00:00,31.0,2015-05-14 22:00:00
18768,2015-05-14 13:00:00,0,train,19310,2015,5,14,13,11.0,27.0,3.0,16.0,200.0,117.0,23.8,1004.0,2.6,0.0,ENE,1.7,Aotizhongxin,6.0,146.0,37.5,1854.7663043479133,18.9,30.9,22.8,14.666884057971274,2015-05-14 13:00:00,22.0,2015-05-15 13:00:00
18778,2015-05-14 23:00:00,0,train,19320,2015,5,14,23,33.0,76.0,6.0,86.0,600.0,36.0,21.1,1007.3,3.8,0.0,ENE,1.6,Aotizhongxin,6.0,68.0,13.5,239.1884057972044,18.9,25.4,21.5,4.194184782607929,2015-05-14 23:00:00,56.0,2015-05-15 23:00:00
18808,2015-05-16 05:00:00,0,train,19350,2015,5,16,5,43.0,96.0,3.0,98.0,700.0,2.0,10.2,1008.8,7.8,0.0,NE,0.1,Aotizhongxin,12.0,66.0,28.0,242.8242753624151,10.2,24.6,21.15,18.54753623188201,2015-05-16 05:00:00,116.0,2015-05-17 05:00:00
18858,2015-05-18 07:00:00,0,train,19400,2015,5,18,7,61.0,93.0,5.0,41.0,400.0,56.0,22.2,998.5,2.3,0.0,N,3.5,Aotizhongxin,61.0,192.0,146.0,760.6666666667039,19.4,26.4,22.4,5.006068840579241,2015-05-18 07:00:00,10.0,2015-05-19 07:00:00
18901,2015-05-20 02:00:00,0,train,19443,2015,5,20,2,9.0,25.0,2.0,31.0,200.0,64.0,20.5,1010.1,1.3,0.0,NNW,2.6,Aotizhongxin,4.0,53.0,10.0,172.14492753632538,19.3,25.6,21.75,3.7892753623182527,2015-05-20 02:00:00,21.0,2015-05-21 02:00:00
18947,2015-05-22 00:00:00,0,train,19489,2015,5,22,0,33.0,77.0,14.0,36.0,600.0,105.0,20.6,1006.2,6.5,0.0,SW,4.3,Aotizhongxin,21.0,81.0,39.5,226.0271739131254,15.1,28.1,22.7,16.454619565217044,2015-05-22 00:00:00,76.0,2015-05-23 00:00:00
18996,2015-05-24 01:00:00,0,train,19538,2015,5,24,1,123.0,195.0,14.0,115.0,1300.0,64.0,20.5,1003.5,14.2,0.0,E,0.7,Aotizhongxin,72.0,142.0,97.0,593.5000000000556,15.9,30.6,23.700000000000003,24.73992753623203,2015-05-24 01:00:00,81.0,2015-05-25 01:00:00
19148,2015-05-30 09:00:00,0,train,19690,2015,5,30,9,35.0,35.0,3.0,37.0,500.0,72.0,24.6,1005.8,10.5,0.0,ENE,1.4,Aotizhongxin,3.0,100.0,48.5,752.9547101449971,16.9,29.8,24.5,16.105797101449536,2015-05-30 09:00:00,67.0,2015-05-31 09:00:00
19162,2015-05-30 23:00:00,0,train,19704,2015,5,30,23,42.0,103.0,12.0,44.0,1300.0,98.0,23.0,1001.3,13.2,0.0,SE,1.8,Aotizhongxin,26.0,90.0,61.0,320.84057971021235,16.9,29.8,24.9,15.709492753623442,2015-05-30 23:00:00,58.0,2015-05-31 23:00:00
19180,2015-05-31 17:00:00,0,train,19722,2015,5,31,17,75.0,183.0,15.0,27.0,600.0,256.0,32.4,992.7,13.1,0.0,WSW,5.8,Aotizhongxin,34.0,80.0,54.5,185.15760869572082,17.6,32.6,25.049999999999997,22.57519927536288,2015-05-31 17:00:00,103.0,2015-06-01 17:00:00
19185,2015-05-31 22:00:00,0,train,19727,2015,5,31,22,51.0,153.0,16.0,41.0,900.0,174.0,30.4,994.7,14.9,0.0,SW,4.3,Aotizhongxin,36.0,75.0,54.5,139.73731884064836,17.6,32.6,27.1,28.447807971015436,2015-05-31 22:00:00,130.0,2015-06-01 22:00:00
19192,2015-06-01 05:00:00,0,train,19734,2015,6,1,5,82.0,172.0,9.0,143.0,1200.0,2.0,23.3,995.9,17.5,0.0,SE,1.4,Aotizhongxin,40.0,88.0,65.5,166.6884057971681,18.5,32.6,28.9,14.866014492755317,2015-06-01 05:00:00,65.0,2015-06-02 05:00:00
19258,2015-06-03 23:00:00,0,train,19800,2015,6,3,23,36.0,114.0,10.0,51.0,500.0,91.0,26.5,1005.4,7.0,0.0,WSW,3.4,Aotizhongxin,19.0,70.0,33.0,209.86775362326173,16.4,31.6,27.200000000000003,24.193460144928245,2015-06-03 23:00:00,41.0,2015-06-04 23:00:00
19426,2015-06-11 15:00:00,0,train,19984,2015,6,11,15,3.0,8.0,7.0,,100.0,110.0,28.0,992.6,9.3,0.0,NW,4.2,Aotizhongxin,3.0,121.0,14.0,1192.601449275436,17.2,28.0,22.65,11.95210144927498,2015-06-11 15:00:00,5.0,2015-06-12 15:00:00
19498,2015-06-15 07:00:00,0,train,20072,2015,6,15,7,122.0,139.0,21.0,76.0,2000.0,42.0,23.1,1004.5,16.9,0.0,E,0.6,Aotizhongxin,11.0,122.0,20.0,1369.1721014493464,20.8,31.8,26.6,13.27123188405926,2015-06-15 07:00:00,157.0,2015-06-16 07:00:00
19499,2015-06-15 08:00:00,0,train,20073,2015,6,15,8,139.0,156.0,22.0,86.0,2100.0,40.0,24.7,1004.3,16.7,0.0,E,1.0,Aotizhongxin,11.0,139.0,24.0,1707.4764492754323,20.8,31.8,26.6,12.828405797102766,2015-06-15 08:00:00,152.0,2015-06-16 08:00:00
19538,2015-06-16 23:00:00,0,train,20112,2015,6,16,23,65.0,88.0,3.0,50.0,900.0,156.0,23.7,998.8,16.7,0.0,ENE,2.2,Aotizhongxin,60.0,162.0,108.0,1513.905797101506,21.0,33.1,25.65,16.922318840581102,2015-06-16 23:00:00,62.0,2015-06-17 23:00:00
19552,2015-06-17 13:00:00,0,train,20126,2015,6,17,13,32.0,32.0,2.0,16.0,500.0,209.0,32.2,996.9,15.7,0.0,NNE,1.8,Aotizhongxin,30.0,104.0,60.0,386.1086956522419,21.2,33.1,25.200000000000003,18.513750000001394,2015-06-17 13:00:00,8.0,2015-06-18 13:00:00
19570,2015-06-18 07:00:00,0,train,20144,2015,6,18,7,14.0,14.0,2.0,54.0,200.0,36.0,24.6,1003.9,9.3,0.0,NW,1.4,Aotizhongxin,10.0,70.0,37.0,273.1721014493467,18.8,33.1,24.700000000000003,15.370851449276136,2015-06-18 07:00:00,8.0,2015-06-19 07:00:00
19625,2015-06-20 14:00:00,0,train,20199,2015,6,20,14,16.0,16.0,2.0,14.0,200.0,176.0,29.5,1006.6,12.9,0.0,SE,2.1,Aotizhongxin,10.0,45.0,21.5,123.03623188413243,17.1,29.5,20.5,14.74405797101359,2015-06-20 14:00:00,27.0,2015-06-21 14:00:00
19635,2015-06-21 00:00:00,0,train,20209,2015,6,21,0,32.0,53.0,2.0,46.0,300.0,125.0,26.7,1005.6,12.4,0.0,SW,2.0,Aotizhongxin,10.0,45.0,19.5,86.94021739137963,17.1,31.0,26.85,24.144347826087518,2015-06-21 00:00:00,62.0,2015-06-22 00:00:00
19688,2015-06-23 05:00:00,0,train,20262,2015,6,23,5,309.0,309.0,12.0,38.0,2000.0,89.0,22.0,1003.3,18.4,0.0,ESE,2.1,Aotizhongxin,60.0,309.0,109.0,4419.041666666715,21.8,30.7,26.4,9.309275362319964,2015-06-23 05:00:00,91.0,2015-06-24 05:00:00
19698,2015-06-23 15:00:00,0,train,20272,2015,6,23,15,179.0,179.0,22.0,35.0,1800.0,294.0,31.1,1001.7,17.8,0.0,S,2.5,Aotizhongxin,67.0,309.0,196.0,7476.998188405833,21.9,31.1,25.85,8.84172101449381,2015-06-23 15:00:00,117.0,2015-06-24 15:00:00
19755,2015-06-26 00:00:00,0,train,20329,2015,6,26,0,123.0,123.0,2.0,39.0,700.0,109.0,24.1,995.3,18.5,0.0,WSW,1.4,Aotizhongxin,75.0,184.0,119.5,1148.31884057976,22.1,27.3,24.65,2.9107065217395243,2015-06-26 00:00:00,18.0,2015-06-27 00:00:00
19790,2015-06-27 11:00:00,1,train,20364,2015,6,27,11,79.0,100.0,4.0,47.0,900.0,54.0,25.2,1001.8,20.2,0.0,ENE,1.2,Aotizhongxin,14.0,156.0,59.5,1942.434782608744,20.9,28.7,23.25,8.729402173913316,2015-06-27 11:00:00,187.0,2015-06-28 11:00:00
19820,2015-06-28 17:00:00,0,train,20394,2015,6,28,17,122.0,122.0,16.0,24.0,600.0,223.0,31.2,999.0,22.5,0.0,SSE,3.0,Aotizhongxin,100.0,205.0,144.0,1044.7173913044023,23.2,31.2,26.6,6.9365217391317335,2015-06-28 17:00:00,15.0,2015-06-29 17:00:00
19879,2015-07-01 04:00:00,0,train,20453,2015,7,1,4,35.0,70.0,2.0,85.0,900.0,2.0,17.8,992.4,15.6,0.0,NE,0.8,Aotizhongxin,5.0,35.0,12.5,70.49275362323239,17.8,26.9,21.2,11.012391304347213,2015-07-01 04:00:00,3.0,2015-07-02 04:00:00
19887,2015-07-01 12:00:00,0,train,20461,2015,7,1,12,24.0,24.0,7.0,13.0,400.0,109.0,31.3,992.8,10.6,0.0,WNW,3.8,Aotizhongxin,5.0,35.0,19.5,101.38405797105895,17.2,31.3,24.3,16.792010869565292,2015-07-01 12:00:00,8.0,2015-07-02 12:00:00
19916,2015-07-02 17:00:00,0,train,20490,2015,7,2,17,3.0,5.0,2.0,15.0,100.0,108.0,33.2,996.0,4.9,0.0,N,3.5,Aotizhongxin,3.0,14.0,6.5,9.014492753666387,20.5,33.3,24.1,17.358188405798124,2015-07-02 17:00:00,45.0,2015-07-03 17:00:00
19951,2015-07-04 04:00:00,0,train,20525,2015,7,4,4,16.0,44.0,9.0,44.0,500.0,,20.0,1006.0,11.5,0.0,ESE,1.5,Aotizhongxin,11.0,54.0,26.0,127.10144927540739,17.0,30.3,25.75,14.793840579710908,2015-07-04 04:00:00,62.0,2015-07-05 04:00:00
19980,2015-07-05 09:00:00,0,train,20554,2015,7,5,9,66.0,80.0,9.0,38.0,900.0,72.0,22.8,1006.8,15.1,0.0,NE,1.5,Aotizhongxin,20.0,72.0,49.5,222.68840579714865,17.5,25.7,20.8,8.792101449274606,2015-07-05 09:00:00,113.0,2015-07-06 09:00:00
19994,2015-07-05 23:00:00,0,train,20568,2015,7,5,23,55.0,72.0,8.0,37.0,600.0,130.0,23.9,1006.8,16.9,0.0,ESE,1.7,Aotizhongxin,50.0,94.0,66.0,109.65036231888956,17.5,29.1,24.7,19.448695652174035,2015-07-05 23:00:00,64.0,2015-07-06 23:00:00
20015,2015-07-06 20:00:00,0,train,20589,2015,7,6,20,58.0,97.0,7.0,40.0,700.0,225.0,28.0,1004.6,15.0,0.0,SSE,1.7,Aotizhongxin,55.0,129.0,64.0,380.45652173918,19.2,30.4,25.3,14.97557971014563,2015-07-06 20:00:00,62.0,2015-07-07 20:00:00
20016,2015-07-06 21:00:00,0,train,20590,2015,7,6,21,50.0,67.0,6.0,35.0,600.0,191.0,27.4,1005.3,15.1,0.0,SSE,2.1,Aotizhongxin,50.0,129.0,63.5,398.6666666667162,19.2,30.4,25.55,15.174492753623918,2015-07-06 21:00:00,59.0,2015-07-07 21:00:00
20089,2015-07-09 22:00:00,0,train,20663,2015,7,9,22,30.0,30.0,7.0,56.0,500.0,119.0,27.8,1007.6,10.9,0.0,SE,1.6,Aotizhongxin,30.0,107.0,82.0,490.17391304353293,22.4,32.5,28.15,12.483405797103085,2015-07-09 22:00:00,78.0,2015-07-10 22:00:00
20101,2015-07-10 10:00:00,0,train,20675,2015,7,10,10,51.0,51.0,10.0,42.0,700.0,109.0,27.7,1008.4,19.0,0.0,ESE,2.3,Aotizhongxin,25.0,107.0,55.0,625.3623188406339,23.0,32.5,27.75,11.120851449277051,2015-07-10 10:00:00,149.0,2015-07-11 10:00:00
20102,2015-07-10 11:00:00,0,train,20676,2015,7,10,11,53.0,53.0,9.0,40.0,800.0,136.0,28.6,1007.9,18.1,0.0,ESE,1.5,Aotizhongxin,25.0,107.0,53.5,512.8623188406339,23.0,32.5,27.75,11.010706521740802,2015-07-10 11:00:00,154.0,2015-07-11 11:00:00
20152,2015-07-12 13:00:00,0,train,20726,2015,7,12,13,137.0,137.0,11.0,37.0,1100.0,380.0,35.2,993.9,19.2,0.0,NNW,1.5,Aotizhongxin,82.0,195.0,122.0,1089.2971014493291,24.1,35.2,29.1,12.112010869567685,2015-07-12 13:00:00,18.0,2015-07-13 13:00:00
20194,2015-07-14 07:00:00,0,train,20768,2015,7,14,7,37.0,37.0,2.0,53.0,600.0,117.0,25.3,999.8,19.0,0.0,NNE,1.8,Aotizhongxin,18.0,83.0,44.5,280.6956521739744,23.4,38.8,33.9,27.258967391307834,2015-07-14 07:00:00,28.0,2015-07-15 07:00:00
20206,2015-07-14 19:00:00,0,train,20780,2015,7,14,19,30.0,30.0,2.0,37.0,500.0,185.0,31.1,998.7,13.8,0.0,NNW,1.6,Aotizhongxin,25.0,83.0,39.5,284.72282608701784,23.4,35.0,32.6,16.62244565217674,2015-07-14 19:00:00,56.0,2015-07-15 19:00:00
20214,2015-07-15 03:00:00,0,train,20788,2015,7,15,3,23.0,41.0,3.0,58.0,400.0,110.0,26.5,1000.2,14.3,0.0,ENE,1.4,Aotizhongxin,21.0,58.0,31.5,101.88405797107656,23.4,35.0,29.35,12.679927536234308,2015-07-15 03:00:00,58.0,2015-07-16 03:00:00
20225,2015-07-15 14:00:00,0,train,20799,2015,7,15,14,55.0,74.0,3.0,119.0,1200.0,46.0,27.8,1001.5,18.2,0.0,WNW,2.5,Aotizhongxin,21.0,58.0,30.0,132.63586956527945,24.8,35.0,28.0,7.280869565219461,2015-07-15 14:00:00,33.0,2015-07-16 14:00:00
20296,2015-07-18 13:00:00,0,train,20870,2015,7,18,13,43.0,43.0,2.0,40.0,700.0,154.0,26.4,1002.3,20.7,0.0,ESE,2.0,Aotizhongxin,31.0,92.0,49.5,396.75362318846743,20.5,26.4,23.6,3.611884057970993,2015-07-18 13:00:00,121.0,2015-07-19 13:00:00
20368,2015-07-21 13:00:00,0,train,20942,2015,7,21,13,176.0,176.0,2.0,37.0,1200.0,176.0,28.5,1000.7,22.7,0.0,SSE,1.3,Aotizhongxin,92.0,184.0,120.5,845.7391304348432,22.9,28.5,25.0,4.5986775362327075,2015-07-21 13:00:00,86.0,2015-07-22 13:00:00
20401,2015-07-22 22:00:00,0,train,20975,2015,7,22,22,17.0,29.0,2.0,49.0,800.0,123.0,22.3,1001.2,20.8,1.2,ENE,1.3,Aotizhongxin,9.0,103.0,64.5,603.2101449276068,21.3,30.9,24.45,11.460217391305152,2015-07-22 22:00:00,42.0,2015-07-23 22:00:00
20521,2015-07-27 22:00:00,0,train,21095,2015,7,27,22,24.0,61.0,2.0,30.0,600.0,142.0,23.9,1001.5,22.7,2.3,ESE,1.2,Aotizhongxin,24.0,130.0,85.0,973.2101449276003,22.9,33.3,27.9,11.294130434784662,2015-07-27 22:00:00,83.0,2015-07-28 22:00:00
