original_index,timestamp,target,partition,No,year,month,day,hour,PM2.5,PM10,SO2,NO2,CO,O3,TEMP,PRES,DEWP,RAIN,wd,WSPM,station,pm25_min,pm25_max,pm25_median,pm25_variance,temperature_min,temperature_max,temperature_median,temperature_variance,feature_timestamp,future_pm25,target_timestamp
19,2013-03-02 06:00:00,0,train,31,2013,3,2,6,4.0,10.0,28.0,46.0,500.0,39.0,-2.5,1029.6,-17.7,0.0,NW,0.7,Aotizhongxin,3.0,24.0,8.0,36.606884057971016,-2.5,6.2,1.05,7.559710144927538,2013-03-02 06:00:00,91.0,2013-03-03 06:00:00
31,2013-03-02 18:00:00,0,train,43,2013,3,2,18,54.0,79.0,50.0,80.0,1100.0,24.0,1.2,1023.2,-12.3,0.0,W,0.9,Aotizhongxin,3.0,54.0,13.5,193.391304347826,-2.5,3.9,0.75,3.9216666666666726,2013-03-02 18:00:00,24.0,2013-03-03 18:00:00
60,2013-03-03 23:00:00,0,train,72,2013,3,3,23,46.0,94.0,29.0,84.0,1200.0,2.0,5.2,1014.8,-10.6,0.0,NNW,1.7,Aotizhongxin,19.0,117.0,87.0,977.4710144927534,-5.8,16.9,5.25,62.28579710144929,2013-03-03 23:00:00,58.0,2013-03-04 23:00:00
76,2013-03-04 15:00:00,0,train,88,2013,3,4,15,10.0,13.0,9.0,15.0,400.0,84.0,15.3,1016.3,-13.0,0.0,SSW,2.4,Aotizhongxin,3.0,117.0,17.0,633.4710144927517,2.7,16.4,8.85,17.581286231884075,2013-03-04 15:00:00,165.0,2013-03-05 15:00:00
121,2013-03-06 12:00:00,1,train,133,2013,3,6,12,192.0,219.0,124.0,113.0,2299.0,22.0,11.1,1006.9,-4.2,0.0,ENE,0.4,Aotizhongxin,163.0,284.0,192.0,972.8043478260878,2.9,13.8,5.5,13.441086956521758,2013-03-06 12:00:00,255.0,2013-03-07 12:00:00
146,2013-03-07 13:00:00,0,train,158,2013,3,7,13,258.0,283.0,111.0,226.0,3700.0,17.0,17.7,1000.2,-3.2,0.0,SW,3.1,Aotizhongxin,217.0,320.0,249.0,585.5362318840534,-0.9,17.7,4.75,39.37275362318843,2013-03-07 13:00:00,121.0,2013-03-08 13:00:00
241,2013-03-11 12:00:00,0,train,253,2013,3,11,12,149.0,207.0,99.0,118.0,2200.0,84.0,9.7,1013.4,-7.5,0.0,NNW,1.6,Aotizhongxin,28.0,149.0,92.5,1336.5144927536915,-2.3,11.4,6.2,23.5072282608695,2013-03-11 12:00:00,132.0,2013-03-12 12:00:00
250,2013-03-11 21:00:00,0,train,262,2013,3,11,21,174.0,246.0,124.0,121.0,2200.0,47.0,9.6,1009.8,-2.7,0.0,SSW,1.5,Aotizhongxin,70.0,174.0,113.5,705.8677536232434,-2.3,11.4,6.300000000000001,26.189402173912978,2013-03-11 21:00:00,140.0,2013-03-12 21:00:00
265,2013-03-12 12:00:00,0,train,277,2013,3,12,12,132.0,87.0,14.0,75.0,1600.0,47.0,4.8,1006.8,2.2,0.0,N,1.5,Aotizhongxin,89.0,174.0,124.0,394.9492753623704,3.1,11.4,6.35,8.666793478260844,2013-03-12 12:00:00,12.0,2013-03-13 12:00:00
398,2013-03-18 01:00:00,0,train,410,2013,3,18,1,463.0,476.0,45.0,154.0,3799.0,107.0,8.8,996.3,-1.1,0.0,NNW,1.1,Aotizhongxin,176.0,463.0,327.0,8421.210144927501,4.2,15.9,9.65,13.163460144927583,2013-03-18 01:00:00,30.0,2013-03-19 01:00:00
404,2013-03-18 07:00:00,0,train,416,2013,3,18,7,13.0,68.0,17.0,15.0,400.0,107.0,6.2,1002.4,-12.4,0.0,NE,6.5,Aotizhongxin,13.0,463.0,327.0,21621.519927536203,6.2,15.9,10.75,7.972010869565271,2013-03-18 07:00:00,30.0,2013-03-19 07:00:00
419,2013-03-18 22:00:00,0,train,431,2013,3,18,22,37.0,59.0,23.0,42.0,800.0,41.0,2.9,1004.0,-4.1,0.0,S,2.0,Aotizhongxin,3.0,463.0,17.5,23227.56340579714,2.9,12.0,8.9,7.232010869565235,2013-03-18 22:00:00,65.0,2013-03-19 22:00:00
515,2013-03-22 22:00:00,0,train,527,2013,3,22,22,59.0,100.0,23.0,68.0,900.0,22.0,4.3,1011.8,-3.5,0.0,SSE,1.9,Aotizhongxin,10.0,228.0,75.5,3376.5923913043725,1.1,10.0,7.35,8.100851449275329,2013-03-22 22:00:00,7.0,2013-03-23 22:00:00
571,2013-03-25 06:00:00,1,train,583,2013,3,25,6,71.0,95.0,8.0,83.0,,,-0.9,1018.1,-4.6,0.0,NNE,1.5,Aotizhongxin,3.0,80.0,27.5,822.6884057971392,-1.1,10.6,5.4,15.566884057970954,2013-03-25 06:00:00,190.0,2013-03-26 06:00:00
582,2013-03-25 17:00:00,1,train,594,2013,3,25,17,109.0,140.0,47.0,63.0,1100.0,76.0,9.8,1012.5,-6.1,0.0,WSW,3.6,Aotizhongxin,23.0,133.0,78.0,1024.7826086956818,-1.1,10.8,4.75,17.898840579710086,2013-03-25 17:00:00,199.0,2013-03-26 17:00:00
615,2013-03-27 02:00:00,0,train,627,2013,3,27,2,128.0,187.0,35.0,55.0,900.0,11.0,6.1,1002.2,3.6,0.0,SSW,1.0,Aotizhongxin,128.0,229.0,199.5,936.3460144927614,-0.4,12.9,7.85,18.913623188405808,2013-03-27 02:00:00,6.0,2013-03-28 02:00:00
630,2013-03-27 17:00:00,0,train,642,2013,3,27,17,14.0,42.0,7.0,13.0,400.0,90.0,14.5,1005.5,-12.7,0.0,NE,3.9,Aotizhongxin,13.0,229.0,140.5,4833.152173913067,2.8,19.5,9.15,30.659057971014555,2013-03-27 17:00:00,10.0,2013-03-28 17:00:00
643,2013-03-28 06:00:00,0,train,655,2013,3,28,6,13.0,22.0,17.0,38.0,400.0,48.0,4.6,1016.9,-14.8,0.0,E,1.0,Aotizhongxin,6.0,221.0,13.5,5429.259057971067,4.3,19.5,10.5,28.364057971014567,2013-03-28 06:00:00,94.0,2013-03-29 06:00:00
651,2013-03-28 14:00:00,0,train,663,2013,3,28,14,17.0,17.0,10.0,10.0,400.0,87.0,12.7,1014.1,-9.1,0.0,W,3.5,Aotizhongxin,6.0,17.0,12.0,6.862318840647842,4.3,18.2,9.15,15.747373188405858,2013-03-28 14:00:00,113.0,2013-03-29 14:00:00
665,2013-03-29 04:00:00,0,train,677,2013,3,29,4,84.0,128.0,25.0,96.0,1100.0,2.0,3.2,1016.9,-6.0,0.0,NE,1.3,Aotizhongxin,3.0,109.0,13.0,1619.2155797102025,2.1,14.2,7.1,15.052590579710188,2013-03-29 04:00:00,71.0,2013-03-30 04:00:00
675,2013-03-29 14:00:00,0,train,687,2013,3,29,14,113.0,161.0,61.0,82.0,2100.0,39.0,9.6,1014.4,-6.7,0.0,ESE,0.8,Aotizhongxin,3.0,113.0,86.0,1155.0271739130899,2.1,14.2,7.2,14.747663043478296,2013-03-29 14:00:00,94.0,2013-03-30 14:00:00
693,2013-03-30 08:00:00,0,train,705,2013,3,30,8,82.0,145.0,94.0,92.0,2799.0,3.0,5.7,1018.4,-6.6,0.0,N,2.3,Aotizhongxin,57.0,114.0,74.0,338.59239130439187,2.5,9.8,5.85,7.417391304347858,2013-03-30 08:00:00,132.0,2013-03-31 08:00:00
727,2013-03-31 18:00:00,0,train,739,2013,3,31,18,228.0,245.0,24.0,75.0,1399.0,3.0,5.7,1009.6,2.7,0.0,N,2.3,Aotizhongxin,84.0,228.0,126.0,3090.7807971014695,4.4,6.9,5.5,0.5573188405797448,2013-03-31 18:00:00,13.0,2013-04-01 18:00:00
765,2013-04-02 08:00:00,0,train,777,2013,4,2,8,126.0,147.0,43.0,84.0,2000.0,2.0,8.3,1015.6,-1.0,0.0,WNW,0.9,Aotizhongxin,3.0,126.0,15.5,1211.188405797141,0.0,16.7,10.15,33.20650362318845,2013-04-02 08:00:00,154.0,2013-04-03 08:00:00
766,2013-04-02 09:00:00,0,train,778,2013,4,2,9,126.0,147.0,43.0,84.0,2200.0,6.0,10.6,1015.2,1.7,0.0,WSW,2.4,Aotizhongxin,3.0,126.0,16.0,1560.7173913043864,0.0,16.7,10.15,32.957101449275406,2013-04-02 09:00:00,142.0,2013-04-03 09:00:00
796,2013-04-03 15:00:00,0,train,808,2013,4,3,15,180.0,358.0,100.0,70.0,2799.0,115.0,16.9,1006.5,0.9,0.0,S,4.1,Aotizhongxin,108.0,208.0,142.0,640.2536231884229,5.4,19.6,13.149999999999999,25.711721014492763,2013-04-03 15:00:00,85.0,2013-04-04 15:00:00
826,2013-04-04 21:00:00,0,train,838,2013,4,4,21,72.0,90.0,14.0,108.0,,,5.7,1010.1,4.8,0.1,NE,1.7,Aotizhongxin,36.0,90.0,66.0,317.2753623188773,5.6,10.7,8.25,2.621286231884107,2013-04-04 21:00:00,3.0,2013-04-05 21:00:00
827,2013-04-04 22:00:00,0,train,839,2013,4,4,22,76.0,86.0,13.0,96.0,2399.0,2.0,5.8,1010.1,5.1,0.7,N,0.0,Aotizhongxin,40.0,90.0,70.5,288.86956521742763,5.6,10.7,8.1,2.760000000000051,2013-04-04 22:00:00,3.0,2013-04-05 22:00:00
887,2013-04-07 10:00:00,0,train,899,2013,4,7,10,62.0,84.0,50.0,61.0,1500.0,26.0,9.3,1003.8,-1.2,0.0,ESE,1.7,Aotizhongxin,3.0,91.0,35.0,756.4275362319272,2.0,15.2,9.25,20.31563405797106,2013-04-07 10:00:00,15.0,2013-04-08 10:00:00
894,2013-04-07 17:00:00,0,train,906,2013,4,7,17,125.0,182.0,71.0,73.0,1200.0,66.0,13.3,997.7,1.9,0.0,SSE,1.7,Aotizhongxin,3.0,125.0,64.0,1106.606884058007,2.0,15.3,9.25,19.32954710144932,2013-04-07 17:00:00,32.0,2013-04-08 17:00:00
899,2013-04-07 22:00:00,0,train,911,2013,4,7,22,83.0,184.0,45.0,65.0,1000.0,38.0,9.5,1002.5,3.2,0.0,N,0.0,Aotizhongxin,32.0,125.0,73.5,591.7663043478576,2.0,15.3,9.4,19.696449275362365,2013-04-07 22:00:00,18.0,2013-04-08 22:00:00
937,2013-04-09 12:00:00,0,train,949,2013,4,9,12,12.0,24.0,5.0,10.0,400.0,85.0,11.4,1015.1,-9.6,0.0,NNW,3.9,Aotizhongxin,8.0,32.0,12.0,37.41847826091725,5.1,12.3,8.25,4.48476449275366,2013-04-09 12:00:00,5.0,2013-04-10 12:00:00
948,2013-04-09 23:00:00,0,train,960,2013,4,9,23,12.0,18.0,4.0,23.0,400.0,60.0,5.7,1017.2,-9.4,0.0,NNW,1.7,Aotizhongxin,4.0,18.0,12.0,7.998188405845368,5.1,11.5,7.4,4.503478260869604,2013-04-09 23:00:00,23.0,2013-04-10 23:00:00
968,2013-04-10 19:00:00,0,train,980,2013,4,10,19,11.0,24.0,3.0,29.0,500.0,63.189,8.7,1012.1,-11.3,0.0,N,1.5,Aotizhongxin,3.0,18.0,12.0,10.869565217439645,3.2,12.8,7.9,9.45536231884062,2013-04-10 19:00:00,5.0,2013-04-11 19:00:00
1079,2013-04-15 10:00:00,0,train,1091,2013,4,15,10,82.0,150.0,116.0,86.0,2399.0,25.0,15.7,998.9,-1.9,0.0,S,1.7,Aotizhongxin,34.0,82.0,59.0,125.56340579713793,6.4,16.2,13.149999999999999,11.270851449275481,2013-04-15 10:00:00,76.0,2013-04-16 10:00:00
1126,2013-04-17 09:00:00,0,train,1138,2013,4,17,9,43.0,74.0,25.0,56.0,700.0,47.0,12.1,1005.6,-2.2,0.0,S,2.9,Aotizhongxin,21.0,93.0,43.0,361.6231884058375,8.5,22.2,10.85,29.866793478260966,2013-04-17 09:00:00,10.0,2013-04-18 09:00:00
1135,2013-04-17 18:00:00,0,train,1147,2013,4,17,18,61.0,126.0,20.0,62.0,700.0,68.0,14.0,1004.4,-1.6,0.0,ESE,1.4,Aotizhongxin,33.0,93.0,51.0,268.5054347826482,8.5,17.1,10.85,10.068097826087033,2013-04-17 18:00:00,9.0,2013-04-18 18:00:00
1141,2013-04-18 00:00:00,0,train,1153,2013,4,18,0,12.0,107.0,3.0,20.0,300.0,67.0,9.9,1013.2,-6.5,0.0,N,4.0,Aotizhongxin,12.0,74.0,45.0,173.88405797105565,8.5,17.1,12.25,8.870851449275445,2013-04-18 00:00:00,33.0,2013-04-19 00:00:00
1146,2013-04-18 05:00:00,0,train,1158,2013,4,18,5,5.0,29.0,6.0,28.0,300.0,54.0,6.3,1018.4,-10.0,0.0,NNE,2.2,Aotizhongxin,5.0,74.0,43.0,425.7663043478689,6.3,17.1,12.25,11.002826086956599,2013-04-18 05:00:00,58.0,2013-04-19 05:00:00
1181,2013-04-19 16:00:00,0,train,1193,2013,4,19,16,52.0,74.0,15.0,43.0,600.0,57.0,6.7,1016.9,-1.5,0.0,SW,3.6,Aotizhongxin,9.0,67.0,42.0,335.55797101453607,3.5,14.1,7.35,6.3193478260869504,2013-04-19 16:00:00,67.0,2013-04-20 16:00:00
1191,2013-04-20 02:00:00,0,train,1203,2013,4,20,2,52.0,55.0,4.0,63.0,600.0,2.0,2.3,1017.3,1.3,0.0,SW,1.3,Aotizhongxin,31.0,67.0,52.5,86.9402173913431,2.3,7.9,6.050000000000001,2.9182427536231246,2013-04-20 02:00:00,116.0,2013-04-21 02:00:00
1205,2013-04-20 16:00:00,0,train,1217,2013,4,20,16,67.0,88.0,13.0,35.0,600.0,107.0,14.7,1011.9,-1.0,0.0,WSW,4.3,Aotizhongxin,48.0,83.0,63.5,122.38949275365668,0.9,15.3,4.65,26.034184782608655,2013-04-20 16:00:00,142.0,2013-04-21 16:00:00
1235,2013-04-21 22:00:00,1,train,1247,2013,4,21,22,87.0,96.0,31.0,49.0,,,13.2,1010.1,3.0,0.0,SW,3.3,Aotizhongxin,85.0,162.0,128.0,493.62318840580355,4.2,17.6,13.399999999999999,22.39331521739134,2013-04-21 22:00:00,208.0,2013-04-22 22:00:00
1263,2013-04-23 02:00:00,0,train,1275,2013,4,23,2,114.0,127.0,21.0,46.0,800.0,30.0,10.1,1005.8,6.6,0.0,SW,2.6,Aotizhongxin,114.0,243.0,164.5,1442.5634057970901,7.9,14.7,13.6,5.184329710144964,2013-04-23 02:00:00,156.0,2013-04-24 02:00:00
1269,2013-04-23 08:00:00,0,train,1281,2013,4,23,8,171.0,194.0,14.0,49.0,1100.0,2.0,10.1,1005.9,7.3,0.0,SW,0.6,Aotizhongxin,114.0,243.0,168.5,1526.4329710144818,9.3,14.7,13.6,4.106938405797139,2013-04-23 08:00:00,166.0,2013-04-24 08:00:00
1270,2013-04-23 09:00:00,0,train,1282,2013,4,23,9,179.0,192.0,15.0,49.0,1100.0,2.0,11.5,1005.8,7.4,0.0,WSW,1.5,Aotizhongxin,114.0,243.0,171.5,1523.9130434782498,9.3,14.7,13.6,4.099710144927573,2013-04-23 09:00:00,136.0,2013-04-24 09:00:00
1294,2013-04-24 09:00:00,0,train,1306,2013,4,24,9,136.0,141.0,33.0,62.0,1200.0,2.0,18.1,1005.2,7.5,0.0,SSW,1.1,Aotizhongxin,128.0,263.0,186.5,1557.8967391304202,6.3,18.1,11.5,12.995199275362339,2013-04-24 09:00:00,15.0,2013-04-25 09:00:00
1318,2013-04-25 09:00:00,0,train,1330,2013,4,25,9,15.0,21.0,8.0,26.0,500.0,61.0,17.8,1009.1,-5.5,0.0,NNW,4.2,Aotizhongxin,8.0,120.0,13.0,1093.432971014487,6.0,24.1,16.1,32.346938405797204,2013-04-25 09:00:00,84.0,2013-04-26 09:00:00
1355,2013-04-26 22:00:00,0,train,1367,2013,4,26,22,48.0,73.0,29.0,81.0,600.0,56.0,16.2,1004.1,0.3,0.0,S,0.9,Aotizhongxin,24.0,92.0,69.5,428.2608695652117,6.1,24.3,17.6,43.85123188405808,2013-04-26 22:00:00,75.0,2013-04-27 22:00:00
1422,2013-04-29 17:00:00,0,train,1434,2013,4,29,17,10.0,56.0,5.0,12.0,300.0,97.0,27.9,1003.0,-5.3,0.0,NNW,3.2,Aotizhongxin,7.0,94.0,14.5,348.12862318839865,10.7,28.9,19.200000000000003,37.64079710144934,2013-04-29 17:00:00,17.0,2013-04-30 17:00:00
1431,2013-04-30 02:00:00,0,train,1443,2013,4,30,2,15.0,51.0,7.0,50.0,300.0,44.0,14.3,1008.7,-2.6,0.0,WSW,0.8,Aotizhongxin,7.0,40.0,14.5,64.782608695645,10.7,28.9,20.25,38.31041666666672,2013-04-30 02:00:00,23.0,2013-05-01 02:00:00
1434,2013-04-30 05:00:00,0,train,1446,2013,4,30,5,11.0,45.0,7.0,51.0,300.0,46.0,8.9,1009.3,2.9,0.0,NNW,0.7,Aotizhongxin,7.0,40.0,15.0,62.08514492752907,8.9,28.9,20.25,43.96927536231891,2013-04-30 05:00:00,26.0,2013-05-01 05:00:00
1588,2013-05-06 15:00:00,0,train,1600,2013,5,6,15,124.0,29.0,49.0,18.0,700.0,198.0,30.5,1006.6,8.2,0.0,SW,3.2,Aotizhongxin,124.0,316.0,277.0,1810.6358695651934,16.0,30.9,22.4,24.76172101449271,2013-05-06 15:00:00,112.0,2013-05-07 15:00:00
1618,2013-05-07 21:00:00,0,train,1630,2013,5,7,21,183.0,258.0,79.0,67.0,1800.0,193.0,24.9,1008.3,11.1,0.0,S,2.1,Aotizhongxin,112.0,243.0,174.5,1291.0144927536185,15.9,29.4,23.9,22.195579710144845,2013-05-07 21:00:00,101.0,2013-05-08 21:00:00
1638,2013-05-08 17:00:00,0,train,1650,2013,5,8,17,107.0,173.0,79.0,47.0,800.0,114.0,21.3,1006.7,14.5,0.0,SW,2.2,Aotizhongxin,67.0,203.0,161.0,1159.896739130435,16.4,26.8,21.55,6.925797101449274,2013-05-08 17:00:00,58.0,2013-05-09 17:00:00
1748,2013-05-13 07:00:00,0,train,1760,2013,5,13,7,86.0,198.0,79.0,102.0,1500.0,2.0,19.8,999.2,3.9,0.0,N,1.8,Aotizhongxin,13.0,86.0,35.5,398.9981884058207,14.9,30.0,23.2,26.23934782608694,2013-05-13 07:00:00,19.0,2013-05-14 07:00:00
1753,2013-05-13 12:00:00,0,train,1765,2013,5,13,12,71.0,137.0,81.0,66.0,1600.0,92.0,25.8,996.4,5.9,0.0,E,1.7,Aotizhongxin,19.0,92.0,46.5,464.4927536232094,14.9,30.0,22.6,23.613025362318858,2013-05-13 12:00:00,24.0,2013-05-14 12:00:00
1882,2013-05-18 21:00:00,0,train,1894,2013,5,18,21,67.0,134.0,19.0,30.0,500.0,124.0,20.1,998.2,14.0,0.0,S,3.0,Aotizhongxin,66.0,182.0,143.0,1506.6503623188503,17.8,23.8,20.95,4.140851449275427,2013-05-18 21:00:00,29.0,2013-05-19 21:00:00
1938,2013-05-21 05:00:00,0,train,1950,2013,5,21,5,86.0,240.0,29.0,101.0,,,15.9,991.5,8.6,0.0,NE,1.8,Aotizhongxin,22.0,86.0,52.0,338.69565217394677,15.5,27.3,23.1,17.29302536231882,2013-05-21 05:00:00,58.0,2013-05-22 05:00:00
2189,2013-05-31 16:00:00,0,train,2201,2013,5,31,16,114.0,169.0,71.0,49.0,1300.0,223.0,28.3,994.7,17.2,0.0,SSW,3.2,Aotizhongxin,38.0,117.0,67.5,740.4927536232102,18.4,32.2,26.25,16.077318840579427,2013-05-31 16:00:00,16.0,2013-06-01 16:00:00
2361,2013-06-07 20:00:00,1,train,2373,2013,6,7,20,130.0,161.0,6.0,83.0,2299.0,7.0,20.2,1004.2,19.4,0.0,NE,0.6,Aotizhongxin,74.0,146.0,132.5,399.259057971031,19.3,20.7,20.15,0.11505434782655855,2013-06-07 20:00:00,190.0,2013-06-08 20:00:00
2385,2013-06-08 20:00:00,0,train,2397,2013,6,8,20,190.0,270.0,10.0,80.0,2600.0,9.0,19.9,1002.1,19.6,0.0,ENE,1.6,Aotizhongxin,118.0,240.0,143.0,1887.7373188405916,19.4,20.4,20.0,0.0854891304352738,2013-06-08 20:00:00,18.0,2013-06-09 20:00:00
2391,2013-06-09 02:00:00,0,train,2403,2013,6,9,2,144.0,164.0,10.0,72.0,2500.0,8.0,19.9,1001.2,19.7,0.0,ENE,0.5,Aotizhongxin,118.0,240.0,174.5,1652.9492753623301,19.4,20.4,19.9,0.07592391304397149,2013-06-09 02:00:00,11.0,2013-06-10 02:00:00
2394,2013-06-09 05:00:00,0,train,2406,2013,6,9,5,93.0,99.0,11.0,56.0,2200.0,8.0,19.2,1002.2,18.7,0.0,NE,1.7,Aotizhongxin,93.0,240.0,174.5,1876.2826086956636,19.2,20.4,19.9,0.08000000000049241,2013-06-09 05:00:00,24.0,2013-06-10 05:00:00
2421,2013-06-10 08:00:00,0,train,2433,2013,6,10,8,16.0,27.0,6.0,56.0,800.0,6.0,18.4,1009.0,16.9,0.0,ENE,0.9,Aotizhongxin,3.0,25.0,13.5,51.79710144932298,15.8,18.4,16.75,0.3856340579718083,2013-06-10 08:00:00,76.0,2013-06-11 08:00:00
2453,2013-06-11 16:00:00,0,train,2465,2013,6,11,16,95.0,119.0,4.0,50.0,400.0,124.0,24.2,1000.3,15.1,0.0,S,4.0,Aotizhongxin,14.0,139.0,45.0,1151.275362318876,17.1,26.3,21.25,9.155199275362724,2013-06-11 16:00:00,71.0,2013-06-12 16:00:00
2669,2013-06-20 16:00:00,0,train,2681,2013,6,20,16,54.0,124.0,34.8432,67.5437,,132.1614,26.6,1002.4,20.7,0.0,WSW,0.7,Aotizhongxin,3.0,106.0,42.5,590.8913043478574,24.0,32.5,26.75,5.240797101448938,2013-06-20 16:00:00,57.0,2013-06-21 16:00:00
2690,2013-06-21 13:00:00,0,train,2702,2013,6,21,13,31.0,30.0,14.28,68.5702,,160.8642,28.7,1003.4,19.1,0.0,SW,2.9,Aotizhongxin,24.0,115.0,51.0,612.3405797101726,21.2,30.6,24.85,8.472880434782429,2013-06-21 13:00:00,43.0,2013-06-22 13:00:00
2722,2013-06-22 21:00:00,0,train,2734,2013,6,22,21,50.0,52.0,1.428,87.4578,,,20.5,1002.2,19.2,0.0,N,0.0,Aotizhongxin,16.0,94.0,43.0,389.89673913046596,20.5,24.1,21.2,0.9040579710146367,2013-06-22 21:00:00,44.0,2013-06-23 21:00:00
2739,2013-06-23 14:00:00,0,train,2751,2013,6,23,14,32.0,13.0,6.2832,48.6561,,185.0688,31.2,996.3,17.5,0.0,WSW,1.8,Aotizhongxin,29.0,83.0,55.0,263.0434782608989,19.8,31.2,21.7,15.272971014492727,2013-06-23 14:00:00,141.0,2013-06-24 14:00:00
2745,2013-06-23 20:00:00,0,train,2757,2013,6,23,20,47.0,60.0,4.5696,63.4377,,157.6512,27.0,997.1,18.3,0.0,SW,3.0,Aotizhongxin,29.0,83.0,57.0,213.95471014495632,19.8,31.2,26.05,20.279927536231693,2013-06-23 20:00:00,120.0,2013-06-24 20:00:00
2750,2013-06-24 01:00:00,0,train,2762,2013,6,24,1,64.0,81.0,4.8552,60.9741,,87.1794,22.2,996.8,18.8,0.0,SSE,1.2,Aotizhongxin,29.0,83.0,58.5,218.231884057999,19.8,31.2,26.450000000000003,15.019130434782339,2013-06-24 01:00:00,37.0,2013-06-25 01:00:00
2757,2013-06-24 08:00:00,0,train,2769,2013,6,24,8,209.0,281.0,9.996,85.1995,,25.0614,24.5,998.9,20.6,0.0,NNE,1.5,Aotizhongxin,29.0,209.0,55.5,1163.7101449275644,20.9,31.2,26.450000000000003,11.894130434782312,2013-06-24 08:00:00,74.0,2013-06-25 08:00:00
2767,2013-06-24 18:00:00,1,train,2779,2013,6,24,18,141.0,147.0,16.5648,52.9674,,216.7704,27.6,995.7,22.3,0.2,WSW,1.6,Aotizhongxin,37.0,233.0,68.5,3810.9275362318963,20.9,29.3,26.05,7.704275362318611,2013-06-24 18:00:00,188.0,2013-06-25 18:00:00
2786,2013-06-25 13:00:00,1,train,2798,2013,6,25,13,170.0,172.0,28.8456,58.3052,,59.5476,23.8,994.7,20.5,0.0,NW,0.7,Aotizhongxin,36.0,170.0,84.0,2087.1286231884233,20.6,29.3,21.5,9.371286231884097,2013-06-25 13:00:00,207.0,2013-06-26 13:00:00
2805,2013-06-26 08:00:00,0,train,2817,2013,6,26,8,161.0,149.0,9.1392,60.5635,,,24.0,992.8,20.9,0.0,NE,1.0,Aotizhongxin,81.0,188.0,156.0,598.4057971014461,20.9,24.1,22.049999999999997,0.922590579710264,2013-06-26 08:00:00,100.0,2013-06-27 08:00:00
2815,2013-06-26 18:00:00,0,train,2827,2013,6,26,18,78.0,98.0,7.7112,39.6229,,189.1386,29.9,989.3,22.9,0.0,SW,2.4,Aotizhongxin,78.0,217.0,160.5,1160.8913043478199,20.9,31.2,22.1,16.808695652173824,2013-06-26 18:00:00,47.0,2013-06-27 18:00:00
2835,2013-06-27 14:00:00,1,train,2847,2013,6,27,14,30.0,12.0,6.8544,41.06,,185.9256,34.2,991.4,17.9,0.0,SW,2.9,Aotizhongxin,30.0,247.0,94.5,3633.9057971014654,22.6,34.2,27.8,12.997971014492459,2013-06-27 14:00:00,267.0,2013-06-28 14:00:00
2929,2013-07-01 12:00:00,0,train,2941,2013,7,1,12,181.0,181.0,22.0,78.0,2500.0,2.0,24.9,994.2,23.3,0.0,NE,1.9,Aotizhongxin,149.0,277.0,187.5,1825.5634057970326,23.9,28.3,24.8,1.4046195652173532,2013-07-01 12:00:00,7.0,2013-07-02 12:00:00
2938,2013-07-01 21:00:00,0,train,2950,2013,7,1,21,85.0,,12.0,79.0,2100.0,4.0,24.0,990.3,23.3,5.7,N,0.6,Aotizhongxin,85.0,277.0,181.0,2001.3025362318224,23.9,27.8,24.8,1.0269384057970847,2013-07-01 21:00:00,23.0,2013-07-02 21:00:00
2943,2013-07-02 02:00:00,0,train,2955,2013,7,2,2,12.0,12.0,3.0,23.0,300.0,67.0,21.1,989.0,20.1,0.0,NE,1.2,Aotizhongxin,12.0,225.0,169.5,4145.49999999996,21.1,27.8,24.6,3.164184782608759,2013-07-02 02:00:00,23.0,2013-07-03 02:00:00
2973,2013-07-03 08:00:00,0,train,2985,2013,7,3,8,44.0,88.0,8.0,88.0,700.0,16.0,31.7,991.5,21.8,0.0,NE,1.6,Aotizhongxin,4.0,46.0,19.5,151.63586956523304,21.9,36.1,30.5,22.117101449274728,2013-07-03 08:00:00,16.0,2013-07-04 08:00:00
2991,2013-07-04 02:00:00,0,train,3003,2013,7,4,2,33.0,42.0,10.0,85.0,500.0,2.0,23.7,989.1,19.6,0.0,ENE,0.8,Aotizhongxin,8.0,46.0,27.0,134.49275362320063,21.9,36.8,27.950000000000003,26.175199275361702,2013-07-04 02:00:00,15.0,2013-07-05 02:00:00
3083,2013-07-07 22:00:00,0,train,3095,2013,7,7,22,175.0,207.0,15.0,63.0,1500.0,125.0,27.9,993.8,25.7,0.0,SSW,0.0,Aotizhongxin,20.0,175.0,70.0,2267.9130434782505,21.4,31.8,27.95,15.64666666666633,2013-07-07 22:00:00,154.0,2013-07-08 22:00:00
3087,2013-07-08 02:00:00,0,train,3099,2013,7,8,2,62.0,70.0,4.0,28.0,400.0,130.0,23.4,995.7,22.9,1.0,ESE,0.7,Aotizhongxin,30.0,214.0,77.0,3021.710144927517,21.4,31.8,27.95,12.436449275361927,2013-07-08 02:00:00,147.0,2013-07-09 02:00:00
3095,2013-07-08 10:00:00,0,train,3107,2013,7,8,10,88.0,69.0,5.0,50.0,700.0,71.0,25.0,997.8,24.0,6.6,E,1.1,Aotizhongxin,57.0,214.0,86.5,2311.934782608673,23.2,31.8,27.65,10.195199275361928,2013-07-08 10:00:00,71.0,2013-07-09 10:00:00
3111,2013-07-09 02:00:00,0,train,3123,2013,7,9,2,147.0,78.0,9.0,84.0,1100.0,2.0,24.6,997.1,24.1,0.0,NE,0.9,Aotizhongxin,57.0,166.0,90.5,1274.775362318819,23.2,27.2,24.9,1.2138949275360928,2013-07-09 02:00:00,44.0,2013-07-10 02:00:00
3116,2013-07-09 07:00:00,0,train,3128,2013,7,9,7,161.0,89.0,10.0,61.0,1100.0,8.0,24.6,997.6,24.3,0.0,NE,1.9,Aotizhongxin,74.0,166.0,133.0,1132.6666666666342,24.5,27.2,24.9,0.7056340579708472,2013-07-09 07:00:00,30.0,2013-07-10 07:00:00
3164,2013-07-11 07:00:00,0,train,3176,2013,7,11,7,29.0,47.0,4.0,47.0,500.0,2.0,23.9,1001.1,21.6,0.0,SE,0.6,Aotizhongxin,19.0,34.0,26.0,14.375000000021956,21.8,24.8,22.6,1.0047644927537092,2013-07-11 07:00:00,55.0,2013-07-12 07:00:00
3168,2013-07-11 11:00:00,0,train,3180,2013,7,11,11,38.0,69.0,5.0,52.0,700.0,18.0,25.2,1001.4,23.1,0.0,N,0.0,Aotizhongxin,19.0,38.0,27.0,23.384057971035894,21.8,25.5,22.6,1.4830253623189165,2013-07-11 11:00:00,58.0,2013-07-12 11:00:00
3178,2013-07-11 21:00:00,0,train,3190,2013,7,11,21,50.0,110.0,3.4272,75.961,,43.6968,24.0,1000.9,21.5,0.0,WSW,1.3,Aotizhongxin,22.0,50.0,29.5,46.51449275364143,21.8,28.8,24.5,5.081666666666643,2013-07-11 21:00:00,123.0,2013-07-12 21:00:00
3180,2013-07-11 23:00:00,0,train,3192,2013,7,11,23,49.0,82.0,4.284,59.537,,33.4152,23.1,1000.5,21.2,0.0,SW,1.3,Aotizhongxin,22.0,51.0,36.0,67.64492753624906,21.8,28.8,24.5,4.6921739130434466,2013-07-11 23:00:00,130.0,2013-07-12 23:00:00
3188,2013-07-12 07:00:00,0,train,3200,2013,7,12,7,55.0,88.0,5.1408,69.802,,,24.3,1001.3,20.8,0.0,E,0.9,Aotizhongxin,25.0,62.0,40.5,109.76086956522892,20.6,28.8,24.5,5.815489130434763,2013-07-12 07:00:00,145.0,2013-07-13 07:00:00
3407,2013-07-21 10:00:00,0,train,3419,2013,7,21,10,106.0,154.0,9.0,91.0,1100.0,20.0,27.2,999.8,23.2,0.0,W,1.7,Aotizhongxin,9.0,128.0,72.5,1684.6068840579535,23.6,34.2,26.7,11.943695652173655,2013-07-21 10:00:00,125.0,2013-07-22 10:00:00
3408,2013-07-21 11:00:00,0,train,3420,2013,7,21,11,109.0,150.0,10.0,81.0,1000.0,50.0,28.5,999.6,23.2,0.0,SSE,1.0,Aotizhongxin,9.0,128.0,78.0,1643.818840579691,23.6,34.2,26.7,11.191014492753373,2013-07-21 11:00:00,97.0,2013-07-22 11:00:00
3423,2013-07-22 02:00:00,0,train,3435,2013,7,22,2,72.0,109.0,,63.0,700.0,45.0,22.8,999.2,21.6,0.0,WNW,0.4,Aotizhongxin,38.0,109.0,72.5,386.4329710144717,22.8,30.7,26.700000000000003,7.89302536231864,2013-07-22 02:00:00,78.0,2013-07-23 02:00:00
3425,2013-07-22 04:00:00,0,train,3437,2013,7,22,4,93.0,147.0,9.0,53.0,800.0,2.0,22.0,999.5,21.5,0.0,N,0.0,Aotizhongxin,38.0,109.0,72.5,404.0797101449062,22.0,30.7,26.700000000000003,8.849112318840387,2013-07-22 04:00:00,52.0,2013-07-23 04:00:00
3502,2013-07-25 09:00:00,0,train,3514,2013,7,25,9,18.0,84.0,6.0,51.0,600.0,14.0,32.0,997.0,19.6,0.0,NNE,0.6,Aotizhongxin,8.0,37.0,16.0,39.389492753614796,22.6,37.9,27.65,34.65905797101413,2013-07-25 09:00:00,44.0,2013-07-26 09:00:00
3567,2013-07-28 02:00:00,0,train,3579,2013,7,28,2,148.0,151.0,7.0,82.0,2800.0,2.0,22.8,994.2,22.6,0.0,NNE,0.6,Aotizhongxin,85.0,149.0,111.5,528.5797101448946,22.8,27.5,24.35,2.0125905797098698,2013-07-28 02:00:00,45.0,2013-07-29 02:00:00
3669,2013-08-01 08:00:00,0,train,3681,2013,8,1,8,41.0,34.0,4.0,37.0,400.0,48.0,23.6,999.2,21.3,0.0,NE,1.5,Aotizhongxin,19.0,117.0,34.5,805.1286231883887,20.6,33.4,22.8,23.478967391303993,2013-08-01 08:00:00,59.0,2013-08-02 08:00:00
3679,2013-08-01 18:00:00,0,train,3691,2013,8,1,18,64.0,45.0,4.0,89.0,1000.0,51.0,25.1,997.9,21.4,0.0,ENE,0.6,Aotizhongxin,19.0,117.0,38.0,523.2445652173752,20.6,27.4,22.700000000000003,3.4951992753618795,2013-08-01 18:00:00,100.0,2013-08-02 18:00:00
3693,2013-08-02 08:00:00,0,train,3705,2013,8,2,8,59.0,59.0,6.0,50.0,600.0,4.0,25.5,1001.0,22.6,0.0,E,1.6,Aotizhongxin,38.0,88.0,55.0,148.38949275360454,21.2,27.4,23.200000000000003,3.130144927535801,2013-08-02 08:00:00,16.0,2013-08-03 08:00:00
3731,2013-08-03 22:00:00,0,train,3743,2013,8,3,22,51.0,115.0,5.0,35.0,,110.5272,25.8,998.0,22.7,0.0,SW,0.9,Aotizhongxin,13.0,51.0,24.0,90.60144927534837,21.6,32.4,27.5,16.30688405797064,2013-08-03 22:00:00,6.0,2013-08-04 22:00:00
3780,2013-08-05 23:00:00,1,train,3792,2013,8,5,23,45.0,63.0,3.0,62.0,500.0,77.0,25.7,992.9,23.6,0.0,S,0.0,Aotizhongxin,31.0,61.0,44.0,81.15760869563438,19.7,34.3,27.15,22.695923913043067,2013-08-05 23:00:00,220.0,2013-08-06 23:00:00
3842,2013-08-08 13:00:00,0,train,3854,2013,8,8,13,37.0,79.0,10.2816,65.696,,131.9472,33.3,994.1,20.8,0.0,WSW,1.8,Aotizhongxin,15.0,37.0,18.5,26.753623188388044,21.1,33.3,22.45,15.808532608695304,2013-08-08 13:00:00,42.0,2013-08-09 13:00:00
3930,2013-08-12 05:00:00,0,train,3942,2013,8,12,5,52.0,20.0,3.0,12.9339,,48.4092,23.8,998.9,23.5,0.0,WNW,0.4,Aotizhongxin,41.0,260.0,104.5,7723.853260869532,23.4,31.8,24.05,7.004764492753363,2013-08-12 05:00:00,80.0,2013-08-13 05:00:00
3971,2013-08-13 22:00:00,0,train,3983,2013,8,13,22,101.0,118.0,8.0,48.0,1000.0,114.0,26.9,998.1,19.3,0.0,SW,2.7,Aotizhongxin,67.0,108.0,93.0,154.16666666664108,24.9,32.5,28.45,6.824347826086738,2013-08-13 22:00:00,93.0,2013-08-14 22:00:00
3992,2013-08-14 19:00:00,0,train,4004,2013,8,14,19,87.0,124.0,7.0,57.0,700.0,133.0,29.8,998.2,26.2,0.0,SW,1.2,Aotizhongxin,29.0,108.0,62.0,558.8677536231694,23.9,33.7,28.65,9.988695652173709,2013-08-14 19:00:00,164.0,2013-08-15 19:00:00
4006,2013-08-15 09:00:00,0,train,4018,2013,8,15,9,105.0,138.0,6.0,87.0,1100.0,14.0,30.4,998.4,26.8,0.0,NNE,1.3,Aotizhongxin,50.0,105.0,85.5,123.03623188403411,27.1,33.7,29.8,4.393315217391132,2013-08-15 09:00:00,87.0,2013-08-16 09:00:00
4017,2013-08-15 20:00:00,1,train,4029,2013,8,15,20,177.0,195.0,10.0,51.0,1200.0,122.0,29.5,996.0,26.9,0.0,SW,1.2,Aotizhongxin,77.0,177.0,99.0,787.6739130434472,27.1,33.2,29.75,4.138188405796929,2013-08-15 20:00:00,187.0,2013-08-16 20:00:00
4033,2013-08-16 12:00:00,0,train,4045,2013,8,16,12,127.0,169.0,8.0,43.0,1000.0,65.0,32.5,991.0,27.3,0.0,SW,0.8,Aotizhongxin,47.0,206.0,118.5,2504.7373188405454,27.1,33.2,29.25,4.096068840579528,2013-08-16 12:00:00,32.0,2013-08-17 12:00:00
4053,2013-08-17 08:00:00,0,train,4065,2013,8,17,8,19.0,45.0,22.0,41.0,400.0,33.0,32.4,996.3,15.8,0.0,N,1.5,Aotizhongxin,18.0,187.0,156.5,3795.8188405796727,25.4,32.5,29.45,4.003460144927346,2013-08-17 08:00:00,15.0,2013-08-18 08:00:00
4194,2013-08-23 05:00:00,0,train,4206,2013,8,23,5,79.0,81.0,4.0,62.0,800.0,1.0,22.1,1004.5,21.3,0.0,NE,1.2,Aotizhongxin,74.0,133.0,115.0,220.1721014492424,22.1,25.8,23.85,1.3712318840573305,2013-08-23 05:00:00,34.0,2013-08-24 05:00:00
4195,2013-08-23 06:00:00,0,train,4207,2013,8,23,6,98.0,112.0,4.0,65.0,900.0,1.0,22.2,1004.7,21.4,0.0,ESE,0.9,Aotizhongxin,74.0,133.0,115.0,229.4999999999673,22.1,25.8,23.85,1.421086956521097,2013-08-23 06:00:00,30.0,2013-08-24 06:00:00
4217,2013-08-24 04:00:00,0,train,4229,2013,8,24,4,40.0,99.0,9.0,75.0,600.0,1.0,20.9,1004.3,18.3,0.0,ENE,0.8,Aotizhongxin,5.0,98.0,42.0,860.1666666666532,20.9,34.8,24.4,26.31275362318809,2013-08-24 04:00:00,35.0,2013-08-25 04:00:00
4254,2013-08-25 17:00:00,0,train,4266,2013,8,25,17,33.0,70.0,10.0,49.0,500.0,193.0,31.8,998.4,14.9,0.0,SW,3.2,Aotizhongxin,14.0,57.0,34.5,89.12318840578641,19.4,34.9,25.25,33.989492753622834,2013-08-25 17:00:00,54.0,2013-08-26 17:00:00
4314,2013-08-28 05:00:00,0,train,4326,2013,8,28,5,54.0,36.0,2.0,45.0,800.0,19.0,22.3,995.3,22.0,0.3,W,0.8,Aotizhongxin,21.0,88.0,52.5,443.1014492753456,22.0,26.4,23.75,1.67432971014418,2013-08-28 05:00:00,32.0,2013-08-29 05:00:00
4493,2013-09-04 16:00:00,0,train,4505,2013,9,4,16,45.0,47.0,5.0,51.0,1000.0,74.0,22.0,1009.4,18.2,0.0,SSE,0.8,Aotizhongxin,34.0,151.0,77.5,1629.0434782608465,18.3,26.1,21.15,6.0721557971002715,2013-09-04 16:00:00,9.0,2013-09-05 16:00:00
4501,2013-09-05 00:00:00,0,train,4513,2013,9,5,0,25.0,12.0,1.0,37.0,400.0,57.0,18.1,1009.8,17.8,0.6,NE,1.2,Aotizhongxin,25.0,151.0,55.0,1384.6014492753422,18.1,22.2,19.4,1.6884057970999549,2013-09-05 00:00:00,44.0,2013-09-06 00:00:00
4524,2013-09-05 23:00:00,0,train,4536,2013,9,5,23,39.0,44.0,13.0,43.0,1200.0,27.0,18.8,1011.3,15.7,0.0,SE,0.9,Aotizhongxin,7.0,45.0,16.0,146.17391304346782,16.5,28.0,20.45,16.102590579708984,2013-09-05 23:00:00,98.0,2013-09-06 23:00:00
4532,2013-09-06 07:00:00,0,train,4544,2013,9,6,7,36.0,49.0,6.0,52.0,1100.0,6.0,18.3,1011.8,17.0,0.0,N,0.5,Aotizhongxin,9.0,52.0,37.5,237.94021739129212,17.7,28.0,20.45,13.522880434781511,2013-09-06 07:00:00,96.0,2013-09-07 07:00:00
4608,2013-09-09 11:00:00,0,train,4620,2013,9,9,11,133.0,130.0,19.0,69.0,1400.0,26.0,24.2,1007.3,17.4,0.0,SSW,1.4,Aotizhongxin,21.0,165.0,94.0,1662.8405797101213,18.2,24.7,19.95,5.989547101447991,2013-09-09 11:00:00,7.0,2013-09-10 11:00:00
4642,2013-09-10 21:00:00,0,train,4654,2013,9,10,21,32.0,104.0,9.0,103.0,1200.0,1.0,16.7,1008.2,12.8,0.0,SW,0.4,Aotizhongxin,3.0,132.0,61.0,2408.514492753605,16.7,29.7,20.95,22.519547101448392,2013-09-10 21:00:00,71.0,2013-09-11 21:00:00
4753,2013-09-15 12:00:00,0,train,4765,2013,9,15,12,16.0,51.0,13.0,44.0,400.0,37.0,25.4,1008.4,7.5,0.0,NNE,1.0,Aotizhongxin,3.0,32.0,15.0,47.737318840563695,15.3,31.6,19.35,32.91519927536105,2013-09-15 12:00:00,60.0,2013-09-16 12:00:00
4838,2013-09-19 01:00:00,0,train,4850,2013,9,19,1,84.0,95.0,14.0,50.0,1600.0,14.0,20.4,1009.4,19.1,0.0,ENE,0.9,Aotizhongxin,76.0,139.0,107.5,328.3460144927215,19.7,24.0,21.05,1.925199275361092,2013-09-19 01:00:00,120.0,2013-09-20 01:00:00
4851,2013-09-19 14:00:00,0,train,4863,2013,9,19,14,128.0,78.0,24.0,69.0,1800.0,61.0,25.9,1005.7,20.9,0.0,SW,1.7,Aotizhongxin,76.0,131.0,93.5,255.7101449275052,19.6,26.1,21.200000000000003,3.8347644927525013,2013-09-19 14:00:00,9.0,2013-09-20 14:00:00
4862,2013-09-20 01:00:00,0,train,4874,2013,9,20,1,120.0,131.0,12.0,74.0,1600.0,1.0,19.2,1009.4,19.0,0.0,NE,1.3,Aotizhongxin,88.0,131.0,108.0,279.78079710141674,19.2,26.1,20.6,5.055489130433604,2013-09-20 01:00:00,36.0,2013-09-21 01:00:00
4917,2013-09-22 08:00:00,0,train,4929,2013,9,22,8,63.0,105.0,9.0,70.0,1100.0,1.0,20.2,1010.9,17.8,0.0,E,1.0,Aotizhongxin,26.0,67.0,40.5,174.45652173910324,18.6,28.9,21.15,14.914782608694662,2013-09-22 08:00:00,7.0,2013-09-23 08:00:00
4958,2013-09-24 01:00:00,0,train,4970,2013,9,24,1,20.0,37.0,6.0,35.0,600.0,1.0,10.5,1017.1,7.6,0.0,NNE,1.5,Aotizhongxin,3.0,137.0,13.5,1644.998188405778,9.6,19.3,15.8,8.452101449272945,2013-09-24 01:00:00,12.0,2013-09-25 01:00:00
5025,2013-09-26 20:00:00,1,train,5037,2013,9,26,20,54.0,114.0,17.0,114.0,800.0,8.0,13.5,1008.8,10.7,0.0,ENE,0.0,Aotizhongxin,16.0,62.0,33.0,237.17210144925525,8.7,24.7,14.2,33.95565217391084,2013-09-26 20:00:00,253.0,2013-09-27 20:00:00
5073,2013-09-28 20:00:00,1,train,5085,2013,9,28,20,284.0,305.0,18.8496,136.1139,,15.2082,14.5,1007.5,13.4,0.0,ENE,0.7,Aotizhongxin,174.0,290.0,230.5,1039.4782608695202,12.0,20.2,14.7,7.413749999997745,2013-09-28 20:00:00,198.0,2013-09-29 20:00:00
5082,2013-09-29 05:00:00,0,train,5094,2013,9,29,5,280.0,240.0,12.0,112.0,1300.0,1.0,15.3,1010.4,13.7,0.0,NNE,0.5,Aotizhongxin,212.0,321.0,278.0,995.1884057970568,12.7,20.2,15.05,5.2582427536210075,2013-09-29 05:00:00,175.0,2013-09-30 05:00:00
5198,2013-10-04 01:00:00,1,train,5210,2013,10,4,1,41.0,46.0,17.0,46.0,1000.0,27.0,15.5,1010.0,11.7,0.0,ENE,0.8,Aotizhongxin,22.0,101.0,51.0,626.5199275361731,8.8,21.7,16.05,16.747807971012197,2013-10-04 01:00:00,334.0,2013-10-05 01:00:00
5200,2013-10-04 03:00:00,1,train,5212,2013,10,4,3,56.0,73.0,37.0,58.0,1500.0,10.0,14.8,1008.9,11.9,0.0,NE,1.1,Aotizhongxin,22.0,101.0,51.0,628.592391304289,8.8,21.7,16.05,13.11302536231665,2013-10-04 03:00:00,258.0,2013-10-05 03:00:00
5213,2013-10-04 16:00:00,1,train,5225,2013,10,4,16,190.0,224.0,54.0,82.0,2100.0,124.0,20.8,1006.5,14.7,0.0,SW,1.0,Aotizhongxin,37.0,190.0,68.0,2294.201086956464,13.6,22.1,16.5,7.801449275360366,2013-10-04 16:00:00,261.0,2013-10-05 16:00:00
5216,2013-10-04 19:00:00,1,train,5228,2013,10,4,19,198.0,257.0,28.0,152.0,2300.0,17.0,16.6,1008.4,14.2,0.0,ENE,0.7,Aotizhongxin,37.0,198.0,70.5,3444.9275362318263,13.6,22.1,16.55,7.696068840577776,2013-10-04 19:00:00,294.0,2013-10-05 19:00:00
5233,2013-10-05 12:00:00,0,train,5245,2013,10,5,12,281.0,308.0,53.0,106.0,2100.0,34.0,21.9,1014.2,14.3,0.0,ESE,1.2,Aotizhongxin,150.0,349.0,252.5,3217.9057971013895,13.7,22.1,16.35,9.2050543478241,2013-10-05 12:00:00,174.0,2013-10-06 12:00:00
5285,2013-10-07 16:00:00,0,train,5297,2013,10,7,16,3.0,11.0,35.0,23.0,100.0,62.0,23.3,1016.3,4.7,0.0,E,1.5,Aotizhongxin,3.0,213.0,157.0,5395.519927536161,13.4,25.7,15.9,20.809112318838846,2013-10-07 16:00:00,48.0,2013-10-08 16:00:00
5301,2013-10-08 08:00:00,0,train,5313,2013,10,8,8,24.0,38.0,16.0,51.0,300.0,14.0,17.3,1017.8,8.7,0.0,WSW,2.6,Aotizhongxin,3.0,88.0,30.5,573.797101449202,13.5,25.7,18.0,15.933894927534686,2013-10-08 08:00:00,101.0,2013-10-09 08:00:00
5305,2013-10-08 12:00:00,0,train,5317,2013,10,8,12,62.0,89.0,65.0,58.0,1400.0,38.0,20.6,1013.6,8.6,0.0,SW,3.2,Aotizhongxin,3.0,71.0,37.0,485.7807971013759,13.5,25.7,17.9,11.953260869563534,2013-10-08 12:00:00,112.0,2013-10-09 12:00:00
5335,2013-10-09 18:00:00,0,train,5347,2013,10,9,18,190.0,235.0,52.0,121.0,1600.0,17.0,15.6,1003.9,13.4,0.0,NNE,0.9,Aotizhongxin,77.0,200.0,102.0,1125.8677536231176,11.5,19.8,14.75,7.277971014490409,2013-10-09 18:00:00,7.0,2013-10-10 18:00:00
5340,2013-10-09 23:00:00,0,train,5352,2013,10,9,23,195.0,241.0,57.0,118.0,1800.0,7.0,15.5,1004.1,13.2,0.0,NE,1.1,Aotizhongxin,98.0,219.0,120.5,2001.2173913042789,11.5,19.8,14.8,6.744347826084599,2013-10-09 23:00:00,8.0,2013-10-10 23:00:00
5387,2013-10-11 22:00:00,0,train,5399,2013,10,11,22,119.0,202.0,20.2776,143.0,1500.0,1.0,12.5,1011.8,8.8,0.0,ENE,0.8,Aotizhongxin,8.0,134.0,37.5,1468.3894927535487,6.7,22.9,13.350000000000001,31.456449275359887,2013-10-11 22:00:00,95.0,2013-10-12 22:00:00
5392,2013-10-12 03:00:00,0,train,5404,2013,10,12,3,71.0,84.0,4.284,74.0,700.0,1.0,9.7,1012.5,8.6,0.0,ENE,0.9,Aotizhongxin,9.0,134.0,54.5,1317.4329710144186,6.7,22.9,13.350000000000001,27.342590579707775,2013-10-12 03:00:00,31.0,2013-10-13 03:00:00
5396,2013-10-12 07:00:00,0,train,5408,2013,10,12,7,58.0,67.0,2.856,58.0,700.0,1.0,11.6,1014.9,8.3,0.0,NE,1.7,Aotizhongxin,22.0,134.0,57.0,929.0362318839839,8.8,22.9,13.350000000000001,23.672010869562882,2013-10-12 07:00:00,22.0,2013-10-13 07:00:00
5431,2013-10-13 18:00:00,0,train,5443,2013,10,13,18,64.0,76.0,2.5704,83.0,800.0,1.0,14.1,1013.0,11.1,0.0,W,0.0,Aotizhongxin,19.0,103.0,47.0,650.9547101448538,14.1,17.7,15.850000000000001,0.7165217391282342,2013-10-13 18:00:00,8.0,2013-10-14 18:00:00
5453,2013-10-14 16:00:00,0,train,5465,2013,10,14,16,3.0,6.0,1.7136,26.0,300.0,34.0,13.8,1023.3,-0.7,0.0,SE,1.0,Aotizhongxin,3.0,87.0,61.5,881.362318840506,12.4,15.8,13.649999999999999,1.054492753620683,2013-10-14 16:00:00,9.0,2013-10-15 16:00:00
5516,2013-10-17 07:00:00,0,train,5528,2013,10,17,7,68.0,99.0,11.0,60.0,1000.0,1.0,7.4,1022.4,4.9,0.0,NE,1.4,Aotizhongxin,25.0,142.0,62.0,1483.8677536231148,5.6,20.4,10.8,30.094764492750805,2013-10-17 07:00:00,173.0,2013-10-18 07:00:00
5535,2013-10-18 02:00:00,1,train,5547,2013,10,18,2,254.0,319.0,25.0,122.0,2100.0,1.0,7.8,1019.7,6.9,0.0,ENE,1.1,Aotizhongxin,67.0,254.0,141.5,2719.297101449199,5.6,18.6,10.1,20.000217391301433,2013-10-18 02:00:00,223.0,2013-10-19 02:00:00
5569,2013-10-19 12:00:00,0,train,5581,2013,10,19,12,10.0,23.0,10.0,16.0,300.0,45.0,18.0,1019.8,-1.8,0.0,N,5.0,Aotizhongxin,3.0,274.0,223.5,11294.635869565136,9.9,18.0,11.8,7.031304347823451,2013-10-19 12:00:00,10.0,2013-10-20 12:00:00
5590,2013-10-20 09:00:00,0,train,5602,2013,10,20,9,25.0,56.0,5.0,50.0,400.0,5.0,15.6,1021.9,0.9,0.0,ENE,1.0,Aotizhongxin,3.0,27.0,13.0,65.47644927526869,4.3,18.8,12.2,29.595923913040544,2013-10-20 09:00:00,53.0,2013-10-21 09:00:00
5601,2013-10-20 20:00:00,0,train,5613,2013,10,20,20,41.0,82.0,7.7112,89.9214,,,10.4,1017.9,3.0,0.0,SW,1.2,Aotizhongxin,3.0,41.0,21.5,104.08514492744295,4.3,19.6,10.15,33.1947644927507,2013-10-20 20:00:00,87.0,2013-10-21 20:00:00
5677,2013-10-24 00:00:00,0,train,5689,2013,10,24,0,9.0,34.0,1.0,19.0,200.0,31.0,6.8,1021.5,-4.9,0.0,NNW,1.0,Aotizhongxin,9.0,42.0,21.5,91.24456521729867,3.0,16.0,8.5,18.57650362318519,2013-10-24 00:00:00,37.0,2013-10-25 00:00:00
5711,2013-10-25 10:00:00,0,train,5723,2013,10,25,10,39.0,48.0,14.0,34.0,500.0,49.0,15.4,1023.0,0.4,0.0,N,2.2,Aotizhongxin,11.0,41.0,36.0,98.40579710135762,3.3,16.7,11.15,21.192971014489714,2013-10-25 10:00:00,32.0,2013-10-26 10:00:00
5805,2013-10-29 08:00:00,0,train,5817,2013,10,29,8,4.0,9.0,24.0,57.0,500.0,6.0,12.1,1023.9,-1.1,0.0,NNW,3.6,Aotizhongxin,4.0,361.0,264.0,17947.215579710082,6.4,16.2,10.399999999999999,8.606666666663704,2013-10-29 08:00:00,23.0,2013-10-30 08:00:00
5847,2013-10-31 02:00:00,1,train,5859,2013,10,31,2,148.0,192.0,19.0,111.0,1900.0,1.0,4.5,1021.4,3.0,0.0,ENE,0.8,Aotizhongxin,23.0,161.0,96.5,2488.6793478260197,2.0,15.3,6.15,19.628242753619745,2013-10-31 02:00:00,247.0,2013-11-01 02:00:00
5884,2013-11-01 15:00:00,1,train,5896,2013,11,1,15,275.0,291.0,52.0,167.0,2000.0,,11.7,1018.6,4.7,0.0,SW,2.9,Aotizhongxin,121.0,275.0,186.5,1411.2971014492089,4.3,12.7,6.699999999999999,9.305634057967534,2013-11-01 15:00:00,321.0,2013-11-02 15:00:00
5885,2013-11-01 16:00:00,1,train,5897,2013,11,1,16,234.0,237.0,54.0,147.0,1600.0,,10.6,1018.6,6.2,0.0,SSW,1.6,Aotizhongxin,121.0,275.0,195.0,1393.362318840513,4.3,12.7,6.699999999999999,8.966666666663178,2013-11-01 16:00:00,258.0,2013-11-02 16:00:00
5921,2013-11-03 04:00:00,0,train,5933,2013,11,3,4,45.0,45.0,10.0,57.0,600.0,6.6402,11.2,1016.3,0.6,0.0,NNW,1.7,Aotizhongxin,45.0,321.0,245.5,3577.710144927476,3.3,13.3,8.2,8.21384057970687,2013-11-03 04:00:00,21.0,2013-11-04 04:00:00
5950,2013-11-04 09:00:00,0,train,5962,2013,11,4,9,22.0,85.0,10.0,43.0,500.0,9.4248,12.7,1024.4,-0.6,0.0,E,1.5,Aotizhongxin,3.0,34.0,13.5,95.79710144914807,1.8,18.8,6.4,39.23644927535905,2013-11-04 09:00:00,124.0,2013-11-05 09:00:00
6064,2013-11-09 03:00:00,0,train,6076,2013,11,9,3,156.0,177.0,78.0,104.0,2800.0,,5.0,1016.1,2.0,0.0,E,0.5,Aotizhongxin,82.0,170.0,151.5,1255.5054347825271,1.7,12.8,5.1,12.0408514492717,2013-11-09 03:00:00,4.0,2013-11-10 03:00:00
6081,2013-11-09 20:00:00,0,train,6093,2013,11,9,20,12.0,62.0,3.0,11.0,400.0,42.6258,9.0,1024.2,-6.1,0.0,NE,1.5,Aotizhongxin,8.0,181.0,157.0,4205.476449275284,4.4,15.4,8.4,17.613894927532964,2013-11-09 20:00:00,65.0,2013-11-10 20:00:00
6093,2013-11-10 08:00:00,0,train,6105,2013,11,10,8,9.0,24.0,15.0,17.0,,38.7702,3.3,1026.3,-19.5,0.0,NE,1.3,Aotizhongxin,4.0,181.0,10.5,3018.0706521738352,-0.9,15.4,8.6,33.5367934782574,2013-11-10 08:00:00,13.0,2013-11-11 08:00:00
6122,2013-11-11 13:00:00,0,train,6134,2013,11,11,13,21.0,27.0,11.0,33.0,500.0,39.627,12.6,1020.2,-6.4,0.0,SSW,2.4,Aotizhongxin,5.0,69.0,15.0,321.59239130427045,1.3,12.6,6.199999999999999,13.986068840576099,2013-11-11 13:00:00,20.0,2013-11-12 13:00:00
6137,2013-11-12 04:00:00,0,train,6149,2013,11,12,4,104.0,123.0,28.0,74.0,1800.0,,0.3,1019.5,-1.9,0.0,NNE,0.9,Aotizhongxin,11.0,109.0,42.0,1319.0362318839796,-0.7,12.6,6.05,24.732155797097736,2013-11-12 04:00:00,109.0,2013-11-13 04:00:00
6156,2013-11-12 23:00:00,1,train,6168,2013,11,12,23,79.0,98.0,41.0,75.0,1000.0,,5.2,1018.6,-1.9,0.0,WSW,1.0,Aotizhongxin,13.0,109.0,65.5,1128.144927536153,-0.7,16.4,7.05,37.15346014492401,2013-11-12 23:00:00,262.0,2013-11-13 23:00:00
6167,2013-11-13 10:00:00,0,train,6179,2013,11,13,10,143.0,175.0,81.0,80.0,3800.0,,7.3,1016.4,0.7,0.0,E,0.8,Aotizhongxin,13.0,148.0,78.0,2214.0797101448475,2.3,16.4,6.05,23.42753623188059,2013-11-13 10:00:00,20.0,2013-11-14 10:00:00
6176,2013-11-13 19:00:00,0,train,6188,2013,11,13,19,247.0,278.0,74.0,133.0,3600.0,,6.0,1013.4,2.1,0.0,NNE,0.8,Aotizhongxin,49.0,250.0,141.0,3224.695652173821,2.3,9.8,6.05,6.5178079710107895,2013-11-13 19:00:00,69.0,2013-11-14 19:00:00
6232,2013-11-16 03:00:00,0,train,6244,2013,11,16,3,154.0,233.0,55.0,86.0,2600.0,,11.5,1009.2,-5.1,0.0,NNW,3.2,Aotizhongxin,62.0,159.0,100.5,711.693840579616,-1.3,15.8,5.4,29.34737318840227,2013-11-16 03:00:00,11.0,2013-11-17 03:00:00
6237,2013-11-16 08:00:00,0,train,6249,2013,11,16,8,30.0,70.0,17.0,21.0,400.0,44.7678,9.9,1012.7,-5.3,0.0,NNW,4.8,Aotizhongxin,30.0,159.0,97.5,1320.9275362317899,3.8,15.8,9.5,15.555054347822832,2013-11-16 08:00:00,10.0,2013-11-17 08:00:00
6282,2013-11-18 05:00:00,0,train,6294,2013,11,18,5,12.0,14.0,9.0,45.0,500.0,2.142,-0.3,1021.0,-9.5,0.0,NNE,2.6,Aotizhongxin,5.0,15.0,10.0,6.606884057876427,-3.3,9.9,6.1,24.083188405793127,2013-11-18 05:00:00,14.0,2013-11-19 05:00:00
6313,2013-11-19 12:00:00,0,train,6325,2013,11,19,12,17.0,25.0,13.0,17.0,500.0,31.2732,7.3,1017.7,-10.5,0.0,W,1.2,Aotizhongxin,4.0,18.0,12.0,21.461956521644552,-2.0,9.2,3.45,11.515199275358246,2013-11-19 12:00:00,31.0,2013-11-20 12:00:00
6350,2013-11-21 01:00:00,0,train,6362,2013,11,21,1,166.0,215.0,67.0,91.0,4500.0,1.2852,0.4,1020.1,-5.6,0.0,ENE,0.7,Aotizhongxin,17.0,166.0,83.0,1873.9112318839648,-3.4,11.7,1.05,25.945797101445184,2013-11-21 01:00:00,144.0,2013-11-22 01:00:00
6354,2013-11-21 05:00:00,0,train,6366,2013,11,21,5,104.0,121.0,34.0,68.0,3100.0,,-2.9,1020.1,-5.2,0.0,E,0.6,Aotizhongxin,17.0,166.0,84.0,2142.6793478259942,-2.9,11.7,1.05,24.72869565216984,2013-11-21 05:00:00,70.0,2013-11-22 05:00:00
6378,2013-11-22 05:00:00,1,train,6390,2013,11,22,5,70.0,71.0,24.0,60.0,1500.0,,-3.5,1020.4,-4.2,0.0,NNW,0.0,Aotizhongxin,45.0,190.0,90.0,2380.5489130433875,-3.5,12.2,2.25,31.296739130430705,2013-11-22 05:00:00,194.0,2013-11-23 05:00:00
6391,2013-11-22 18:00:00,1,train,6403,2013,11,22,18,172.0,211.0,40.0,123.0,2200.0,1.0,3.0,1016.2,-2.1,0.0,SW,0.9,Aotizhongxin,35.0,190.0,123.0,2549.82608695643,-3.5,13.0,1.55,33.400416666662565,2013-11-22 18:00:00,228.0,2013-11-23 18:00:00
6420,2013-11-23 23:00:00,0,train,6432,2013,11,23,23,264.0,280.0,79.0,147.0,4800.0,1.0,2.4,1013.9,-0.5,0.0,WSW,0.1,Aotizhongxin,90.0,310.0,202.0,3594.085144927441,-1.3,14.1,2.4,23.980706521735293,2013-11-23 23:00:00,18.0,2013-11-24 23:00:00
6456,2013-11-25 11:00:00,0,train,6468,2013,11,25,11,5.0,21.0,13.0,10.0,300.0,42.0,5.8,1013.0,-13.3,0.0,NNW,3.3,Aotizhongxin,5.0,68.0,17.5,552.5489130433832,1.9,10.1,5.35,6.810416666662974,2013-11-25 11:00:00,12.0,2013-11-26 11:00:00
6610,2013-12-01 21:00:00,0,train,6622,2013,12,1,21,134.0,177.0,45.0,100.0,1900.0,1.0,-1.2,1014.8,-6.9,0.0,NE,0.5,Aotizhongxin,32.0,134.0,56.5,524.6014492752639,-5.6,11.7,-0.5,39.25644927535804,2013-12-01 21:00:00,144.0,2013-12-02 21:00:00
6649,2013-12-03 12:00:00,0,train,6661,2013,12,3,12,22.0,46.0,21.0,23.0,700.0,36.0,14.2,1016.1,-9.1,0.0,NE,2.2,Aotizhongxin,22.0,175.0,95.5,2613.172101449175,-2.1,14.2,0.1,35.83934782608293,2013-12-03 12:00:00,46.0,2013-12-04 12:00:00
6653,2013-12-03 16:00:00,0,train,6665,2013,12,3,16,18.0,32.0,10.0,20.0,,52.0506,9.1,1015.3,-9.0,0.0,N,0.0,Aotizhongxin,18.0,175.0,73.5,3490.6666666665665,-2.1,14.8,0.1,44.11992753622793,2013-12-03 16:00:00,40.0,2013-12-04 16:00:00
6697,2013-12-05 12:00:00,0,train,6709,2013,12,5,12,11.0,15.0,9.0,14.0,500.0,49.0,10.0,1018.9,-11.4,0.0,NE,2.8,Aotizhongxin,6.0,125.0,47.5,1380.1576086955488,1.0,14.3,5.050000000000001,13.07536231883694,2013-12-05 12:00:00,114.0,2013-12-06 12:00:00
6783,2013-12-09 02:00:00,0,train,6795,2013,12,9,2,3.0,6.0,3.0,14.0,300.0,42.0,1.4,1019.3,-11.4,0.0,NNE,1.8,Aotizhongxin,3.0,350.0,89.0,22934.461956521613,1.4,11.3,4.15,8.402536231880234,2013-12-09 02:00:00,19.0,2013-12-10 02:00:00
6825,2013-12-10 20:00:00,0,train,6837,2013,12,10,20,11.0,26.0,5.0,25.0,500.0,26.0,1.3,1016.7,-15.7,0.0,NNW,4.5,Aotizhongxin,7.0,47.0,20.5,138.3315217389314,-4.3,6.5,-0.5,14.777373188401295,2013-12-10 20:00:00,47.0,2013-12-11 20:00:00
6899,2013-12-13 22:00:00,0,train,6911,2013,12,13,22,46.0,58.0,33.0,57.0,1200.0,1.0,-6.4,1019.9,-12.7,0.0,ENE,0.0,Aotizhongxin,11.0,97.0,45.0,413.8242753621333,-7.6,2.8,-3.85,12.156938405792138,2013-12-13 22:00:00,43.0,2013-12-14 22:00:00
6909,2013-12-14 08:00:00,0,train,6921,2013,12,14,8,27.0,24.0,26.0,55.0,,,-2.0,1023.9,-19.9,0.0,NE,1.7,Aotizhongxin,18.0,127.0,51.0,805.5579710143147,-8.0,2.8,-3.0,12.444275362313885,2013-12-14 08:00:00,15.0,2013-12-15 08:00:00
6914,2013-12-14 13:00:00,0,train,6926,2013,12,14,13,19.0,23.0,15.0,23.0,,38.9844,5.7,1021.8,-17.5,0.0,SSW,0.9,Aotizhongxin,19.0,127.0,46.0,942.3894927534433,-8.0,5.7,-3.0,16.86753623187916,2013-12-14 13:00:00,27.0,2013-12-15 13:00:00
6959,2013-12-16 10:00:00,0,train,6971,2013,12,16,10,50.0,35.0,40.0,48.0,,6.2118,0.1,1025.8,-14.7,0.0,ENE,1.6,Aotizhongxin,27.0,186.0,64.5,2843.476449275199,-6.8,5.4,-2.7,13.391721014488029,2013-12-16 10:00:00,24.0,2013-12-17 10:00:00
6965,2013-12-16 16:00:00,0,train,6977,2013,12,16,16,112.0,134.0,62.0,80.0,,4.284,1.0,1022.9,-13.1,0.0,ENE,1.2,Aotizhongxin,43.0,186.0,97.5,2006.998188405641,-6.8,3.3,-2.7,8.84693840579231,2013-12-16 16:00:00,26.0,2013-12-17 16:00:00
7005,2013-12-18 08:00:00,0,train,7017,2013,12,18,8,14.0,20.0,28.0,28.0,,25.0614,-4.7,1028.9,-17.5,0.0,NE,1.5,Aotizhongxin,9.0,27.0,18.5,44.23188405777399,-7.0,3.0,-2.45,12.966358695647312,2013-12-18 08:00:00,13.0,2013-12-19 08:00:00
7077,2013-12-21 08:00:00,0,train,7089,2013,12,21,8,13.0,18.0,31.0,37.0,500.0,24.0,-4.6,1030.9,-14.5,0.0,ENE,1.8,Aotizhongxin,11.0,70.0,20.0,199.60688405777668,-9.4,3.6,-4.55,18.02891304347327,2013-12-21 08:00:00,33.0,2013-12-22 08:00:00
7169,2013-12-25 04:00:00,0,train,7181,2013,12,25,4,254.0,288.0,100.0,110.0,4500.0,1.0,-5.0,1021.9,-9.6,0.0,SE,0.0,Aotizhongxin,129.0,295.0,254.5,2460.215579710071,-5.2,1.1,-2.35,4.631014492748698,2013-12-25 04:00:00,7.0,2013-12-26 04:00:00
7176,2013-12-25 11:00:00,0,train,7188,2013,12,25,11,261.0,310.0,145.0,150.0,6200.0,1.0,1.6,1020.1,-7.7,0.0,NE,1.2,Aotizhongxin,130.0,295.0,258.0,1462.427536231819,-7.6,1.6,-2.35,7.678188405792144,2013-12-25 11:00:00,11.0,2013-12-26 11:00:00
7191,2013-12-26 02:00:00,0,train,7203,2013,12,26,2,8.0,18.0,8.0,18.0,400.0,46.0,-4.0,1027.4,-18.7,0.0,NNW,3.9,Aotizhongxin,8.0,321.0,153.0,16281.478260869439,-7.6,6.5,-2.75,18.323749999995215,2013-12-26 02:00:00,15.0,2013-12-27 02:00:00
7194,2013-12-26 05:00:00,0,train,7206,2013,12,26,5,6.0,53.0,6.0,16.0,300.0,51.0,-5.1,1028.9,-19.3,0.0,NNE,2.2,Aotizhongxin,6.0,321.0,30.5,16047.041666666519,-7.6,6.5,-2.75,17.365634057966247,2013-12-26 05:00:00,13.0,2013-12-27 05:00:00
7211,2013-12-26 22:00:00,0,train,7223,2013,12,26,22,13.0,14.0,14.0,34.0,800.0,34.0,-5.6,1028.4,-18.0,0.0,NNE,0.5,Aotizhongxin,6.0,17.0,9.0,6.244565217171728,-5.9,1.6,-3.55,6.342880434777685,2013-12-26 22:00:00,76.0,2013-12-27 22:00:00
7220,2013-12-27 07:00:00,0,train,7232,2013,12,27,7,15.0,21.0,23.0,32.0,600.0,23.0,-5.6,1026.9,-16.8,0.0,E,0.5,Aotizhongxin,6.0,17.0,11.5,7.536231883839671,-6.6,1.6,-3.8,6.859130434777671,2013-12-27 07:00:00,12.0,2013-12-28 07:00:00
7236,2013-12-27 23:00:00,0,train,7248,2013,12,27,23,47.0,59.0,,55.0204,,0.4284,-0.7,1021.2,-15.0,0.0,NNW,1.9,Aotizhongxin,11.0,76.0,15.5,348.6503623186301,-6.6,2.3,-0.95,6.828967391299557,2013-12-27 23:00:00,32.0,2013-12-28 23:00:00
7387,2014-01-03 06:00:00,0,train,7399,2014,1,3,6,77.0,164.0,24.0,17.0,500.0,44.0,3.7,1015.7,-12.3,0.0,NNE,4.3,Aotizhongxin,30.0,402.0,136.0,5936.369565217255,-1.3,7.9,3.7,6.160416666662595,2014-01-03 06:00:00,74.0,2014-01-04 06:00:00
7391,2014-01-03 10:00:00,0,train,7403,2014,1,3,10,28.0,114.0,21.0,30.0,500.0,31.0,6.7,1018.6,-12.0,0.0,NE,2.9,Aotizhongxin,28.0,402.0,130.5,7782.476449275215,0.5,7.9,4.15,4.221141304343857,2014-01-03 10:00:00,92.0,2014-01-04 10:00:00
7596,2014-01-11 23:00:00,0,train,7608,2014,1,11,23,103.0,129.0,67.0,92.0,2200.0,1.0,0.0,1027.1,-18.7,0.0,NE,1.9,Aotizhongxin,39.0,200.0,101.0,2897.9981884056324,-9.2,6.3,-0.45,24.07824275361831,2014-01-11 23:00:00,55.0,2014-01-12 23:00:00
7609,2014-01-12 12:00:00,0,train,7621,2014,1,12,12,12.0,10.0,24.0,12.0,600.0,53.0,2.6,1030.4,-20.8,0.0,NE,2.6,Aotizhongxin,11.0,184.0,17.0,4588.6884057969155,-3.4,6.3,-0.1,7.121576086951949,2014-01-12 12:00:00,87.0,2014-01-13 12:00:00
7740,2014-01-17 23:00:00,0,train,7752,2014,1,17,23,240.0,285.0,48.0,111.0,4000.0,1.0,-5.4,1026.5,-6.8,0.0,E,0.2,Aotizhongxin,9.0,282.0,89.0,8011.130434782506,-5.4,6.5,-0.8,10.587536231879414,2014-01-17 23:00:00,115.0,2014-01-18 23:00:00
7778,2014-01-19 13:00:00,0,train,7790,2014,1,19,13,162.0,181.0,129.0,81.0,3000.0,5.0,3.1,1014.5,-6.3,0.0,WSW,2.5,Aotizhongxin,85.0,162.0,114.0,419.9057971013396,-2.1,5.2,-0.15,5.10753623187948,2014-01-19 13:00:00,12.0,2014-01-20 13:00:00
7788,2014-01-19 23:00:00,0,train,7800,2014,1,19,23,16.0,229.0,9.0,2.0,400.0,59.0,0.7,1020.0,-17.6,0.0,NNW,3.8,Aotizhongxin,16.0,182.0,118.0,2802.086956521629,-2.1,5.2,0.5,5.480416666662122,2014-01-19 23:00:00,9.0,2014-01-20 23:00:00
7873,2014-01-23 12:00:00,0,train,7885,2014,1,23,12,208.0,242.0,150.0,127.0,3800.0,1.0,2.9,1009.3,-12.2,0.0,NE,1.0,Aotizhongxin,96.0,287.0,178.0,2737.760869565123,-4.9,7.0,-3.1,15.034184782603928,2014-01-23 12:00:00,163.0,2014-01-24 12:00:00
7881,2014-01-23 20:00:00,0,train,7893,2014,1,23,20,250.0,311.0,105.0,132.0,4800.0,1.0,-0.8,1009.6,-9.9,0.0,NE,0.9,Aotizhongxin,168.0,287.0,201.0,1167.3623188404888,-4.9,3.9,-3.0,9.628623188400978,2014-01-23 20:00:00,43.0,2014-01-24 20:00:00
7893,2014-01-24 08:00:00,0,train,7905,2014,1,24,8,223.0,248.0,123.0,116.0,3400.0,1.0,-0.8,1011.4,-8.5,0.0,NE,1.2,Aotizhongxin,178.0,286.0,223.0,1124.4764492752736,-3.6,3.9,-1.2000000000000002,5.885923913038786,2014-01-24 08:00:00,8.0,2014-01-25 08:00:00
7989,2014-01-28 09:00:00,0,train,8002,2014,1,28,9,21.0,46.0,20.0,75.0,1100.0,1.0,1.9,1025.3,-17.6,0.0,SW,2.9,Aotizhongxin,5.0,148.0,15.0,2997.8532608694663,-6.9,12.6,1.5,26.266358695647934,2014-01-28 09:00:00,83.0,2014-01-29 09:00:00
7992,2014-01-28 12:00:00,0,train,8005,2014,1,28,12,48.0,112.0,30.0,37.0,900.0,39.0,4.8,1022.3,-9.4,0.0,S,3.6,Aotizhongxin,5.0,148.0,15.0,1885.0144927535223,-6.9,12.6,2.5999999999999996,26.218677536227666,2014-01-28 12:00:00,109.0,2014-01-29 12:00:00
8018,2014-01-29 14:00:00,0,train,8031,2014,1,29,14,145.0,161.0,100.0,77.0,1900.0,10.0,2.8,1005.1,-6.6,0.0,NE,1.0,Aotizhongxin,57.0,145.0,67.5,505.623188405703,-4.6,4.9,-0.4,9.81449275361854,2014-01-29 14:00:00,17.0,2014-01-30 14:00:00
8035,2014-01-30 07:00:00,0,train,8048,2014,1,30,7,13.0,13.0,17.0,26.0,600.0,48.0,-0.9,1013.2,-15.9,0.0,E,0.8,Aotizhongxin,13.0,217.0,150.0,4048.804347826001,-4.7,3.2,-1.1,4.365054347821395,2014-01-30 07:00:00,93.0,2014-01-31 07:00:00
8099,2014-02-01 23:00:00,0,train,8112,2014,2,1,23,128.0,121.0,28.0,56.0,2000.0,1.0,2.3,1006.3,0.8,0.0,W,1.6,Aotizhongxin,98.0,170.0,136.0,518.4927536231022,1.6,4.9,2.6,1.3417210144885348,2014-02-01 23:00:00,3.0,2014-02-02 23:00:00
8106,2014-02-02 06:00:00,0,train,8119,2014,2,2,6,151.0,154.0,24.0,55.0,2600.0,1.0,1.2,1006.2,0.2,0.0,NE,2.5,Aotizhongxin,98.0,170.0,127.5,500.17391304339156,1.2,4.9,2.6,1.2534601449233242,2014-02-02 06:00:00,3.0,2014-02-03 06:00:00
8123,2014-02-02 23:00:00,0,train,8136,2014,2,2,23,3.0,6.0,10.0,13.0,300.0,61.0,1.9,1016.6,-24.6,0.0,NNE,3.1,Aotizhongxin,3.0,151.0,18.5,3987.797101449169,1.1,9.7,2.85,9.593260869561194,2014-02-02 23:00:00,9.0,2014-02-03 23:00:00
8158,2014-02-04 10:00:00,0,train,8171,2014,2,4,10,10.0,10.0,18.0,17.0,500.0,55.0,-0.7,1025.3,-26.7,0.0,N,2.4,Aotizhongxin,3.0,11.0,5.0,8.579710144800533,-6.6,1.7,-2.1500000000000004,6.169112318835697,2014-02-04 10:00:00,64.0,2014-02-05 10:00:00
8183,2014-02-05 11:00:00,0,train,8196,2014,2,5,11,76.0,88.0,87.0,47.0,1800.0,11.0,-0.7,1022.8,-16.6,0.0,N,1.2,Aotizhongxin,3.0,158.0,63.5,2009.9981884056904,-6.3,0.7,-3.05,5.170271739125448,2014-02-05 11:00:00,112.0,2014-02-06 11:00:00
8247,2014-02-08 03:00:00,0,train,8260,2014,2,8,3,92.0,66.0,14.0,44.0,1700.0,5.0,-3.5,1018.6,-4.3,0.0,ENE,1.0,Aotizhongxin,69.0,96.0,85.0,57.55797101439252,-3.5,-1.5,-2.95,0.23326086956022674,2014-02-08 03:00:00,8.0,2014-02-09 03:00:00
8276,2014-02-09 08:00:00,0,train,8289,2014,2,9,8,7.0,11.0,24.0,19.0,500.0,46.0,-7.4,1032.2,-19.9,0.0,NE,3.5,Aotizhongxin,3.0,135.0,8.0,987.1286231882813,-9.3,1.7,-5.699999999999999,17.34978260869047,2014-02-09 08:00:00,12.0,2014-02-10 08:00:00
8289,2014-02-09 21:00:00,0,train,8302,2014,2,9,21,8.0,18.0,21.0,26.0,600.0,45.0,-4.8,1030.8,-18.0,0.0,N,2.0,Aotizhongxin,3.0,15.0,8.0,10.47644927523436,-9.3,-1.0,-5.3,8.056449275356977,2014-02-09 21:00:00,42.0,2014-02-10 21:00:00
8294,2014-02-10 02:00:00,0,train,8307,2014,2,10,2,8.0,7.0,14.0,12.0,400.0,57.0,-7.5,1031.2,-18.8,0.0,NNE,1.9,Aotizhongxin,3.0,17.0,9.0,12.579710144800005,-9.3,-1.0,-5.05,7.32766304347295,2014-02-10 02:00:00,86.0,2014-02-11 02:00:00
8318,2014-02-11 02:00:00,0,train,8331,2014,2,11,2,86.0,93.0,,77.0,2900.0,1.0,-8.3,1023.9,-13.7,0.0,NE,1.6,Aotizhongxin,8.0,86.0,21.5,488.66666666654567,-12.2,-1.2,-7.05,13.551721014487253,2014-02-11 02:00:00,175.0,2014-02-12 02:00:00
8358,2014-02-12 18:00:00,1,train,8371,2014,2,12,18,114.0,128.0,50.0,83.0,1700.0,1.0,0.1,1027.2,-10.7,0.0,SW,1.7,Aotizhongxin,25.0,194.0,144.5,2957.244565217305,-7.5,4.8,-4.85,19.574782608690683,2014-02-12 18:00:00,205.0,2014-02-13 18:00:00
8372,2014-02-13 08:00:00,1,train,8385,2014,2,13,8,151.0,126.0,55.0,82.0,2000.0,1.0,-3.3,1031.6,-7.6,0.0,S,1.6,Aotizhongxin,25.0,222.0,135.5,2968.8242753622308,-5.7,4.8,-2.7,10.529492753618431,2014-02-13 08:00:00,208.0,2014-02-14 08:00:00
8388,2014-02-14 00:00:00,1,train,8401,2014,2,14,0,239.0,234.0,106.0,99.0,4100.0,1.0,-4.7,1023.9,-7.0,0.0,ENE,0.7,Aotizhongxin,135.0,248.0,181.5,1106.7826086955872,-4.7,-1.2,-2.9,0.6702717391254327,2014-02-14 00:00:00,584.0,2014-02-15 00:00:00
8466,2014-02-17 06:00:00,0,train,8479,2014,2,17,6,45.0,24.0,86.0,64.0,2200.0,15.0,-1.2,1029.3,-10.1,0.0,W,0.5,Aotizhongxin,42.0,403.0,218.5,11854.144927536123,-2.8,7.0,2.1,6.975489130430544,2014-02-17 06:00:00,50.0,2014-02-18 06:00:00
8475,2014-02-17 15:00:00,0,train,8488,2014,2,17,15,80.0,82.0,59.0,58.0,1700.0,53.0,4.4,1027.6,-14.0,0.0,SSW,2.6,Aotizhongxin,42.0,296.0,108.0,7454.195652173732,-1.2,5.0,2.3,3.379130434778347,2014-02-17 15:00:00,71.0,2014-02-18 15:00:00
8526,2014-02-19 18:00:00,1,train,8539,2014,2,19,18,24.0,33.0,15.0,48.0,600.0,34.0,2.9,1022.1,-12.6,0.0,SW,2.6,Aotizhongxin,13.0,131.0,80.5,1635.7971014490256,-4.9,6.3,0.7,11.843460144923066,2014-02-19 18:00:00,333.0,2014-02-20 18:00:00
8596,2014-02-22 16:00:00,1,train,8609,2014,2,22,16,299.0,339.0,153.0,113.0,4400.0,7.0,5.4,1022.9,-2.7,0.0,NE,1.7,Aotizhongxin,229.0,313.0,264.5,604.7536231883505,-1.1,6.1,1.65,6.17940217390874,2014-02-22 16:00:00,209.0,2014-02-23 16:00:00
8643,2014-02-24 15:00:00,1,train,8656,2014,2,24,15,241.0,307.0,122.0,120.0,3700.0,8.0,7.6,1019.3,-1.4,0.0,ENE,1.4,Aotizhongxin,99.0,247.0,216.0,855.1231884057036,1.6,8.0,2.8,3.8852173913002646,2014-02-24 15:00:00,314.0,2014-02-25 15:00:00
8687,2014-02-26 17:00:00,0,train,8706,2014,2,26,17,427.0,408.0,147.0,143.0,4600.0,2.0,7.6,1017.0,4.5,0.4,NE,1.7,Aotizhongxin,426.0,518.0,461.0,774.0350877194137,-0.2,8.8,3.3,8.638242753619176,2014-02-26 17:00:00,18.0,2014-02-27 17:00:00
8835,2014-03-04 21:00:00,0,train,8854,2014,3,4,21,11.0,24.0,7.0,25.0,500.0,52.0,3.3,1023.7,-18.8,0.0,NE,2.9,Aotizhongxin,3.0,275.0,10.0,12628.172101449196,-1.5,9.3,4.35,8.977391304343904,2014-03-04 21:00:00,42.0,2014-03-05 21:00:00
8883,2014-03-06 21:00:00,0,train,8902,2014,3,6,21,34.0,72.0,14.0,63.0,700.0,25.0,3.6,1022.7,-16.7,0.0,SW,2.6,Aotizhongxin,3.0,34.0,10.0,78.54891304337153,-1.7,8.8,3.55,10.186068840575595,2014-03-06 21:00:00,45.0,2014-03-07 21:00:00
8891,2014-03-07 05:00:00,0,train,8910,2014,3,7,5,84.0,142.0,29.0,74.0,1700.0,2.0,-3.2,1025.3,-8.1,0.0,NE,1.2,Aotizhongxin,3.0,84.0,16.5,789.2971014491762,-3.2,8.8,3.55,13.759057971010323,2014-03-07 05:00:00,119.0,2014-03-08 05:00:00
8908,2014-03-07 22:00:00,0,train,8927,2014,3,7,22,59.0,100.0,26.0,86.0,1000.0,4.0,4.8,1021.7,-13.1,0.0,SW,1.7,Aotizhongxin,6.0,88.0,52.0,576.9402173912138,-3.2,8.6,4.95,16.684057971010386,2014-03-07 22:00:00,155.0,2014-03-08 22:00:00
8920,2014-03-08 10:00:00,0,train,8939,2014,3,8,10,157.0,183.0,75.0,72.0,2900.0,2.0,5.1,1017.7,-3.2,0.0,SE,1.4,Aotizhongxin,6.0,157.0,62.0,2217.027173912962,0.3,8.6,4.85,8.302608695648187,2014-03-08 10:00:00,100.0,2014-03-09 10:00:00
8998,2014-03-11 16:00:00,0,train,9017,2014,3,11,16,171.0,202.0,91.0,63.0,1800.0,96.0,13.4,1009.6,-3.4,0.0,NNE,1.3,Aotizhongxin,105.0,247.0,171.0,1253.1014492753234,1.1,13.6,4.05,19.61940217390928,2014-03-11 16:00:00,9.0,2014-03-12 16:00:00
9013,2014-03-12 07:00:00,0,train,9032,2014,3,12,7,7.0,14.0,3.0,11.0,300.0,65.0,5.7,1021.8,-16.2,0.0,NNE,4.0,Aotizhongxin,3.0,247.0,103.0,8575.536231883996,4.8,13.6,8.65,7.920869565214082,2014-03-12 07:00:00,17.0,2014-03-13 07:00:00
9014,2014-03-12 08:00:00,0,train,9033,2014,3,12,8,7.0,17.0,4.0,14.0,300.0,66.0,6.1,1022.6,-16.5,0.0,NNE,2.9,Aotizhongxin,3.0,247.0,46.0,8631.606884057906,5.7,13.6,8.65,7.488242753619887,2014-03-12 08:00:00,20.0,2014-03-13 08:00:00
9102,2014-03-16 00:00:00,0,train,9121,2014,3,16,0,181.0,283.0,94.0,127.0,2600.0,2.0,10.4,1009.4,-0.2,0.0,E,1.2,Aotizhongxin,64.0,181.0,94.0,1312.3749999999368,1.9,22.1,11.6,41.59548913043182,2014-03-16 00:00:00,132.0,2014-03-17 00:00:00
9118,2014-03-16 16:00:00,0,train,9137,2014,3,16,16,110.0,223.0,62.0,50.0,1300.0,100.0,16.5,1006.4,-1.6,0.0,SSW,2.5,Aotizhongxin,61.0,181.0,119.0,1410.5797101448675,4.2,19.5,13.15,18.841086956518833,2014-03-16 16:00:00,26.0,2014-03-17 16:00:00
9127,2014-03-17 01:00:00,0,train,9146,2014,3,17,1,140.0,205.0,47.0,68.0,1700.0,36.0,6.7,1005.4,1.6,0.0,N,1.3,Aotizhongxin,61.0,142.0,118.5,802.9112318839967,4.2,17.6,11.55,18.279999999996996,2014-03-17 01:00:00,20.0,2014-03-18 01:00:00
9162,2014-03-18 12:00:00,0,train,9181,2014,3,18,12,34.0,112.0,12.0,35.0,500.0,73.0,15.1,1017.1,-2.8,0.0,SSW,2.3,Aotizhongxin,15.0,43.0,22.5,51.210144927458714,6.8,20.7,14.85,14.68476449275102,2014-03-18 12:00:00,70.0,2014-03-19 12:00:00
9190,2014-03-19 16:00:00,0,train,9209,2014,3,19,16,58.0,92.0,16.0,40.0,700.0,70.0,12.3,1015.6,-0.3,0.0,SSE,1.7,Aotizhongxin,31.0,88.0,61.0,244.14492753616113,4.1,13.7,9.1,7.119981884054568,2014-03-19 16:00:00,14.0,2014-03-20 16:00:00
9227,2014-03-21 05:00:00,0,train,9246,2014,3,21,5,30.0,110.0,23.0,80.0,600.0,2.0,1.8,1017.6,-4.7,0.0,NW,0.2,Aotizhongxin,8.0,30.0,12.0,21.389492753543692,1.8,18.9,11.05,26.984619565214267,2014-03-21 05:00:00,82.0,2014-03-22 05:00:00
9275,2014-03-23 05:00:00,1,train,9294,2014,3,23,5,105.0,176.0,38.0,106.0,1600.0,2.0,5.5,1020.0,-0.6,0.0,ENE,1.0,Aotizhongxin,13.0,142.0,76.5,1416.3894927535541,3.4,23.6,14.149999999999999,44.61413043477989,2014-03-23 05:00:00,239.0,2014-03-24 05:00:00
9278,2014-03-23 08:00:00,1,train,9297,2014,3,23,8,132.0,224.0,43.0,110.0,1900.0,2.0,11.7,1021.1,-2.2,0.0,NE,0.8,Aotizhongxin,13.0,142.0,80.5,1734.9275362318158,5.0,23.6,13.75,41.73971014492483,2014-03-23 08:00:00,248.0,2014-03-24 08:00:00
9369,2014-03-27 03:00:00,0,train,9388,2014,3,27,3,335.0,397.0,30.0,143.0,2200.0,2.0,12.1,1005.7,9.8,0.0,NE,0.9,Aotizhongxin,248.0,410.0,318.5,2597.014492753613,8.6,23.2,14.55,20.898242753620767,2014-03-27 03:00:00,138.0,2014-03-28 03:00:00
9390,2014-03-28 00:00:00,1,train,9409,2014,3,28,0,117.0,199.0,42.0,88.0,2000.0,2.0,12.1,1002.6,7.8,0.0,ENE,0.8,Aotizhongxin,81.0,410.0,294.0,14211.44927536227,11.3,15.5,13.55,1.7556340579682277,2014-03-28 00:00:00,204.0,2014-03-29 00:00:00
9506,2014-04-01 20:00:00,0,train,9525,2014,4,1,20,66.0,118.0,12.0,54.0,600.0,105.0,19.1,1003.8,5.5,0.0,SW,2.3,Aotizhongxin,43.0,209.0,128.5,1869.0851449274153,8.8,23.6,15.2,28.75992753622945,2014-04-01 20:00:00,103.0,2014-04-02 20:00:00
9594,2014-04-05 12:00:00,0,train,9613,2014,4,5,12,8.0,45.0,3.0,10.0,300.0,84.0,18.0,1016.7,-11.9,0.0,NNW,3.6,Aotizhongxin,6.0,39.0,21.0,117.69384057953275,4.8,26.4,14.649999999999999,40.16157608695389,2014-04-05 12:00:00,32.0,2014-04-06 12:00:00
9780,2014-04-13 06:00:00,1,train,9799,2014,4,13,6,140.0,199.0,19.0,107.0,1600.0,2.0,11.0,1012.5,4.9,0.0,ENE,1.5,Aotizhongxin,93.0,152.0,118.0,332.4329710143751,8.8,21.3,15.05,17.367807971011842,2014-04-13 06:00:00,243.0,2014-04-14 06:00:00
9800,2014-04-14 02:00:00,0,train,9819,2014,4,14,2,232.0,271.0,20.0,122.0,2400.0,2.0,13.4,1011.6,9.8,0.0,NE,1.2,Aotizhongxin,140.0,234.0,188.0,993.2880434781866,8.8,23.3,16.6,22.843460144925178,2014-04-14 02:00:00,69.0,2014-04-15 02:00:00
9864,2014-04-16 18:00:00,0,train,9883,2014,4,16,18,57.0,164.0,13.0,77.0,700.0,71.0,18.2,1004.9,0.8,0.0,SSW,0.8,Aotizhongxin,19.0,128.0,57.5,489.0416666664928,12.1,22.2,15.45,10.77536231883816,2014-04-16 18:00:00,117.0,2014-04-17 18:00:00
9871,2014-04-17 01:00:00,0,train,9890,2014,4,17,1,109.0,257.0,34.0,118.0,1400.0,2.0,13.7,1004.0,6.8,0.0,NE,0.6,Aotizhongxin,19.0,128.0,65.5,496.8043478259212,12.1,22.2,15.3,10.70215579709904,2014-04-17 01:00:00,124.0,2014-04-18 01:00:00
9897,2014-04-18 03:00:00,0,train,9916,2014,4,18,3,128.0,162.0,14.0,61.0,1500.0,2.0,14.1,1011.7,11.4,0.0,WSW,1.0,Aotizhongxin,68.0,159.0,105.5,473.30253623174457,11.1,17.2,14.7,4.008242753620399,2014-04-18 03:00:00,76.0,2014-04-19 03:00:00
9937,2014-04-19 19:00:00,0,train,9956,2014,4,19,19,56.0,82.0,11.0,49.0,500.0,80.0,11.9,1012.7,5.5,0.0,SW,1.6,Aotizhongxin,40.0,95.0,64.0,168.54891304331716,11.9,15.2,14.1,0.5718840579681074,2014-04-19 19:00:00,61.0,2014-04-20 19:00:00
10012,2014-04-22 22:00:00,0,train,10031,2014,4,22,22,52.0,113.0,14.0,75.0,500.0,60.0,19.4,1005.2,7.2,0.0,SW,2.0,Aotizhongxin,52.0,105.0,70.0,122.0797101447693,6.9,26.0,20.299999999999997,52.501286231882055,2014-04-22 22:00:00,89.0,2014-04-23 22:00:00
10022,2014-04-23 08:00:00,0,train,10041,2014,4,23,8,138.0,194.0,21.0,55.0,800.0,28.0,18.5,1006.3,12.3,0.0,SSE,1.4,Aotizhongxin,52.0,138.0,75.5,518.5634057969515,12.3,26.0,20.299999999999997,23.185634057969473,2014-04-23 08:00:00,114.0,2014-04-24 08:00:00
10043,2014-04-24 05:00:00,0,train,10062,2014,4,24,5,89.0,110.0,10.0,27.0,500.0,74.0,14.4,1007.5,11.7,0.0,SW,1.2,Aotizhongxin,72.0,205.0,132.0,1904.5434782607551,13.6,24.3,20.35,9.645144927534664,2014-04-24 05:00:00,150.0,2014-04-25 05:00:00
10050,2014-04-24 12:00:00,1,train,10069,2014,4,24,12,123.0,149.0,22.0,57.0,800.0,54.0,21.4,1009.3,13.1,0.0,SSE,2.1,Aotizhongxin,72.0,202.0,114.0,1400.3894927534961,14.4,24.3,19.25,7.555054347824469,2014-04-24 12:00:00,207.0,2014-04-25 12:00:00
10084,2014-04-29 22:00:00,0,train,10199,2014,4,29,22,105.0,154.0,35.0,75.0,1100.0,74.0,20.3,1004.8,9.2,0.0,SW,2.5,Aotizhongxin,80.0,139.0,110.5,274.9230769230769,11.7,26.6,20.45,27.11644927536075,2014-04-29 22:00:00,85.0,2014-04-30 22:00:00
10088,2014-04-30 02:00:00,0,train,10203,2014,4,30,2,98.0,151.0,23.0,73.0,800.0,38.0,13.8,1004.0,10.6,0.0,SW,0.1,Aotizhongxin,61.0,139.0,109.0,375.3235294117647,11.7,26.6,20.45,23.084764492752196,2014-04-30 02:00:00,113.0,2014-05-01 02:00:00
10177,2014-05-03 19:00:00,0,train,10292,2014,5,3,19,78.0,530.0,2.0,9.0,300.0,84.0,15.9,1009.7,-5.2,0.0,NNW,4.5,Aotizhongxin,17.0,99.0,52.5,571.9981884057895,7.9,23.0,14.3,29.98601449275079,2014-05-03 19:00:00,27.0,2014-05-04 19:00:00
10229,2014-05-05 23:00:00,0,train,10344,2014,5,5,23,49.0,76.0,9.0,81.0,600.0,27.0,13.8,1008.8,0.1,0.0,SW,1.2,Aotizhongxin,16.0,98.0,36.5,340.7807971014401,5.4,20.8,15.7,31.01983695651861,2014-05-05 23:00:00,118.0,2014-05-06 23:00:00
10247,2014-05-06 17:00:00,0,train,10362,2014,5,6,17,106.0,137.0,39.0,52.0,900.0,129.0,19.9,997.5,7.3,0.0,NE,1.4,Aotizhongxin,29.0,179.0,70.0,1615.4999999999943,8.9,21.8,15.85,20.26172101448994,2014-05-06 17:00:00,14.0,2014-05-07 17:00:00
10253,2014-05-06 23:00:00,0,train,10368,2014,5,6,23,118.0,250.0,41.0,108.0,1500.0,21.0,13.5,997.7,12.1,0.0,NE,0.6,Aotizhongxin,54.0,179.0,106.0,1038.4764492753577,8.9,21.8,17.0,20.8492753623161,2014-05-06 23:00:00,33.0,2014-05-07 23:00:00
10265,2014-05-07 11:00:00,0,train,10380,2014,5,7,11,23.0,62.0,2.0,19.0,400.0,90.0,22.8,1001.6,-0.7,0.0,N,4.3,Aotizhongxin,21.0,179.0,117.5,1346.0416666666624,11.0,22.8,18.1,15.889782608693324,2014-05-07 11:00:00,64.0,2014-05-08 11:00:00
10275,2014-05-07 21:00:00,0,train,10390,2014,5,7,21,51.0,75.0,3.0,66.0,500.0,32.0,19.0,1006.3,-2.1,0.0,E,1.8,Aotizhongxin,14.0,136.0,77.5,2500.282608695646,11.0,26.0,19.1,28.3475362318821,2014-05-07 21:00:00,62.0,2014-05-08 21:00:00
10301,2014-05-08 23:00:00,0,train,10416,2014,5,8,23,63.0,130.0,40.0,67.0,900.0,70.0,17.6,1008.9,7.0,0.0,SSE,1.8,Aotizhongxin,52.0,146.0,82.5,1013.8478260869517,10.3,22.2,18.9,18.761739130432534,2014-05-08 23:00:00,56.0,2014-05-09 23:00:00
10550,2014-05-19 08:00:00,0,train,10665,2014,5,19,8,70.0,70.0,4.0,45.0,600.0,73.0,20.7,1001.1,17.5,0.0,WSW,1.0,Aotizhongxin,64.0,157.0,90.5,588.5489130434822,17.8,29.0,25.5,17.052590579709868,2014-05-19 08:00:00,80.0,2014-05-20 08:00:00
10638,2014-05-23 00:00:00,0,train,10753,2014,5,23,0,71.0,137.0,13.0,54.0,500.0,111.0,25.5,1003.3,14.0,0.0,SW,1.1,Aotizhongxin,42.0,290.0,150.0,7579.154492753648,19.0,33.6,26.95,27.576503623188906,2014-05-23 00:00:00,105.0,2014-05-24 00:00:00
10675,2014-05-24 13:00:00,0,train,10790,2014,5,24,13,82.0,,,,,,21.1,1001.6,20.4,0.0,NNE,0.7,Aotizhongxin,54.0,107.0,80.0,289.50000000000745,19.2,32.3,24.200000000000003,19.87710144927496,2014-05-24 13:00:00,22.0,2014-05-25 13:00:00
10682,2014-05-24 20:00:00,0,train,10797,2014,5,24,20,82.0,82.0,2.0,49.0,900.0,24.0,21.4,1003.1,20.0,0.0,SE,0.0,Aotizhongxin,65.0,107.0,83.5,167.99818840580522,19.2,27.3,21.35,6.080416666665516,2014-05-24 20:00:00,11.0,2014-05-25 20:00:00
10690,2014-05-25 04:00:00,0,train,10805,2014,5,25,4,113.0,113.0,2.0,26.0,800.0,38.0,20.3,1001.7,20.0,0.0,SW,0.6,Aotizhongxin,65.0,113.0,83.5,152.34782608696455,19.2,22.9,20.8,0.9349999999984568,2014-05-25 04:00:00,14.0,2014-05-26 04:00:00
10725,2014-05-26 15:00:00,0,train,10840,2014,5,26,15,40.0,162.0,6.0,35.0,300.0,150.0,34.6,989.0,9.1,0.0,WNW,1.3,Aotizhongxin,11.0,41.0,23.5,84.16666666667615,13.4,34.6,23.549999999999997,52.41188405797038,2014-05-26 15:00:00,16.0,2014-05-27 15:00:00
10749,2014-05-27 15:00:00,0,train,10864,2014,5,27,15,16.0,16.0,2.0,16.0,200.0,91.0,29.5,990.7,10.1,0.0,NNE,2.1,Aotizhongxin,7.0,145.0,40.0,1289.992753623197,17.5,35.5,27.4,35.3560688405798,2014-05-27 15:00:00,32.0,2014-05-28 15:00:00
10814,2014-05-30 08:00:00,0,train,10929,2014,5,30,8,57.0,57.0,37.0,102.0,2100.0,37.0,30.3,1001.2,11.3,0.0,E,1.2,Aotizhongxin,19.0,113.0,60.5,590.1956521739215,22.1,40.5,27.950000000000003,47.35940217391451,2014-05-30 08:00:00,104.0,2014-05-31 08:00:00
10826,2014-05-30 20:00:00,0,train,10941,2014,5,30,20,97.0,204.0,33.0,48.0,900.0,233.0,27.5,1001.5,16.1,0.0,S,0.9,Aotizhongxin,49.0,122.0,97.5,600.9565217391398,22.1,34.8,28.45,21.92891304347915,2014-05-30 20:00:00,147.0,2014-05-31 20:00:00
10850,2014-05-31 20:00:00,0,train,10965,2014,5,31,20,147.0,288.0,21.0,75.0,2500.0,192.0,27.5,999.2,20.8,0.0,W,0.9,Aotizhongxin,76.0,151.0,104.5,718.8623188405885,21.5,33.5,27.45,17.01413043478322,2014-05-31 20:00:00,47.0,2014-06-01 20:00:00
10888,2014-06-02 10:00:00,0,train,11003,2014,6,2,10,24.0,62.0,2.0,49.0,400.0,77.0,23.3,1006.8,14.8,0.0,NE,1.8,Aotizhongxin,17.0,105.0,33.5,378.0271739130552,17.7,29.5,18.95,18.44418478260719,2014-06-02 10:00:00,28.0,2014-06-03 10:00:00
10942,2014-06-04 16:00:00,0,train,11057,2014,6,4,16,52.0,52.0,7.0,41.0,700.0,184.0,27.7,998.6,15.0,0.0,WSW,1.9,Aotizhongxin,42.0,96.0,53.5,233.2155797101553,20.0,30.1,26.0,11.983405797101296,2014-06-04 16:00:00,54.0,2014-06-05 16:00:00
10954,2014-06-05 04:00:00,0,train,11069,2014,6,5,4,94.0,94.0,7.0,97.0,700.0,2.0,19.7,1000.1,18.2,0.0,ENE,1.1,Aotizhongxin,42.0,96.0,51.0,367.04347826087985,19.7,30.1,25.05,10.377807971014198,2014-06-05 04:00:00,115.0,2014-06-06 04:00:00
10993,2014-06-06 19:00:00,0,train,11108,2014,6,6,19,9.0,9.0,2.0,45.0,400.0,35.0,18.3,999.7,17.5,0.0,ENE,1.1,Aotizhongxin,5.0,121.0,85.0,1799.3460144927628,18.3,29.5,22.95,13.069836956520723,2014-06-06 19:00:00,7.0,2014-06-07 19:00:00
11010,2014-06-07 12:00:00,0,train,11125,2014,6,7,12,5.0,5.0,2.0,9.0,200.0,98.0,27.8,998.2,9.1,0.0,NNE,4.3,Aotizhongxin,5.0,27.0,9.0,45.04347826088145,14.7,27.8,18.35,15.19041666666436,2014-06-07 12:00:00,43.0,2014-06-08 12:00:00
11113,2014-06-11 19:00:00,0,train,11228,2014,6,11,19,19.0,19.0,2.0,29.0,300.0,111.0,26.4,1001.6,14.8,0.0,WSW,1.7,Aotizhongxin,13.0,109.0,52.5,1315.3894927536344,17.3,30.6,22.2,21.745797101448435,2014-06-11 19:00:00,23.0,2014-06-12 19:00:00
11154,2014-06-13 12:00:00,0,train,11269,2014,6,13,12,36.0,36.0,12.0,30.0,500.0,132.0,31.0,1000.7,17.3,0.0,W,2.0,Aotizhongxin,13.0,117.0,40.0,1436.7753623188507,21.7,35.0,27.8,19.338242753623827,2014-06-13 12:00:00,29.0,2014-06-14 12:00:00
11198,2014-06-15 08:00:00,0,train,11313,2014,6,15,8,138.0,138.0,10.0,95.0,1000.0,48.0,27.2,999.8,20.0,0.0,NNE,0.9,Aotizhongxin,27.0,163.0,64.5,1994.840579710149,22.7,33.3,26.55,12.45210144927563,2014-06-15 08:00:00,179.0,2014-06-16 08:00:00
11332,2014-06-20 22:00:00,0,train,11447,2014,6,20,22,97.0,97.0,4.0,49.0,1400.0,67.0,22.8,1003.0,18.8,0.0,SSE,0.6,Aotizhongxin,15.0,97.0,34.5,646.8405797101534,19.1,28.4,23.0,12.705634057970032,2014-06-20 22:00:00,18.0,2014-06-21 22:00:00
11389,2014-06-23 07:00:00,0,train,11504,2014,6,23,7,21.0,21.0,2.0,43.0,400.0,24.0,22.5,1004.2,17.6,0.0,NE,1.8,Aotizhongxin,21.0,58.0,33.5,89.58695652174855,17.3,28.6,22.45,14.760797101448166,2014-06-23 07:00:00,55.0,2014-06-24 07:00:00
11434,2014-06-25 04:00:00,1,train,11549,2014,6,25,4,73.0,73.0,13.0,53.0,1300.0,57.0,22.9,996.6,19.5,0.0,NE,1.0,Aotizhongxin,3.0,463.0,60.0,14616.775362318847,20.2,31.0,27.25,10.659710144928017,2014-06-25 04:00:00,189.0,2014-06-26 04:00:00
11443,2014-06-25 13:00:00,0,train,11558,2014,6,25,13,104.0,104.0,12.0,39.0,800.0,140.0,25.2,998.0,21.7,0.0,WSW,2.5,Aotizhongxin,3.0,463.0,75.0,13355.215579710146,22.9,31.0,26.2,6.588532608695992,2014-06-25 13:00:00,82.0,2014-06-26 13:00:00
11461,2014-06-26 07:00:00,0,train,11576,2014,6,26,7,167.0,167.0,4.0,45.0,900.0,31.0,24.6,997.9,22.3,0.0,NNW,1.1,Aotizhongxin,94.0,190.0,120.0,931.1721014492698,22.4,26.6,23.5,1.7999999999995084,2014-06-26 07:00:00,8.0,2014-06-27 07:00:00
11505,2014-06-28 03:00:00,0,train,11620,2014,6,28,3,38.0,38.0,4.0,102.0,400.0,2.0,19.2,1000.8,14.0,0.0,ESE,0.0,Aotizhongxin,4.0,56.0,15.0,165.6938405797303,19.2,34.5,28.1,28.793840579710764,2014-06-28 03:00:00,29.0,2014-06-29 03:00:00
11512,2014-06-28 10:00:00,0,train,11627,2014,6,28,10,18.0,18.0,7.0,26.0,200.0,81.0,33.7,1000.2,10.9,0.0,N,1.5,Aotizhongxin,4.0,56.0,22.0,141.47101449277284,19.2,34.5,27.950000000000003,34.5412862318846,2014-06-28 10:00:00,25.0,2014-06-29 10:00:00
11514,2014-06-28 12:00:00,0,train,11629,2014,6,28,12,13.0,13.0,6.0,15.0,300.0,106.0,34.7,999.0,11.2,0.0,SSW,1.4,Aotizhongxin,4.0,56.0,22.0,132.6068840579901,19.2,34.8,27.950000000000003,36.600797101449864,2014-06-28 12:00:00,42.0,2014-06-29 12:00:00
11517,2014-06-28 15:00:00,0,train,11632,2014,6,28,15,18.0,18.0,30.0,17.0,500.0,121.0,36.5,996.9,11.3,0.0,NNE,1.3,Aotizhongxin,13.0,56.0,22.0,105.55797101451152,19.2,36.5,27.950000000000003,40.68375000000067,2014-06-28 15:00:00,65.0,2014-06-29 15:00:00
11531,2014-06-29 05:00:00,0,train,11646,2014,6,29,5,17.0,17.0,2.0,44.0,300.0,16.0,22.7,1000.9,18.5,0.0,ENE,0.6,Aotizhongxin,13.0,63.0,22.0,167.72282608697498,22.1,36.6,29.9,29.53623188405926,2014-06-29 05:00:00,100.0,2014-06-30 05:00:00
11584,2014-07-01 10:00:00,0,train,11699,2014,7,1,10,131.0,131.0,13.0,91.0,1300.0,74.0,30.0,999.6,20.6,0.0,W,1.5,Aotizhongxin,47.0,131.0,73.0,566.476449275364,23.3,35.2,29.55,14.217663043479604,2014-07-01 10:00:00,41.0,2014-07-02 10:00:00
11607,2014-07-02 09:00:00,1,train,11722,2014,7,2,9,39.0,39.0,2.0,47.0,700.0,62.0,21.9,998.3,21.9,1.0,NNW,0.4,Aotizhongxin,22.0,188.0,90.5,2760.2536231884046,21.2,31.2,23.65,18.032173913043344,2014-07-02 09:00:00,259.0,2014-07-03 09:00:00
11679,2014-07-05 09:00:00,1,train,11794,2014,7,5,9,119.0,119.0,2.0,52.0,900.0,65.0,28.6,1002.0,23.5,0.0,NE,1.2,Aotizhongxin,119.0,229.0,159.5,703.0362318840196,22.9,33.9,27.4,11.778097826087615,2014-07-05 09:00:00,231.0,2014-07-06 09:00:00
11744,2014-07-08 02:00:00,0,train,11859,2014,7,8,2,227.0,227.0,4.0,69.0,1300.0,51.0,25.1,994.5,23.3,0.0,NE,1.4,Aotizhongxin,84.0,261.0,201.0,3698.3478260869074,24.9,31.7,29.1,5.91722826087067,2014-07-08 02:00:00,51.0,2014-07-09 02:00:00
11849,2014-07-12 11:00:00,0,train,11964,2014,7,12,11,8.0,8.0,2.0,14.0,200.0,86.0,32.9,997.0,13.0,0.0,ESE,2.3,Aotizhongxin,8.0,43.0,13.5,83.73188405802925,21.5,36.6,29.4,22.079836956522893,2014-07-12 11:00:00,5.0,2014-07-13 11:00:00
11866,2014-07-13 04:00:00,0,train,11981,2014,7,13,4,29.0,29.0,4.0,95.0,400.0,2.0,21.3,997.5,13.7,0.0,NE,0.9,Aotizhongxin,6.0,39.0,14.0,93.9710144928116,21.3,34.7,28.799999999999997,20.13432971014587,2014-07-13 04:00:00,15.0,2014-07-14 04:00:00
11882,2014-07-13 20:00:00,0,train,11997,2014,7,13,20,30.0,30.0,3.0,86.0,500.0,45.0,24.0,996.2,19.7,0.0,WNW,0.0,Aotizhongxin,5.0,39.0,14.0,106.95471014498526,21.3,36.1,26.55,22.07673913043544,2014-07-13 20:00:00,35.0,2014-07-14 20:00:00
11895,2014-07-14 09:00:00,0,train,12010,2014,7,14,9,23.0,23.0,2.0,53.0,600.0,34.0,31.7,997.2,15.2,0.0,NNE,0.7,Aotizhongxin,5.0,52.0,19.0,198.25905797106913,20.1,36.1,25.200000000000003,27.368242753623548,2014-07-14 09:00:00,52.0,2014-07-15 09:00:00
11956,2014-07-16 22:00:00,1,train,12071,2014,7,16,22,68.0,68.0,2.0,44.0,500.0,71.0,20.8,999.7,20.8,0.0,NE,1.5,Aotizhongxin,63.0,192.0,90.5,2336.1086956521717,20.8,31.2,23.799999999999997,12.635054347825712,2014-07-16 22:00:00,186.0,2014-07-17 22:00:00
11980,2014-07-17 22:00:00,0,train,12095,2014,7,17,22,186.0,186.0,2.0,85.0,2700.0,49.0,26.6,1001.1,24.4,0.0,NNW,0.5,Aotizhongxin,38.0,186.0,129.0,2224.4764492753516,20.8,28.5,26.700000000000003,7.667826086956274,2014-07-17 22:00:00,86.0,2014-07-18 22:00:00
12048,2014-07-20 18:00:00,0,train,12163,2014,7,20,18,79.0,79.0,2.0,19.0,600.0,169.0,33.0,995.7,24.7,0.0,SW,3.3,Aotizhongxin,39.0,105.0,64.0,232.65036231887711,27.1,34.0,31.05,6.786086956523408,2014-07-20 18:00:00,10.0,2014-07-21 18:00:00
12152,2014-07-25 02:00:00,0,train,12267,2014,7,25,2,94.0,94.0,2.0,110.0,2100.0,2.0,21.4,1000.7,20.2,0.0,ENE,1.0,Aotizhongxin,38.0,106.0,78.0,411.24456521742087,21.0,30.3,25.7,8.102536231883908,2014-07-25 02:00:00,101.0,2014-07-26 02:00:00
12160,2014-07-25 10:00:00,0,train,12275,2014,7,25,10,82.0,82.0,6.0,38.0,1000.0,123.0,30.8,1000.0,17.8,0.0,NW,0.7,Aotizhongxin,38.0,116.0,88.5,484.8097826087218,20.2,30.8,26.35,13.116793478260666,2014-07-25 10:00:00,129.0,2014-07-26 10:00:00
12261,2014-07-29 15:00:00,0,train,12376,2014,7,29,15,80.0,80.0,4.0,16.0,400.0,173.0,32.9,995.1,20.4,0.0,SW,4.1,Aotizhongxin,79.0,201.0,102.5,1065.8532608695675,25.4,33.3,30.049999999999997,6.496231884059439,2014-07-29 15:00:00,154.0,2014-07-30 15:00:00
12272,2014-07-30 02:00:00,1,train,12387,2014,7,30,2,35.0,35.0,2.0,6.0,300.0,139.0,23.4,997.6,23.4,0.0,SW,0.6,Aotizhongxin,35.0,201.0,105.5,1478.4619565217442,23.4,33.1,28.950000000000003,12.420869565218368,2014-07-30 02:00:00,197.0,2014-07-31 02:00:00
12492,2014-08-08 06:00:00,0,train,12607,2014,8,8,6,67.0,67.0,2.0,86.0,1200.0,4.0,22.9,1004.3,19.9,0.0,ENE,1.6,Aotizhongxin,43.0,98.0,59.0,207.29710144930638,21.0,32.8,27.4,15.73954710144998,2014-08-08 06:00:00,117.0,2014-08-09 06:00:00
12493,2014-08-08 07:00:00,0,train,12608,2014,8,8,7,85.0,85.0,4.0,97.0,1400.0,2.0,24.4,1004.2,19.9,0.0,NNE,1.5,Aotizhongxin,43.0,98.0,59.0,214.2536231884367,21.0,32.8,27.4,15.816231884058672,2014-08-08 07:00:00,125.0,2014-08-09 07:00:00
12516,2014-08-09 06:00:00,0,train,12631,2014,8,9,6,117.0,117.0,3.0,62.0,1100.0,51.0,22.8,1001.9,20.0,0.0,ENE,1.8,Aotizhongxin,43.0,117.0,73.0,495.47644927538425,20.6,31.8,26.85,14.660851449275746,2014-08-09 06:00:00,23.0,2014-08-10 06:00:00
12521,2014-08-09 11:00:00,0,train,12636,2014,8,9,11,133.0,133.0,9.0,59.0,1200.0,138.0,29.9,1000.6,19.0,0.0,SW,1.8,Aotizhongxin,43.0,177.0,73.0,1420.375000000016,20.6,31.8,26.85,14.02128623188439,2014-08-09 11:00:00,37.0,2014-08-10 11:00:00
12607,2014-08-13 01:00:00,0,train,12722,2014,8,13,1,24.0,24.0,2.0,73.0,300.0,48.0,20.8,1001.8,20.8,0.0,E,0.0,Aotizhongxin,13.0,38.0,27.0,74.4275362319348,18.9,32.9,26.75,22.69471014492774,2014-08-13 01:00:00,22.0,2014-08-14 01:00:00
12614,2014-08-13 08:00:00,0,train,12729,2014,8,13,8,33.0,33.0,2.0,39.0,300.0,55.0,20.7,1002.9,20.7,0.2,ENE,0.8,Aotizhongxin,14.0,38.0,27.5,54.25905797106439,20.1,32.9,25.65,23.51797101449284,2014-08-13 08:00:00,26.0,2014-08-14 08:00:00
12633,2014-08-14 03:00:00,0,train,12748,2014,8,14,3,27.0,27.0,2.0,62.0,600.0,4.0,16.8,1002.8,16.8,0.0,N,0.0,Aotizhongxin,19.0,49.0,27.0,71.23101449280307,16.8,23.7,20.25,2.7820108695633294,2014-08-14 03:00:00,45.0,2014-08-15 03:00:00
12663,2014-08-15 09:00:00,0,train,12778,2014,8,15,9,127.0,127.0,2.0,91.0,800.0,26.0,26.7,1002.2,18.3,0.0,ENE,1.2,Aotizhongxin,18.0,127.0,35.0,769.1014492754042,17.7,30.0,23.35,19.11275362318778,2014-08-15 09:00:00,38.0,2014-08-16 09:00:00
12743,2014-08-18 17:00:00,0,train,12858,2014,8,18,17,83.0,101.0,6.0,38.0,700.0,182.0,29.2,1004.5,19.5,0.0,SW,1.9,Aotizhongxin,27.0,100.0,56.5,542.608695652206,21.8,30.9,24.6,11.681739130434837,2014-08-18 17:00:00,57.0,2014-08-19 17:00:00
12746,2014-08-18 20:00:00,0,train,12861,2014,8,18,20,75.0,129.0,4.0,38.0,600.0,135.0,26.2,1005.8,20.1,0.0,SW,1.7,Aotizhongxin,28.0,100.0,64.0,478.69565217394177,21.8,30.9,26.15,11.552445652174049,2014-08-18 20:00:00,85.0,2014-08-19 20:00:00
12780,2014-08-20 06:00:00,0,train,12895,2014,8,20,6,112.0,131.0,2.0,54.0,800.0,24.0,22.4,1004.5,21.6,0.0,N,1.2,Aotizhongxin,53.0,149.0,87.5,635.036231884066,21.4,32.8,27.55,14.207228260870101,2014-08-20 06:00:00,135.0,2014-08-21 06:00:00
12918,2014-08-26 00:00:00,0,train,13033,2014,8,26,0,45.0,170.0,5.0,116.0,600.0,6.0,19.9,1007.2,14.5,0.0,W,0.0,Aotizhongxin,3.0,45.0,16.5,115.41304347833149,19.0,33.5,26.85,25.687536231884287,2014-08-26 00:00:00,44.0,2014-08-27 00:00:00
12921,2014-08-26 03:00:00,0,train,13036,2014,8,26,3,37.0,116.0,7.0,111.0,500.0,2.0,17.3,1007.2,15.5,0.0,NE,0.0,Aotizhongxin,3.0,45.0,16.5,137.6521739131135,17.3,33.5,26.85,30.617663043478352,2014-08-26 03:00:00,56.0,2014-08-27 03:00:00
12997,2014-08-29 07:00:00,0,train,13112,2014,8,29,7,87.0,87.0,2.0,41.0,800.0,75.0,21.5,1010.1,18.5,0.0,NE,1.3,Aotizhongxin,56.0,106.0,78.15,176.65519927538773,19.3,28.3,22.45,8.353749999999092,2014-08-29 07:00:00,135.0,2014-08-30 07:00:00
13001,2014-08-29 11:00:00,0,train,13116,2014,8,29,11,60.0,75.0,2.0,29.0,600.0,113.0,26.3,1009.8,17.9,0.0,E,1.2,Aotizhongxin,58.0,106.0,78.15,172.65737318843114,19.3,28.3,22.45,8.58606884057883,2014-08-29 11:00:00,162.0,2014-08-30 11:00:00
13074,2014-09-01 12:00:00,0,train,13189,2014,9,1,12,145.0,145.0,2.0,87.0,2300.0,12.0,24.4,1006.5,22.7,0.0,SSE,0.5,Aotizhongxin,61.0,145.0,77.5,581.3913043478485,20.8,27.6,21.45,4.2686231884047885,2014-09-01 12:00:00,30.0,2014-09-02 12:00:00
13081,2014-09-01 19:00:00,0,train,13196,2014,9,1,19,122.0,122.0,2.0,67.0,1200.0,70.0,23.1,1005.6,21.9,0.2,NNE,1.7,Aotizhongxin,64.0,153.0,101.0,959.1286231884134,20.8,26.2,22.05,2.9569384057961274,2014-09-01 19:00:00,13.0,2014-09-02 19:00:00
13162,2014-09-05 04:00:00,0,train,13277,2014,9,5,4,83.0,143.0,5.0,117.0,1100.0,2.0,19.3,1002.4,18.1,0.0,NE,1.5,Aotizhongxin,25.0,95.0,50.5,412.86956521744605,16.0,33.6,25.4,32.59896739130435,2014-09-05 04:00:00,151.0,2014-09-06 04:00:00
13308,2014-09-11 06:00:00,0,train,13423,2014,9,11,6,83.0,150.0,4.0,97.0,900.0,2.0,19.3,1009.2,16.0,0.0,NE,0.6,Aotizhongxin,35.0,124.0,70.5,716.461956521796,18.1,29.4,22.049999999999997,15.873894927535243,2014-09-11 06:00:00,55.0,2014-09-12 06:00:00
13322,2014-09-11 20:00:00,0,train,13437,2014,9,11,20,107.0,151.0,2.0,68.0,1800.0,57.0,21.6,1008.5,19.0,0.0,NE,1.7,Aotizhongxin,60.0,107.0,88.0,203.44927536236247,18.1,26.7,21.8,7.924329710143497,2014-09-11 20:00:00,57.0,2014-09-12 20:00:00
13373,2014-09-13 23:00:00,0,train,13488,2014,9,13,23,79.0,119.0,7.0,49.0,500.0,91.0,20.5,1008.3,15.7,0.0,ENE,0.7,Aotizhongxin,42.0,111.0,66.0,279.08514492760116,18.9,27.6,22.7,9.892010869564226,2014-09-13 23:00:00,41.0,2014-09-14 23:00:00
13421,2014-09-15 23:00:00,0,train,13536,2014,9,15,23,23.0,97.0,5.0,56.0,300.0,22.0,14.3,1011.8,10.5,0.0,W,0.0,Aotizhongxin,3.0,45.0,17.5,133.30253623200747,14.0,28.7,20.95,30.335362318838662,2014-09-15 23:00:00,61.0,2014-09-16 23:00:00
13437,2014-09-16 15:00:00,0,train,13552,2014,9,16,15,40.0,92.0,7.0,94.0,600.0,15.0,20.1,1012.0,11.3,0.0,ENE,0.8,Aotizhongxin,8.0,43.0,21.5,86.6884057972197,13.1,26.4,19.85,14.944275362316041,2014-09-16 15:00:00,80.0,2014-09-17 15:00:00
13504,2014-09-19 10:00:00,0,train,13619,2014,9,19,10,106.0,180.0,10.0,124.0,1000.0,2.0,21.6,1007.2,14.0,0.0,WSW,1.0,Aotizhongxin,39.0,106.0,64.5,442.84057971021036,12.8,28.4,19.85,28.63027173912826,2014-09-19 10:00:00,121.0,2014-09-20 10:00:00
13512,2014-09-19 18:00:00,0,train,13627,2014,9,19,18,64.0,83.0,8.0,46.0,500.0,113.0,22.3,1004.0,14.2,0.0,SW,0.4,Aotizhongxin,40.0,156.0,83.5,766.8532608696149,12.8,25.5,19.85,19.330851449272895,2014-09-19 18:00:00,131.0,2014-09-20 18:00:00
13548,2014-09-21 06:00:00,0,train,13663,2014,9,21,6,99.0,99.0,9.0,57.0,2300.0,23.0,19.6,1011.4,15.7,0.0,ESE,0.2,Aotizhongxin,90.0,219.0,127.0,1524.2010869564974,17.9,28.0,20.65,10.93650362318712,2014-09-21 06:00:00,74.0,2014-09-22 06:00:00
13620,2014-09-24 06:00:00,0,train,13735,2014,9,24,6,11.0,11.0,2.0,31.0,400.0,2.0,16.7,1011.6,16.7,0.0,NE,0.5,Aotizhongxin,11.0,62.0,37.5,127.73913043489547,16.5,18.7,17.3,0.34693840579372354,2014-09-24 06:00:00,67.0,2014-09-25 06:00:00
13659,2014-09-25 21:00:00,0,train,13774,2014,9,25,21,139.0,139.0,5.0,80.0,1300.0,32.0,20.4,1008.4,18.0,0.0,S,1.1,Aotizhongxin,67.0,169.0,120.0,1022.3188405797245,14.9,22.2,19.15,6.155634057968153,2014-09-25 21:00:00,171.0,2014-09-26 21:00:00
13661,2014-09-25 23:00:00,0,train,13776,2014,9,25,23,96.0,96.0,7.0,63.0,1000.0,31.0,19.6,1008.1,16.8,0.0,SW,1.4,Aotizhongxin,67.0,169.0,127.5,936.4329710145037,14.9,22.2,19.700000000000003,6.147536231881264,2014-09-25 23:00:00,125.0,2014-09-26 23:00:00
13718,2014-09-28 08:00:00,0,train,13833,2014,9,28,8,44.0,121.0,7.0,65.0,700.0,2.0,17.8,1012.8,13.3,0.0,ENE,0.7,Aotizhongxin,7.0,86.0,38.5,543.3260869566366,15.8,26.1,17.25,15.066938405794575,2014-09-28 08:00:00,93.0,2014-09-29 08:00:00
13721,2014-09-28 11:00:00,0,train,13836,2014,9,28,11,58.0,130.0,11.0,76.0,1300.0,2.0,20.7,1010.9,14.6,0.0,E,0.7,Aotizhongxin,7.0,86.0,43.5,493.2880434783715,15.8,26.1,17.25,13.13536231883788,2014-09-28 11:00:00,83.0,2014-09-29 11:00:00
13726,2014-09-28 16:00:00,0,train,13841,2014,9,28,16,70.0,44.0,13.0,52.0,900.0,66.0,21.5,1008.6,12.9,0.0,WSW,1.5,Aotizhongxin,23.0,101.0,58.0,449.02717391313513,15.8,22.4,17.25,6.3138405797071435,2014-09-28 16:00:00,8.0,2014-09-29 16:00:00
13760,2014-09-30 02:00:00,0,train,13875,2014,9,30,2,25.0,70.0,11.0,49.0,800.0,2.0,12.2,1022.7,3.7,0.0,SW,1.2,Aotizhongxin,8.0,107.0,22.5,1653.123188405901,12.2,24.2,17.85,16.937807971011576,2014-09-30 02:00:00,77.0,2014-10-01 02:00:00
13824,2014-10-02 18:00:00,0,train,13939,2014,10,2,18,29.0,29.0,11.0,57.0,500.0,18.0,14.6,1008.0,13.6,0.0,NNE,0.0,Aotizhongxin,23.0,93.0,71.0,465.99275362326887,8.2,21.6,11.100000000000001,23.544329710139852,2014-10-02 18:00:00,163.0,2014-10-03 18:00:00
13840,2014-10-03 10:00:00,0,train,13955,2014,10,3,10,48.0,48.0,5.0,41.0,1000.0,2.0,15.5,1013.1,11.7,0.0,E,1.1,Aotizhongxin,23.0,112.0,58.0,590.340579710231,10.9,21.6,13.55,13.263460144923103,2014-10-03 10:00:00,54.0,2014-10-04 10:00:00
13847,2014-10-03 17:00:00,0,train,13962,2014,10,3,17,175.0,188.0,7.0,85.0,2300.0,16.0,16.5,1011.0,14.7,0.0,ENE,1.3,Aotizhongxin,29.0,175.0,74.5,1297.3913043478844,10.9,17.8,13.55,4.378677536226979,2014-10-03 17:00:00,95.0,2014-10-04 17:00:00
13864,2014-10-04 10:00:00,0,train,13979,2014,10,4,10,54.0,54.0,2.0,45.0,900.0,33.0,15.7,1013.5,13.5,0.0,WSW,1.8,Aotizhongxin,45.0,175.0,100.5,1654.3695652174224,14.6,17.8,15.45,0.8989673913001465,2014-10-04 10:00:00,8.0,2014-10-05 10:00:00
13880,2014-10-05 02:00:00,0,train,13995,2014,10,5,2,74.0,74.0,2.0,63.0,900.0,2.0,12.7,1017.0,12.7,0.0,E,0.2,Aotizhongxin,49.0,106.0,76.0,305.4710144928203,12.1,16.8,14.75,2.0698369565170496,2014-10-05 02:00:00,25.0,2014-10-06 02:00:00
13987,2014-10-10 01:00:00,1,train,14114,2014,10,10,1,,,,,,91.0,14.2,1016.2,14.2,0.0,ENE,0.9,Aotizhongxin,178.0,446.0,341.0,3501.7619047615212,12.4,21.7,15.3,9.65913043477858,2014-10-10 01:00:00,332.0,2014-10-11 01:00:00
14007,2014-10-10 21:00:00,0,train,14134,2014,10,10,21,320.0,320.0,,,,133.0,15.3,1015.3,15.3,0.0,E,0.0,Aotizhongxin,139.0,435.0,305.0,4951.356060605488,12.5,21.5,15.7,8.274619565213555,2014-10-10 21:00:00,11.0,2014-10-11 21:00:00
14163,2014-10-17 09:00:00,0,train,14290,2014,10,17,9,91.0,218.0,17.0,95.0,1300.0,2.0,17.1,1011.6,3.4,0.0,ENE,1.3,Aotizhongxin,21.0,92.0,68.5,601.8840579710228,6.0,21.7,13.6,33.84867753622664,2014-10-17 09:00:00,109.0,2014-10-18 09:00:00
14365,2014-10-25 19:00:00,0,train,14492,2014,10,25,19,431.0,431.0,5.0,149.0,2700.0,27.0,12.9,1006.0,12.9,0.0,SSE,0.0,Aotizhongxin,258.0,432.0,309.0,2571.992753622914,9.9,20.3,12.2,12.431231884052831,2014-10-25 19:00:00,15.0,2014-10-26 19:00:00
14394,2014-10-27 00:00:00,0,train,14521,2014,10,27,0,13.0,13.0,2.0,61.0,400.0,10.0,4.1,1026.2,-3.4,0.0,ENE,1.3,Aotizhongxin,5.0,344.0,15.0,12170.911231884014,4.1,18.8,14.5,20.527228260864185,2014-10-27 00:00:00,48.0,2014-10-28 00:00:00
14408,2014-10-27 14:00:00,0,train,14535,2014,10,27,14,29.0,29.0,15.0,39.0,600.0,42.0,15.4,1024.0,-1.2,0.0,WSW,2.3,Aotizhongxin,6.0,51.0,13.0,157.08514492753892,2.4,18.6,8.25,22.37818840578974,2014-10-27 14:00:00,78.0,2014-10-28 14:00:00
14476,2014-10-30 10:00:00,0,train,14603,2014,10,30,10,150.0,197.0,12.0,,1900.0,2.0,12.5,1018.0,10.2,0.2,E,0.8,Aotizhongxin,103.0,172.0,141.0,492.6666666665569,10.5,16.4,11.2,3.846358695646345,2014-10-30 10:00:00,141.0,2014-10-31 10:00:00
14518,2014-11-01 04:00:00,0,train,14645,2014,11,1,4,61.0,61.0,6.0,73.0,1100.0,2.0,7.4,1023.0,7.4,0.0,W,0.0,Aotizhongxin,61.0,186.0,159.0,878.9112318839381,7.4,15.4,12.8,5.409836956515963,2014-11-01 04:00:00,3.0,2014-11-02 04:00:00
14548,2014-11-02 10:00:00,0,train,14675,2014,11,2,10,8.0,8.0,6.0,19.0,300.0,45.0,11.8,1027.0,-8.7,0.0,N,3.4,Aotizhongxin,3.0,16.0,10.5,16.97826086955465,7.7,15.4,12.3,7.233623188399886,2014-11-02 10:00:00,24.0,2014-11-03 10:00:00
14550,2014-11-02 12:00:00,0,train,14677,2014,11,2,12,3.0,10.0,3.0,11.0,300.0,56.0,13.7,1023.0,-8.3,0.0,NW,2.6,Aotizhongxin,3.0,16.0,8.5,17.215579710134964,7.7,15.4,12.2,6.543405797095462,2014-11-02 12:00:00,14.0,2014-11-03 12:00:00
14569,2014-11-03 07:00:00,0,train,14696,2014,11,3,7,15.0,39.0,2.0,60.0,500.0,2.0,0.6,1020.0,0.0,0.0,WNW,0.9,Aotizhongxin,3.0,21.0,8.3,22.794710144916685,0.6,15.1,9.149999999999999,29.2938405797023,2014-11-03 07:00:00,58.0,2014-11-04 07:00:00
14578,2014-11-03 16:00:00,0,train,14705,2014,11,3,16,13.0,25.0,2.0,20.0,300.0,72.0,18.2,1019.0,-4.5,0.0,WSW,2.8,Aotizhongxin,5.0,33.0,13.5,47.249782608680846,0.6,19.2,7.85,48.30166666665922,2014-11-03 16:00:00,143.0,2014-11-04 16:00:00
14600,2014-11-04 14:00:00,0,train,14727,2014,11,4,14,127.0,161.0,26.0,126.0,1400.0,28.0,16.1,1020.0,2.5,0.0,S,1.6,Aotizhongxin,12.0,127.0,56.5,988.4927536231427,2.2,18.9,7.95,28.945199275354693,2014-11-04 14:00:00,12.0,2014-11-05 14:00:00
14679,2014-11-07 21:00:00,0,train,14806,2014,11,7,21,33.0,33.0,5.0,39.0,500.0,23.0,3.7,1025.0,0.9,0.0,WSW,0.0,Aotizhongxin,25.0,70.0,46.5,127.73188405794124,2.4,8.4,4.6,4.790362318831194,2014-11-07 21:00:00,73.0,2014-11-08 21:00:00
14704,2014-11-08 22:00:00,0,train,14831,2014,11,8,22,80.0,92.0,2.0,98.0,1100.0,2.0,2.2,1030.0,1.6,0.0,SSW,0.0,Aotizhongxin,36.0,90.0,73.0,139.91123188400724,-1.5,12.4,3.25,26.03911231883107,2014-11-08 22:00:00,76.0,2014-11-09 22:00:00
14716,2014-11-09 10:00:00,0,train,14843,2014,11,9,10,47.0,47.0,10.0,61.0,900.0,8.0,9.2,1028.0,-2.7,0.0,SE,1.0,Aotizhongxin,41.0,100.0,72.5,263.10144927531195,-1.5,12.4,3.9000000000000004,26.2125905797007,2014-11-09 10:00:00,38.0,2014-11-10 10:00:00
14725,2014-11-09 19:00:00,0,train,14852,2014,11,9,19,48.0,66.0,5.0,105.0,800.0,2.0,5.2,1024.0,1.3,0.0,WSW,0.9,Aotizhongxin,33.0,100.0,49.0,457.3913043477852,-1.5,15.9,3.9000000000000004,38.73027173912132,2014-11-09 19:00:00,79.0,2014-11-10 19:00:00
14730,2014-11-10 00:00:00,0,train,14857,2014,11,10,0,85.0,95.0,2.0,95.0,1300.0,2.0,1.2,1022.0,0.9,0.0,ESE,0.0,Aotizhongxin,33.0,100.0,49.0,425.56340579706136,-1.5,15.9,3.75,38.23884057970105,2014-11-10 00:00:00,147.0,2014-11-11 00:00:00
14853,2014-11-15 03:00:00,0,train,14980,2014,11,15,3,143.0,187.0,24.0,82.0,2500.0,2.0,3.4,1014.0,-5.0,0.0,NE,1.2,Aotizhongxin,18.0,143.0,32.5,1506.8242753622885,-1.9,13.6,4.0,26.151304347816907,2014-11-15 03:00:00,153.0,2014-11-16 03:00:00
14868,2014-11-15 18:00:00,0,train,14995,2014,11,15,18,194.0,284.0,63.0,169.0,2800.0,2.0,5.0,1016.0,-2.6,0.0,ENE,0.4,Aotizhongxin,32.0,194.0,85.5,2445.710144927469,2.1,8.5,4.0,5.314999999990611,2014-11-15 18:00:00,12.0,2014-11-16 18:00:00
14919,2014-11-17 21:00:00,0,train,15046,2014,11,17,21,54.0,79.0,14.0,101.0,1200.0,2.0,2.3,1024.0,-1.5,0.0,NW,0.6,Aotizhongxin,7.0,54.0,11.0,163.2753623188519,-1.7,13.6,5.15,25.130271739121426,2014-11-17 21:00:00,135.0,2014-11-18 21:00:00
15049,2014-11-23 07:00:00,0,train,15176,2014,11,23,7,109.0,164.0,14.0,93.0,2500.0,2.0,3.5,1028.0,1.4,0.0,ENE,1.1,Aotizhongxin,22.0,129.0,60.0,1440.3894927535525,0.2,11.8,4.1,12.668405797092603,2014-11-23 07:00:00,47.0,2014-11-24 07:00:00
15320,2014-12-04 14:00:00,0,train,15447,2014,12,4,14,8.0,30.0,8.0,10.0,400.0,58.0,1.7,1032.0,-23.0,0.0,NW,4.9,Aotizhongxin,3.0,10.0,8.0,4.853260869518219,-3.1,1.7,-1.6,2.2943297101323035,2014-12-04 14:00:00,7.0,2014-12-05 14:00:00
15390,2014-12-07 12:00:00,0,train,15517,2014,12,7,12,43.0,67.0,32.0,38.0,1000.0,30.0,4.4,1021.0,-20.1,0.0,NNW,3.2,Aotizhongxin,18.0,117.0,61.0,627.5362318839633,-3.3,4.4,0.5,4.619057971002904,2014-12-07 12:00:00,36.0,2014-12-08 12:00:00
15402,2014-12-08 00:00:00,1,train,15529,2014,12,8,0,20.0,39.0,18.0,57.0,700.0,8.0,-1.4,1016.0,-13.6,0.0,NW,1.3,Aotizhongxin,7.0,117.0,36.5,961.6068840578919,-3.3,5.2,0.30000000000000004,7.843749999988457,2014-12-08 00:00:00,207.0,2014-12-09 00:00:00
15528,2014-12-13 06:00:00,0,train,15655,2014,12,13,6,13.0,73.0,17.0,18.0,400.0,39.0,-0.2,1022.0,-19.4,0.0,NNW,1.8,Aotizhongxin,5.0,15.0,11.0,6.563405797036508,-1.7,3.6,0.8500000000000001,2.2419565217275736,2014-12-13 06:00:00,53.0,2014-12-14 06:00:00
15584,2014-12-15 14:00:00,0,train,15711,2014,12,15,14,6.0,75.0,2.0,2.0,300.0,54.0,2.1,1027.0,-19.2,0.0,N,7.6,Aotizhongxin,6.0,273.0,104.5,8843.471014492616,-2.3,6.9,1.2999999999999998,5.176503623176942,2014-12-15 14:00:00,11.0,2014-12-16 14:00:00
15620,2015-01-01 19:00:00,0,train,16124,2015,1,1,19,88.0,116.0,36.0,87.0,1400.0,4.0,-4.0,1020.0,-18.3,0.0,WNW,1.0,Aotizhongxin,6.0,88.0,12.0,498.8405797101449,-7.0,3.0,-1.0,8.146086956509052,2015-01-01 19:00:00,90.0,2015-01-02 19:00:00
15701,2015-01-05 04:00:00,0,train,16205,2015,1,5,4,172.0,207.0,94.0,116.0,4600.0,2.0,2.0,1008.0,-8.2,0.0,ENE,0.8,Aotizhongxin,92.0,295.0,170.0,3284.4764492753684,-7.0,9.0,3.0,18.65036231882957,2015-01-05 04:00:00,9.0,2015-01-06 04:00:00
15725,2015-01-06 04:00:00,0,train,16229,2015,1,6,4,9.0,9.0,23.0,14.0,600.0,35.0,-1.0,1026.0,-21.8,0.0,NE,2.2,Aotizhongxin,3.0,211.0,14.5,6037.998188405815,-2.0,9.0,2.0,12.057971014482122,2015-01-06 04:00:00,27.0,2015-01-07 04:00:00
15795,2015-01-09 02:00:00,1,train,16299,2015,1,9,2,158.0,197.0,75.0,124.0,4100.0,2.0,-2.0,1024.0,-10.3,0.0,ENE,1.1,Aotizhongxin,59.0,274.0,157.0,3365.4710144927553,-6.0,4.0,-1.0,12.514492753610481,2015-01-09 02:00:00,234.0,2015-01-10 02:00:00
15813,2015-01-09 20:00:00,0,train,16317,2015,1,9,20,82.0,127.0,36.0,106.0,1700.0,2.0,0.0,1021.0,-14.8,0.0,SW,1.2,Aotizhongxin,6.0,274.0,18.0,8231.867753623208,-4.0,8.0,1.0,13.215579710133664,2015-01-09 20:00:00,159.0,2015-01-10 20:00:00
15879,2015-01-12 14:00:00,0,train,16383,2015,1,12,14,110.0,110.0,60.0,62.0,1500.0,30.0,2.6,1031.7,-12.9,0.0,S,2.2,Aotizhongxin,26.0,145.0,81.0,980.5634057971267,-7.0,6.0,1.0,14.841086956509514,2015-01-12 14:00:00,120.0,2015-01-13 14:00:00
15885,2015-01-12 20:00:00,1,train,16389,2015,1,12,20,197.0,243.0,49.0,128.0,3900.0,2.0,-1.0,1031.4,-9.9,0.0,NE,1.7,Aotizhongxin,52.0,197.0,89.0,1393.1231884058152,-7.0,3.0,-0.4,10.858840579697633,2015-01-12 20:00:00,202.0,2015-01-13 20:00:00
15956,2015-01-15 19:00:00,0,train,16460,2015,1,15,19,432.0,475.0,41.0,176.0,6200.0,2.0,-1.0,1019.0,-5.4,0.0,W,1.1,Aotizhongxin,155.0,497.0,244.0,10518.650362318822,-7.4,2.0,-3.45,9.182536231870559,2015-01-15 19:00:00,14.0,2015-01-16 19:00:00
16006,2015-01-17 21:00:00,0,train,16510,2015,1,17,21,128.0,157.0,46.0,111.0,3000.0,2.0,-2.0,1022.0,-13.8,0.0,NE,1.0,Aotizhongxin,13.0,128.0,17.0,1941.6739130435212,-10.0,3.0,-2.0,15.188405797088157,2015-01-17 21:00:00,12.0,2015-01-18 21:00:00
16067,2015-01-20 10:00:00,0,train,16571,2015,1,20,10,81.0,121.0,56.0,80.0,2500.0,4.0,0.0,1015.0,-8.5,0.0,ENE,1.6,Aotizhongxin,34.0,82.0,65.5,236.5144927536615,-5.0,6.0,-0.5,13.88405797100258,2015-01-20 10:00:00,16.0,2015-01-21 10:00:00
16085,2015-01-21 04:00:00,0,train,16589,2015,1,21,4,12.0,17.0,29.0,23.0,700.0,38.0,2.0,1021.0,-11.5,0.0,NNE,3.4,Aotizhongxin,10.0,99.0,80.0,770.5489130435153,-5.0,5.0,2.0,10.41847826085787,2015-01-21 04:00:00,28.0,2015-01-22 04:00:00
16106,2015-01-22 01:00:00,1,train,16610,2015,1,22,1,27.0,51.0,21.0,77.0,1600.0,2.0,-7.0,1021.0,-12.5,0.0,E,0.7,Aotizhongxin,7.0,46.0,13.0,110.31884057976033,-7.0,6.0,1.5,15.302536231872446,2015-01-22 01:00:00,237.0,2015-01-23 01:00:00
16137,2015-01-23 08:00:00,0,train,16641,2015,1,23,8,167.0,198.0,53.0,122.0,4000.0,2.0,-7.0,1016.0,-10.7,0.0,E,0.3,Aotizhongxin,86.0,237.0,163.5,1914.3894927536383,-7.0,5.0,-2.0,15.780797101436765,2015-01-23 08:00:00,23.0,2015-01-24 08:00:00
16138,2015-01-23 09:00:00,0,train,16642,2015,1,23,9,172.0,208.0,65.0,113.0,3900.0,2.0,-4.0,1013.0,-12.0,0.0,ENE,1.3,Aotizhongxin,86.0,237.0,166.0,1711.76630434784,-7.0,5.0,-2.0,15.780797101436765,2015-01-23 09:00:00,64.0,2015-01-24 09:00:00
16161,2015-01-24 08:00:00,0,train,16665,2015,1,24,8,23.0,30.0,21.0,74.0,1100.0,2.0,-4.0,1018.0,-10.6,0.0,S,0.4,Aotizhongxin,23.0,232.0,174.0,4472.2155797101605,-5.0,7.0,-1.0,15.389492753610956,2015-01-24 08:00:00,74.0,2015-01-25 08:00:00
16311,2015-01-30 15:00:00,0,train,16816,2015,1,30,15,,,12.0,10.0,500.0,84.0,3.0,1030.0,-22.8,0.0,N,3.3,Aotizhongxin,6.0,14.0,11.0,6.565217391344917,-7.0,3.0,-1.0,10.263188405784392,2015-01-30 15:00:00,13.0,2015-01-31 15:00:00
16334,2015-01-31 14:00:00,0,train,16839,2015,1,31,14,13.0,17.0,16.0,16.0,500.0,61.0,4.0,1032.0,-23.9,0.0,N,1.4,Aotizhongxin,7.0,24.0,13.0,25.027667984229584,-8.0,4.0,-2.0,15.033460144914587,2015-01-31 14:00:00,35.0,2015-02-01 14:00:00
16346,2015-02-01 02:00:00,1,train,16851,2015,2,1,2,103.0,149.0,92.0,89.0,3300.0,2.0,-9.0,1033.0,-14.8,0.0,ENE,0.8,Aotizhongxin,9.0,109.0,20.5,1349.4619565217724,-9.0,4.0,-4.5,22.011721014479306,2015-02-01 02:00:00,203.0,2015-02-02 02:00:00
16409,2015-02-03 17:00:00,0,train,16914,2015,2,3,17,38.0,41.0,21.0,24.0,700.0,96.0,7.0,1022.0,-15.8,0.0,NNW,2.5,Aotizhongxin,38.0,213.0,144.5,2504.2536231884205,-7.0,8.0,0.5,24.434782608683882,2015-02-03 17:00:00,8.0,2015-02-04 17:00:00
16564,2015-02-10 04:00:00,0,train,17069,2015,2,10,4,128.0,129.0,57.0,95.0,2600.0,,-7.0,1015.0,-16.2,0.0,SE,0.2,Aotizhongxin,61.0,193.0,105.5,1780.1086956521926,-8.0,7.0,-1.5,23.492155797088866,2015-02-10 04:00:00,168.0,2015-02-11 04:00:00
16662,2015-02-14 06:00:00,1,train,17167,2015,2,14,6,171.0,179.0,57.0,121.0,3700.0,13.0,-1.0,1004.0,-9.1,0.0,ENE,1.1,Aotizhongxin,83.0,237.0,140.5,2734.956521739144,-4.0,8.0,1.5,12.904764492742649,2015-02-14 06:00:00,261.0,2015-02-15 06:00:00
16749,2015-02-17 21:00:00,0,train,17254,2015,2,17,21,19.0,33.0,5.0,76.0,700.0,3.0,2.0,1021.0,-8.7,0.0,SW,0.2,Aotizhongxin,13.0,30.0,17.5,19.362318840655067,0.0,11.0,4.0,12.553894927526535,2015-02-17 21:00:00,163.0,2015-02-18 21:00:00
16770,2015-02-18 18:00:00,0,train,17275,2015,2,18,18,19.0,19.0,9.0,25.0,400.0,80.0,7.0,1022.0,-15.1,0.0,SW,1.4,Aotizhongxin,6.0,78.0,16.0,337.9981884058698,-2.0,11.0,2.25,18.41123188404772,2015-02-18 18:00:00,110.0,2015-02-19 18:00:00
16776,2015-02-19 00:00:00,0,train,17281,2015,2,19,0,132.0,184.0,51.0,41.0,900.0,47.0,3.0,1027.0,-11.7,0.0,SW,2.1,Aotizhongxin,6.0,163.0,16.0,2433.152173913109,-2.0,11.0,4.0,15.629981884047998,2015-02-19 00:00:00,122.0,2015-02-20 00:00:00
16834,2015-02-21 10:00:00,0,train,17339,2015,2,21,10,181.0,181.0,19.0,40.0,2000.0,15.0,1.0,1012.0,-0.8,0.0,W,1.8,Aotizhongxin,96.0,181.0,157.0,661.3623188406181,0.0,2.0,1.0,0.20867753622030066,2015-02-21 10:00:00,27.0,2015-02-22 10:00:00
16904,2015-02-24 08:00:00,0,train,17409,2015,2,24,8,116.0,177.0,38.0,65.0,2400.0,12.0,-3.4,1012.1,-9.2,0.0,NE,1.1,Aotizhongxin,20.0,210.0,98.0,4442.86775362324,-5.1,6.0,0.0,12.348097826075211,2015-02-24 08:00:00,12.0,2015-02-25 08:00:00
16918,2015-02-24 22:00:00,0,train,17423,2015,2,24,22,168.0,258.0,22.0,67.0,1700.0,23.0,2.0,1012.0,-1.8,0.0,ENE,0.2,Aotizhongxin,100.0,209.0,164.5,1208.6884057971404,-5.1,6.3,1.4,12.299710144915904,2015-02-24 22:00:00,18.0,2015-02-25 22:00:00
16938,2015-02-25 18:00:00,0,train,17443,2015,2,25,18,11.0,30.0,3.0,14.0,300.0,80.0,4.0,1013.0,-21.2,0.0,WNW,2.2,Aotizhongxin,7.0,216.0,67.0,8001.471014492811,-0.2,7.0,3.0,3.214710144917084,2015-02-25 18:00:00,10.0,2015-02-26 18:00:00
17147,2015-03-06 11:00:00,1,train,17652,2015,3,6,11,176.0,200.0,67.0,73.0,2100.0,36.0,3.7,1016.2,-10.4,0.0,E,0.8,Aotizhongxin,42.0,227.0,153.0,2399.9112318841057,-4.1,7.6,3.2,16.283025362307978,2015-03-06 11:00:00,228.0,2015-03-07 11:00:00
17149,2015-03-06 13:00:00,1,train,17654,2015,3,6,13,208.0,228.0,71.0,102.0,2300.0,43.0,7.2,1013.9,-10.1,0.0,SW,1.8,Aotizhongxin,42.0,227.0,161.0,2567.824275362364,-4.1,7.6,3.2,16.221721014481876,2015-03-06 13:00:00,209.0,2015-03-07 13:00:00
17196,2015-03-08 12:00:00,0,train,17701,2015,3,8,12,114.0,131.0,22.0,38.0,1000.0,66.0,9.6,1017.9,-7.6,0.0,NE,2.7,Aotizhongxin,114.0,261.0,218.5,881.5362318840797,0.3,11.9,5.0,15.082505504608067,2015-03-08 12:00:00,5.0,2015-03-09 12:00:00
17250,2015-03-10 18:00:00,0,train,17755,2015,3,10,18,38.0,60.0,9.0,30.0,500.0,88.0,6.7,1019.7,-21.8,0.0,SW,4.8,Aotizhongxin,5.0,43.0,14.0,129.91304347833446,-7.3,7.9,1.0,24.32693840578559,2015-03-10 18:00:00,22.0,2015-03-11 18:00:00
17360,2015-03-15 11:00:00,0,train,17868,2015,3,15,11,56.0,176.0,12.0,70.0,1300.0,37.0,13.0,1014.6,-13.1,0.0,WSW,1.5,Aotizhongxin,55.0,170.0,132.0,1112.1286231884455,-0.8,13.0,4.85,17.280869565208057,2015-03-15 11:00:00,173.0,2015-03-16 11:00:00
17423,2015-03-18 02:00:00,0,train,17931,2015,3,18,2,26.0,29.0,13.0,30.0,600.0,66.0,7.8,1015.9,-9.2,0.0,SW,1.3,Aotizhongxin,26.0,318.0,140.5,9577.934782608747,5.3,15.9,9.75,12.584927536225013,2015-03-18 02:00:00,120.0,2015-03-19 02:00:00
17443,2015-03-18 22:00:00,0,train,17951,2015,3,18,22,87.0,201.0,15.0,96.0,1100.0,26.0,6.7,1010.4,-6.3,0.0,SSE,0.8,Aotizhongxin,21.0,87.0,32.5,343.8840579711218,5.2,13.6,8.5,6.909402173905495,2015-03-18 22:00:00,131.0,2015-03-19 22:00:00
17458,2015-03-19 13:00:00,0,train,17966,2015,3,19,13,63.0,180.0,10.0,67.0,900.0,51.0,17.4,1013.1,-12.4,0.0,SW,1.9,Aotizhongxin,38.0,120.0,84.0,494.5199275363217,2.3,17.4,8.100000000000001,19.762536231876314,2015-03-19 13:00:00,39.0,2015-03-20 13:00:00
17466,2015-03-19 21:00:00,0,train,17974,2015,3,19,21,115.0,346.0,16.0,69.0,1000.0,85.0,15.7,1012.3,-6.0,0.0,W,3.0,Aotizhongxin,55.0,120.0,87.0,350.51992753631856,2.3,18.7,10.95,37.51557971013817,2015-03-19 21:00:00,44.0,2015-03-20 21:00:00
17486,2015-03-20 17:00:00,0,train,17994,2015,3,20,17,44.0,177.0,4.0,21.0,300.0,111.0,18.5,1009.9,-15.0,0.0,E,2.3,Aotizhongxin,24.0,131.0,39.0,1304.108695652274,6.0,19.2,15.2,17.125054347820996,2015-03-20 17:00:00,12.0,2015-03-21 17:00:00
17560,2015-03-23 19:00:00,0,train,18068,2015,3,23,19,20.0,92.0,2.0,32.0,400.0,87.0,15.5,1022.4,-17.3,0.0,SW,3.0,Aotizhongxin,9.0,73.0,42.0,335.3025362319923,-0.3,17.9,8.75,43.62259057970276,2015-03-23 19:00:00,85.0,2015-03-24 19:00:00
17592,2015-03-25 03:00:00,0,train,18100,2015,3,25,3,125.0,153.0,43.0,110.0,1900.0,2.0,4.8,1026.4,-0.6,0.0,E,1.7,Aotizhongxin,63.0,149.0,78.0,775.7373188406651,2.2,15.4,9.55,18.599112318833136,2015-03-25 03:00:00,111.0,2015-03-26 03:00:00
17622,2015-03-26 09:00:00,0,train,18130,2015,3,26,9,138.0,210.0,24.0,112.0,1700.0,13.0,12.4,1026.5,0.5,0.0,SSE,0.6,Aotizhongxin,88.0,163.0,117.0,530.2318840580436,6.1,17.9,13.75,15.315199275356587,2015-03-26 09:00:00,114.0,2015-03-27 09:00:00
17683,2015-03-28 22:00:00,0,train,18191,2015,3,28,22,31.0,70.0,4.0,95.0,800.0,14.0,15.1,1012.2,-1.9,0.0,WSW,1.0,Aotizhongxin,22.0,156.0,68.5,1537.737318840679,11.1,23.1,17.75,12.124275362315554,2015-03-28 22:00:00,157.0,2015-03-29 22:00:00
17764,2015-04-01 08:00:00,0,train,18273,2015,4,1,8,65.0,76.0,6.0,70.0,800.0,18.0,8.3,1019.7,2.9,0.0,NE,0.7,Aotizhongxin,59.0,161.0,70.0,1461.9922529645212,6.3,11.5,10.350000000000001,3.580869565210054,2015-04-01 08:00:00,55.0,2015-04-02 08:00:00
17795,2015-04-02 15:00:00,0,train,18304,2015,4,2,15,32.0,32.0,2.0,16.0,600.0,112.0,12.2,992.9,3.9,0.0,ENE,2.3,Aotizhongxin,25.0,55.0,42.0,51.91123188418027,4.6,12.2,7.35,7.145054347818065,2015-04-02 15:00:00,45.0,2015-04-03 15:00:00
17851,2015-04-04 23:00:00,0,train,18360,2015,4,4,23,105.0,128.0,10.0,42.0,700.0,131.0,13.3,1010.5,3.9,0.0,WSW,2.3,Aotizhongxin,34.0,105.0,70.5,569.7807971015569,8.6,16.7,13.2,8.517101449269578,2015-04-04 23:00:00,24.0,2015-04-05 23:00:00
17889,2015-04-06 13:00:00,0,train,18398,2015,4,6,13,16.0,16.0,2.0,10.0,200.0,90.0,8.9,1026.6,-13.5,0.0,NW,2.2,Aotizhongxin,12.0,25.0,18.0,13.362318840717274,4.2,16.0,7.449999999999999,15.445634057963302,2015-04-06 13:00:00,14.0,2015-04-07 13:00:00
17903,2015-04-07 03:00:00,0,train,18412,2015,4,7,3,12.0,16.0,2.0,22.0,200.0,66.0,4.8,1029.1,-12.7,0.0,ENE,2.3,Aotizhongxin,12.0,47.0,20.0,120.68840579723484,4.2,11.7,7.4,6.035489130426492,2015-04-07 03:00:00,77.0,2015-04-08 03:00:00
17931,2015-04-08 07:00:00,0,train,18440,2015,4,8,7,95.0,144.0,12.0,89.0,1000.0,6.0,4.2,1022.4,-3.1,0.0,E,0.8,Aotizhongxin,6.0,95.0,31.0,887.8188405798318,3.4,12.6,9.35,7.08862318839835,2015-04-08 07:00:00,131.0,2015-04-09 07:00:00
17945,2015-04-08 21:00:00,1,train,18454,2015,4,8,21,138.0,147.0,11.0,57.0,1000.0,38.0,9.3,1018.0,1.4,0.0,SW,1.6,Aotizhongxin,61.0,138.0,90.5,469.2173913044368,3.4,14.0,9.5,8.452971014485454,2015-04-08 21:00:00,240.0,2015-04-09 21:00:00
17980,2015-04-10 08:00:00,1,train,18489,2015,4,10,8,218.0,218.0,12.0,85.0,1400.0,12.0,9.9,1017.3,6.6,0.0,ENE,1.7,Aotizhongxin,116.0,242.0,199.5,1376.9547101449537,6.5,17.8,13.3,14.408695652168163,2015-04-10 08:00:00,223.0,2015-04-11 08:00:00
18081,2015-04-14 13:00:00,0,train,18590,2015,4,14,13,53.0,61.0,8.0,66.0,800.0,82.0,24.0,1002.8,-3.4,0.0,SW,2.4,Aotizhongxin,28.0,85.0,53.5,257.4710144928538,4.5,24.0,13.9,30.91043478260335,2015-04-14 13:00:00,173.0,2015-04-15 13:00:00
18106,2015-04-15 14:00:00,0,train,18615,2015,4,15,14,177.0,226.0,24.0,149.0,1500.0,53.0,23.2,992.2,5.6,0.0,S,1.3,Aotizhongxin,40.0,177.0,78.5,2386.9565217392105,9.3,25.5,18.9,29.752590579706876,2015-04-15 14:00:00,8.0,2015-04-16 14:00:00
18108,2015-04-15 16:00:00,0,train,18617,2015,4,15,16,177.0,,24.0,77.0,,120.0,23.9,990.3,6.2,0.0,SSE,1.5,Aotizhongxin,40.0,177.0,86.0,2714.7173913044217,9.3,24.9,18.9,27.64780797101115,2015-04-15 16:00:00,8.0,2015-04-16 16:00:00
18117,2015-04-16 01:00:00,0,train,18626,2015,4,16,1,86.0,511.0,2.0,7.0,,103.0,16.1,1004.5,-15.6,0.0,N,3.3,Aotizhongxin,70.0,243.0,112.0,2235.7318840580324,9.3,24.7,17.950000000000003,24.53157608695307,2015-04-16 01:00:00,47.0,2015-04-17 01:00:00
18119,2015-04-16 03:00:00,0,train,18628,2015,4,16,3,30.0,219.0,2.0,7.0,,96.0,14.1,1006.9,-16.0,0.0,NNW,4.4,Aotizhongxin,30.0,243.0,112.0,2659.536231884121,9.3,24.7,17.950000000000003,22.038677536228555,2015-04-16 03:00:00,48.0,2015-04-17 03:00:00
18126,2015-04-16 10:00:00,0,train,18635,2015,4,16,10,17.0,42.0,2.0,10.0,,87.0,15.3,1010.4,-14.0,0.0,NW,5.0,Aotizhongxin,17.0,403.0,84.5,7764.215579710211,12.3,24.7,17.700000000000003,16.589836956518518,2015-04-16 10:00:00,66.0,2015-04-17 10:00:00
18138,2015-04-16 22:00:00,0,train,18647,2015,4,16,22,37.0,180.0,13.0,45.0,400.0,67.0,16.5,1006.2,-5.3,0.0,WSW,7.6,Aotizhongxin,8.0,403.0,26.5,6313.780797101547,12.3,20.9,16.55,6.789981884054043,2015-04-16 22:00:00,116.0,2015-04-17 22:00:00
18241,2015-04-22 14:00:00,0,train,18783,2015,4,22,14,36.0,118.0,7.0,19.0,400.0,139.0,24.8,1011.4,-0.4,0.0,SSW,5.1,Aotizhongxin,11.0,91.0,35.0,448.8405797102379,8.2,25.3,19.15,36.71818840579396,2015-04-22 14:00:00,80.0,2015-04-23 14:00:00
18248,2015-04-22 21:00:00,0,train,18790,2015,4,22,21,42.0,150.0,14.0,51.0,500.0,87.0,21.9,1010.0,2.0,0.0,SW,5.3,Aotizhongxin,12.0,188.0,42.5,1229.3840579711039,8.2,25.2,19.9,37.376068840576636,2015-04-22 21:00:00,18.0,2015-04-23 21:00:00
18252,2015-04-23 01:00:00,0,train,18794,2015,4,23,1,50.0,126.0,17.0,51.0,600.0,60.0,18.4,1008.8,4.2,0.0,SW,1.5,Aotizhongxin,27.0,188.0,47.0,1014.4347826087834,8.2,25.2,21.35,33.36717391304092,2015-04-23 01:00:00,45.0,2015-04-24 01:00:00
18276,2015-04-24 01:00:00,0,train,18818,2015,4,24,1,45.0,239.0,8.0,105.0,700.0,3.0,13.0,1018.8,5.4,0.0,N,0.5,Aotizhongxin,13.0,99.0,65.0,902.2155797102319,12.6,28.5,19.15,29.869981884055633,2015-04-24 01:00:00,71.0,2015-04-25 01:00:00
18279,2015-04-24 04:00:00,0,train,18821,2015,4,24,4,79.0,344.0,7.0,108.0,1000.0,2.0,9.7,1018.9,5.1,0.0,W,0.5,Aotizhongxin,13.0,99.0,76.5,986.7753623189266,9.7,28.5,19.15,36.6182427536206,2015-04-24 04:00:00,75.0,2015-04-25 04:00:00
18303,2015-04-25 04:00:00,0,train,18845,2015,4,25,4,75.0,188.0,12.0,124.0,900.0,,11.1,1012.6,5.6,0.0,ESE,0.5,Aotizhongxin,35.0,109.0,75.0,487.7318840580515,8.9,26.0,21.1,32.51644927535983,2015-04-25 04:00:00,109.0,2015-04-26 04:00:00
18339,2015-04-26 16:00:00,0,train,18881,2015,4,26,16,86.0,179.0,23.0,37.0,1000.0,245.0,30.5,1002.4,8.2,0.0,SW,4.6,Aotizhongxin,44.0,144.0,101.5,703.1014492754333,14.7,31.0,25.65,25.708532608696057,2015-04-26 16:00:00,102.0,2015-04-27 16:00:00
18369,2015-04-27 22:00:00,0,train,18911,2015,4,27,22,46.0,46.0,2.0,43.0,600.0,96.0,18.0,1001.3,13.5,0.0,E,1.4,Aotizhongxin,32.0,122.0,84.5,857.8188405797865,17.2,27.5,21.75,9.729565217390507,2015-04-27 22:00:00,60.0,2015-04-28 22:00:00
18371,2015-04-28 00:00:00,0,train,18913,2015,4,28,0,46.0,54.0,2.0,69.0,600.0,54.0,17.0,1002.0,12.5,0.0,ENE,1.8,Aotizhongxin,32.0,122.0,84.5,877.7971014493519,17.0,27.5,21.4,11.690144927535153,2015-04-28 00:00:00,103.0,2015-04-29 00:00:00
18408,2015-04-29 13:00:00,0,train,18950,2015,4,29,13,127.0,151.0,15.0,47.0,1400.0,179.0,25.2,1008.3,13.1,0.0,SSW,2.5,Aotizhongxin,44.0,143.0,110.0,1377.826086956593,13.9,25.2,20.799999999999997,13.320416666664713,2015-04-29 13:00:00,117.0,2015-04-30 13:00:00
18414,2015-04-29 19:00:00,0,train,18956,2015,4,29,19,131.0,199.0,12.0,38.0,1000.0,191.0,24.6,1005.6,13.8,0.0,SSW,2.2,Aotizhongxin,48.0,143.0,117.5,681.5652173913677,13.9,26.6,20.799999999999997,17.752391304346123,2015-04-29 19:00:00,61.0,2015-04-30 19:00:00
18488,2015-05-02 21:00:00,0,train,19030,2015,5,2,21,48.0,87.0,2.0,38.0,600.0,117.0,20.6,1004.9,13.3,0.0,SSE,1.2,Aotizhongxin,27.0,56.0,42.0,56.606884058061226,13.5,24.0,18.950000000000003,16.46259057970732,2015-05-02 21:00:00,8.0,2015-05-03 21:00:00
18506,2015-05-03 15:00:00,0,train,19048,2015,5,3,15,14.0,62.0,3.0,10.0,300.0,121.0,22.5,1009.1,-9.5,0.0,WNW,8.2,Aotizhongxin,9.0,129.0,47.0,1340.9981884058807,15.5,24.0,20.5,5.517807971012553,2015-05-03 15:00:00,14.0,2015-05-04 15:00:00
18581,2015-05-06 18:00:00,0,train,19123,2015,5,6,18,36.0,178.0,6.0,35.0,500.0,85.0,19.2,1006.2,-6.5,0.0,SSE,2.9,Aotizhongxin,8.0,36.0,15.5,58.16666666676828,13.7,24.5,19.6,7.613043478258325,2015-05-06 18:00:00,41.0,2015-05-07 18:00:00
18594,2015-05-07 07:00:00,0,train,19136,2015,5,7,7,33.0,114.0,5.0,58.0,600.0,46.0,14.0,1007.6,3.2,0.0,SE,0.7,Aotizhongxin,8.0,41.0,29.0,109.93478260879264,10.1,21.1,17.4,11.099112318836973,2015-05-07 07:00:00,22.0,2015-05-08 07:00:00
18617,2015-05-08 06:00:00,0,train,19159,2015,5,8,6,21.0,50.0,3.0,74.0,400.0,18.0,12.3,1004.5,4.3,0.0,E,1.1,Aotizhongxin,11.0,56.0,41.0,234.80434782617886,12.1,24.1,19.4,17.706358695649428,2015-05-08 06:00:00,37.0,2015-05-09 06:00:00
18630,2015-05-08 19:00:00,0,train,19172,2015,5,8,19,89.0,208.0,21.0,49.0,1800.0,128.0,20.1,1005.7,8.7,0.0,SE,3.7,Aotizhongxin,11.0,89.0,32.0,504.2445652174818,12.1,23.7,19.35,14.088967391301441,2015-05-08 19:00:00,26.0,2015-05-09 19:00:00
18658,2015-05-09 23:00:00,0,train,19200,2015,5,9,23,35.0,44.0,8.0,62.0,900.0,36.0,12.1,1013.7,3.6,0.0,ESE,1.1,Aotizhongxin,22.0,152.0,36.0,751.548913043566,11.6,14.8,12.9,0.5760688405738036,2015-05-09 23:00:00,35.0,2015-05-10 23:00:00
18695,2015-05-11 12:00:00,0,train,19237,2015,5,11,12,28.0,28.0,2.0,39.0,700.0,68.0,17.0,1002.7,5.0,0.0,SW,2.6,Aotizhongxin,28.0,43.0,37.0,18.998188405888275,8.6,17.0,9.3,4.479112318833141,2015-05-11 12:00:00,16.0,2015-05-12 12:00:00
18743,2015-05-13 12:00:00,0,train,19285,2015,5,13,12,40.0,92.0,5.0,66.0,600.0,84.0,25.2,989.6,7.3,0.0,E,1.6,Aotizhongxin,15.0,91.0,36.5,571.9927536232755,10.6,27.4,19.1,33.621956521736585,2015-05-13 12:00:00,7.0,2015-05-14 12:00:00
18754,2015-05-13 23:00:00,0,train,19296,2015,5,13,23,94.0,508.0,2.0,16.0,200.0,79.0,24.3,996.3,1.2,0.0,NNW,4.3,Aotizhongxin,29.0,146.0,71.0,984.3405797102221,10.6,30.9,23.9,51.853840579709036,2015-05-13 23:00:00,33.0,2015-05-14 23:00:00
18816,2015-05-16 13:00:00,0,train,19358,2015,5,16,13,32.0,63.0,4.0,35.0,400.0,143.0,28.2,1004.5,0.8,0.0,SW,3.4,Aotizhongxin,18.0,66.0,37.0,191.7663043479191,10.2,28.2,21.549999999999997,27.287536231882246,2015-05-16 13:00:00,139.0,2015-05-17 13:00:00
18891,2015-05-19 16:00:00,0,train,19433,2015,5,19,16,15.0,114.0,2.0,7.0,200.0,102.0,24.5,1004.0,0.7,0.0,NNE,5.1,Aotizhongxin,4.0,53.0,11.0,134.08514492762902,19.3,26.7,22.9,4.806938405796814,2015-05-19 16:00:00,55.0,2015-05-20 16:00:00
18989,2015-05-23 18:00:00,0,train,19531,2015,5,23,18,73.0,125.0,15.0,32.0,800.0,260.0,29.3,1001.8,11.8,0.0,SW,3.6,Aotizhongxin,51.0,142.0,89.5,963.6739130435379,15.9,30.6,23.65,25.742590579710154,2015-05-23 18:00:00,70.0,2015-05-24 18:00:00
19002,2015-05-24 07:00:00,0,train,19544,2015,5,24,7,181.0,286.0,10.0,108.0,1800.0,12.0,20.4,1004.0,14.3,0.0,ENE,1.1,Aotizhongxin,72.0,181.0,122.0,915.9927536232398,18.0,30.6,23.700000000000003,19.96244565217422,2015-05-24 07:00:00,106.0,2015-05-25 07:00:00
19013,2015-05-24 18:00:00,0,train,19555,2015,5,24,18,70.0,132.0,15.0,37.0,800.0,247.0,30.9,999.8,9.7,0.0,SW,2.6,Aotizhongxin,68.0,202.0,121.5,2160.8043478261357,18.0,31.7,23.950000000000003,23.75650362318891,2015-05-24 18:00:00,114.0,2015-05-25 18:00:00
19021,2015-05-25 02:00:00,0,train,19563,2015,5,25,2,81.0,141.0,18.0,44.0,900.0,120.0,24.0,1000.7,12.0,0.0,WSW,1.2,Aotizhongxin,68.0,202.0,87.5,2470.6086956522254,18.0,31.7,27.65,21.463188405798117,2015-05-25 02:00:00,70.0,2015-05-26 02:00:00
19082,2015-05-27 15:00:00,0,train,19624,2015,5,27,15,77.0,80.0,5.0,19.0,700.0,243.0,31.1,999.4,11.0,0.0,SSW,3.0,Aotizhongxin,62.0,145.0,81.0,617.1286231884685,22.2,32.9,27.200000000000003,10.82318840579851,2015-05-27 15:00:00,96.0,2015-05-28 15:00:00
19097,2015-05-28 06:00:00,0,train,19639,2015,5,28,6,133.0,151.0,16.0,51.0,1200.0,101.0,21.8,999.7,14.7,0.0,ESE,1.9,Aotizhongxin,77.0,145.0,118.0,423.36231884063574,21.8,31.1,26.5,8.69519927536348,2015-05-28 06:00:00,93.0,2015-05-29 06:00:00
19121,2015-05-29 06:00:00,0,train,19663,2015,5,29,6,93.0,93.0,2.0,96.0,1500.0,11.0,20.1,1001.1,18.0,0.2,ESE,0.7,Aotizhongxin,77.0,160.0,90.0,676.0851449275945,20.1,29.5,26.450000000000003,7.949112318841408,2015-05-29 06:00:00,59.0,2015-05-30 06:00:00
19147,2015-05-30 08:00:00,0,train,19689,2015,5,30,8,49.0,49.0,4.0,47.0,500.0,63.0,22.9,1005.7,11.9,0.0,E,2.1,Aotizhongxin,3.0,104.0,50.5,840.0797101449963,16.9,29.8,24.15,16.343025362319057,2015-05-30 08:00:00,57.0,2015-05-31 08:00:00
19157,2015-05-30 18:00:00,0,train,19699,2015,5,30,18,66.0,185.0,4.0,24.0,600.0,207.0,28.4,1000.0,15.0,0.0,SW,3.9,Aotizhongxin,26.0,90.0,55.0,365.80978260876424,16.9,29.8,24.9,15.690652173913305,2015-05-30 18:00:00,73.0,2015-05-31 18:00:00
19173,2015-05-31 10:00:00,0,train,19715,2015,5,31,10,70.0,95.0,15.0,71.0,1000.0,91.0,26.5,998.3,12.5,0.0,SW,2.7,Aotizhongxin,34.0,80.0,54.5,175.20108695659056,17.6,29.8,25.049999999999997,15.0856340579713,2015-05-31 10:00:00,119.0,2015-06-01 10:00:00
19234,2015-06-02 23:00:00,0,train,19776,2015,6,2,23,20.0,75.0,2.0,95.0,500.0,11.0,22.7,1008.9,12.9,0.0,ESE,3.5,Aotizhongxin,7.0,121.0,21.5,768.3460144928279,21.2,32.6,26.6,15.13449275362446,2015-06-02 23:00:00,36.0,2015-06-03 23:00:00
19237,2015-06-03 02:00:00,0,train,19779,2015,6,3,2,34.0,138.0,9.0,34.0,500.0,84.0,19.4,1010.3,11.4,0.0,E,1.1,Aotizhongxin,7.0,71.0,21.5,402.4275362319593,19.4,32.6,26.6,19.042445652175033,2015-06-03 02:00:00,51.0,2015-06-04 02:00:00
19253,2015-06-03 18:00:00,0,train,19795,2015,6,3,18,25.0,82.0,3.0,37.0,300.0,121.0,29.0,1005.8,0.6,0.0,SW,4.9,Aotizhongxin,14.0,70.0,31.5,262.42753623195784,16.4,31.6,24.0,25.239927536232372,2015-06-03 18:00:00,67.0,2015-06-04 18:00:00
19269,2015-06-04 10:00:00,0,train,19811,2015,6,4,10,34.0,157.0,3.0,61.0,700.0,71.0,21.7,1001.5,15.1,0.2,SW,0.4,Aotizhongxin,19.0,75.0,34.0,202.8677536232617,21.7,31.6,26.9,10.293025362320003,2015-06-04 10:00:00,55.0,2015-06-05 10:00:00
19299,2015-06-05 16:00:00,0,train,19841,2015,6,5,16,37.0,67.0,7.0,28.0,500.0,196.0,30.7,991.8,11.6,0.0,SSW,2.7,Aotizhongxin,13.0,76.0,50.0,405.55797101456386,15.2,30.9,19.8,22.896449275361697,2015-06-05 16:00:00,51.0,2015-06-06 16:00:00
19323,2015-06-06 16:00:00,0,train,19865,2015,6,6,16,51.0,141.0,6.0,34.0,7000.0,187.0,26.9,997.8,13.6,0.1,NNE,1.3,Aotizhongxin,7.0,60.0,34.5,316.60144927543644,20.6,30.6,23.9,9.994492753623561,2015-06-06 16:00:00,10.0,2015-06-07 16:00:00
19343,2015-06-07 12:00:00,0,train,19885,2015,6,7,12,9.0,11.0,3.0,22.0,3000.0,88.0,27.4,1004.1,3.1,0.0,SW,2.0,Aotizhongxin,9.0,51.0,16.0,114.17210144935234,14.4,28.7,21.200000000000003,22.057318840579114,2015-06-07 12:00:00,13.0,2015-06-08 12:00:00
19381,2015-06-09 02:00:00,0,train,19923,2015,6,9,2,31.0,55.0,4.0,108.0,800.0,7.0,19.6,997.8,14.0,0.0,NNE,0.9,Aotizhongxin,9.0,36.0,16.5,77.7971014493524,14.5,31.0,23.05,23.806068840579794,2015-06-09 02:00:00,45.0,2015-06-10 02:00:00
19418,2015-06-10 15:00:00,0,train,19960,2015,6,10,15,34.0,34.0,12.0,38.0,1100.0,132.0,23.0,994.4,17.9,0.0,E,1.5,Aotizhongxin,29.0,94.0,54.5,336.9275362319521,18.5,28.4,20.85,9.695652173912606,2015-06-10 15:00:00,3.0,2015-06-11 15:00:00
19428,2015-06-11 17:00:00,0,train,19986,2015,6,11,17,3.0,22.0,6.0,17.0,100.0,104.0,26.5,992.6,7.5,0.0,NNW,2.1,Aotizhongxin,3.0,121.0,6.0,1241.1014492754364,17.2,28.0,22.65,13.988623188405533,2015-06-11 17:00:00,3.0,2015-06-12 17:00:00
19451,2015-06-13 07:00:00,0,train,20024,2015,6,13,7,8.0,23.0,8.0,24.0,400.0,66.0,18.4,999.7,16.2,0.9,NE,2.4,Aotizhongxin,3.0,9.0,6.0,3.7309941521466823,18.4,28.5,25.299999999999997,8.257101449275826,2015-06-13 07:00:00,18.0,2015-06-14 07:00:00
19491,2015-06-15 00:00:00,0,train,20065,2015,6,15,0,68.0,120.0,24.0,43.0,2100.0,144.0,25.3,1004.3,15.0,0.0,SSW,2.5,Aotizhongxin,11.0,68.0,17.5,145.99275362326352,16.8,31.8,26.6,26.373315217392157,2015-06-15 00:00:00,78.0,2015-06-16 00:00:00
19510,2015-06-15 19:00:00,0,train,20084,2015,6,15,19,90.0,179.0,20.0,40.0,800.0,226.0,30.2,999.8,12.6,0.0,SW,3.2,Aotizhongxin,20.0,153.0,89.0,1298.1660079052017,20.8,31.6,26.45,11.81737318840707,2015-06-15 19:00:00,73.0,2015-06-16 19:00:00
19521,2015-06-16 06:00:00,0,train,20095,2015,6,16,6,156.0,192.0,9.0,106.0,1600.0,7.0,21.7,1000.5,16.9,0.0,NE,1.2,Aotizhongxin,71.0,156.0,91.0,806.027667984249,21.0,31.6,27.45,11.24389492753765,2015-06-16 06:00:00,67.0,2015-06-17 06:00:00
19545,2015-06-17 06:00:00,0,train,20119,2015,6,17,6,67.0,75.0,2.0,75.0,700.0,61.0,22.8,998.7,15.4,0.0,N,1.7,Aotizhongxin,42.0,162.0,72.5,1868.8677536232497,21.2,33.1,25.1,18.206068840581004,2015-06-17 06:00:00,10.0,2015-06-18 06:00:00
19556,2015-06-17 17:00:00,0,train,20130,2015,6,17,17,30.0,73.0,2.0,45.0,700.0,139.0,26.2,997.1,20.1,0.0,WNW,1.0,Aotizhongxin,26.0,86.0,46.0,317.9710144928232,21.2,33.1,24.700000000000003,13.937228260870599,2015-06-17 17:00:00,6.0,2015-06-18 17:00:00
19583,2015-06-18 20:00:00,0,train,20157,2015,6,18,20,10.0,27.0,2.0,29.0,200.0,90.0,29.4,1000.1,4.8,0.0,NW,1.9,Aotizhongxin,6.0,70.0,10.0,625.6449275363061,18.8,32.3,26.85,19.549402173914228,2015-06-18 20:00:00,19.0,2015-06-19 20:00:00
19607,2015-06-19 20:00:00,0,train,20181,2015,6,19,20,19.0,75.0,2.0,45.0,700.0,75.0,20.6,1007.6,15.6,0.0,WSW,0.5,Aotizhongxin,7.0,40.0,11.5,67.97101449283043,16.5,28.0,22.0,11.599981884057255,2015-06-19 20:00:00,22.0,2015-06-20 20:00:00
19611,2015-06-20 00:00:00,0,train,20185,2015,6,20,0,38.0,58.0,2.0,96.0,1200.0,2.0,17.8,1008.5,16.3,0.0,ESE,0.4,Aotizhongxin,7.0,43.0,18.5,136.65036231891636,16.5,26.1,20.55,6.4628804347813045,2015-06-20 00:00:00,32.0,2015-06-21 00:00:00
19617,2015-06-20 06:00:00,0,train,20191,2015,6,20,6,15.0,18.0,2.0,33.0,400.0,41.0,19.1,1009.0,13.5,0.0,NW,0.9,Aotizhongxin,8.0,45.0,22.0,136.72282608703102,16.5,22.6,18.8,3.9560688405779953,2015-06-20 06:00:00,44.0,2015-06-21 06:00:00
19631,2015-06-20 20:00:00,0,train,20205,2015,6,20,20,22.0,59.0,2.0,34.0,300.0,179.0,28.4,1005.3,13.1,0.0,SW,2.4,Aotizhongxin,10.0,45.0,19.5,124.94021739137922,17.1,31.0,23.0,28.937101449275357,2015-06-20 20:00:00,36.0,2015-06-21 20:00:00
19633,2015-06-20 22:00:00,0,train,20207,2015,6,20,22,24.0,51.0,2.0,43.0,300.0,137.0,27.0,1005.6,13.0,0.0,WSW,1.6,Aotizhongxin,10.0,45.0,19.5,106.24456521746642,17.1,31.0,26.049999999999997,27.726503623188666,2015-06-20 22:00:00,56.0,2015-06-21 22:00:00
19640,2015-06-21 05:00:00,0,train,20214,2015,6,21,5,52.0,91.0,4.0,55.0,600.0,60.0,20.3,1005.6,14.6,0.0,WSW,0.9,Aotizhongxin,10.0,52.0,20.0,164.07971014500225,19.1,31.0,26.85,12.720416666667695,2015-06-21 05:00:00,86.0,2015-06-22 05:00:00
19656,2015-06-21 21:00:00,0,train,20230,2015,6,21,21,43.0,104.0,4.0,48.0,500.0,176.0,28.3,1002.0,13.4,0.0,S,2.1,Aotizhongxin,24.0,76.0,41.5,237.71014492760614,20.3,31.9,27.0,12.366358695653602,2015-06-21 21:00:00,101.0,2015-06-22 21:00:00
19783,2015-06-27 04:00:00,0,train,20357,2015,6,27,4,35.0,35.0,2.0,38.0,300.0,46.0,21.4,999.1,19.1,0.0,NW,0.9,Aotizhongxin,14.0,156.0,98.5,1810.2608695652668,20.5,28.7,23.05,9.512753623188601,2015-06-27 04:00:00,100.0,2015-06-28 04:00:00
19837,2015-06-29 10:00:00,0,train,20411,2015,6,29,10,185.0,,,,,,26.3,999.5,21.3,0.0,E,1.0,Aotizhongxin,122.0,207.0,183.5,482.56340579716,23.4,31.2,27.4,7.318677536233316,2015-06-29 10:00:00,13.0,2015-06-30 10:00:00
20097,2015-07-10 06:00:00,0,train,20671,2015,7,10,6,54.0,133.0,7.0,51.0,500.0,39.0,23.0,1008.5,19.2,0.0,ENE,1.2,Aotizhongxin,25.0,107.0,64.5,955.5362318841125,23.0,32.5,28.15,10.59288043478434,2015-07-10 06:00:00,131.0,2015-07-11 06:00:00
20103,2015-07-10 12:00:00,0,train,20677,2015,7,10,12,54.0,54.0,9.0,34.0,700.0,192.0,29.6,1007.4,17.8,0.0,SE,2.6,Aotizhongxin,25.0,90.0,53.5,389.86775362324244,23.0,32.5,27.75,10.857373188407456,2015-07-10 12:00:00,164.0,2015-07-11 12:00:00
20115,2015-07-11 00:00:00,0,train,20689,2015,7,11,0,80.0,102.0,17.0,54.0,700.0,113.0,26.6,1005.2,19.0,0.0,ENE,1.3,Aotizhongxin,25.0,84.0,55.5,284.4927536232427,23.0,32.6,27.799999999999997,11.103750000001702,2015-07-11 00:00:00,90.0,2015-07-12 00:00:00
20243,2015-07-16 08:00:00,0,train,20817,2015,7,16,8,41.0,41.0,2.0,39.0,1000.0,143.0,22.0,1003.9,19.0,0.0,N,2.1,Aotizhongxin,31.0,61.0,49.5,62.166666666728226,20.9,29.0,27.65,8.271521739131499,2015-07-16 08:00:00,22.0,2015-07-17 08:00:00
20292,2015-07-18 09:00:00,0,train,20866,2015,7,18,9,40.0,40.0,2.0,37.0,700.0,89.0,22.1,1002.9,19.8,0.0,ENE,1.8,Aotizhongxin,26.0,92.0,48.5,490.34601449281524,20.5,26.3,22.25,3.4034601449273034,2015-07-18 09:00:00,56.0,2015-07-19 09:00:00
20384,2015-07-22 05:00:00,0,train,20958,2015,7,22,5,85.0,85.0,2.0,75.0,900.0,11.0,21.3,1000.0,20.5,0.0,SE,0.7,Aotizhongxin,58.0,196.0,139.0,2928.5199275362943,21.3,29.6,24.200000000000003,8.254710144928296,2015-07-22 05:00:00,40.0,2015-07-23 05:00:00
