original_index,timestamp,target,partition,No,year,month,day,hour,PM2.5,PM10,SO2,NO2,CO,O3,TEMP,PRES,DEWP,RAIN,wd,WSPM,station,pm25_min,pm25_max,pm25_median,pm25_variance,temperature_min,temperature_max,temperature_median,temperature_variance,feature_timestamp,future_pm25,target_timestamp
55,2013-03-03 18:00:00,0,train,67,2013,3,3,18,24.0,82.0,8.0,27.0,500.0,66.0,8.7,1012.3,-11.3,0.0,NW,1.6,Aotizhongxin,24.0,112.0,87.0,700.978260869565,-5.8,16.9,0.95,62.20405797101449,2013-03-03 18:00:00,25.0,2013-03-04 18:00:00
69,2013-03-04 08:00:00,0,train,81,2013,3,4,8,13.0,35.0,38.0,70.0,700.0,21.0,9.0,1020.7,-12.2,0.0,NE,3.1,Aotizhongxin,7.0,117.0,44.0,1133.7318840579694,2.7,16.9,8.149999999999999,20.692155797101467,2013-03-04 08:00:00,111.0,2013-03-05 08:00:00
261,2013-03-12 08:00:00,0,train,273,2013,3,12,8,120.0,122.0,17.0,78.0,1600.0,47.0,3.1,1006.9,1.9,0.4,N,1.5,Aotizhongxin,89.0,174.0,128.5,417.5923913043987,3.1,11.4,8.1,7.398260869565203,2013-03-12 08:00:00,8.0,2013-03-13 08:00:00
297,2013-03-13 20:00:00,0,train,309,2013,3,13,20,37.0,47.0,16.0,64.0,700.0,77.0,5.0,1023.7,-9.6,0.0,SSW,2.9,Aotizhongxin,3.0,140.0,13.0,983.7663043479104,-0.9,9.7,4.9,8.557807971014428,2013-03-13 20:00:00,115.0,2013-03-14 20:00:00
299,2013-03-13 22:00:00,0,train,311,2013,3,13,22,37.0,39.0,18.0,67.0,700.0,77.0,4.0,1023.8,-8.1,0.0,SSW,3.2,Aotizhongxin,3.0,50.0,13.0,173.89673913052124,-0.9,9.7,4.9,8.12927536231878,2013-03-13 22:00:00,140.0,2013-03-14 22:00:00
338,2013-03-15 13:00:00,0,train,350,2013,3,15,13,227.0,261.0,118.0,96.0,1700.0,52.0,12.0,1011.9,-1.2,0.0,SE,1.5,Aotizhongxin,3.0,227.0,151.0,1968.3188405797573,0.6,12.0,5.050000000000001,12.83128623188401,2013-03-15 13:00:00,183.0,2013-03-16 13:00:00
386,2013-03-17 13:00:00,0,train,398,2013,3,17,13,294.0,347.0,120.0,142.0,2799.0,94.0,15.1,998.7,3.2,0.0,S,2.1,Aotizhongxin,150.0,322.0,201.5,2171.1014492753793,4.2,15.1,9.25,11.167807971014529,2013-03-17 13:00:00,12.0,2013-03-18 13:00:00
445,2013-03-20 00:00:00,0,train,457,2013,3,20,0,68.0,78.0,6.0,43.0,800.0,8.0,-0.3,1017.4,-0.6,1.0,SE,0.0,Aotizhongxin,28.0,68.0,38.0,171.47644927541435,-0.3,4.8,1.85,2.319999999999881,2013-03-20 00:00:00,92.0,2013-03-21 00:00:00
470,2013-03-21 01:00:00,0,train,482,2013,3,21,1,112.0,116.0,7.0,47.0,1100.0,25.0,1.7,1010.6,-2.8,0.0,SW,2.4,Aotizhongxin,23.0,112.0,41.5,680.5054347826565,-5.7,5.4,2.7,9.44405797101437,2013-03-21 01:00:00,172.0,2013-03-22 01:00:00
512,2013-03-22 19:00:00,0,train,524,2013,3,22,19,68.0,136.0,26.0,54.0,900.0,59.0,7.8,1011.0,-3.7,0.0,S,2.7,Aotizhongxin,10.0,228.0,100.0,4480.260869565238,1.1,10.0,6.699999999999999,8.139130434782574,2013-03-22 19:00:00,14.0,2013-03-23 19:00:00
564,2013-03-24 23:00:00,0,train,576,2013,3,24,23,55.0,108.0,29.0,78.0,,23.0,0.9,1015.8,-7.6,0.0,NW,0.4,Aotizhongxin,3.0,61.0,12.0,307.3894927536641,0.9,10.6,5.4,10.660271739130383,2013-03-24 23:00:00,100.0,2013-03-25 23:00:00
590,2013-03-26 01:00:00,0,train,602,2013,3,26,1,100.0,166.0,49.0,108.0,1000.0,7.0,1.1,1011.4,-2.3,0.0,W,0.4,Aotizhongxin,71.0,146.0,109.5,425.47644927538806,-1.1,10.8,5.95,18.31971014492749,2013-03-26 01:00:00,131.0,2013-03-27 01:00:00
769,2013-04-02 12:00:00,0,train,781,2013,4,2,12,145.0,155.0,60.0,77.0,1800.0,64.0,15.1,1011.0,0.9,0.0,S,3.6,Aotizhongxin,3.0,162.0,25.5,3081.065217391339,0.0,16.7,10.15,32.489275362318885,2013-04-02 12:00:00,157.0,2013-04-03 12:00:00
777,2013-04-02 20:00:00,0,train,789,2013,4,2,20,108.0,170.0,59.0,72.0,1100.0,83.0,13.6,1005.7,-1.2,0.0,SW,1.9,Aotizhongxin,3.0,162.0,112.5,3422.057971014521,0.0,18.2,10.25,40.34911231884062,2013-04-02 20:00:00,42.0,2013-04-03 20:00:00
879,2013-04-07 02:00:00,0,train,891,2013,4,7,2,51.0,110.0,33.0,63.0,700.0,23.0,2.9,1004.1,-1.8,0.0,W,0.6,Aotizhongxin,3.0,51.0,13.0,239.36231884062877,-1.3,15.2,9.8,27.388677536231928,2013-04-07 02:00:00,44.0,2013-04-08 02:00:00
902,2013-04-08 01:00:00,0,train,914,2013,4,8,1,42.0,43.0,21.0,54.0,700.0,15.0,5.2,1003.0,3.7,0.0,SW,1.1,Aotizhongxin,42.0,125.0,79.0,456.1286231884365,2.0,15.3,9.4,19.30927536231889,2013-04-08 01:00:00,12.0,2013-04-09 01:00:00
913,2013-04-08 12:00:00,0,train,925,2013,4,8,12,13.0,69.0,4.0,9.0,400.0,81.0,11.7,1006.8,-11.2,0.0,NW,7.6,Aotizhongxin,13.0,125.0,53.5,1303.6068840580065,5.2,15.3,10.2,8.072173913043528,2013-04-08 12:00:00,12.0,2013-04-09 12:00:00
926,2013-04-09 01:00:00,0,train,938,2013,4,9,1,12.0,55.0,7.0,9.0,400.0,75.0,6.2,1010.5,-8.2,0.0,NW,2.9,Aotizhongxin,9.0,44.0,17.0,117.9710144927992,6.2,12.3,8.8,3.1219565217391714,2013-04-09 01:00:00,13.0,2013-04-10 01:00:00
931,2013-04-09 06:00:00,0,train,943,2013,4,9,6,9.0,18.0,7.0,16.0,400.0,71.0,6.1,1013.7,-10.2,0.0,NNW,6.0,Aotizhongxin,8.0,32.0,14.5,51.28804347830798,5.1,12.3,8.55,4.738478260869603,2013-04-09 06:00:00,10.0,2013-04-10 06:00:00
955,2013-04-10 06:00:00,0,train,967,2013,4,10,6,10.0,21.0,9.0,31.0,500.0,56.5488,5.3,1016.0,-7.9,0.0,NNW,2.7,Aotizhongxin,4.0,18.0,12.0,6.75362318845393,3.2,11.5,7.4,6.6469384057971395,2013-04-10 06:00:00,25.0,2013-04-11 06:00:00
966,2013-04-10 17:00:00,0,train,978,2013,4,10,17,7.0,20.0,4.0,13.0,400.0,77.9688,11.4,1011.0,-9.6,0.0,NE,2.0,Aotizhongxin,3.0,18.0,12.0,11.014492753671487,3.2,12.8,7.75,9.248043478260909,2013-04-10 17:00:00,10.0,2013-04-11 17:00:00
978,2013-04-11 05:00:00,0,train,990,2013,4,11,5,25.0,77.0,14.0,95.0,800.0,2.0,2.5,1014.0,-5.9,0.0,NE,0.9,Aotizhongxin,3.0,36.0,14.5,88.37500000004704,2.1,12.8,7.9,15.673025362318878,2013-04-11 05:00:00,60.0,2013-04-12 05:00:00
997,2013-04-12 00:00:00,0,train,1009,2013,4,12,0,50.0,215.0,11.0,112.0,1100.0,2.0,7.8,1011.6,-3.7,0.0,SW,1.5,Aotizhongxin,4.0,56.0,20.0,216.00000000004536,2.5,18.1,9.7,28.493623188405856,2013-04-12 00:00:00,70.0,2013-04-13 00:00:00
1007,2013-04-12 10:00:00,0,train,1019,2013,4,12,10,50.0,122.0,23.0,86.0,1000.0,9.0,17.1,1009.4,-5.4,0.0,S,1.7,Aotizhongxin,4.0,60.0,45.0,398.405797101492,3.3,18.1,10.8,26.368242753623264,2013-04-12 10:00:00,127.0,2013-04-13 10:00:00
1010,2013-04-12 13:00:00,0,train,1022,2013,4,12,13,62.0,110.0,18.0,104.0,900.0,38.0,21.7,1005.2,-2.3,0.0,SSW,2.8,Aotizhongxin,4.0,62.0,48.0,390.92753623192567,3.3,21.7,10.8,35.77905797101457,2013-04-12 13:00:00,23.0,2013-04-13 13:00:00
1011,2013-04-12 14:00:00,0,train,1023,2013,4,12,14,58.0,109.0,16.0,44.0,600.0,88.0,22.6,1004.0,-0.2,0.0,SSW,3.8,Aotizhongxin,4.0,62.0,48.5,351.2101449275773,3.3,22.6,10.8,39.743695652174,2013-04-12 14:00:00,23.0,2013-04-13 14:00:00
1063,2013-04-14 18:00:00,0,train,1075,2013,4,14,18,56.0,174.0,21.0,38.0,600.0,85.0,14.4,999.7,-1.7,0.0,SSW,2.3,Aotizhongxin,5.0,64.0,16.5,390.519927536275,5.8,17.9,13.25,14.188677536232001,2013-04-14 18:00:00,115.0,2013-04-15 18:00:00
1079,2013-04-15 10:00:00,0,train,1091,2013,4,15,10,82.0,150.0,116.0,86.0,2399.0,25.0,15.7,998.9,-1.9,0.0,S,1.7,Aotizhongxin,34.0,82.0,59.0,125.56340579713793,6.4,16.2,13.149999999999999,11.270851449275481,2013-04-15 10:00:00,76.0,2013-04-16 10:00:00
1097,2013-04-16 04:00:00,0,train,1109,2013,4,16,4,62.0,156.0,50.0,71.0,1300.0,12.0,8.7,998.1,2.3,0.0,NNW,0.7,Aotizhongxin,46.0,115.0,68.5,450.1086956522082,6.4,19.5,12.1,15.264329710145041,2013-04-16 04:00:00,33.0,2013-04-17 04:00:00
1128,2013-04-17 11:00:00,0,train,1140,2013,4,17,11,40.0,88.0,28.0,46.0,700.0,58.0,14.6,1004.0,-1.9,0.0,S,2.3,Aotizhongxin,21.0,93.0,41.0,309.6358695652586,8.5,22.2,10.85,26.631231884058064,2013-04-17 11:00:00,11.0,2013-04-18 11:00:00
1151,2013-04-18 10:00:00,0,train,1163,2013,4,18,10,10.0,36.0,3.0,18.0,300.0,72.0,11.6,1019.7,-15.1,0.0,NNW,4.9,Aotizhongxin,5.0,74.0,41.0,564.8677536232328,6.3,17.1,11.85,11.685634057971086,2013-04-18 10:00:00,42.0,2013-04-19 10:00:00
1175,2013-04-19 10:00:00,0,train,1187,2013,4,19,10,42.0,71.0,11.0,46.0,600.0,40.0,4.7,1020.9,1.5,0.1,SSW,2.8,Aotizhongxin,8.0,67.0,19.5,469.7101449275819,3.5,15.5,10.45,12.361576086956555,2013-04-19 10:00:00,72.0,2013-04-20 10:00:00
1304,2013-04-24 19:00:00,0,train,1316,2013,4,24,19,11.0,38.0,3.0,25.0,300.0,63.0,18.1,1005.5,-1.2,0.0,NNE,3.6,Aotizhongxin,10.0,193.0,140.5,4457.586956521733,6.3,24.1,12.899999999999999,43.24318840579717,2013-04-24 19:00:00,10.0,2013-04-25 19:00:00
1353,2013-04-26 20:00:00,0,train,1365,2013,4,26,20,84.0,148.0,45.0,92.0,700.0,65.0,18.6,1002.9,0.2,0.0,S,1.6,Aotizhongxin,12.0,92.0,69.5,646.0869565217334,6.1,24.3,17.6,46.68869565217402,2013-04-26 20:00:00,94.0,2013-04-27 20:00:00
1396,2013-04-28 15:00:00,0,train,1408,2013,4,28,15,85.0,117.0,55.0,65.0,1399.0,94.0,19.9,1002.3,7.9,0.0,NE,1.3,Aotizhongxin,72.0,96.0,81.5,48.434782608689474,11.9,23.0,17.0,7.790434782608848,2013-04-28 15:00:00,16.0,2013-04-29 15:00:00
1407,2013-04-29 02:00:00,0,train,1419,2013,4,29,2,9.0,22.0,5.0,40.0,300.0,62.0,14.9,1008.6,-6.1,0.0,NNE,1.4,Aotizhongxin,9.0,94.0,79.5,990.244565217385,11.6,20.7,16.200000000000003,7.203894927536397,2013-04-29 02:00:00,15.0,2013-04-30 02:00:00
1417,2013-04-29 12:00:00,0,train,1429,2013,4,29,12,10.0,77.0,6.0,10.0,400.0,102.0,26.7,1006.0,-4.0,0.0,NNW,4.6,Aotizhongxin,7.0,94.0,17.5,1074.7826086956454,10.7,26.7,17.8,19.39215579710157,2013-04-29 12:00:00,20.0,2013-04-30 12:00:00
1449,2013-04-30 20:00:00,0,train,1461,2013,4,30,20,20.0,71.0,6.0,77.0,700.0,44.0,20.7,1008.1,-6.9,0.0,E,1.4,Aotizhongxin,11.0,40.0,17.0,44.166666666659545,8.9,29.1,20.75,45.065923913043555,2013-04-30 20:00:00,39.0,2013-05-01 20:00:00
1472,2013-05-01 19:00:00,0,train,1484,2013,5,1,19,39.0,116.0,17.0,28.0,500.0,,19.3,1006.6,1.3,0.0,SW,3.1,Aotizhongxin,18.0,41.0,31.0,52.853260869558646,7.8,23.9,19.95,28.147228260869696,2013-05-01 19:00:00,87.0,2013-05-02 19:00:00
1473,2013-05-01 20:00:00,0,train,1485,2013,5,1,20,39.0,77.0,20.0,35.0,500.0,,18.4,1006.6,2.6,0.0,SSW,2.1,Aotizhongxin,18.0,41.0,32.0,50.75362318839926,7.8,23.9,19.6,27.77014492753636,2013-05-01 20:00:00,82.0,2013-05-02 20:00:00
1491,2013-05-02 14:00:00,0,train,1503,2013,5,2,14,95.0,121.0,44.0,40.0,1000.0,,24.1,1004.1,4.9,0.0,SW,1.8,Aotizhongxin,31.0,98.0,52.5,473.8097826086899,14.0,24.1,18.15,10.398478260869679,2013-05-02 14:00:00,66.0,2013-05-03 14:00:00
1524,2013-05-03 23:00:00,1,train,1536,2013,5,3,23,90.0,134.0,19.0,44.0,1000.0,108.0,17.0,1011.2,8.9,0.0,SSW,2.7,Aotizhongxin,45.0,254.0,61.5,3344.2318840579633,13.4,22.6,18.35,9.196068840579862,2013-05-03 23:00:00,366.0,2013-05-04 23:00:00
1546,2013-05-04 21:00:00,1,train,1558,2013,5,4,21,76.0,122.0,24.0,47.0,600.0,96.0,18.5,1010.3,9.6,0.0,W,0.4,Aotizhongxin,66.0,146.0,82.0,555.9927536231796,12.9,24.1,18.8,13.35644927536243,2013-05-04 21:00:00,262.0,2013-05-05 21:00:00
1568,2013-05-05 19:00:00,0,train,1580,2013,5,5,19,237.0,272.0,51.0,42.0,1800.0,159.0,23.0,1008.9,15.3,0.0,SSW,1.3,Aotizhongxin,73.0,366.0,170.5,4247.826086956507,13.8,27.3,20.049999999999997,25.071286231884123,2013-05-05 19:00:00,85.0,2013-05-06 19:00:00
1602,2013-05-07 05:00:00,0,train,1614,2013,5,7,5,180.0,191.0,18.0,101.0,1200.0,2.0,16.6,1010.0,10.9,0.0,NE,1.1,Aotizhongxin,85.0,308.0,177.5,5798.041666666661,15.9,30.9,23.200000000000003,26.68608695652166,2013-05-07 05:00:00,154.0,2013-05-08 05:00:00
1618,2013-05-07 21:00:00,0,train,1630,2013,5,7,21,183.0,258.0,79.0,67.0,1800.0,193.0,24.9,1008.3,11.1,0.0,S,2.1,Aotizhongxin,112.0,243.0,174.5,1291.0144927536185,15.9,29.4,23.9,22.195579710144845,2013-05-07 21:00:00,101.0,2013-05-08 21:00:00
1619,2013-05-07 22:00:00,0,train,1631,2013,5,7,22,175.0,197.0,77.0,117.0,1500.0,71.0,24.2,1008.2,11.2,0.0,SSE,1.5,Aotizhongxin,112.0,243.0,175.0,1249.9836956521688,15.9,29.4,24.5,21.56253623188396,2013-05-07 22:00:00,68.0,2013-05-08 22:00:00
1691,2013-05-10 22:00:00,0,train,1703,2013,5,10,22,50.0,148.0,31.0,58.0,400.0,84.0,21.2,994.0,6.3,0.0,SSW,1.0,Aotizhongxin,9.0,113.0,40.0,1480.9275362319052,9.5,31.0,23.75,62.42021739130441,2013-05-10 22:00:00,33.0,2013-05-11 22:00:00
1742,2013-05-13 01:00:00,0,train,1754,2013,5,13,1,34.0,104.0,30.0,98.0,800.0,20.0,17.4,997.5,5.7,0.0,SW,0.8,Aotizhongxin,13.0,65.0,31.5,192.1739130435029,12.7,30.0,23.2,28.929112318840577,2013-05-13 01:00:00,172.0,2013-05-14 01:00:00
1788,2013-05-14 23:00:00,0,train,1800,2013,5,14,23,38.0,112.0,18.0,80.0,700.0,65.0,19.4,1006.9,7.5,0.0,NE,1.0,Aotizhongxin,17.0,178.0,25.0,2693.384057971035,14.5,31.0,23.25,31.780706521739123,2013-05-14 23:00:00,42.0,2013-05-15 23:00:00
1829,2013-05-16 16:00:00,0,train,1841,2013,5,16,16,63.0,105.0,33.0,29.0,600.0,199.0,25.1,1008.1,10.9,0.0,S,1.9,Aotizhongxin,32.0,665.0,59.0,42123.17210144928,14.2,26.1,22.0,16.074710144927575,2013-05-16 16:00:00,121.0,2013-05-17 16:00:00
1833,2013-05-16 20:00:00,0,train,1845,2013,5,16,20,70.0,141.0,30.0,54.0,1300.0,151.0,22.4,1008.9,12.1,0.0,SSE,2.4,Aotizhongxin,28.0,665.0,63.0,42039.01449275363,14.2,26.1,21.95,15.276938405797148,2013-05-16 20:00:00,116.0,2013-05-17 20:00:00
1839,2013-05-17 02:00:00,0,train,1851,2013,5,17,2,85.0,106.0,24.0,40.0,1899.0,73.0,18.1,1007.7,11.6,0.0,SSW,0.9,Aotizhongxin,28.0,665.0,74.0,40613.81884057972,14.2,26.1,22.1,13.797101449275404,2013-05-17 02:00:00,160.0,2013-05-18 02:00:00
1965,2013-05-22 08:00:00,0,train,1977,2013,5,22,8,98.0,242.0,45.0,137.0,,1.2852,23.4,1005.8,11.8,0.0,SW,0.8,Aotizhongxin,52.0,146.0,102.0,716.6884057971237,15.5,28.1,22.95,17.322010869565183,2013-05-22 08:00:00,37.0,2013-05-23 08:00:00
1998,2013-05-23 17:00:00,0,train,2010,2013,5,23,17,114.0,261.0,71.0,74.0,2700.0,214.0,27.9,1001.4,12.3,0.0,SSW,2.7,Aotizhongxin,22.0,114.0,36.5,606.4619565217689,15.3,29.0,22.0,24.69449275362318,2013-05-23 17:00:00,71.0,2013-05-24 17:00:00
2051,2013-05-25 22:00:00,0,train,2063,2013,5,25,22,68.0,147.0,15.0,70.0,600.0,35.0,23.7,1004.0,18.3,0.0,S,0.8,Aotizhongxin,19.0,108.0,53.5,686.7753623188642,17.9,30.0,25.1,18.713913043478097,2013-05-25 22:00:00,48.0,2013-05-26 22:00:00
2070,2013-05-26 17:00:00,0,train,2082,2013,5,26,17,119.0,121.0,14.0,48.0,1700.0,38.0,21.3,1002.5,17.3,0.0,SSE,1.6,Aotizhongxin,68.0,144.0,100.5,561.2101449275567,20.3,27.4,22.45,3.0763586956521256,2013-05-26 17:00:00,85.0,2013-05-27 17:00:00
2087,2013-05-27 10:00:00,0,train,2099,2013,5,27,10,57.0,43.0,9.0,54.0,800.0,20.0,19.2,1003.6,16.2,0.0,N,1.2,Aotizhongxin,35.0,144.0,57.0,1402.867753623211,16.4,23.2,18.35,6.163188405797319,2013-05-27 10:00:00,87.0,2013-05-28 10:00:00
2102,2013-05-28 01:00:00,0,train,2114,2013,5,28,1,78.0,83.0,3.0,65.0,1300.0,16.0,18.5,998.8,17.0,0.0,SW,1.8,Aotizhongxin,35.0,107.0,75.5,518.8097826087177,16.4,22.2,19.0,3.2328804347828313,2013-05-28 01:00:00,34.0,2013-05-29 01:00:00
2103,2013-05-28 02:00:00,0,train,2115,2013,5,28,2,64.0,69.0,3.0,50.0,1500.0,23.0,18.0,999.1,16.8,0.0,WSW,1.1,Aotizhongxin,36.0,107.0,75.5,462.75362318842775,16.4,22.2,19.0,2.9865036231886237,2013-05-28 02:00:00,14.0,2013-05-29 02:00:00
2167,2013-05-30 18:00:00,0,train,2179,2013,5,30,18,54.0,157.0,20.0,48.0,500.0,200.0,30.5,997.3,9.4,0.0,SSW,3.2,Aotizhongxin,18.0,107.0,42.0,411.6521739130666,13.6,33.7,23.9,56.39389492753612,2013-05-30 18:00:00,117.0,2013-05-31 18:00:00
2193,2013-05-31 20:00:00,0,train,2205,2013,5,31,20,118.0,182.0,10.0,41.0,900.0,173.0,24.4,997.4,18.1,0.0,S,1.2,Aotizhongxin,45.0,118.0,99.5,770.6666666666881,18.4,29.3,25.45,11.612880434782399,2013-05-31 20:00:00,20.0,2013-06-01 20:00:00
2204,2013-06-01 07:00:00,1,train,2216,2013,6,1,7,134.0,218.0,12.0,101.0,900.0,8.0,22.7,1001.9,15.0,0.0,NNE,1.8,Aotizhongxin,98.0,139.0,115.0,103.2880434782827,18.2,29.3,24.45,14.211231884057856,2013-06-01 07:00:00,202.0,2013-06-02 07:00:00
2240,2013-06-02 19:00:00,0,train,2252,2013,6,2,19,121.0,134.0,6.0,57.0,1000.0,140.0,23.4,996.8,18.5,0.0,NE,0.8,Aotizhongxin,20.0,250.0,136.0,6318.853260869583,17.2,25.9,21.85,8.092101449275464,2013-06-02 19:00:00,75.0,2013-06-03 19:00:00
2279,2013-06-04 10:00:00,0,train,2291,2013,6,4,10,152.0,172.0,12.0,68.0,2000.0,84.0,21.7,1007.6,16.9,0.0,E,1.2,Aotizhongxin,50.0,203.0,123.0,1916.563405797114,19.6,33.1,21.7,25.58869565217371,2013-06-04 10:00:00,96.0,2013-06-05 10:00:00
2294,2013-06-05 01:00:00,0,train,2306,2013,6,5,1,74.0,37.0,3.0,59.0,900.0,32.0,18.5,1005.9,18.2,0.9,NE,0.6,Aotizhongxin,73.0,203.0,119.0,1663.7971014492891,18.5,22.1,20.2,1.3223188405800903,2013-06-05 01:00:00,159.0,2013-06-06 01:00:00
2307,2013-06-05 14:00:00,0,train,2319,2013,6,5,14,161.0,170.0,3.0,47.0,1800.0,31.0,19.9,1006.2,18.2,0.0,NE,0.8,Aotizhongxin,61.0,161.0,80.5,582.4329710145003,18.4,20.5,19.15,0.5234057971019885,2013-06-05 14:00:00,115.0,2013-06-06 14:00:00
2340,2013-06-06 23:00:00,0,train,2352,2013,6,6,23,135.0,163.0,3.0,74.0,2399.0,4.0,20.2,1003.2,18.5,0.0,N,0.8,Aotizhongxin,74.0,169.0,132.0,703.1286231884218,18.3,20.2,19.1,0.38070652173967906,2013-06-06 23:00:00,132.0,2013-06-07 23:00:00
2382,2013-06-08 17:00:00,0,train,2394,2013,6,8,17,188.0,236.0,8.0,81.0,1800.0,11.0,20.0,1001.1,19.7,0.0,N,0.6,Aotizhongxin,118.0,240.0,136.5,1885.389492753636,19.4,20.4,20.0,0.09911231884106797,2013-06-08 17:00:00,13.0,2013-06-09 17:00:00
2433,2013-06-10 20:00:00,0,train,2445,2013,6,10,20,26.0,63.0,5.0,74.0,300.0,82.0,21.2,1005.9,16.2,0.0,SSW,1.0,Aotizhongxin,6.0,41.0,21.0,70.77536231888635,15.8,26.6,19.7,16.89471014492803,2013-06-10 20:00:00,15.0,2013-06-11 20:00:00
2468,2013-06-12 07:00:00,0,train,2480,2013,6,12,7,48.0,59.0,3.0,86.0,900.0,16.0,18.5,1003.6,15.0,0.0,NNE,1.1,Aotizhongxin,15.0,139.0,51.5,1316.7173913043841,14.4,26.3,21.05,16.95346014492803,2013-06-12 07:00:00,117.0,2013-06-13 07:00:00
2732,2013-06-23 07:00:00,0,train,2744,2013,6,23,7,83.0,67.0,16.2792,73.4974,,,22.8,999.9,19.0,0.0,SW,0.8,Aotizhongxin,31.0,90.0,51.5,260.8405797101739,19.8,22.8,20.85,0.7076630434784497,2013-06-23 07:00:00,55.0,2013-06-24 07:00:00
2733,2013-06-23 08:00:00,1,train,2745,2013,6,23,8,80.0,76.0,15.1368,70.4179,,12.4236,25.5,999.7,18.4,0.0,E,0.9,Aotizhongxin,31.0,83.0,51.5,234.8623188406088,19.8,25.5,20.95,1.548242753623358,2013-06-23 08:00:00,209.0,2013-06-24 08:00:00
2740,2013-06-23 15:00:00,0,train,2752,2013,6,23,15,36.0,18.0,5.9976,50.7091,,209.0592,31.1,995.7,16.3,0.0,SW,1.3,Aotizhongxin,29.0,83.0,55.0,254.08514492756552,19.8,31.2,21.7,17.741449275362264,2013-06-23 15:00:00,154.0,2013-06-24 15:00:00
2764,2013-06-24 15:00:00,0,train,2776,2013,6,24,15,154.0,205.0,14.5656,55.0204,,215.4852,28.6,994.8,21.6,0.0,S,2.0,Aotizhongxin,37.0,233.0,60.0,3977.06521739132,20.9,30.4,26.05,8.700416666666422,2013-06-24 15:00:00,136.0,2013-06-25 15:00:00
2769,2013-06-24 20:00:00,0,train,2781,2013,6,24,20,120.0,168.0,6.8544,44.9607,,164.2914,21.1,995.4,20.3,1.0,SE,1.7,Aotizhongxin,37.0,233.0,120.0,3626.4329710145034,20.9,29.3,24.95,8.734130434782424,2013-06-24 20:00:00,172.0,2013-06-25 20:00:00
2772,2013-06-24 23:00:00,0,train,2784,2013,6,24,23,37.0,9.0,0.2856,64.0536,,59.976,20.8,996.8,20.3,0.0,N,0.6,Aotizhongxin,36.0,233.0,120.0,3903.0271739130544,20.6,29.3,23.85,10.703460144927412,2013-06-24 23:00:00,160.0,2013-06-25 23:00:00
2820,2013-06-26 23:00:00,0,train,2832,2013,6,26,23,226.0,250.0,12.2808,58.5105,,106.8858,25.4,992.5,21.3,0.0,NE,0.7,Aotizhongxin,78.0,226.0,156.0,1709.0851449275322,20.9,31.2,26.450000000000003,14.781449275362137,2013-06-26 23:00:00,105.0,2013-06-27 23:00:00
2837,2013-06-27 16:00:00,1,train,2849,2013,6,27,16,36.0,39.0,7.4256,46.1925,,236.2626,33.8,990.7,18.7,0.0,SW,2.8,Aotizhongxin,30.0,247.0,83.5,3680.8405797101664,22.6,34.2,27.8,15.218260869564904,2013-06-27 16:00:00,464.0,2013-06-28 16:00:00
2874,2013-06-29 05:00:00,1,train,2886,2013,6,29,5,64.0,25.0,3.0,43.0,600.0,57.0,21.0,998.5,20.7,0.0,NE,0.6,Aotizhongxin,22.0,510.0,265.0,27707.818840579643,20.5,27.0,25.55,6.640851449275454,2013-06-29 05:00:00,189.0,2013-06-30 05:00:00
2905,2013-06-30 12:00:00,0,train,2917,2013,6,30,12,246.0,222.0,18.0,61.0,2000.0,74.0,27.2,998.0,23.7,0.0,S,1.7,Aotizhongxin,116.0,306.0,171.5,2441.650362318782,21.9,27.2,23.5,1.9638949275363589,2013-06-30 12:00:00,181.0,2013-07-01 12:00:00
3027,2013-07-05 14:00:00,0,train,3039,2013,7,5,14,15.0,15.0,6.0,28.0,200.0,164.0,35.4,992.0,20.5,0.0,WSW,2.1,Aotizhongxin,11.0,28.0,18.5,17.766304347842116,20.6,35.5,23.85,31.85905797101412,2013-07-05 14:00:00,26.0,2013-07-06 14:00:00
3052,2013-07-06 15:00:00,0,train,3064,2013,7,6,15,41.0,164.0,9.0,37.0,500.0,218.0,34.3,993.5,20.7,0.0,SW,3.2,Aotizhongxin,10.0,107.0,34.0,881.9057971014535,23.8,34.8,29.85,14.596231884057342,2013-07-06 15:00:00,101.0,2013-07-07 15:00:00
3053,2013-07-06 16:00:00,0,train,3065,2013,7,6,16,44.0,83.0,10.0,34.0,600.0,226.0,33.8,993.0,20.6,0.0,SSW,2.8,Aotizhongxin,10.0,107.0,35.0,838.5634057971052,23.8,34.3,29.85,14.187173913042853,2013-07-06 16:00:00,117.0,2013-07-07 16:00:00
3089,2013-07-08 04:00:00,0,train,3101,2013,7,8,4,57.0,43.0,3.0,21.0,400.0,122.0,23.7,996.3,23.4,0.0,NE,2.3,Aotizhongxin,47.0,214.0,77.0,2772.505434782589,21.6,31.8,27.95,10.77499999999959,2013-07-08 04:00:00,165.0,2013-07-09 04:00:00
3141,2013-07-10 08:00:00,0,train,3153,2013,7,10,8,30.0,41.0,5.0,46.0,600.0,2.0,23.5,1000.1,22.8,0.0,NNE,0.8,Aotizhongxin,19.0,134.0,43.5,524.2608695652286,21.9,25.4,23.0,1.038260869565275,2013-07-10 08:00:00,25.0,2013-07-11 08:00:00
3197,2013-07-12 16:00:00,0,train,3209,2013,7,12,16,65.0,92.0,4.0,43.0,600.0,233.0,30.6,998.4,24.5,0.0,SSW,1.5,Aotizhongxin,30.0,80.0,55.5,168.91123188406303,20.6,32.1,24.549999999999997,16.157101449275228,2013-07-12 16:00:00,102.0,2013-07-13 16:00:00
3285,2013-07-16 08:00:00,0,train,3297,2013,7,16,8,8.0,11.0,12.0,27.0,300.0,63.0,27.6,993.8,15.3,0.0,N,4.3,Aotizhongxin,8.0,58.0,44.0,228.9402173913126,21.5,27.6,24.1,1.5430253623187575,2013-07-16 08:00:00,31.0,2013-07-17 08:00:00
3324,2013-07-17 23:00:00,0,train,3336,2013,7,17,23,47.0,84.0,28.0,61.0,1000.0,82.0,27.0,999.3,20.6,0.0,WSW,1.4,Aotizhongxin,19.0,83.0,36.5,281.0416666666744,19.8,32.8,28.2,23.041449275362098,2013-07-17 23:00:00,91.0,2013-07-18 23:00:00
3337,2013-07-18 12:00:00,0,train,3349,2013,7,18,12,192.0,155.0,18.0,53.0,1900.0,87.0,29.1,998.5,23.5,0.0,S,1.3,Aotizhongxin,30.0,192.0,82.5,3826.809782608677,25.0,32.8,27.7,7.708913043477979,2013-07-18 12:00:00,138.0,2013-07-19 12:00:00
3345,2013-07-18 20:00:00,0,train,3357,2013,7,18,20,99.0,95.0,13.0,48.0,900.0,107.0,25.5,998.9,21.4,0.0,SSW,1.7,Aotizhongxin,47.0,192.0,157.5,2101.6449275361947,25.0,29.1,26.5,1.7243297101447415,2013-07-18 20:00:00,104.0,2013-07-19 20:00:00
3347,2013-07-18 22:00:00,0,train,3359,2013,7,18,22,94.0,91.0,18.0,48.0,700.0,91.0,24.6,998.8,20.7,0.0,WSW,1.5,Aotizhongxin,47.0,192.0,157.5,1868.9275362318458,24.6,29.1,26.0,1.7338949275360631,2013-07-18 22:00:00,118.0,2013-07-19 22:00:00
3359,2013-07-19 10:00:00,0,train,3371,2013,7,19,10,150.0,127.0,12.0,74.0,1000.0,29.0,27.4,997.2,22.1,0.0,WNW,1.6,Aotizhongxin,91.0,192.0,151.0,1071.4764492753227,22.5,29.1,25.3,4.464764492753505,2013-07-19 10:00:00,51.0,2013-07-20 10:00:00
3372,2013-07-19 23:00:00,0,train,3384,2013,7,19,23,118.0,141.0,6.0,52.0,800.0,63.0,24.4,997.6,22.8,0.0,NNW,1.2,Aotizhongxin,99.0,176.0,126.0,603.3025362318504,22.5,32.9,26.450000000000003,11.194764492753425,2013-07-19 23:00:00,116.0,2013-07-20 23:00:00
3381,2013-07-20 08:00:00,0,train,3393,2013,7,20,8,131.0,139.0,9.0,56.0,1000.0,23.0,28.1,999.8,21.4,0.0,ENE,1.9,Aotizhongxin,99.0,150.0,121.0,252.8695652173596,22.9,32.9,26.85,9.420579710144704,2013-07-20 08:00:00,82.0,2013-07-21 08:00:00
3419,2013-07-21 22:00:00,0,train,3431,2013,7,21,22,54.0,128.0,6.0,85.0,700.0,60.0,24.2,1000.0,21.7,0.0,N,0.0,Aotizhongxin,38.0,116.0,78.0,456.9782608695422,23.6,30.7,26.700000000000003,6.385217391304132,2013-07-21 22:00:00,92.0,2013-07-22 22:00:00
3472,2013-07-24 03:00:00,0,train,3484,2013,7,24,3,63.0,129.0,6.0,94.0,600.0,2.0,22.5,994.2,21.5,0.0,NE,1.3,Aotizhongxin,20.0,63.0,33.5,223.95471014491392,22.1,31.3,27.05,9.986304347825897,2013-07-24 03:00:00,18.0,2013-07-25 03:00:00
3497,2013-07-25 04:00:00,0,train,3509,2013,7,25,4,21.0,49.0,6.0,41.0,200.0,2.0,22.9,996.1,18.4,0.0,N,0.6,Aotizhongxin,8.0,76.0,19.5,421.1884057970906,22.2,37.9,27.2,36.34231884057935,2013-07-25 04:00:00,31.0,2013-07-26 04:00:00
3508,2013-07-25 15:00:00,0,train,3520,2013,7,25,15,23.0,42.0,7.0,26.0,300.0,192.0,35.7,994.3,18.3,0.0,SW,2.2,Aotizhongxin,11.0,27.0,19.0,16.418478260860876,22.6,37.6,27.65,28.517318840579353,2013-07-25 15:00:00,79.0,2013-07-26 15:00:00
3534,2013-07-26 17:00:00,0,train,3546,2013,7,26,17,60.0,63.0,13.0,62.0,1400.0,24.0,25.7,996.8,22.2,0.0,NE,1.3,Aotizhongxin,27.0,79.0,45.0,239.259057970998,23.3,32.9,26.0,5.7616666666663665,2013-07-26 17:00:00,123.0,2013-07-27 17:00:00
3567,2013-07-28 02:00:00,0,train,3579,2013,7,28,2,148.0,151.0,7.0,82.0,2800.0,2.0,22.8,994.2,22.6,0.0,NNE,0.6,Aotizhongxin,85.0,149.0,111.5,528.5797101448946,22.8,27.5,24.35,2.0125905797098698,2013-07-28 02:00:00,45.0,2013-07-29 02:00:00
3779,2013-08-05 22:00:00,0,train,3791,2013,8,5,22,36.0,62.0,3.0,39.0,,86.3226,27.1,992.8,23.3,0.0,SSW,1.2,Aotizhongxin,19.0,61.0,43.0,109.60688405795332,19.7,34.3,27.15,23.6451992753619,2013-08-05 22:00:00,174.0,2013-08-06 22:00:00
3780,2013-08-05 23:00:00,1,train,3792,2013,8,5,23,45.0,63.0,3.0,62.0,500.0,77.0,25.7,992.9,23.6,0.0,S,0.0,Aotizhongxin,31.0,61.0,44.0,81.15760869563438,19.7,34.3,27.15,22.695923913043067,2013-08-05 23:00:00,220.0,2013-08-06 23:00:00
3784,2013-08-06 03:00:00,0,train,3796,2013,8,6,3,83.0,187.0,1.7136,74.5239,,,24.6,992.9,23.6,0.0,NNE,0.8,Aotizhongxin,34.0,83.0,48.0,110.73731884056154,19.7,34.3,27.15,16.83884057970977,2013-08-06 03:00:00,29.0,2013-08-07 03:00:00
3789,2013-08-06 08:00:00,0,train,3801,2013,8,6,8,135.0,163.0,3.9984,73.7027,,12.6378,28.0,994.7,24.0,0.0,NNW,0.9,Aotizhongxin,34.0,135.0,52.0,757.8840579709953,24.6,34.3,27.299999999999997,9.18983695652141,2013-08-06 08:00:00,34.0,2013-08-07 08:00:00
3811,2013-08-07 06:00:00,0,train,3823,2013,8,7,6,42.0,10.0,3.0,35.0,,67.2588,24.8,997.3,23.0,0.0,E,0.6,Aotizhongxin,26.0,220.0,148.0,3671.449275362294,24.1,34.4,29.7,12.536449275362056,2013-08-07 06:00:00,19.0,2013-08-08 06:00:00
3818,2013-08-07 13:00:00,0,train,3830,2013,8,7,13,20.0,27.0,11.0,32.0,600.0,67.0,28.5,997.5,18.6,0.0,NNE,1.7,Aotizhongxin,20.0,220.0,42.0,5168.302536231861,24.1,34.4,28.55,10.228695652173641,2013-08-07 13:00:00,37.0,2013-08-08 13:00:00
3831,2013-08-08 02:00:00,0,train,3843,2013,8,8,2,20.0,20.0,5.0,78.0,500.0,2.0,21.4,995.2,21.1,0.0,SSW,0.5,Aotizhongxin,15.0,42.0,22.0,72.65036231882262,21.4,29.7,24.3,7.531286231883717,2013-08-08 02:00:00,26.0,2013-08-09 02:00:00
3958,2013-08-13 09:00:00,0,train,3970,2013,8,13,9,70.0,81.0,13.0,69.0,1000.0,40.0,29.3,999.7,24.6,0.0,WNW,1.0,Aotizhongxin,28.0,103.0,63.0,570.5434782608505,24.9,30.6,27.8,3.1739130434780303,2013-08-13 09:00:00,52.0,2013-08-14 09:00:00
3972,2013-08-13 23:00:00,0,train,3984,2013,8,13,23,30.0,118.0,5.0,40.0,500.0,117.0,26.5,997.9,21.5,0.0,WSW,1.4,Aotizhongxin,30.0,108.0,93.0,301.1014492753374,24.9,32.5,28.45,6.787753623188188,2013-08-13 23:00:00,88.0,2013-08-14 23:00:00
3995,2013-08-14 22:00:00,1,train,4007,2013,8,14,22,93.0,100.0,6.0,50.0,700.0,122.0,29.7,998.2,25.7,0.0,SSW,1.6,Aotizhongxin,29.0,93.0,62.0,457.9547101449089,23.9,33.7,29.8,9.894764492753428,2013-08-14 22:00:00,206.0,2013-08-15 22:00:00
4019,2013-08-15 22:00:00,0,train,4031,2013,8,15,22,206.0,237.0,7.0,49.0,1300.0,84.0,28.8,995.0,27.2,0.0,SE,0.0,Aotizhongxin,77.0,206.0,114.5,1373.557971014459,27.1,33.2,29.45,4.197373188405623,2013-08-15 22:00:00,177.0,2013-08-16 22:00:00
4022,2013-08-16 01:00:00,0,train,4034,2013,8,16,1,113.0,210.0,8.0,35.0,800.0,63.0,28.2,992.6,25.6,0.0,SW,1.0,Aotizhongxin,77.0,206.0,122.0,1720.592391304311,27.1,33.2,29.45,4.070362318840408,2013-08-16 01:00:00,158.0,2013-08-17 01:00:00
4066,2013-08-17 21:00:00,0,train,4078,2013,8,17,21,12.0,21.0,4.0,41.0,400.0,59.0,25.2,999.0,15.2,0.0,NW,0.0,Aotizhongxin,10.0,182.0,24.5,4018.9981884057765,25.2,36.3,29.1,14.567663043478106,2013-08-17 21:00:00,24.0,2013-08-18 21:00:00
4122,2013-08-20 05:00:00,0,train,4134,2013,8,20,5,59.0,166.0,12.0,95.0,800.0,1.0,23.5,1005.2,19.2,0.0,NE,1.6,Aotizhongxin,9.0,68.0,21.5,321.0416666666544,21.5,35.2,27.95,20.983025362318525,2013-08-20 05:00:00,136.0,2013-08-21 05:00:00
4148,2013-08-21 07:00:00,0,train,4160,2013,8,21,7,102.0,104.0,5.0,55.0,1100.0,1.0,24.0,1003.8,23.1,0.0,NE,1.2,Aotizhongxin,54.0,161.0,122.0,897.9836956521398,23.1,29.8,24.35,6.113623188405303,2013-08-21 07:00:00,133.0,2013-08-22 07:00:00
4176,2013-08-22 11:00:00,0,train,4188,2013,8,22,11,127.0,142.0,6.0,89.0,,12.852,24.3,1003.7,21.6,0.1,ENE,1.1,Aotizhongxin,47.0,133.0,111.0,643.4710144927233,21.4,30.5,24.1,9.824764492753062,2013-08-22 11:00:00,62.0,2013-08-23 11:00:00
4184,2013-08-22 19:00:00,0,train,4196,2013,8,22,19,108.0,133.0,5.0,131.0,1200.0,62.0,23.9,1003.6,22.5,0.0,W,0.0,Aotizhongxin,73.0,133.0,116.0,301.88405797098164,21.4,25.8,23.95,2.2138405797094878,2013-08-22 19:00:00,18.0,2013-08-23 19:00:00
4187,2013-08-22 22:00:00,0,train,4199,2013,8,22,22,129.0,177.0,3.0,171.0,1600.0,1.0,23.2,1004.0,21.8,0.0,ENE,0.6,Aotizhongxin,74.0,133.0,117.5,163.69384057967602,21.4,25.8,23.85,2.130362318839919,2013-08-22 22:00:00,32.0,2013-08-23 22:00:00
4195,2013-08-23 06:00:00,0,train,4207,2013,8,23,6,98.0,112.0,4.0,65.0,900.0,1.0,22.2,1004.7,21.4,0.0,ESE,0.9,Aotizhongxin,74.0,133.0,115.0,229.4999999999673,22.1,25.8,23.85,1.421086956521097,2013-08-23 06:00:00,30.0,2013-08-24 06:00:00
4222,2013-08-24 09:00:00,0,train,4234,2013,8,24,9,38.0,117.0,8.0,88.0,700.0,5.0,29.5,1005.1,17.3,0.0,N,0.8,Aotizhongxin,5.0,71.0,32.5,368.94927536230875,20.9,34.8,24.85,26.74041666666637,2013-08-24 09:00:00,33.0,2013-08-25 09:00:00
4255,2013-08-25 18:00:00,0,train,4267,2013,8,25,18,41.0,86.0,9.0,44.0,500.0,212.0,30.2,998.0,17.6,0.0,SW,3.2,Aotizhongxin,27.0,57.0,35.0,65.69384057969908,19.4,34.9,25.25,34.19606884057936,2013-08-25 18:00:00,94.0,2013-08-26 18:00:00
4347,2013-08-29 14:00:00,0,train,4359,2013,8,29,14,5.0,17.0,3.0,17.0,200.0,65.0,27.1,998.3,10.3,0.0,NNW,3.7,Aotizhongxin,3.0,116.0,68.0,1611.1014492753463,21.8,27.3,24.85,3.3391123188399603,2013-08-29 14:00:00,7.0,2013-08-30 14:00:00
4376,2013-08-30 19:00:00,0,train,4388,2013,8,30,19,11.0,19.0,4.0,28.0,300.0,61.0,19.4,1005.3,13.1,0.0,E,0.0,Aotizhongxin,3.0,12.0,6.0,10.809782608694796,18.2,28.5,22.0,12.107536231883095,2013-08-30 19:00:00,11.0,2013-08-31 19:00:00
4523,2013-09-05 22:00:00,0,train,4535,2013,9,5,22,45.0,40.0,12.0,43.0,1200.0,34.0,19.1,1011.1,15.6,0.0,S,1.4,Aotizhongxin,7.0,55.0,16.0,183.27536231883002,16.5,28.0,20.45,16.229492753622022,2013-09-05 22:00:00,105.0,2013-09-06 22:00:00
4551,2013-09-07 02:00:00,0,train,4563,2013,9,7,2,102.0,120.0,13.0,101.0,2300.0,1.0,18.8,1010.9,17.8,0.0,NE,1.0,Aotizhongxin,36.0,119.0,65.0,659.5489130434581,17.7,25.6,19.799999999999997,7.675652173911809,2013-09-07 02:00:00,100.0,2013-09-08 02:00:00
4570,2013-09-07 21:00:00,0,train,4582,2013,9,7,21,70.0,138.0,9.0,91.0,1000.0,61.0,19.5,1011.9,17.3,0.0,N,0.2,Aotizhongxin,8.0,129.0,94.0,1323.9836956521528,17.8,29.1,20.6,16.063405797100486,2013-09-07 21:00:00,98.0,2013-09-08 21:00:00
4615,2013-09-09 18:00:00,0,train,4627,2013,9,9,18,81.0,99.0,15.0,45.0,600.0,108.0,22.4,1005.5,16.9,0.0,SW,2.1,Aotizhongxin,21.0,165.0,70.5,1265.1304347825871,18.2,25.7,19.95,7.568677536230661,2013-09-09 18:00:00,8.0,2013-09-10 18:00:00
4696,2013-09-13 03:00:00,0,train,4708,2013,9,13,3,53.0,30.0,3.0,26.0,500.0,62.0,17.8,1002.0,17.2,0.0,WNW,0.0,Aotizhongxin,53.0,224.0,144.0,2008.0797101448925,17.6,25.6,22.0,7.211286231882881,2013-09-13 03:00:00,75.0,2013-09-14 03:00:00
4730,2013-09-14 13:00:00,0,train,4742,2013,9,14,13,32.0,32.0,8.0,36.0,500.0,75.0,31.6,1002.8,9.2,0.0,WNW,1.4,Aotizhongxin,32.0,163.0,94.0,1108.6014492753357,18.8,31.6,19.9,13.87471014492632,2013-09-14 13:00:00,24.0,2013-09-15 13:00:00
4747,2013-09-15 06:00:00,0,train,4759,2013,9,15,6,15.0,19.0,7.0,53.0,300.0,1.0,16.4,1010.0,11.1,0.0,NNE,0.8,Aotizhongxin,3.0,103.0,21.5,652.5797101449094,15.3,31.6,19.35,37.79302536231769,2013-09-15 06:00:00,42.0,2013-09-16 06:00:00
4765,2013-09-16 00:00:00,0,train,4777,2013,9,16,0,24.0,76.0,13.0,70.0,900.0,6.0,17.5,1007.2,15.3,0.0,NNW,0.1,Aotizhongxin,9.0,33.0,20.0,55.82427536230215,15.5,26.7,20.45,13.908242753621764,2013-09-16 00:00:00,67.0,2013-09-17 00:00:00
4812,2013-09-17 23:00:00,0,train,4824,2013,9,17,23,93.0,102.0,17.0,83.0,2600.0,1.0,19.5,1013.0,19.3,0.0,NE,0.6,Aotizhongxin,67.0,97.0,85.5,82.0706521738849,18.9,20.6,19.85,0.27217391304192246,2013-09-17 23:00:00,86.0,2013-09-18 23:00:00
4832,2013-09-18 19:00:00,0,train,4844,2013,9,18,19,76.0,92.0,19.0,62.0,1200.0,61.0,22.1,1011.5,19.8,0.0,ESE,1.3,Aotizhongxin,76.0,139.0,101.0,312.0706521738811,19.0,24.0,20.15,2.6407971014479505,2013-09-18 19:00:00,127.0,2013-09-19 19:00:00
4868,2013-09-20 07:00:00,0,train,4880,2013,9,20,7,41.0,46.0,3.0,49.0,600.0,1.0,20.4,1011.4,15.4,0.0,NNE,0.9,Aotizhongxin,41.0,146.0,118.5,575.9547101448946,16.4,26.1,20.6,8.279927536230593,2013-09-20 07:00:00,25.0,2013-09-21 07:00:00
4882,2013-09-20 21:00:00,0,train,4894,2013,9,20,21,40.0,128.0,5.0,117.0,800.0,1.0,19.4,1009.9,17.0,0.0,SE,0.0,Aotizhongxin,3.0,146.0,41.5,2544.2590579709863,16.4,27.7,20.15,13.694619565216229,2013-09-20 21:00:00,26.0,2013-09-21 21:00:00
4954,2013-09-23 21:00:00,0,train,4966,2013,9,23,21,19.0,50.0,6.0,39.0,1100.0,1.0,10.4,1016.6,9.2,0.0,NNE,0.7,Aotizhongxin,3.0,143.0,13.5,3215.2010869564983,10.4,20.0,16.25,6.370434782606579,2013-09-23 21:00:00,23.0,2013-09-24 21:00:00
4987,2013-09-25 06:00:00,0,train,4999,2013,9,25,6,7.0,7.0,9.0,61.0,300.0,1.0,6.6,1017.9,5.9,0.0,W,0.0,Aotizhongxin,3.0,26.0,7.5,51.55797101447787,6.3,22.8,13.15,31.516503623185866,2013-09-25 06:00:00,20.0,2013-09-26 06:00:00
5083,2013-09-29 06:00:00,0,train,5095,2013,9,29,6,263.0,235.0,15.0,111.0,1300.0,1.0,15.8,1011.2,14.2,0.0,NNE,0.5,Aotizhongxin,215.0,321.0,278.0,874.4329710144481,13.3,20.2,15.2,4.754492753621028,2013-09-29 06:00:00,153.0,2013-09-30 06:00:00
5181,2013-10-03 08:00:00,0,train,5193,2013,10,3,8,33.0,67.0,11.0,52.0,500.0,1.0,15.4,1015.5,8.8,0.0,NE,1.7,Aotizhongxin,4.0,58.0,22.0,230.02173913037373,8.8,23.7,16.3,30.804275362316552,2013-10-03 08:00:00,73.0,2013-10-04 08:00:00
5197,2013-10-04 00:00:00,1,train,5209,2013,10,4,0,37.0,48.0,11.0,48.0,600.0,27.0,15.8,1010.3,12.5,0.0,ESE,0.9,Aotizhongxin,22.0,101.0,51.0,623.8097826086369,8.8,21.7,16.05,18.21070652173678,2013-10-04 00:00:00,349.0,2013-10-05 00:00:00
5207,2013-10-04 10:00:00,1,train,5219,2013,10,4,10,97.0,131.0,79.0,70.0,2300.0,18.0,19.1,1009.0,12.6,0.0,WNW,1.1,Aotizhongxin,37.0,101.0,68.0,419.8677536231303,13.6,21.7,16.5,6.353043478258874,2013-10-04 10:00:00,305.0,2013-10-05 10:00:00
5314,2013-10-08 21:00:00,1,train,5326,2013,10,8,21,100.0,127.0,25.0,76.0,800.0,35.0,14.6,1009.1,13.0,0.0,SSW,0.2,Aotizhongxin,24.0,100.0,57.0,370.54891304340543,13.5,21.6,17.85,6.3167391304329525,2013-10-08 21:00:00,215.0,2013-10-09 21:00:00
5323,2013-10-09 06:00:00,0,train,5335,2013,10,9,6,102.0,155.0,37.0,71.0,1400.0,4.0,12.0,1007.3,11.4,0.0,NE,1.1,Aotizhongxin,24.0,121.0,74.0,888.2318840578987,11.5,21.6,16.8,13.4537499999979,2013-10-09 06:00:00,165.0,2013-10-10 06:00:00
5329,2013-10-09 12:00:00,0,train,5341,2013,10,9,12,112.0,163.0,46.0,85.0,1500.0,8.0,18.1,1005.1,13.0,0.0,NE,1.4,Aotizhongxin,48.0,121.0,98.5,489.8188405796383,11.5,21.6,14.75,12.000416666664432,2013-10-09 12:00:00,17.0,2013-10-10 12:00:00
5336,2013-10-09 19:00:00,0,train,5348,2013,10,9,19,194.0,235.0,51.0,123.0,1700.0,8.0,14.9,1003.8,13.3,0.0,ENE,0.6,Aotizhongxin,92.0,200.0,103.0,1276.1449275361615,11.5,19.8,14.75,6.975199275359954,2013-10-09 19:00:00,7.0,2013-10-10 19:00:00
5354,2013-10-10 13:00:00,0,train,5366,2013,10,10,13,16.0,97.0,43.0,10.0,100.0,45.0,19.7,1007.0,3.0,0.0,N,7.1,Aotizhongxin,14.0,219.0,165.5,4253.389492753556,13.3,20.4,15.25,7.275199275360235,2013-10-10 13:00:00,37.0,2013-10-11 13:00:00
5396,2013-10-12 07:00:00,0,train,5408,2013,10,12,7,58.0,67.0,2.856,58.0,700.0,1.0,11.6,1014.9,8.3,0.0,NE,1.7,Aotizhongxin,22.0,134.0,57.0,929.0362318839839,8.8,22.9,13.350000000000001,23.672010869562882,2013-10-12 07:00:00,22.0,2013-10-13 07:00:00
5579,2013-10-19 22:00:00,0,train,5591,2013,10,19,22,9.0,11.0,4.0,31.0,200.0,26.0,6.3,1020.8,3.1,0.0,NW,0.0,Aotizhongxin,3.0,274.0,13.0,11360.780797101363,6.3,18.8,12.65,11.638677536229297,2013-10-19 22:00:00,58.0,2013-10-20 22:00:00
5661,2013-10-23 08:00:00,0,train,5673,2013,10,23,8,22.0,74.0,4.0,48.0,400.0,3.0,9.1,1017.4,-1.6,0.0,NE,1.9,Aotizhongxin,19.0,163.0,84.5,2684.434782608613,3.0,17.0,9.8,22.551286231880955,2013-10-23 08:00:00,15.0,2013-10-24 08:00:00
5793,2013-10-28 20:00:00,0,train,5805,2013,10,28,20,344.0,358.0,80.0,146.0,5200.0,1.0,9.6,1017.7,7.7,0.0,N,0.2,Aotizhongxin,232.0,367.0,271.5,1327.9547101448777,5.8,16.2,9.1,13.17041666666354,2013-10-28 20:00:00,36.0,2013-10-29 20:00:00
5814,2013-10-29 17:00:00,0,train,5826,2013,10,29,17,10.0,19.0,11.0,19.0,300.0,55.0,9.9,1021.4,-0.1,0.0,WSW,0.9,Aotizhongxin,3.0,361.0,18.0,22149.606884057903,6.4,17.4,10.05,11.800271739127531,2013-10-29 17:00:00,102.0,2013-10-30 17:00:00
5823,2013-10-30 02:00:00,0,train,5835,2013,10,30,2,104.0,188.0,18.0,87.0,1600.0,1.0,3.0,1022.9,1.0,0.0,NE,1.1,Aotizhongxin,3.0,104.0,18.0,839.0271739129736,2.9,17.4,9.100000000000001,23.31739130434467,2013-10-30 02:00:00,148.0,2013-10-31 02:00:00
5918,2013-11-03 01:00:00,0,train,5930,2013,11,3,1,275.0,284.0,13.0,114.0,2600.0,,6.9,1016.1,6.3,0.0,N,0.9,Aotizhongxin,160.0,321.0,239.0,2084.896739130375,3.3,13.3,8.1,9.760851449272002,2013-11-03 01:00:00,12.0,2013-11-04 01:00:00
5932,2013-11-03 15:00:00,0,train,5944,2013,11,3,15,3.0,6.0,2.0,8.0,200.0,69.4008,18.2,1019.1,-2.7,0.0,NE,2.1,Aotizhongxin,3.0,283.0,99.5,14891.41304347817,6.9,18.8,10.4,17.84688405796823,2013-11-03 15:00:00,29.0,2013-11-04 15:00:00
5962,2013-11-04 21:00:00,1,train,5974,2013,11,4,21,81.0,115.0,22.0,94.0,1300.0,0.2142,5.3,1019.9,3.9,0.0,NNE,0.1,Aotizhongxin,3.0,81.0,26.0,344.8405797100226,1.8,17.7,5.95,33.56253623188072,2013-11-04 21:00:00,226.0,2013-11-05 21:00:00
5989,2013-11-06 00:00:00,0,train,6001,2013,11,6,0,230.0,251.0,27.0,111.0,2600.0,,5.1,1012.5,3.1,0.0,E,0.6,Aotizhongxin,99.0,262.0,171.5,2553.0652173912285,5.1,14.2,7.85,8.103025362315574,2013-11-06 00:00:00,6.0,2013-11-07 00:00:00
6004,2013-11-06 15:00:00,0,train,6016,2013,11,6,15,20.0,92.0,6.0,13.0,2400.0,65.7594,15.8,1011.2,-11.7,0.0,N,6.7,Aotizhongxin,20.0,262.0,186.0,4212.824275362245,2.0,17.9,6.6,28.383188405793764,2013-11-06 15:00:00,24.0,2013-11-07 15:00:00
6006,2013-11-06 17:00:00,0,train,6018,2013,11,6,17,14.0,80.0,5.0,13.0,2400.0,57.834,13.8,1012.9,-11.6,0.0,N,4.9,Aotizhongxin,12.0,262.0,182.0,6310.0797101448525,2.0,17.9,6.6,30.572173913040196,2013-11-06 17:00:00,47.0,2013-11-07 17:00:00
6012,2013-11-06 23:00:00,0,train,6024,2013,11,6,23,8.0,35.0,3.0,14.0,2400.0,41.5548,9.1,1016.4,-7.6,0.0,NNE,1.7,Aotizhongxin,6.0,230.0,154.0,7734.867753623109,2.0,17.9,10.65,28.963894927533143,2013-11-06 23:00:00,100.0,2013-11-07 23:00:00
6022,2013-11-07 09:00:00,0,train,6034,2013,11,7,9,15.0,27.0,21.0,45.0,2400.0,4.284,11.0,1017.4,-5.9,0.0,SSW,1.2,Aotizhongxin,3.0,191.0,10.0,2873.6231884057133,2.0,17.9,10.65,23.860797101446277,2013-11-07 09:00:00,83.0,2013-11-08 09:00:00
6115,2013-11-11 06:00:00,0,train,6127,2013,11,11,6,12.0,21.0,25.0,34.0,500.0,16.9218,3.9,1024.5,-10.2,0.0,NE,1.0,Aotizhongxin,5.0,69.0,12.0,349.3749999999226,-0.9,11.4,4.6,11.295634057967233,2013-11-11 06:00:00,86.0,2013-11-12 06:00:00
6138,2013-11-12 05:00:00,0,train,6150,2013,11,12,5,93.0,117.0,31.0,71.0,1600.0,,0.8,1019.5,-2.8,0.0,E,1.0,Aotizhongxin,11.0,109.0,48.5,1328.9492753622403,-0.7,12.6,6.05,25.091014492749903,2013-11-12 05:00:00,125.0,2013-11-13 05:00:00
6203,2013-11-14 22:00:00,0,train,6215,2013,11,14,22,80.0,144.0,21.0,87.0,2200.0,,1.8,1013.4,-2.0,0.0,ESE,0.8,Aotizhongxin,14.0,262.0,33.5,5446.389492753532,1.8,14.8,8.4,18.29710144927199,2013-11-14 22:00:00,106.0,2013-11-15 22:00:00
6283,2013-11-18 06:00:00,0,train,6295,2013,11,18,6,11.0,12.0,12.0,34.0,600.0,15.6366,-0.9,1021.6,-8.1,0.0,NW,1.0,Aotizhongxin,5.0,15.0,10.0,6.635869565122805,-3.3,9.9,5.1,24.836449275358305,2013-11-18 06:00:00,16.0,2013-11-19 06:00:00
6293,2013-11-18 16:00:00,0,train,6305,2013,11,18,16,6.0,10.5,4.0,2.0,100.0,59.1192,6.4,1019.4,-13.3,0.0,NNE,2.0,Aotizhongxin,4.0,15.0,9.0,8.891304347731488,-3.3,9.2,3.05,19.97476449274951,2013-11-18 16:00:00,34.0,2013-11-19 16:00:00
6302,2013-11-19 01:00:00,0,train,6314,2013,11,19,1,5.0,6.0,10.0,15.0,100.0,32.13,-1.0,1021.3,-11.7,0.0,NE,0.9,Aotizhongxin,4.0,17.0,7.5,10.608695652079305,-3.3,9.2,3.6,15.69362318840175,2013-11-19 01:00:00,92.0,2013-11-20 01:00:00
6303,2013-11-19 02:00:00,0,train,6315,2013,11,19,2,15.0,35.0,7.0,27.0,200.0,11.3526,-0.7,1020.9,-11.2,0.0,ENE,0.8,Aotizhongxin,4.0,17.0,7.5,12.144927536137278,-3.3,9.2,3.6,14.677318840575678,2013-11-19 02:00:00,84.0,2013-11-20 02:00:00
6348,2013-11-20 23:00:00,1,train,6360,2013,11,20,23,104.0,146.0,42.0,95.0,3400.0,,-0.7,1020.1,-3.9,0.0,NE,1.0,Aotizhongxin,17.0,117.0,83.0,1190.954710144834,-3.4,11.7,1.05,28.330851449271236,2013-11-20 23:00:00,190.0,2013-11-21 23:00:00
6349,2013-11-21 00:00:00,0,train,6361,2013,11,21,0,164.0,223.0,77.0,99.0,4500.0,2.3562,-0.9,1019.9,-4.8,0.0,NE,1.0,Aotizhongxin,17.0,164.0,83.0,1532.331521739037,-3.4,11.7,1.05,27.39027173912632,2013-11-21 00:00:00,164.0,2013-11-22 00:00:00
6432,2013-11-24 11:00:00,0,train,6444,2013,11,24,11,41.0,154.0,17.0,27.0,600.0,18.0,9.7,1009.7,-8.4,0.0,NNE,1.5,Aotizhongxin,31.0,288.0,197.5,9083.21557971005,2.1,14.1,8.65,14.013623188402322,2013-11-24 11:00:00,5.0,2013-11-25 11:00:00
6446,2013-11-25 01:00:00,0,train,6458,2013,11,25,1,17.0,32.0,13.0,33.0,500.0,15.0,3.5,1009.7,-9.2,0.0,NNW,2.1,Aotizhongxin,16.0,288.0,54.0,5849.0144927535275,3.5,10.1,8.9,4.2990579710111,2013-11-25 01:00:00,51.0,2013-11-26 01:00:00
6450,2013-11-25 05:00:00,0,train,6462,2013,11,25,5,12.0,25.0,16.0,26.0,500.0,14.0,3.0,1011.4,-9.0,0.0,N,3.5,Aotizhongxin,8.0,68.0,39.0,392.940217391209,2.7,10.1,8.25,7.067826086953006,2013-11-25 05:00:00,3.0,2013-11-26 05:00:00
6463,2013-11-25 18:00:00,0,train,6475,2013,11,25,18,11.0,17.0,7.0,32.0,600.0,22.0,-0.4,1012.1,-9.3,0.0,SW,0.5,Aotizhongxin,5.0,60.0,11.5,253.18840579700677,-0.4,8.8,5.25,5.290851449271539,2013-11-25 18:00:00,5.0,2013-11-26 18:00:00
6465,2013-11-25 20:00:00,0,train,6477,2013,11,25,20,26.0,64.0,14.0,63.0,900.0,1.0,-2.5,1011.9,-11.0,0.0,WSW,0.8,Aotizhongxin,5.0,52.0,11.5,90.9981884057025,-2.5,7.7,4.25,7.848405797097501,2013-11-25 20:00:00,9.0,2013-11-26 20:00:00
6521,2013-11-28 04:00:00,0,train,6533,2013,11,28,4,6.0,13.0,6.0,14.0,300.0,14.0,-4.4,1021.6,-22.0,0.0,NNE,1.9,Aotizhongxin,5.0,11.0,8.0,2.998188405702834,-4.4,-0.3,-2.35,1.6817391304299185,2013-11-28 04:00:00,22.0,2013-11-29 04:00:00
6531,2013-11-28 14:00:00,0,train,6543,2013,11,28,14,9.0,22.0,6.0,10.0,400.0,51.0,7.0,1018.7,-19.6,0.0,NW,3.1,Aotizhongxin,4.0,13.0,8.0,5.362318840485438,-4.4,7.0,-1.7000000000000002,11.804927536227257,2013-11-28 14:00:00,18.0,2013-11-29 14:00:00
6539,2013-11-28 22:00:00,0,train,6551,2013,11,28,22,61.0,97.0,22.0,70.0,1600.0,1.0,-1.6,1018.4,-10.2,0.0,SSW,0.6,Aotizhongxin,4.0,79.0,9.0,495.5199275361372,-4.4,7.0,-1.3,14.249402173908532,2013-11-28 22:00:00,109.0,2013-11-29 22:00:00
6564,2013-11-29 23:00:00,0,train,6576,2013,11,29,23,88.0,114.0,35.0,83.0,2000.0,1.0,-2.0,1011.8,-6.9,0.0,WNW,0.7,Aotizhongxin,18.0,121.0,46.0,1032.0797101448306,-5.3,13.5,0.65,45.599347826082756,2013-11-29 23:00:00,32.0,2013-11-30 23:00:00
6591,2013-12-01 02:00:00,0,train,6603,2013,12,1,2,42.0,78.0,31.0,62.0,1100.0,1.0,-4.3,1019.3,-8.2,0.0,WSW,0.7,Aotizhongxin,12.0,64.0,28.0,178.86231884048283,-4.3,10.9,5.6,28.519710144923614,2013-12-01 02:00:00,94.0,2013-12-02 02:00:00
6676,2013-12-04 15:00:00,0,train,6688,2013,12,4,15,44.0,49.0,35.0,43.0,800.0,25.0,11.6,1012.3,-5.4,0.0,WSW,1.0,Aotizhongxin,18.0,160.0,80.0,1967.91123188396,-3.0,14.4,1.45,42.59780797101052,2013-12-04 15:00:00,12.0,2013-12-05 15:00:00
6714,2013-12-06 05:00:00,1,train,6726,2013,12,6,5,116.0,152.0,68.0,67.0,3700.0,1.0,-3.2,1013.9,-6.7,0.0,W,0.5,Aotizhongxin,6.0,121.0,27.5,1358.2318840578646,-3.2,10.9,4.6,23.05606884057579,2013-12-06 05:00:00,225.0,2013-12-07 05:00:00
6736,2013-12-07 03:00:00,1,train,6748,2013,12,7,3,300.0,305.0,44.0,90.0,4300.0,1.0,-2.0,1014.1,-5.8,0.0,SE,0.4,Aotizhongxin,68.0,316.0,118.5,6176.548913043388,-3.2,10.6,0.30000000000000004,21.55693840579288,2013-12-07 03:00:00,350.0,2013-12-08 03:00:00
6810,2013-12-10 05:00:00,0,train,6822,2013,12,10,5,28.0,27.0,32.0,51.0,1300.0,,-3.5,1013.0,-9.9,0.0,NE,0.5,Aotizhongxin,3.0,44.0,10.0,150.76630434762288,-4.3,6.7,0.4,16.0125905797057,2013-12-10 05:00:00,7.0,2013-12-11 05:00:00
6849,2013-12-11 20:00:00,0,train,6861,2013,12,11,20,47.0,72.0,23.0,69.0,1500.0,1.0,1.8,1011.6,-13.6,0.0,ENE,0.8,Aotizhongxin,3.0,47.0,18.5,168.17391304327745,-2.3,6.0,0.1,6.644329710140575,2013-12-11 20:00:00,17.0,2013-12-12 20:00:00
6870,2013-12-12 17:00:00,0,train,6882,2013,12,12,17,3.0,11.0,4.0,15.0,500.0,39.0,-2.4,1018.0,-21.3,0.0,E,2.0,Aotizhongxin,3.0,47.0,25.5,242.65036231864178,-5.5,2.8,0.1,3.4202173912997402,2013-12-12 17:00:00,69.0,2013-12-13 17:00:00
6871,2013-12-12 18:00:00,0,train,6883,2013,12,12,18,8.0,8.0,6.0,25.0,500.0,25.0,-2.8,1018.5,-21.6,0.0,E,0.6,Aotizhongxin,3.0,47.0,18.5,241.33152173893095,-5.5,2.8,0.1,3.597608695647559,2013-12-12 18:00:00,88.0,2013-12-13 18:00:00
6931,2013-12-15 06:00:00,0,train,6943,2013,12,15,6,14.0,6.0,13.0,32.0,,18.4212,-5.8,1027.6,-15.9,0.0,NE,1.2,Aotizhongxin,14.0,111.0,36.0,1005.6231884056125,-6.5,5.7,-2.95,15.911286231879263,2013-12-15 06:00:00,112.0,2013-12-16 06:00:00
7047,2013-12-20 02:00:00,0,train,7059,2013,12,20,2,92.0,136.0,109.0,86.0,2600.0,1.0,-5.5,1027.0,-14.5,0.0,ENE,1.9,Aotizhongxin,13.0,113.0,28.5,890.0869565215536,-9.2,3.2,-5.6,13.160416666661485,2013-12-20 02:00:00,38.0,2013-12-21 02:00:00
7054,2013-12-20 09:00:00,0,train,7066,2013,12,20,9,18.0,35.0,32.0,61.0,800.0,1.0,0.0,1029.4,-16.4,0.0,NNE,1.6,Aotizhongxin,18.0,113.0,31.0,786.7753623186577,-9.2,3.2,-5.5,14.770271739125272,2013-12-20 09:00:00,14.0,2013-12-21 09:00:00
7164,2013-12-24 23:00:00,0,train,7176,2013,12,24,23,228.0,273.0,185.0,127.0,5200.0,1.0,-4.3,1024.6,-9.3,0.0,ENE,0.6,Aotizhongxin,129.0,277.0,230.0,2154.346014492671,-6.5,1.1,-2.35,5.083025362313907,2013-12-24 23:00:00,9.0,2013-12-25 23:00:00
7178,2013-12-25 13:00:00,0,train,7190,2013,12,25,13,315.0,374.0,144.0,173.0,6500.0,1.0,6.5,1018.4,-11.7,0.0,N,2.4,Aotizhongxin,195.0,321.0,260.5,701.2391304347273,-7.6,6.5,-2.35,12.901086956516847,2013-12-25 13:00:00,9.0,2013-12-26 13:00:00
7230,2013-12-27 17:00:00,0,train,7242,2013,12,27,17,13.0,16.0,16.0,24.0,600.0,43.0,-1.7,1021.1,-15.2,0.0,W,1.4,Aotizhongxin,9.0,21.0,13.5,11.101449275146193,-6.6,2.3,-3.5,6.978242753618259,2013-12-27 17:00:00,9.0,2013-12-28 17:00:00
7257,2013-12-28 20:00:00,0,train,7269,2013,12,28,20,21.0,41.0,,61.0,800.0,11.0,-2.0,1018.6,-19.5,0.0,W,0.0,Aotizhongxin,8.0,76.0,11.5,372.12862318819236,-5.0,3.1,-1.9,5.541721014488002,2013-12-28 20:00:00,95.0,2013-12-29 20:00:00
7359,2014-01-02 02:00:00,0,train,7371,2014,1,2,2,165.0,202.0,87.0,92.0,3100.0,1.0,-1.2,1013.7,-9.3,0.0,NE,1.0,Aotizhongxin,19.0,165.0,45.0,1740.8043478259,-3.3,12.6,0.25,35.679057971010316,2014-01-02 02:00:00,87.0,2014-01-03 02:00:00
7364,2014-01-02 07:00:00,0,train,7376,2014,1,2,7,166.0,247.0,72.0,73.0,4600.0,1.0,-1.3,1015.1,-8.3,0.0,NE,1.5,Aotizhongxin,19.0,166.0,56.5,2334.6793478259046,-2.4,12.6,0.25,31.16650362318429,2014-01-02 07:00:00,35.0,2014-01-03 07:00:00
7408,2014-01-04 03:00:00,0,train,7420,2014,1,4,3,69.0,102.0,34.0,62.0,1800.0,1.0,-2.4,1019.0,-5.5,0.0,NNW,1.3,Aotizhongxin,16.0,90.0,34.0,559.7971014490707,-2.7,9.5,3.55,18.429836956517562,2014-01-04 03:00:00,153.0,2014-01-05 03:00:00
7421,2014-01-04 16:00:00,0,train,7433,2014,1,4,16,155.0,190.0,61.0,91.0,2300.0,1.0,0.7,1014.2,-4.3,0.0,NE,1.2,Aotizhongxin,21.0,155.0,74.0,1514.2445652172141,-3.1,3.1,-1.0,3.2882427536185186,2014-01-04 16:00:00,23.0,2014-01-05 16:00:00
7489,2014-01-07 12:00:00,0,train,7501,2014,1,7,12,18.0,6.0,26.0,29.0,600.0,32.0,5.1,1019.8,-12.4,0.0,ENE,3.1,Aotizhongxin,18.0,206.0,160.5,1399.867753623052,-3.0,5.1,-1.35,5.775199275357635,2014-01-07 12:00:00,18.0,2014-01-08 12:00:00
7493,2014-01-07 16:00:00,0,train,7505,2014,1,7,16,137.0,25.0,20.0,42.0,700.0,26.0,4.9,1021.7,-15.7,0.0,N,2.3,Aotizhongxin,18.0,206.0,160.5,2799.471014492611,-3.0,5.8,-1.35,11.144927536227339,2014-01-07 16:00:00,11.0,2014-01-08 16:00:00
7499,2014-01-07 22:00:00,0,train,7511,2014,1,7,22,16.0,55.0,13.0,34.0,500.0,32.0,0.1,1026.4,-18.1,0.0,NNE,2.0,Aotizhongxin,16.0,206.0,145.5,5346.927536231723,-1.9,5.8,1.7000000000000002,8.726503623184039,2014-01-07 22:00:00,19.0,2014-01-08 22:00:00
7541,2014-01-09 16:00:00,0,train,7553,2014,1,9,16,18.0,42.0,12.0,21.0,600.0,45.0,-1.7,1023.1,-19.2,0.0,WSW,1.3,Aotizhongxin,9.0,103.0,18.0,739.9347826084854,-6.7,1.2,-2.3499999999999996,4.372391304342858,2014-01-09 16:00:00,48.0,2014-01-10 16:00:00
7556,2014-01-10 07:00:00,0,train,7568,2014,1,10,7,24.0,30.0,32.0,49.0,900.0,1.0,-8.1,1025.3,-17.7,0.0,NNE,1.3,Aotizhongxin,11.0,68.0,36.5,339.9547101447212,-8.7,1.2,-3.0,10.744057971009322,2014-01-10 07:00:00,49.0,2014-01-11 07:00:00
7569,2014-01-10 20:00:00,0,train,7581,2014,1,10,20,112.0,155.0,74.0,106.0,2200.0,1.0,-3.5,1025.1,-15.5,0.0,WSW,1.4,Aotizhongxin,24.0,112.0,53.5,457.12862318821016,-8.7,4.0,-3.65,18.169492753618115,2014-01-10 20:00:00,176.0,2014-01-11 20:00:00
7646,2014-01-14 01:00:00,0,train,7658,2014,1,14,1,126.0,161.0,127.0,97.0,3200.0,1.0,-6.3,1027.4,-14.3,0.0,NNE,1.0,Aotizhongxin,35.0,153.0,76.0,1346.6884057969235,-10.2,4.0,-5.0,18.91391304347309,2014-01-14 01:00:00,139.0,2014-01-15 01:00:00
7765,2014-01-19 00:00:00,0,train,7777,2014,1,19,0,138.0,169.0,111.0,109.0,3600.0,1.0,-1.0,1023.2,-10.6,0.0,SE,1.0,Aotizhongxin,15.0,144.0,41.0,2013.3315217390045,-7.8,6.0,0.6,21.795199275357675,2014-01-19 00:00:00,16.0,2014-01-20 00:00:00
7782,2014-01-19 17:00:00,0,train,7794,2014,1,19,17,182.0,219.0,98.0,125.0,3500.0,1.0,5.2,1016.7,-14.3,0.0,NW,3.3,Aotizhongxin,87.0,182.0,118.0,808.6666666665608,-2.1,5.2,-0.15,4.549782608691061,2014-01-19 17:00:00,9.0,2014-01-20 17:00:00
7793,2014-01-20 04:00:00,0,train,7805,2014,1,20,4,5.0,21.0,5.0,8.0,400.0,49.0,-1.5,1021.7,-17.7,0.0,N,4.1,Aotizhongxin,5.0,182.0,102.5,4322.519927536115,-2.1,5.2,0.5,4.7607971014447585,2014-01-20 04:00:00,16.0,2014-01-21 04:00:00
7836,2014-01-21 23:00:00,0,train,7848,2014,1,21,23,122.0,286.0,91.0,97.0,2100.0,1.0,-6.2,1020.9,-14.9,0.0,NE,1.2,Aotizhongxin,9.0,122.0,23.0,1095.3749999998686,-6.2,3.4,-2.95,11.21101449274877,2014-01-21 23:00:00,172.0,2014-01-22 23:00:00
7860,2014-01-22 23:00:00,1,train,7872,2014,1,22,23,172.0,192.0,90.0,123.0,3900.0,1.0,-3.1,1015.7,-13.4,0.0,ENE,1.5,Aotizhongxin,65.0,181.0,116.5,1378.8532608694568,-7.5,7.0,-3.4000000000000004,20.135579710140078,2014-01-22 23:00:00,281.0,2014-01-23 23:00:00
7899,2014-01-24 14:00:00,0,train,7911,2014,1,24,14,92.0,92.0,55.0,72.0,1500.0,11.0,8.8,1011.3,-12.4,0.0,E,1.2,Aotizhongxin,92.0,286.0,222.0,2199.0416666665774,-3.6,8.8,-1.2000000000000002,13.120217391299768,2014-01-24 14:00:00,9.0,2014-01-25 14:00:00
7911,2014-01-25 03:00:00,0,train,7924,2014,1,25,3,35.0,35.0,41.0,72.0,1100.0,1.0,1.8,1017.0,-15.7,0.0,NE,1.1,Aotizhongxin,29.0,261.0,70.5,6583.188405797007,-3.3,8.8,1.8,13.738097826082681,2014-01-25 03:00:00,25.0,2014-01-26 03:00:00
7920,2014-01-25 12:00:00,0,train,7933,2014,1,25,12,9.0,26.0,7.0,5.0,300.0,75.0,7.4,1021.1,-18.4,0.0,NE,4.0,Aotizhongxin,6.0,153.0,35.5,1111.0851449274378,-1.0,8.8,4.4,8.61809782608294,2014-01-25 12:00:00,25.0,2014-01-26 12:00:00
7965,2014-01-27 09:00:00,0,train,7978,2014,1,27,9,121.0,148.0,105.0,79.0,2500.0,1.0,-1.4,1011.7,-7.7,0.0,NE,2.0,Aotizhongxin,24.0,123.0,95.0,1077.1521739129494,-4.8,2.8,-2.2,6.679927536227101,2014-01-27 09:00:00,21.0,2014-01-28 09:00:00
7977,2014-01-27 21:00:00,0,train,7990,2014,1,27,21,11.0,38.0,17.0,23.0,500.0,52.0,3.3,1020.5,-18.2,0.0,NNE,2.0,Aotizhongxin,11.0,148.0,105.5,1796.2536231883132,-4.8,12.6,-0.19999999999999996,32.91644927535794,2014-01-27 21:00:00,65.0,2014-01-28 21:00:00
8017,2014-01-29 13:00:00,0,train,8030,2014,1,29,13,125.0,154.0,107.0,69.0,1900.0,11.0,2.7,1005.2,-6.4,0.0,ENE,1.8,Aotizhongxin,57.0,125.0,67.0,301.7101449274416,-4.6,5.1,-0.4,10.658242753618552,2014-01-29 13:00:00,12.0,2014-01-30 13:00:00
8046,2014-01-30 18:00:00,0,train,8059,2014,1,30,18,32.0,52.0,18.0,38.0,700.0,54.0,5.0,1011.9,-13.0,0.0,SSW,1.8,Aotizhongxin,11.0,217.0,27.0,7046.340579710051,-4.7,9.6,0.7,21.99413043477832,2014-01-30 18:00:00,130.0,2014-01-31 18:00:00
8105,2014-02-02 05:00:00,0,train,8118,2014,2,2,5,151.0,147.0,26.0,50.0,2400.0,1.0,1.5,1006.3,0.2,0.0,NE,1.6,Aotizhongxin,98.0,170.0,127.5,494.54891304339156,1.5,4.9,2.6,1.1857971014450661,2014-02-02 05:00:00,3.0,2014-02-03 05:00:00
8108,2014-02-02 08:00:00,0,train,8121,2014,2,2,8,136.0,138.0,29.0,59.0,2500.0,1.0,3.8,1007.7,-3.9,0.0,NNE,3.5,Aotizhongxin,98.0,170.0,127.5,463.4782608694783,1.1,4.9,2.75,1.392101449271152,2014-02-02 08:00:00,4.0,2014-02-03 08:00:00
8116,2014-02-02 16:00:00,0,train,8129,2014,2,2,16,13.0,77.0,9.0,10.0,300.0,70.0,6.0,1010.7,-20.4,0.0,NE,4.0,Aotizhongxin,11.0,151.0,117.0,2737.2101449274405,1.1,9.7,3.0,9.398532608691628,2014-02-02 16:00:00,10.0,2014-02-03 16:00:00
8181,2014-02-05 09:00:00,0,train,8194,2014,2,5,9,59.0,65.0,60.0,51.0,1800.0,1.0,-3.5,1024.4,-21.7,0.0,NE,1.3,Aotizhongxin,3.0,158.0,59.0,2258.5434782607613,-6.3,0.7,-3.05,5.5747101449225624,2014-02-05 09:00:00,119.0,2014-02-06 09:00:00
8252,2014-02-08 08:00:00,0,train,8265,2014,2,8,8,128.0,99.0,35.0,63.0,2100.0,1.0,-2.9,1020.9,-6.2,0.0,N,2.2,Aotizhongxin,69.0,128.0,88.5,296.08514492743865,-4.7,-2.2,-3.05,0.40911231883555466,2014-02-08 08:00:00,7.0,2014-02-09 08:00:00
8261,2014-02-08 17:00:00,0,train,8274,2014,2,8,17,3.0,6.0,,,,,-1.5,1023.6,-16.1,0.0,N,4.3,Aotizhongxin,3.0,135.0,82.5,1820.2590579709101,-4.7,1.7,-2.95,4.466793478256007,2014-02-08 17:00:00,5.0,2014-02-09 17:00:00
8300,2014-02-10 08:00:00,0,train,8313,2014,2,10,8,12.0,15.0,15.0,40.0,600.0,25.0,-6.6,1032.1,-18.6,0.0,ENE,1.6,Aotizhongxin,3.0,17.0,9.5,11.911231883930663,-12.2,-1.0,-5.05,11.584764492748256,2014-02-10 08:00:00,55.0,2014-02-11 08:00:00
8321,2014-02-11 05:00:00,0,train,8334,2014,2,11,5,100.0,90.0,33.0,,2500.0,1.0,-10.1,1022.7,-14.2,0.0,NNE,0.8,Aotizhongxin,8.0,109.0,26.5,1035.5579710143759,-12.2,-1.2,-7.05,12.746884057965525,2014-02-11 05:00:00,163.0,2014-02-12 05:00:00
8416,2014-02-15 04:00:00,1,train,8429,2014,2,15,4,332.0,326.0,41.0,69.0,2600.0,,-4.0,1018.1,-6.3,0.0,E,0.9,Aotizhongxin,114.0,584.0,221.0,16853.78079710144,-5.9,3.2,-3.15,7.814184782603798,2014-02-15 04:00:00,435.0,2014-02-16 04:00:00
8466,2014-02-17 06:00:00,0,train,8479,2014,2,17,6,45.0,24.0,86.0,64.0,2200.0,15.0,-1.2,1029.3,-10.1,0.0,W,0.5,Aotizhongxin,42.0,403.0,218.5,11854.144927536123,-2.8,7.0,2.1,6.975489130430544,2014-02-17 06:00:00,50.0,2014-02-18 06:00:00
8495,2014-02-18 11:00:00,0,train,8508,2014,2,18,11,59.0,69.0,64.0,55.0,1100.0,29.0,0.4,1026.4,-8.1,0.0,SW,2.0,Aotizhongxin,33.0,93.0,60.0,274.5199275359795,-5.0,5.0,-0.55,10.924347826082343,2014-02-18 11:00:00,17.0,2014-02-19 11:00:00
8498,2014-02-18 14:00:00,0,train,8511,2014,2,18,14,69.0,72.0,36.0,42.0,900.0,49.0,1.5,1023.0,-7.8,0.0,SSW,1.7,Aotizhongxin,33.0,80.0,60.0,218.8097826084421,-5.0,4.4,-0.55,7.72346014492286,2014-02-18 14:00:00,19.0,2014-02-19 14:00:00
8567,2014-02-21 11:00:00,1,train,8580,2014,2,21,11,213.0,213.0,117.0,83.0,2200.0,8.0,2.4,1022.7,-2.9,0.0,NNE,0.7,Aotizhongxin,186.0,343.0,287.0,2598.679347826043,-1.1,2.4,-0.35,1.0675362318794956,2014-02-21 11:00:00,283.0,2014-02-22 11:00:00
8578,2014-02-21 22:00:00,1,train,8591,2014,2,21,22,245.0,285.0,76.0,120.0,3000.0,1.0,-0.2,1022.9,-3.4,0.0,ENE,0.2,Aotizhongxin,196.0,324.0,244.0,1150.8405797100809,-1.1,4.0,-0.25,3.1414492753578513,2014-02-21 22:00:00,235.0,2014-02-22 22:00:00
8624,2014-02-23 20:00:00,1,train,8637,2014,2,23,20,215.0,298.0,152.0,104.0,4500.0,1.0,2.7,1023.9,-2.6,0.0,ENE,0.7,Aotizhongxin,158.0,237.0,194.0,460.37499999989404,1.4,4.1,2.75,0.47259057970591517,2014-02-23 20:00:00,325.0,2014-02-24 20:00:00
8658,2014-02-25 12:00:00,1,train,8677,2014,2,25,12,308.0,338.0,99.0,90.0,3700.0,13.0,7.7,1019.3,-1.0,0.0,NNE,1.1,Aotizhongxin,173.0,427.0,324.0,5039.418478260865,-1.1,8.0,2.4,8.205199275358181,2014-02-25 12:00:00,461.0,2014-02-26 12:00:00
8708,2014-02-27 14:00:00,0,train,8727,2014,2,27,14,20.0,5.0,10.0,12.0,400.0,74.0,8.6,1022.3,-13.1,0.0,NNW,3.3,Aotizhongxin,7.0,475.0,15.5,21794.260869565125,2.0,8.8,6.3,4.75123188405416,2014-02-27 14:00:00,90.0,2014-02-28 14:00:00
8745,2014-03-01 03:00:00,0,train,8764,2014,3,1,3,176.0,191.0,42.0,83.0,2400.0,,0.4,1018.4,-4.4,0.0,NNE,1.3,Aotizhongxin,42.0,210.0,94.0,2848.427536231803,-1.4,6.2,1.5,5.039547101444943,2014-03-01 03:00:00,127.0,2014-03-02 03:00:00
8746,2014-03-01 04:00:00,0,train,8765,2014,3,1,4,175.0,193.0,42.0,88.0,2500.0,,2.5,1019.5,-6.4,0.0,ENE,1.6,Aotizhongxin,42.0,210.0,98.0,2933.911231883979,-1.4,6.2,1.65,4.5824456521696035,2014-03-01 04:00:00,114.0,2014-03-02 04:00:00
8749,2014-03-01 07:00:00,0,train,8768,2014,3,1,7,114.0,120.0,66.0,82.0,2400.0,,2.7,1019.9,-11.6,0.0,NNW,1.6,Aotizhongxin,50.0,210.0,124.0,2227.606884057897,0.1,6.2,1.9500000000000002,3.362536231879795,2014-03-01 07:00:00,112.0,2014-03-02 07:00:00
8791,2014-03-03 01:00:00,1,train,8810,2014,3,3,1,257.0,263.0,49.0,99.0,2600.0,2.0,2.1,1017.8,-1.0,0.0,NE,1.3,Aotizhongxin,108.0,257.0,136.5,1658.086956521682,-1.1,11.0,4.0,16.937391304343844,2014-03-03 01:00:00,275.0,2014-03-04 01:00:00
8862,2014-03-06 00:00:00,0,train,8881,2014,3,6,0,3.0,10.0,5.0,19.0,400.0,60.0,-1.7,1023.5,-18.7,0.0,N,1.5,Aotizhongxin,3.0,46.0,21.0,185.5362318839548,-5.4,8.3,3.2,19.2078079710102,2014-03-06 00:00:00,59.0,2014-03-07 00:00:00
8982,2014-03-11 00:00:00,0,train,9001,2014,3,11,0,180.0,225.0,75.0,123.0,3600.0,2.0,2.9,1013.0,-3.5,0.0,ENE,1.6,Aotizhongxin,19.0,180.0,82.0,2162.6503623187677,0.3,9.2,3.5999999999999996,9.190144927532154,2014-03-11 00:00:00,8.0,2014-03-12 00:00:00
9200,2014-03-20 02:00:00,0,train,9219,2014,3,20,2,7.0,19.0,2.0,17.0,300.0,61.0,7.1,1023.0,-10.7,0.0,NNE,1.2,Aotizhongxin,7.0,88.0,55.5,682.9492753622462,4.1,13.7,9.45,7.241576086953137,2014-03-20 02:00:00,11.0,2014-03-21 02:00:00
9210,2014-03-20 12:00:00,0,train,9229,2014,3,20,12,10.0,29.0,6.0,11.0,400.0,77.0,16.0,1020.3,-9.9,0.0,NNW,3.3,Aotizhongxin,6.0,72.0,13.5,502.6938405796328,6.5,16.0,10.95,7.557391304344635,2014-03-20 12:00:00,21.0,2014-03-21 12:00:00
9235,2014-03-21 13:00:00,0,train,9254,2014,3,21,13,27.0,52.0,7.0,38.0,500.0,72.0,20.3,1012.5,-5.6,0.0,SW,2.8,Aotizhongxin,8.0,49.0,15.0,88.3460144926751,1.8,20.4,11.25,39.81565217391002,2014-03-21 13:00:00,25.0,2014-03-22 13:00:00
9367,2014-03-27 01:00:00,0,train,9386,2014,3,27,1,410.0,469.0,38.0,164.0,2500.0,2.0,12.9,1005.2,10.3,0.0,NE,1.0,Aotizhongxin,220.0,410.0,301.5,2782.693840579697,8.6,23.2,14.55,23.453894927533774,2014-03-27 01:00:00,147.0,2014-03-28 01:00:00
9418,2014-03-29 04:00:00,0,train,9437,2014,3,29,4,22.0,31.0,8.0,27.0,200.0,39.0,12.0,1006.3,3.0,0.0,NNE,1.5,Aotizhongxin,5.0,204.0,117.0,3052.6304347824766,11.5,23.6,15.45,16.56804347825851,2014-03-29 04:00:00,57.0,2014-03-30 04:00:00
9429,2014-03-29 15:00:00,0,train,9448,2014,3,29,15,24.0,32.0,5.0,6.0,300.0,106.0,23.0,1005.0,1.3,0.0,NE,3.4,Aotizhongxin,5.0,204.0,27.0,4236.302536231721,12.0,23.0,16.9,14.252101449273066,2014-03-29 15:00:00,12.0,2014-03-30 15:00:00
9442,2014-03-30 04:00:00,0,train,9461,2014,3,30,4,57.0,159.0,17.0,99.0,800.0,2.0,8.1,1009.2,3.7,0.0,E,0.5,Aotizhongxin,22.0,71.0,27.5,248.68840579691138,8.1,23.0,17.35,26.42601449275121,2014-03-30 04:00:00,165.0,2014-03-31 04:00:00
9450,2014-03-30 12:00:00,1,train,9469,2014,3,30,12,19.0,28.0,9.0,25.0,400.0,86.0,24.6,1009.7,0.1,0.0,ESE,3.2,Aotizhongxin,19.0,71.0,38.5,214.60688405778353,8.1,24.6,18.2,35.07824275362082,2014-03-30 12:00:00,257.0,2014-03-31 12:00:00
9492,2014-04-01 06:00:00,0,train,9511,2014,4,1,6,143.0,168.0,9.0,90.0,1200.0,2.0,8.8,1009.3,7.4,0.0,NE,1.0,Aotizhongxin,6.0,271.0,136.5,4110.405797101344,8.8,22.3,15.350000000000001,18.89760869564961,2014-04-01 06:00:00,128.0,2014-04-02 06:00:00
9512,2014-04-02 02:00:00,0,train,9531,2014,4,2,2,108.0,144.0,34.0,70.0,700.0,39.0,11.9,1004.5,7.4,0.0,NE,0.7,Aotizhongxin,43.0,209.0,111.0,1869.6938405795843,8.8,23.6,18.75,24.90079710144702,2014-04-02 02:00:00,52.0,2014-04-03 02:00:00
9531,2014-04-02 21:00:00,0,train,9550,2014,4,2,21,101.0,193.0,24.0,64.0,900.0,60.0,15.4,1016.2,1.9,0.0,SE,2.0,Aotizhongxin,27.0,156.0,105.5,929.7318840578411,10.8,23.6,17.049999999999997,17.316449275360068,2014-04-02 21:00:00,12.0,2014-04-03 21:00:00
9578,2014-04-04 20:00:00,0,train,9597,2014,4,4,20,13.0,148.0,2.0,20.0,300.0,83.0,16.7,1013.1,-11.9,0.0,NNE,3.8,Aotizhongxin,12.0,62.0,32.5,225.85326086939364,3.8,26.4,13.0,55.807536231881414,2014-04-04 20:00:00,37.0,2014-04-05 20:00:00
9622,2014-04-06 16:00:00,0,train,9641,2014,4,6,16,46.0,173.0,9.0,31.0,400.0,110.0,22.8,1007.1,-2.8,0.0,SW,4.0,Aotizhongxin,14.0,82.0,52.5,376.3894927534649,4.1,24.3,14.8,52.88867753622913,2014-04-06 16:00:00,109.0,2014-04-07 16:00:00
9626,2014-04-06 20:00:00,0,train,9645,2014,4,6,20,61.0,218.0,25.0,39.0,800.0,88.0,18.6,1008.0,0.7,0.0,SW,5.0,Aotizhongxin,32.0,82.0,59.0,234.1956521737577,4.1,24.3,16.6,58.52717391304084,2014-04-06 20:00:00,115.0,2014-04-07 20:00:00
9655,2014-04-08 01:00:00,0,train,9674,2014,4,8,1,160.0,244.0,36.0,165.0,1500.0,2.0,10.5,1008.7,7.4,0.0,E,0.6,Aotizhongxin,57.0,166.0,107.0,745.2010869563973,7.5,25.1,16.85,38.026793478258526,2014-04-08 01:00:00,148.0,2014-04-09 01:00:00
9670,2014-04-08 16:00:00,0,train,9689,2014,4,8,16,178.0,215.0,44.0,44.0,1000.0,190.0,24.0,1004.0,5.3,0.0,SSW,3.1,Aotizhongxin,100.0,238.0,172.5,1451.5634057970174,10.5,24.3,16.75,27.727536231881775,2014-04-08 16:00:00,52.0,2014-04-09 16:00:00
9792,2014-04-13 18:00:00,1,train,9811,2014,4,13,18,176.0,212.0,31.0,65.0,1100.0,176.0,20.9,1010.0,8.5,0.0,SW,2.0,Aotizhongxin,112.0,221.0,149.5,1166.2536231883153,8.8,23.3,15.2,26.070416666664173,2014-04-13 18:00:00,216.0,2014-04-14 18:00:00
9909,2014-04-18 15:00:00,0,train,9928,2014,4,18,15,111.0,122.0,15.0,42.0,1000.0,132.0,20.4,1012.2,11.3,0.0,S,1.2,Aotizhongxin,84.0,188.0,126.5,718.8913043477074,12.6,21.0,15.850000000000001,6.592391304345432,2014-04-18 15:00:00,46.0,2014-04-19 15:00:00
9962,2014-04-20 20:00:00,0,train,9981,2014,4,20,20,61.0,125.0,9.0,47.0,500.0,96.0,17.5,1009.6,6.1,0.0,SSW,1.3,Aotizhongxin,3.0,121.0,67.5,970.579710144768,7.4,22.9,15.5,31.962590579707438,2014-04-20 20:00:00,39.0,2014-04-21 20:00:00
10042,2014-04-24 04:00:00,0,train,10061,2014,4,24,4,89.0,108.0,10.0,29.0,400.0,81.0,16.0,1007.2,11.4,0.0,SSW,1.3,Aotizhongxin,72.0,205.0,132.0,1851.911231883944,12.3,24.3,20.35,10.822590579708555,2014-04-24 04:00:00,141.0,2014-04-25 04:00:00
10049,2014-04-24 11:00:00,1,train,10068,2014,4,24,11,114.0,138.0,20.0,53.0,700.0,60.0,19.4,1009.8,12.4,0.0,WSW,1.4,Aotizhongxin,72.0,205.0,114.0,1702.2445652172676,14.4,24.3,19.25,7.9698369565201395,2014-04-24 11:00:00,207.0,2014-04-25 11:00:00
10052,2014-04-24 14:00:00,1,train,10071,2014,4,24,14,140.0,178.0,32.0,48.0,800.0,86.0,23.6,1007.3,14.6,0.0,S,2.2,Aotizhongxin,72.0,177.0,114.0,830.5144927534906,14.4,23.6,19.25,7.033025362317207,2014-04-24 14:00:00,199.0,2014-04-25 14:00:00
10114,2014-05-01 04:00:00,0,train,10229,2014,5,1,4,130.0,190.0,15.0,88.0,700.0,36.0,14.6,1002.3,13.3,0.0,SSW,0.0,Aotizhongxin,85.0,185.0,115.0,859.3894927536231,12.6,27.6,21.95,20.879057971013445,2014-05-01 04:00:00,36.0,2014-05-02 04:00:00
10129,2014-05-01 19:00:00,0,train,10244,2014,5,1,19,67.0,292.0,8.0,28.0,500.0,59.0,17.6,1003.9,4.5,0.0,NNE,4.9,Aotizhongxin,67.0,181.0,139.0,1052.8097826086962,14.4,25.9,20.75,14.613894927534911,2014-05-01 19:00:00,12.0,2014-05-02 19:00:00
10192,2014-05-04 10:00:00,0,train,10307,2014,5,4,10,49.0,143.0,2.0,9.0,400.0,82.0,16.1,1012.0,-13.4,0.0,NNE,6.4,Aotizhongxin,32.0,99.0,48.0,367.88405797100654,9.5,23.0,14.2,21.638242753620386,2014-05-04 10:00:00,39.0,2014-05-05 10:00:00
10214,2014-05-05 08:00:00,0,train,10329,2014,5,5,8,33.0,91.0,2.0,36.0,400.0,46.0,14.9,1014.8,-8.6,0.0,NNE,3.2,Aotizhongxin,26.0,98.0,36.5,291.5579710144839,5.4,17.7,11.5,23.867826086952718,2014-05-05 08:00:00,118.0,2014-05-06 08:00:00
10294,2014-05-08 16:00:00,0,train,10409,2014,5,8,16,78.0,146.0,16.0,29.0,700.0,162.0,22.2,1005.5,6.8,0.0,SW,1.5,Aotizhongxin,14.0,146.0,87.0,1530.7373188405747,10.3,24.8,18.45,20.81737318840354,2014-05-08 16:00:00,72.0,2014-05-09 16:00:00
10327,2014-05-10 01:00:00,0,train,10442,2014,5,10,1,48.0,84.0,23.0,47.0,1100.0,73.0,15.1,1010.1,6.4,0.0,E,1.7,Aotizhongxin,34.0,83.0,64.5,229.01449275361372,15.1,19.6,16.9,1.5182608695628714,2014-05-10 01:00:00,40.0,2014-05-11 01:00:00
10408,2014-05-13 10:00:00,0,train,10523,2014,5,13,10,89.0,207.0,19.0,97.0,900.0,14.0,24.7,995.0,12.9,0.0,WNW,0.9,Aotizhongxin,12.0,89.0,45.5,422.6956521739006,13.0,29.0,23.15,30.156503623187568,2014-05-13 10:00:00,13.0,2014-05-14 10:00:00
10416,2014-05-13 18:00:00,0,train,10531,2014,5,13,18,30.0,83.0,8.0,19.0,300.0,110.0,26.7,993.2,-3.0,0.0,N,3.4,Aotizhongxin,30.0,102.0,54.0,442.67934782607716,13.0,29.8,23.15,32.438677536231104,2014-05-13 18:00:00,14.0,2014-05-14 18:00:00
10447,2014-05-15 01:00:00,0,train,10562,2014,5,15,1,56.0,208.0,10.0,100.0,600.0,2.0,10.1,995.2,6.6,0.0,ENE,1.0,Aotizhongxin,10.0,91.0,19.0,334.49275362316905,10.1,23.2,17.9,13.416938405794719,2014-05-15 01:00:00,78.0,2014-05-16 01:00:00
10467,2014-05-15 21:00:00,0,train,10582,2014,5,15,21,122.0,416.0,11.0,113.0,700.0,22.0,21.8,994.3,9.0,0.0,SE,0.0,Aotizhongxin,27.0,123.0,55.0,1064.1286231883983,8.7,27.8,21.55,56.30389492753444,2014-05-15 21:00:00,50.0,2014-05-16 21:00:00
10528,2014-05-18 10:00:00,0,train,10643,2014,5,18,10,96.0,129.0,28.0,71.0,900.0,56.0,25.7,1004.4,11.8,0.0,SE,1.3,Aotizhongxin,45.0,160.0,76.0,864.144927536229,14.2,27.3,22.4,20.84461956521634,2014-05-18 10:00:00,82.0,2014-05-19 10:00:00
10549,2014-05-19 07:00:00,0,train,10664,2014,5,19,7,77.0,77.0,4.0,49.0,600.0,57.0,19.0,1001.1,17.5,0.0,ENE,0.4,Aotizhongxin,64.0,157.0,90.5,574.6884057971055,17.8,29.0,25.5,16.711721014492497,2014-05-19 07:00:00,102.0,2014-05-20 07:00:00
10589,2014-05-20 23:00:00,0,train,10704,2014,5,20,23,123.0,212.0,25.0,63.0,1900.0,116.0,22.5,1000.2,14.1,0.0,NE,0.8,Aotizhongxin,15.0,220.0,72.0,5421.432971014495,18.1,31.9,25.65,23.861721014492765,2014-05-20 23:00:00,174.0,2014-05-21 23:00:00
10648,2014-05-23 10:00:00,0,train,10763,2014,5,23,10,120.0,217.0,45.0,64.0,900.0,137.0,31.3,1005.0,16.5,0.0,WSW,3.5,Aotizhongxin,42.0,282.0,81.5,3665.3315217391423,19.5,33.6,27.7,21.206358695652977,2014-05-23 10:00:00,85.0,2014-05-24 10:00:00
10664,2014-05-24 02:00:00,0,train,10779,2014,5,24,2,105.0,192.0,27.0,64.0,1300.0,62.0,24.3,1002.2,17.8,0.0,N,1.8,Aotizhongxin,54.0,120.0,92.0,451.50543478261733,19.5,32.3,27.05,16.027536231884667,2014-05-24 02:00:00,102.0,2014-05-25 02:00:00
10676,2014-05-24 14:00:00,0,train,10791,2014,5,24,14,70.0,70.0,2.0,49.0,900.0,29.0,21.1,1001.4,20.1,0.0,E,1.1,Aotizhongxin,54.0,107.0,80.0,291.6358695652248,19.2,31.3,22.700000000000003,17.18260869565162,2014-05-24 14:00:00,21.0,2014-05-25 14:00:00
10724,2014-05-26 14:00:00,0,train,10839,2014,5,26,14,30.0,80.0,6.0,23.0,300.0,145.0,33.3,989.9,8.7,0.0,SW,2.6,Aotizhongxin,11.0,41.0,22.5,73.37500000000946,13.4,33.3,23.549999999999997,47.8347644927529,2014-05-26 14:00:00,14.0,2014-05-27 14:00:00
10727,2014-05-26 17:00:00,0,train,10842,2014,5,26,17,44.0,44.0,6.0,49.0,400.0,128.0,35.4,987.7,0.4,0.0,NNW,3.0,Aotizhongxin,11.0,44.0,24.5,102.91123188406745,13.4,35.5,23.549999999999997,62.87244565217349,2014-05-26 17:00:00,16.0,2014-05-27 17:00:00
10794,2014-05-29 12:00:00,0,train,10909,2014,5,29,12,58.0,58.0,18.0,63.0,800.0,213.0,39.2,990.9,4.6,0.0,ENE,1.8,Aotizhongxin,23.0,73.0,49.5,227.6521739130519,19.2,39.2,29.85,40.068677536233224,2014-05-29 12:00:00,122.0,2014-05-30 12:00:00
10799,2014-05-29 17:00:00,0,train,10914,2014,5,29,17,21.0,21.0,24.0,30.0,900.0,180.0,35.7,991.6,12.0,0.0,WSW,1.2,Aotizhongxin,19.0,73.0,53.0,276.2590579710229,19.2,40.5,29.85,51.694130434784185,2014-05-29 17:00:00,111.0,2014-05-30 17:00:00
10805,2014-05-29 23:00:00,0,train,10920,2014,5,29,23,63.0,63.0,7.0,185.0,1200.0,17.0,23.8,996.3,17.8,0.0,NNE,0.0,Aotizhongxin,19.0,113.0,57.0,397.3260869565302,19.2,40.5,27.8,56.96601449275489,2014-05-29 23:00:00,84.0,2014-05-30 23:00:00
10863,2014-06-01 09:00:00,0,train,10978,2014,6,1,9,41.0,62.0,4.0,38.0,400.0,101.0,24.6,1001.7,15.8,0.0,NNE,3.6,Aotizhongxin,41.0,152.0,115.5,2023.5199275362415,20.3,33.5,24.0,27.24695652173921,2014-06-01 09:00:00,19.0,2014-06-02 09:00:00
10981,2014-06-06 07:00:00,0,train,11096,2014,6,6,7,88.0,88.0,10.0,47.0,1000.0,31.0,24.1,998.7,19.8,0.0,E,0.4,Aotizhongxin,42.0,115.0,79.0,439.72282608696554,22.7,33.7,28.75,14.676938405797921,2014-06-06 07:00:00,9.0,2014-06-07 07:00:00
11028,2014-06-08 06:00:00,0,train,11143,2014,6,8,6,18.0,18.0,2.0,50.0,400.0,8.0,19.3,997.5,14.1,0.0,E,1.0,Aotizhongxin,3.0,33.0,9.5,91.30253623189579,18.2,30.7,24.05,19.721449275361696,2014-06-08 06:00:00,21.0,2014-06-09 06:00:00
11094,2014-06-11 00:00:00,0,train,11209,2014,6,11,0,88.0,88.0,2.0,78.0,1000.0,17.0,19.9,1004.7,18.7,0.0,NE,0.8,Aotizhongxin,48.0,113.0,81.0,357.64492753623927,17.4,26.8,20.85,8.290271739128908,2014-06-11 00:00:00,42.0,2014-06-12 00:00:00
11191,2014-06-15 01:00:00,0,train,11306,2014,6,15,1,130.0,130.0,3.0,89.0,1200.0,63.0,23.3,999.7,19.5,0.0,SSW,0.4,Aotizhongxin,18.0,130.0,41.5,966.4764492753732,18.1,33.3,25.85,23.926503623188346,2014-06-15 01:00:00,109.0,2014-06-16 01:00:00
11194,2014-06-15 04:00:00,0,train,11309,2014,6,15,4,96.0,96.0,10.0,100.0,2200.0,23.0,23.0,999.7,20.5,0.0,NE,0.8,Aotizhongxin,18.0,130.0,44.0,1164.6956521739219,18.6,33.3,25.85,17.463750000000097,2014-06-15 04:00:00,107.0,2014-06-16 04:00:00
11259,2014-06-17 21:00:00,0,train,11374,2014,6,17,21,74.0,74.0,2.0,64.0,900.0,56.0,20.2,998.0,20.2,0.0,NE,0.0,Aotizhongxin,14.0,245.0,72.0,4250.195652173918,18.4,26.7,21.200000000000003,8.681286231882904,2014-06-17 21:00:00,94.0,2014-06-18 21:00:00
11319,2014-06-20 09:00:00,0,train,11434,2014,6,20,9,32.0,32.0,2.0,33.0,900.0,58.0,21.9,1002.3,20.4,0.0,NE,1.3,Aotizhongxin,26.0,223.0,86.0,3585.766304347828,19.1,27.8,23.200000000000003,11.526014492752614,2014-06-20 09:00:00,82.0,2014-06-21 09:00:00
11344,2014-06-21 10:00:00,0,train,11459,2014,6,21,10,89.0,89.0,4.0,47.0,1100.0,48.0,23.0,1003.8,19.0,0.0,W,0.8,Aotizhongxin,15.0,97.0,75.0,944.4329710145001,20.3,28.4,22.9,7.213840579709462,2014-06-21 10:00:00,42.0,2014-06-22 10:00:00
11346,2014-06-21 12:00:00,0,train,11461,2014,6,21,12,88.0,88.0,13.0,35.0,1300.0,92.0,25.5,1002.4,19.2,0.0,WNW,1.9,Aotizhongxin,15.0,97.0,78.0,906.804347826094,20.3,28.4,22.9,7.053840579709439,2014-06-21 12:00:00,44.0,2014-06-22 12:00:00
11411,2014-06-24 05:00:00,0,train,11526,2014,6,24,5,55.0,55.0,5.0,110.0,600.0,2.0,20.2,1000.1,17.6,0.0,ENE,1.6,Aotizhongxin,15.0,57.0,28.5,175.1721014492852,19.1,32.3,24.799999999999997,21.533840579710024,2014-06-24 05:00:00,75.0,2014-06-25 05:00:00
11540,2014-06-29 14:00:00,0,train,11655,2014,6,29,14,54.0,54.0,27.0,39.0,1200.0,196.0,34.0,999.1,16.4,0.0,SSW,2.5,Aotizhongxin,16.0,63.0,26.0,222.38949275363967,22.1,36.6,28.9,22.836449275363346,2014-06-29 14:00:00,114.0,2014-06-30 14:00:00
11580,2014-07-01 06:00:00,0,train,11695,2014,7,1,6,88.0,88.0,12.0,51.0,700.0,49.0,25.5,999.9,19.9,0.0,ENE,1.4,Aotizhongxin,47.0,114.0,68.0,277.86775362319224,23.3,35.2,29.8,14.464619565218772,2014-07-01 06:00:00,44.0,2014-07-02 06:00:00
11587,2014-07-01 13:00:00,0,train,11702,2014,7,1,13,128.0,128.0,20.0,53.0,1200.0,157.0,30.4,998.0,20.6,0.0,WSW,1.6,Aotizhongxin,47.0,136.0,74.0,850.9565217391306,23.3,35.2,29.55,11.77259057971132,2014-07-01 13:00:00,56.0,2014-07-02 13:00:00
11602,2014-07-02 04:00:00,1,train,11717,2014,7,2,4,45.0,45.0,3.0,15.0,600.0,103.0,21.2,997.5,21.2,0.2,ENE,0.0,Aotizhongxin,22.0,188.0,120.0,2176.8242753623135,21.2,31.2,27.950000000000003,14.605144927536507,2014-07-02 04:00:00,186.0,2014-07-03 04:00:00
11681,2014-07-05 11:00:00,1,train,11796,2014,7,5,11,134.0,134.0,3.0,42.0,1000.0,122.0,30.4,1001.3,21.8,0.0,SSW,1.4,Aotizhongxin,117.0,229.0,157.0,787.3840579709773,22.9,33.9,27.4,11.371884057971643,2014-07-05 11:00:00,228.0,2014-07-06 11:00:00
11682,2014-07-05 12:00:00,1,train,11797,2014,7,5,12,149.0,149.0,4.0,37.0,900.0,151.0,31.2,1001.1,21.4,0.0,W,2.8,Aotizhongxin,117.0,229.0,155.0,780.7536231883689,22.9,33.9,27.4,11.12244565217453,2014-07-05 12:00:00,229.0,2014-07-06 12:00:00
11700,2014-07-06 06:00:00,0,train,11815,2014,7,6,6,203.0,203.0,2.0,42.0,1100.0,62.0,25.1,999.9,23.9,0.0,W,1.0,Aotizhongxin,75.0,280.0,131.5,3556.7826086956175,24.2,31.9,28.450000000000003,6.156739130435744,2014-07-06 06:00:00,87.0,2014-07-07 06:00:00
11764,2014-07-08 22:00:00,0,train,11879,2014,7,8,22,47.0,47.0,7.0,122.0,900.0,2.0,24.1,998.2,19.2,0.0,SE,0.0,Aotizhongxin,8.0,261.0,98.0,8318.215579710146,24.1,33.9,27.45,13.02318840579821,2014-07-08 22:00:00,44.0,2014-07-09 22:00:00
11768,2014-07-09 02:00:00,0,train,11883,2014,7,9,2,51.0,51.0,7.0,100.0,600.0,2.0,23.2,998.9,16.7,0.0,ENE,0.8,Aotizhongxin,8.0,192.0,50.5,3989.21014492756,23.2,33.9,26.9,16.222155797102367,2014-07-09 02:00:00,53.0,2014-07-10 02:00:00
11881,2014-07-13 19:00:00,0,train,11996,2014,7,13,19,12.0,12.0,2.0,58.0,300.0,64.0,26.1,995.4,21.7,0.0,SE,0.0,Aotizhongxin,5.0,39.0,13.0,100.63586956527554,21.3,36.1,27.3,21.464184782609415,2014-07-13 19:00:00,36.0,2014-07-14 19:00:00
11890,2014-07-14 04:00:00,0,train,12005,2014,7,14,4,15.0,15.0,6.0,40.0,500.0,21.0,20.1,997.4,19.1,0.0,E,0.0,Aotizhongxin,5.0,52.0,13.5,230.86956521744725,20.1,36.1,25.85,25.578097826087447,2014-07-14 04:00:00,37.0,2014-07-15 04:00:00
12048,2014-07-20 18:00:00,0,train,12163,2014,7,20,18,79.0,79.0,2.0,19.0,600.0,169.0,33.0,995.7,24.7,0.0,SW,3.3,Aotizhongxin,39.0,105.0,64.0,232.65036231887711,27.1,34.0,31.05,6.786086956523408,2014-07-20 18:00:00,10.0,2014-07-21 18:00:00
12147,2014-07-24 21:00:00,0,train,12262,2014,7,24,21,38.0,38.0,5.0,55.0,600.0,81.0,25.4,1001.8,19.3,0.0,W,1.1,Aotizhongxin,38.0,106.0,69.0,397.9347826087297,23.2,30.3,25.7,5.059981884058001,2014-07-24 21:00:00,65.0,2014-07-25 21:00:00
12215,2014-07-27 17:00:00,0,train,12330,2014,7,27,17,106.0,106.0,18.0,28.0,900.0,229.0,32.8,998.4,21.0,0.0,WSW,2.5,Aotizhongxin,65.0,155.0,103.5,670.7807971014607,22.1,34.5,29.549999999999997,15.499836956522989,2014-07-27 17:00:00,79.0,2014-07-28 17:00:00
12277,2014-07-30 07:00:00,1,train,12392,2014,7,30,7,114.0,114.0,2.0,30.0,800.0,78.0,23.2,999.9,23.2,2.8,NE,1.1,Aotizhongxin,35.0,201.0,98.0,1497.9927536231999,23.0,33.1,28.950000000000003,16.482608695652928,2014-07-30 07:00:00,250.0,2014-07-31 07:00:00
12371,2014-08-03 05:00:00,0,train,12486,2014,8,3,5,171.0,171.0,3.0,35.0,800.0,89.0,26.0,995.9,26.0,0.0,NE,0.8,Aotizhongxin,76.0,190.0,140.0,1023.0652173912956,26.0,34.9,28.85,9.422155797102858,2014-08-03 05:00:00,104.0,2014-08-04 05:00:00
12392,2014-08-04 02:00:00,0,train,12507,2014,8,4,2,90.0,90.0,2.0,106.0,800.0,2.0,26.3,995.5,25.1,0.1,ENE,0.6,Aotizhongxin,70.0,188.0,100.5,1223.7101449275415,26.0,34.4,28.55,6.817101449276648,2014-08-04 02:00:00,13.0,2014-08-05 02:00:00
12395,2014-08-04 05:00:00,0,train,12510,2014,8,4,5,104.0,104.0,2.0,81.0,900.0,3.0,25.6,995.9,24.9,0.0,ENE,1.1,Aotizhongxin,70.0,162.0,97.5,519.5579710145036,25.6,34.4,28.55,7.114710144928808,2014-08-04 05:00:00,15.0,2014-08-05 05:00:00
12436,2014-08-05 22:00:00,0,train,12551,2014,8,5,22,41.0,41.0,3.0,60.0,400.0,43.0,24.8,1000.6,22.9,0.0,SSE,0.1,Aotizhongxin,10.0,51.0,24.0,145.41847826092098,19.5,32.5,25.9,20.287753623188316,2014-08-05 22:00:00,39.0,2014-08-06 22:00:00
12467,2014-08-07 05:00:00,0,train,12582,2014,8,7,5,87.0,87.0,4.0,76.0,900.0,8.0,21.7,1004.7,19.3,0.0,ENE,0.7,Aotizhongxin,3.0,131.0,36.0,1644.2590579710522,21.7,34.4,26.15,26.15157608695722,2014-08-07 05:00:00,55.0,2014-08-08 05:00:00
12479,2014-08-07 17:00:00,0,train,12594,2014,8,7,17,49.0,49.0,11.0,31.0,900.0,214.0,31.2,1001.4,17.5,0.0,SW,2.4,Aotizhongxin,15.0,131.0,64.0,1051.304347826115,21.7,32.8,25.5,18.769402173913466,2014-08-07 17:00:00,49.0,2014-08-08 17:00:00
12535,2014-08-10 01:00:00,0,train,12650,2014,8,10,1,19.0,19.0,2.0,47.0,400.0,52.0,19.9,999.1,19.9,0.0,NE,0.5,Aotizhongxin,7.0,177.0,79.0,2270.9112318840785,19.9,31.7,25.05,21.77548913043474,2014-08-10 01:00:00,76.0,2014-08-11 01:00:00
12539,2014-08-10 05:00:00,0,train,12654,2014,8,10,5,28.0,28.0,2.0,45.0,300.0,31.0,19.1,998.7,19.1,0.0,WNW,0.6,Aotizhongxin,7.0,177.0,56.0,2555.8242753623463,19.1,31.7,25.05,24.768695652173772,2014-08-10 05:00:00,20.0,2014-08-11 05:00:00
12551,2014-08-10 17:00:00,0,train,12666,2014,8,10,17,32.0,32.0,3.0,32.0,400.0,170.0,31.5,994.4,20.1,0.0,SW,2.5,Aotizhongxin,7.0,53.0,32.5,185.0652173913517,19.1,32.4,23.15,28.52927536231867,2014-08-10 17:00:00,10.0,2014-08-11 17:00:00
12690,2014-08-16 12:00:00,0,train,12805,2014,8,16,12,55.0,55.0,4.0,32.0,600.0,176.0,33.0,1001.7,17.2,0.0,SSE,1.1,Aotizhongxin,25.0,88.0,37.5,317.4764492754031,20.3,33.0,26.85,19.47123188405825,2014-08-16 12:00:00,47.0,2014-08-17 12:00:00
12714,2014-08-17 12:00:00,0,train,12829,2014,8,17,12,47.0,47.0,5.0,44.0,600.0,126.0,30.6,1003.7,16.2,0.0,SSW,2.2,Aotizhongxin,31.0,183.0,46.5,1604.4329710145219,22.3,34.3,25.5,14.436739130435246,2014-08-17 12:00:00,57.0,2014-08-18 12:00:00
12746,2014-08-18 20:00:00,0,train,12861,2014,8,18,20,75.0,129.0,4.0,38.0,600.0,135.0,26.2,1005.8,20.1,0.0,SW,1.7,Aotizhongxin,28.0,100.0,64.0,478.69565217394177,21.8,30.9,26.15,11.552445652174049,2014-08-18 20:00:00,85.0,2014-08-19 20:00:00
12761,2014-08-19 11:00:00,0,train,12876,2014,8,19,11,120.0,136.0,2.0,48.0,1000.0,146.0,31.0,1005.8,20.9,0.0,SW,1.5,Aotizhongxin,57.0,149.0,83.0,605.8840579710246,20.1,31.0,26.15,14.834619565217515,2014-08-19 11:00:00,149.0,2014-08-20 11:00:00
12871,2014-08-24 01:00:00,0,train,12986,2014,8,24,1,18.0,18.0,2.0,48.0,500.0,50.0,21.3,999.7,21.3,0.0,NE,1.8,Aotizhongxin,18.0,163.0,121.0,1268.8405797101386,21.1,32.4,27.1,16.67971014492779,2014-08-24 01:00:00,31.0,2014-08-25 01:00:00
12896,2014-08-25 02:00:00,0,train,13011,2014,8,25,2,27.0,36.0,2.0,67.0,600.0,6.0,21.1,1005.0,19.9,0.0,W,0.0,Aotizhongxin,7.0,46.0,15.0,141.7101449276053,20.8,32.6,26.15,16.052101449275682,2014-08-25 02:00:00,31.0,2014-08-26 02:00:00
12914,2014-08-25 20:00:00,0,train,13029,2014,8,25,20,18.0,77.0,2.0,43.0,300.0,104.0,26.5,1005.9,12.9,0.0,WSW,1.2,Aotizhongxin,3.0,46.0,16.5,138.6068840580411,19.0,33.5,26.85,22.19809782608736,2014-08-25 20:00:00,24.0,2014-08-26 20:00:00
13108,2014-09-02 22:00:00,0,train,13223,2014,9,2,22,17.0,19.0,3.0,49.0,500.0,24.0,18.8,1006.4,18.8,0.0,NE,0.2,Aotizhongxin,13.0,45.0,24.0,66.9275362319614,18.8,23.6,19.95,1.385199275360426,2014-09-02 22:00:00,21.0,2014-09-03 22:00:00
13191,2014-09-06 09:00:00,1,train,13306,2014,9,6,9,136.0,136.0,2.0,55.0,1400.0,40.0,25.1,1007.0,21.2,0.0,ENE,0.9,Aotizhongxin,75.0,156.0,132.0,714.6086956521676,20.3,30.7,24.9,11.57130434782601,2014-09-06 09:00:00,195.0,2014-09-07 09:00:00
13213,2014-09-07 07:00:00,0,train,13328,2014,9,7,7,172.0,193.0,2.0,78.0,1000.0,9.0,22.1,1003.3,21.4,0.0,SSE,0.0,Aotizhongxin,105.0,173.0,143.5,375.4329710144693,21.6,28.7,25.15,5.686884057970929,2014-09-07 07:00:00,7.0,2014-09-08 07:00:00
13398,2014-09-15 00:00:00,0,train,13513,2014,9,15,0,39.0,134.0,5.0,77.0,800.0,2.0,14.2,1013.6,12.9,0.0,E,0.0,Aotizhongxin,9.0,108.0,35.0,1138.6503623189321,14.2,22.9,19.85,7.980706521736738,2014-09-15 00:00:00,27.0,2014-09-16 00:00:00
13405,2014-09-15 07:00:00,0,train,13520,2014,9,15,7,17.0,33.0,3.0,51.0,300.0,2.0,18.9,1014.7,8.5,0.0,ENE,1.2,Aotizhongxin,9.0,83.0,19.5,376.30253623199803,14.0,22.9,16.85,13.052753623185385,2014-09-15 07:00:00,19.0,2014-09-16 07:00:00
13407,2014-09-15 09:00:00,0,train,13522,2014,9,15,9,16.0,16.0,21.0,46.0,400.0,8.0,23.6,1014.5,5.0,0.0,ENE,2.5,Aotizhongxin,9.0,44.0,19.0,120.92753623200426,14.0,23.6,16.85,13.316793478257857,2014-09-15 09:00:00,21.0,2014-09-16 09:00:00
13422,2014-09-16 00:00:00,0,train,13537,2014,9,16,0,27.0,118.0,3.0,77.0,400.0,2.0,13.9,1012.0,9.5,0.0,NE,1.3,Aotizhongxin,3.0,45.0,17.5,119.69384057983417,13.9,28.7,20.95,30.506503623186482,2014-09-16 00:00:00,49.0,2014-09-17 00:00:00
13440,2014-09-16 18:00:00,0,train,13555,2014,9,16,18,84.0,187.0,9.0,140.0,800.0,2.0,18.2,1012.2,13.3,0.0,WSW,0.0,Aotizhongxin,16.0,84.0,25.5,284.0706521740227,13.1,21.7,18.950000000000003,9.52070652173604,2014-09-16 18:00:00,41.0,2014-09-17 18:00:00
13469,2014-09-17 23:00:00,0,train,13584,2014,9,17,23,54.0,94.0,2.0,82.0,700.0,2.0,13.3,1015.8,13.3,0.0,WSW,0.0,Aotizhongxin,17.0,100.0,45.0,659.1141304348728,13.3,22.7,17.2,8.606014492750527,2014-09-17 23:00:00,59.0,2014-09-18 23:00:00
13596,2014-09-23 06:00:00,0,train,13711,2014,9,23,6,46.0,46.0,2.0,36.0,600.0,13.0,17.4,1012.4,17.4,0.0,NE,0.9,Aotizhongxin,46.0,137.0,99.5,496.288043478295,17.4,21.6,19.450000000000003,1.8938949275338075,2014-09-23 06:00:00,11.0,2014-09-24 06:00:00
13617,2014-09-24 03:00:00,0,train,13732,2014,9,24,3,40.0,40.0,5.0,48.0,1700.0,2.0,16.6,1010.9,16.6,0.9,ENE,1.2,Aotizhongxin,26.0,67.0,39.5,98.0217391305414,16.6,18.7,17.4,0.24666666666333906,2014-09-24 03:00:00,87.0,2014-09-25 03:00:00
13672,2014-09-26 10:00:00,0,train,13787,2014,9,26,10,122.0,122.0,12.0,77.0,1500.0,6.0,20.4,1005.2,17.2,0.0,S,0.5,Aotizhongxin,72.0,169.0,124.5,818.6304347826173,16.6,22.2,19.950000000000003,1.8318840579687297,2014-09-26 10:00:00,31.0,2014-09-27 10:00:00
13689,2014-09-27 03:00:00,0,train,13804,2014,9,27,3,11.0,11.0,3.0,32.0,200.0,36.0,13.3,1009.2,13.0,0.0,N,0.4,Aotizhongxin,11.0,194.0,123.5,2188.0851449275347,13.3,23.2,18.35,7.250271739127435,2014-09-27 03:00:00,73.0,2014-09-28 03:00:00
13710,2014-09-28 00:00:00,0,train,13825,2014,9,28,0,75.0,218.0,11.0,136.0,1300.0,2.0,16.0,1011.6,14.5,0.0,E,0.0,Aotizhongxin,7.0,86.0,26.0,525.244565217516,13.3,26.1,17.7,18.74389492753359,2014-09-28 00:00:00,79.0,2014-09-29 00:00:00
13729,2014-09-28 19:00:00,0,train,13844,2014,9,28,19,47.0,80.0,8.0,78.0,900.0,27.0,17.9,1009.0,15.0,0.0,S,0.0,Aotizhongxin,24.0,101.0,59.5,382.04166666675513,15.8,22.4,17.3,6.205199275359322,2014-09-28 19:00:00,12.0,2014-09-29 19:00:00
13731,2014-09-28 21:00:00,0,train,13846,2014,9,28,21,50.0,98.0,8.0,104.0,1000.0,2.0,17.0,1008.7,15.3,0.0,SW,0.0,Aotizhongxin,24.0,101.0,59.5,358.2155797102325,15.8,22.4,17.65,5.990706521736165,2014-09-28 21:00:00,20.0,2014-09-29 21:00:00
13776,2014-09-30 18:00:00,0,train,13891,2014,9,30,18,27.0,63.0,6.0,40.0,400.0,31.0,12.0,1016.2,5.8,0.0,WSW,0.9,Aotizhongxin,9.0,27.0,21.0,21.215579710285137,11.2,18.5,13.65,4.469402173907956,2014-09-30 18:00:00,88.0,2014-10-01 18:00:00
13881,2014-10-05 03:00:00,0,train,13996,2014,10,5,3,69.0,69.0,2.0,59.0,900.0,2.0,11.6,1017.0,11.6,0.0,ENE,0.1,Aotizhongxin,49.0,106.0,74.5,308.12862318847306,11.6,16.8,14.7,2.4591123188358237,2014-10-05 03:00:00,21.0,2014-10-06 03:00:00
13893,2014-10-05 15:00:00,0,train,14008,2014,10,5,15,10.0,10.0,2.0,13.0,300.0,69.0,21.8,1017.8,1.4,0.0,NE,3.3,Aotizhongxin,8.0,106.0,61.5,1150.8695652174888,10.7,21.8,13.8,13.513623188401379,2014-10-05 15:00:00,25.0,2014-10-06 15:00:00
13903,2014-10-06 01:00:00,0,train,14018,2014,10,6,1,28.0,28.0,2.0,77.0,600.0,2.0,8.4,1021.3,5.1,0.0,N,0.0,Aotizhongxin,8.0,74.0,23.0,463.9981884059388,7.9,21.8,12.75,24.163188405792198,2014-10-06 01:00:00,97.0,2014-10-07 01:00:00
13944,2014-10-07 18:00:00,1,train,14059,2014,10,7,18,211.0,261.0,17.0,135.0,1200.0,57.0,14.1,1013.0,12.3,0.0,SE,0.0,Aotizhongxin,50.0,211.0,90.0,1853.6231884058304,9.1,21.5,14.0,16.92144927535763,2014-10-07 18:00:00,381.0,2014-10-08 18:00:00
13982,2014-10-09 20:00:00,1,train,14109,2014,10,9,20,435.0,,,,,,15.2,1014.8,15.2,0.0,N,0.0,Aotizhongxin,178.0,446.0,343.5,2700.3405797098144,12.4,21.7,14.95,11.0216666666625,2014-10-09 20:00:00,279.0,2014-10-10 20:00:00
13993,2014-10-10 07:00:00,1,train,14120,2014,10,10,7,,,,,,91.0,14.8,1018.0,14.8,0.0,ENE,0.9,Aotizhongxin,178.0,446.0,367.0,4662.8857142851475,12.5,21.7,15.3,8.367536231880127,2014-10-10 07:00:00,314.0,2014-10-11 07:00:00
14000,2014-10-10 14:00:00,1,train,14127,2014,10,10,14,343.0,343.0,29.0,101.0,1900.0,92.0,21.3,1015.1,16.5,0.0,N,0.8,Aotizhongxin,139.0,446.0,367.0,10206.363636362941,12.5,21.5,15.45,8.304057971010584,2014-10-10 14:00:00,255.0,2014-10-11 14:00:00
14038,2014-10-12 04:00:00,0,train,14165,2014,10,12,4,7.0,7.0,,,,,15.3,1023.7,3.4,0.0,NE,2.3,Aotizhongxin,4.0,314.0,249.5,18045.30253623178,14.6,19.2,16.75,2.5625362318803444,2014-10-12 04:00:00,8.0,2014-10-13 04:00:00
14048,2014-10-12 14:00:00,0,train,14175,2014,10,12,14,6.0,6.0,,,,,17.5,1024.3,-2.2,0.0,NNE,2.1,Aotizhongxin,4.0,297.0,7.5,8299.519927536257,14.6,18.6,16.450000000000003,1.7486231884019265,2014-10-12 14:00:00,4.0,2014-10-13 14:00:00
14050,2014-10-12 16:00:00,0,train,14177,2014,10,12,16,13.0,13.0,,,,,15.9,1024.4,-2.1,0.0,NE,1.6,Aotizhongxin,4.0,297.0,7.0,3940.1086956522245,14.6,18.6,16.15,1.4717210144888109,2014-10-12 16:00:00,7.0,2014-10-13 16:00:00
14110,2014-10-15 04:00:00,0,train,14237,2014,10,15,4,82.0,140.0,7.0,92.0,1000.0,2.0,7.5,1007.7,6.1,0.0,ENE,0.6,Aotizhongxin,20.0,135.0,49.5,1221.8677536231942,3.5,21.6,12.9,34.51259057970465,2014-10-15 04:00:00,24.0,2014-10-16 04:00:00
14131,2014-10-16 01:00:00,0,train,14258,2014,10,16,1,28.0,122.0,5.0,79.0,500.0,2.0,5.2,1016.5,2.2,0.0,N,0.1,Aotizhongxin,6.0,107.0,16.5,1265.7373188406136,5.2,21.9,15.75,40.32057971013994,2014-10-16 01:00:00,87.0,2014-10-17 01:00:00
14157,2014-10-17 03:00:00,0,train,14284,2014,10,17,3,85.0,173.0,12.0,96.0,800.0,2.0,6.3,1010.9,3.8,0.0,E,0.1,Aotizhongxin,21.0,92.0,35.5,610.717391304372,3.3,21.7,12.95,40.37259057970465,2014-10-17 03:00:00,148.0,2014-10-18 03:00:00
14158,2014-10-17 04:00:00,0,train,14285,2014,10,17,4,81.0,158.0,9.0,90.0,800.0,2.0,6.0,1010.8,4.2,0.0,E,0.8,Aotizhongxin,21.0,92.0,40.5,633.331521739152,3.3,21.7,12.95,39.00374999999455,2014-10-17 04:00:00,121.0,2014-10-18 04:00:00
14212,2014-10-19 10:00:00,1,train,14339,2014,10,19,10,325.0,397.0,16.0,169.0,3100.0,2.0,17.4,1009.0,12.9,0.0,ENE,0.2,Aotizhongxin,110.0,327.0,304.5,4969.259057970794,12.9,25.2,14.15,18.41210144927161,2014-10-19 10:00:00,249.0,2014-10-20 10:00:00
14293,2014-10-22 19:00:00,0,train,14420,2014,10,22,19,94.0,168.0,10.0,106.0,1200.0,2.0,12.9,1014.5,8.2,0.0,ENE,1.7,Aotizhongxin,57.0,107.0,79.5,216.5489130434367,6.7,14.8,9.7,7.896938405790529,2014-10-22 19:00:00,159.0,2014-10-23 19:00:00
14331,2014-10-24 09:00:00,1,train,14458,2014,10,24,9,180.0,219.0,9.0,104.0,1800.0,2.0,13.8,1007.1,11.3,0.0,ENE,1.2,Aotizhongxin,127.0,212.0,165.5,459.1721014491515,7.9,17.1,10.399999999999999,9.017608695646087,2014-10-24 09:00:00,268.0,2014-10-25 09:00:00
14336,2014-10-24 14:00:00,1,train,14463,2014,10,24,14,281.0,301.0,22.0,113.0,1900.0,59.0,18.9,1003.5,12.4,0.0,SW,1.1,Aotizhongxin,144.0,281.0,174.5,1319.1576086955088,7.9,18.9,10.399999999999999,13.744565217385418,2014-10-24 14:00:00,342.0,2014-10-25 14:00:00
14431,2014-10-28 13:00:00,0,train,14558,2014,10,28,13,90.0,144.0,18.0,104.0,1200.0,2.0,14.4,1019.4,4.7,0.0,W,1.9,Aotizhongxin,25.0,90.0,45.5,386.75362318837614,4.5,15.4,9.65,11.517807971007382,2014-10-28 13:00:00,108.0,2014-10-29 13:00:00
14525,2014-11-01 11:00:00,0,train,14652,2014,11,1,11,14.0,34.0,7.0,32.0,400.0,39.0,14.9,1023.0,-2.5,0.0,NNE,5.2,Aotizhongxin,14.0,182.0,134.0,3540.940217391213,6.2,15.4,12.75,9.782318840573453,2014-11-01 11:00:00,5.0,2014-11-02 11:00:00
14538,2014-11-02 00:00:00,0,train,14665,2014,11,2,0,9.0,21.0,3.0,26.0,300.0,35.0,11.3,1027.0,-6.6,0.0,NNE,4.3,Aotizhongxin,9.0,182.0,14.0,2834.3405797101104,6.2,15.4,12.9,10.946014492747512,2014-11-02 00:00:00,9.0,2014-11-03 00:00:00
14610,2014-11-05 00:00:00,0,train,14737,2014,11,5,0,229.0,263.0,18.0,127.0,3000.0,2.0,5.1,1019.0,3.1,0.0,ESE,0.5,Aotizhongxin,54.0,349.0,109.0,5209.780797101352,2.2,16.1,5.85,23.856358695644218,2014-11-05 00:00:00,3.0,2014-11-06 00:00:00
14641,2014-11-06 07:00:00,0,train,14768,2014,11,6,7,3.0,11.0,4.0,26.0,400.0,38.0,7.0,1020.0,-6.0,0.0,ENE,1.2,Aotizhongxin,3.0,83.0,7.0,420.4275362318826,6.1,20.9,13.3,24.979057971009375,2014-11-06 07:00:00,57.0,2014-11-07 07:00:00
14683,2014-11-08 01:00:00,0,train,14810,2014,11,8,1,66.0,68.0,5.0,70.0,1800.0,2.0,0.6,1027.0,-0.9,0.0,N,0.0,Aotizhongxin,25.0,70.0,48.0,151.8967391304046,0.6,8.4,3.85,6.532101449265788,2014-11-08 01:00:00,95.0,2014-11-09 01:00:00
14686,2014-11-08 04:00:00,0,train,14813,2014,11,8,4,87.0,106.0,5.0,69.0,2200.0,2.0,-0.7,1026.0,-1.1,0.0,SE,0.0,Aotizhongxin,25.0,90.0,51.0,311.8242753622849,-0.7,8.4,3.85,9.11650362317864,2014-11-08 04:00:00,63.0,2014-11-09 04:00:00
14870,2014-11-15 20:00:00,0,train,14997,2014,11,15,20,216.0,300.0,72.0,176.0,3700.0,2.0,2.2,1014.0,-2.3,0.0,ESE,0.0,Aotizhongxin,32.0,216.0,94.0,3212.9112318839793,2.1,8.5,3.7,5.6408514492659245,2014-11-15 20:00:00,13.0,2014-11-16 20:00:00
14987,2014-11-20 17:00:00,0,train,15114,2014,11,20,17,292.0,439.0,43.0,174.0,3200.0,2.0,7.7,1010.0,0.9,0.0,SW,1.4,Aotizhongxin,186.0,384.0,302.0,1521.1721014489951,0.2,9.9,2.55,9.889981884048055,2014-11-20 17:00:00,20.0,2014-11-21 17:00:00
15029,2014-11-22 11:00:00,0,train,15156,2014,11,22,11,44.0,76.0,34.0,72.0,1000.0,12.0,9.1,1036.0,-10.5,0.0,NE,1.1,Aotizhongxin,6.0,125.0,24.5,1028.4764492753236,-1.2,14.6,6.1,20.259999999991667,2014-11-22 11:00:00,91.0,2014-11-23 11:00:00
15041,2014-11-22 23:00:00,0,train,15168,2014,11,22,23,120.0,206.0,29.0,114.0,2600.0,2.0,1.9,1027.0,-3.4,0.0,ENE,1.0,Aotizhongxin,6.0,120.0,27.5,928.3695652173508,-1.2,11.8,5.35,14.517807971005654,2014-11-22 23:00:00,161.0,2014-11-23 23:00:00
15048,2014-11-23 06:00:00,0,train,15175,2014,11,23,6,101.0,145.0,12.0,86.0,2100.0,2.0,2.2,1026.0,-0.1,0.0,ENE,0.6,Aotizhongxin,14.0,129.0,48.5,1478.0797101448607,-1.2,11.8,4.1,14.644619565208448,2014-11-23 06:00:00,79.0,2014-11-24 06:00:00
15065,2014-11-23 23:00:00,0,train,15192,2014,11,23,23,161.0,196.0,9.0,119.0,3200.0,2.0,0.7,1023.1,-0.2,0.0,ESE,1.0,Aotizhongxin,85.0,170.0,110.0,721.9981884056781,0.7,10.5,4.05,7.497373188396239,2014-11-23 23:00:00,85.0,2014-11-24 23:00:00
15204,2014-11-29 18:00:00,0,train,15331,2014,11,29,18,277.0,378.0,22.0,120.0,3500.0,2.0,3.0,1023.0,2.4,0.1,NE,1.3,Aotizhongxin,111.0,321.0,228.0,2494.5489130432516,-0.9,6.0,2.9,4.316521739119732,2014-11-29 18:00:00,12.0,2014-11-30 18:00:00
15278,2014-12-02 20:00:00,0,train,15405,2014,12,2,20,84.0,127.0,28.0,88.0,1500.0,2.0,-4.5,1023.0,-15.5,0.0,NNE,0.5,Aotizhongxin,8.0,84.0,14.5,505.0851449274741,-10.1,1.0,-4.45,10.455634057956885,2014-12-02 20:00:00,10.0,2014-12-03 20:00:00
15307,2014-12-04 01:00:00,0,train,15434,2014,12,4,1,9.0,25.0,12.0,13.0,400.0,54.0,-2.7,1029.0,-24.4,0.0,NNW,6.4,Aotizhongxin,4.0,70.0,9.0,182.69565217386176,-5.1,1.1,-1.8,3.247753623175523,2014-12-04 01:00:00,11.0,2014-12-05 01:00:00
15311,2014-12-04 05:00:00,0,train,15438,2014,12,4,5,4.0,16.0,4.0,11.0,300.0,52.0,-2.7,1030.0,-22.6,0.0,N,2.4,Aotizhongxin,4.0,13.0,8.0,6.911231884010414,-4.2,1.1,-1.8,2.58476449274082,2014-12-04 05:00:00,5.0,2014-12-05 05:00:00
15374,2014-12-06 20:00:00,0,train,15501,2014,12,6,20,70.0,106.0,28.0,97.0,1600.0,2.0,0.2,1022.0,-11.2,0.0,W,0.6,Aotizhongxin,18.0,148.0,53.5,1936.6068840578753,-6.8,4.1,-3.25,14.858840579697302,2014-12-06 20:00:00,18.0,2014-12-07 20:00:00
15421,2014-12-08 19:00:00,1,train,15548,2014,12,8,19,106.0,147.0,41.0,100.0,1700.0,2.0,-3.0,1019.0,-7.5,0.0,W,0.8,Aotizhongxin,13.0,125.0,21.5,1502.840579710065,-5.4,3.8,-1.35,8.034130434770207,2014-12-08 19:00:00,309.0,2014-12-09 19:00:00
15428,2014-12-09 02:00:00,1,train,15555,2014,12,9,2,245.0,313.0,47.0,118.0,5300.0,2.0,-2.9,1022.0,-9.8,0.0,NE,0.9,Aotizhongxin,14.0,245.0,94.5,5009.461956521626,-5.4,3.8,-2.65,9.801141304335077,2014-12-09 02:00:00,265.0,2014-12-10 02:00:00
15438,2014-12-09 12:00:00,0,train,15565,2014,12,9,12,240.0,320.0,66.0,129.0,5400.0,2.0,-1.4,1027.0,-8.8,0.0,NE,1.7,Aotizhongxin,69.0,245.0,164.5,3580.6938405795345,-4.5,3.8,-3.2,8.151014492740666,2014-12-09 12:00:00,57.0,2014-12-10 12:00:00
15459,2014-12-10 09:00:00,0,train,15586,2014,12,10,9,148.0,264.0,57.0,83.0,2600.0,2.0,-0.5,1025.0,-8.0,0.0,N,1.5,Aotizhongxin,148.0,325.0,274.5,1930.3894927533702,-5.4,-0.4,-0.8500000000000001,2.8382427536103467,2014-12-10 09:00:00,12.0,2014-12-11 09:00:00
15618,2015-01-01 17:00:00,0,train,16122,2015,1,1,17,47.0,105.0,19.0,41.0,900.0,43.0,1.0,1019.0,-22.8,0.0,SW,2.4,Aotizhongxin,6.0,51.0,12.0,239.03623188405797,-7.0,3.0,-1.0,7.851231884045335,2015-01-01 17:00:00,81.0,2015-01-02 17:00:00
15621,2015-01-01 20:00:00,0,train,16125,2015,1,1,20,82.0,109.0,38.0,93.0,1400.0,2.0,-5.0,1017.0,-19.9,0.0,SW,1.3,Aotizhongxin,6.0,88.0,12.5,621.2590579710144,-7.0,3.0,-1.0,8.670434782595937,2015-01-01 20:00:00,87.0,2015-01-02 20:00:00
15673,2015-01-04 00:00:00,1,train,16177,2015,1,4,0,238.0,278.0,103.0,157.0,5600.0,2.0,-4.0,1011.0,-13.7,0.0,ENE,1.5,Aotizhongxin,132.0,238.0,164.5,476.65036231884557,-7.0,4.0,-4.0,11.954710144914232,2015-01-04 00:00:00,214.0,2015-01-05 00:00:00
15701,2015-01-05 04:00:00,0,train,16205,2015,1,5,4,172.0,207.0,94.0,116.0,4600.0,2.0,2.0,1008.0,-8.2,0.0,ENE,0.8,Aotizhongxin,92.0,295.0,170.0,3284.4764492753684,-7.0,9.0,3.0,18.65036231882957,2015-01-05 04:00:00,9.0,2015-01-06 04:00:00
15741,2015-01-06 20:00:00,0,train,16245,2015,1,6,20,59.0,106.0,29.0,79.0,1200.0,2.0,1.0,1019.0,-20.7,0.0,WSW,2.5,Aotizhongxin,3.0,59.0,12.0,238.82427536234513,-4.0,4.0,0.5,5.635869565205562,2015-01-06 20:00:00,63.0,2015-01-07 20:00:00
15864,2015-01-11 23:00:00,1,train,16368,2015,1,11,23,84.0,108.0,32.0,78.0,1500.0,7.0,1.0,1030.0,-8.0,0.0,SW,2.1,Aotizhongxin,4.0,84.0,16.0,764.6014492754059,-4.0,6.0,2.5,4.766304347815245,2015-01-11 23:00:00,195.0,2015-01-12 23:00:00
15972,2015-01-16 11:00:00,0,train,16476,2015,1,16,11,13.0,34.0,14.0,8.0,700.0,54.0,1.0,1022.0,-18.4,0.0,N,6.1,Aotizhongxin,11.0,497.0,405.5,33978.52173913042,-5.0,2.0,0.0,6.145489130422337,2015-01-16 11:00:00,18.0,2015-01-17 11:00:00
15991,2015-01-17 06:00:00,0,train,16495,2015,1,17,6,14.0,14.0,10.0,36.0,700.0,29.0,-9.0,1027.0,-17.3,0.0,E,0.4,Aotizhongxin,9.0,19.0,13.0,4.927536231934944,-9.0,3.0,0.5,10.563405797089104,2015-01-17 06:00:00,100.0,2015-01-18 06:00:00
16041,2015-01-19 08:00:00,0,train,16545,2015,1,19,8,29.0,48.0,31.0,78.0,1500.0,2.0,-2.0,1019.0,-15.5,0.0,NE,1.4,Aotizhongxin,6.0,113.0,14.0,1105.737318840626,-4.0,6.0,3.0,8.057971014481804,2015-01-19 08:00:00,77.0,2015-01-20 08:00:00
16047,2015-01-19 14:00:00,0,train,16551,2015,1,19,14,44.0,93.0,24.0,43.0,1500.0,49.0,6.0,1015.0,-14.7,0.0,SW,2.2,Aotizhongxin,6.0,49.0,14.0,153.39130434787455,-4.0,6.0,3.0,7.123188405786112,2015-01-19 14:00:00,75.0,2015-01-20 14:00:00
16053,2015-01-19 20:00:00,0,train,16557,2015,1,19,20,82.0,128.0,58.0,102.0,2300.0,2.0,-1.0,1018.0,-12.6,0.0,S,1.2,Aotizhongxin,6.0,82.0,24.0,500.3315217391765,-4.0,6.0,3.0,8.11413043477152,2015-01-19 20:00:00,80.0,2015-01-20 20:00:00
16063,2015-01-20 06:00:00,0,train,16567,2015,1,20,6,81.0,107.0,44.0,84.0,2900.0,2.0,-5.0,1016.0,-11.4,0.0,ENE,1.3,Aotizhongxin,18.0,82.0,58.0,395.2445652174317,-5.0,6.0,-0.5,11.476449275350586,2015-01-20 06:00:00,12.0,2015-01-21 06:00:00
16085,2015-01-21 04:00:00,0,train,16589,2015,1,21,4,12.0,17.0,29.0,23.0,700.0,38.0,2.0,1021.0,-11.5,0.0,NNE,3.4,Aotizhongxin,10.0,99.0,80.0,770.5489130435153,-5.0,5.0,2.0,10.41847826085787,2015-01-21 04:00:00,28.0,2015-01-22 04:00:00
16107,2015-01-22 02:00:00,1,train,16611,2015,1,22,2,48.0,48.0,37.0,75.0,1700.0,3.0,-4.0,1020.0,-13.4,0.0,ENE,0.8,Aotizhongxin,7.0,48.0,13.5,146.25362318845558,-7.0,6.0,1.0,15.999999999988248,2015-01-22 02:00:00,221.0,2015-01-23 02:00:00
16108,2015-01-22 03:00:00,1,train,16612,2015,1,22,3,32.0,32.0,19.0,61.0,1200.0,7.0,-6.0,1022.0,-12.9,0.0,ESE,0.4,Aotizhongxin,7.0,48.0,14.0,150.89130434787563,-7.0,6.0,1.0,17.62318840578519,2015-01-22 03:00:00,196.0,2015-01-23 03:00:00
16205,2015-01-26 04:00:00,0,train,16709,2015,1,26,4,218.0,224.0,19.0,76.0,4200.0,2.0,-4.0,1018.0,-5.0,0.0,ENE,1.3,Aotizhongxin,66.0,218.0,121.0,2292.521739130448,-5.0,4.0,0.0,7.836503623176384,2015-01-26 04:00:00,8.0,2015-01-27 04:00:00
16218,2015-01-26 17:00:00,0,train,16722,2015,1,26,17,6.0,6.0,2.0,6.0,700.0,67.0,2.0,1027.0,-22.8,0.0,NNE,1.3,Aotizhongxin,6.0,218.0,165.0,6420.7536231884205,-5.0,4.0,0.5,9.99818840578499,2015-01-26 17:00:00,11.0,2015-01-27 17:00:00
16239,2015-01-27 14:00:00,0,train,16743,2015,1,27,14,11.0,11.0,8.0,5.0,700.0,62.0,2.0,1029.0,-22.8,0.0,N,2.2,Aotizhongxin,6.0,18.0,9.0,7.536231884097333,-7.0,3.0,-3.1,12.594782608682282,2015-01-27 14:00:00,20.0,2015-01-28 14:00:00
16242,2015-01-27 17:00:00,0,train,16746,2015,1,27,17,11.0,11.0,11.0,13.0,700.0,54.0,2.0,1027.0,-22.0,0.0,NE,2.3,Aotizhongxin,6.0,18.0,9.0,7.275362318879906,-7.0,3.0,-3.1,12.13210144926197,2015-01-27 17:00:00,35.0,2015-01-28 17:00:00
16272,2015-01-28 23:00:00,0,train,16776,2015,1,28,23,73.0,92.0,42.0,81.0,2000.0,8.0,0.0,1025.0,-17.7,0.0,SSW,1.4,Aotizhongxin,8.0,73.0,23.0,255.10144927539787,-8.0,2.0,-0.5,9.302536231870972,2015-01-28 23:00:00,8.0,2015-01-29 23:00:00
16332,2015-01-31 12:00:00,0,train,16837,2015,1,31,12,19.0,33.0,29.0,24.0,700.0,47.0,2.0,1031.0,-22.0,0.0,NNE,1.9,Aotizhongxin,7.0,24.0,13.0,20.383399209526115,-8.0,3.0,-2.0,13.762155797088433,2015-01-31 12:00:00,42.0,2015-02-01 12:00:00
16340,2015-01-31 20:00:00,0,train,16845,2015,1,31,20,67.0,100.0,28.0,70.0,1200.0,11.0,-1.0,1030.0,-19.6,0.0,WSW,1.5,Aotizhongxin,9.0,67.0,13.0,168.56340579713884,-8.0,4.0,-2.0,15.764619565204464,2015-01-31 20:00:00,114.0,2015-02-01 20:00:00
16406,2015-02-03 14:00:00,0,train,16911,2015,2,3,14,56.0,56.0,36.0,22.0,900.0,105.0,8.0,1023.0,-11.4,0.0,N,3.7,Aotizhongxin,56.0,213.0,152.0,1324.9112318840712,-7.0,8.0,0.5,18.166666666654617,2015-02-03 14:00:00,13.0,2015-02-04 14:00:00
16469,2015-02-06 05:00:00,0,train,16974,2015,2,6,5,68.0,106.0,24.0,108.0,2500.0,12.0,-6.0,1015.0,-10.4,0.0,WSW,0.9,Aotizhongxin,7.0,68.0,34.5,397.3460144927843,-6.0,7.0,1.5,22.78079710143749,2015-02-06 05:00:00,4.0,2015-02-07 05:00:00
16472,2015-02-06 08:00:00,0,train,16977,2015,2,6,8,70.0,88.0,28.0,96.0,2600.0,14.0,-7.0,1016.0,-11.2,0.0,ESE,0.1,Aotizhongxin,12.0,79.0,50.5,469.2101449275656,-7.0,7.0,1.5,27.17210144926337,2015-02-06 08:00:00,13.0,2015-02-07 08:00:00
16505,2015-02-07 17:00:00,0,train,17010,2015,2,7,17,3.0,34.0,3.0,7.0,300.0,102.0,3.0,1028.0,-25.8,0.0,NE,2.9,Aotizhongxin,3.0,94.0,11.5,1278.4764492753939,-2.0,6.0,3.0,2.9351992753515743,2015-02-07 17:00:00,24.0,2015-02-08 17:00:00
16581,2015-02-10 21:00:00,0,train,17086,2015,2,10,21,164.0,215.0,47.0,131.0,2300.0,22.0,2.0,1008.0,-12.6,0.0,N,0.8,Aotizhongxin,56.0,193.0,116.0,1291.1721014492923,-8.0,12.5,0.5,54.43070652172774,2015-02-10 21:00:00,12.0,2015-02-11 21:00:00
16627,2015-02-12 19:00:00,0,train,17132,2015,2,12,19,38.0,62.0,14.0,38.0,700.0,78.0,5.0,1015.0,-13.9,0.0,SW,2.4,Aotizhongxin,6.0,38.0,17.0,74.91123188409081,-6.0,8.0,3.5,18.543478260858613,2015-02-12 19:00:00,155.0,2015-02-13 19:00:00
16632,2015-02-13 00:00:00,1,train,17137,2015,2,13,0,85.0,112.0,29.0,75.0,1600.0,34.0,-2.0,1011.0,-10.6,0.0,N,0.7,Aotizhongxin,6.0,89.0,23.5,519.2010869565528,-6.0,8.0,3.0,18.978260869554024,2015-02-13 00:00:00,232.0,2015-02-14 00:00:00
16699,2015-02-15 19:00:00,0,train,17204,2015,2,15,19,262.0,309.0,97.0,140.0,5000.0,2.0,6.0,1012.0,-8.3,0.0,SW,1.5,Aotizhongxin,255.0,351.0,276.0,688.340579710117,-4.0,8.0,3.0,13.731884057960137,2015-02-15 19:00:00,12.0,2015-02-16 19:00:00
16751,2015-02-17 23:00:00,0,train,17256,2015,2,17,23,46.0,63.0,32.0,94.0,1700.0,2.0,-1.0,1021.0,-9.6,0.0,WSW,1.0,Aotizhongxin,13.0,46.0,17.5,50.84057971021989,-1.0,11.0,3.5,14.51041666665679,2015-02-17 23:00:00,123.0,2015-02-18 23:00:00
16772,2015-02-18 20:00:00,0,train,17277,2015,2,18,20,70.0,113.0,37.0,48.0,900.0,64.0,4.0,1023.0,-12.5,0.0,WSW,1.6,Aotizhongxin,6.0,78.0,16.0,423.29710144934734,-2.0,11.0,2.5,18.28215579709121,2015-02-18 20:00:00,121.0,2015-02-19 20:00:00
16823,2015-02-20 23:00:00,0,train,17328,2015,2,20,23,172.0,172.0,6.0,54.0,2200.0,3.0,1.0,1012.0,0.4,0.2,WNW,1.3,Aotizhongxin,76.0,177.0,112.5,918.1721014493221,0.0,2.0,1.0,0.37244565216241043,2015-02-20 23:00:00,27.0,2015-02-21 23:00:00
16830,2015-02-21 06:00:00,0,train,17335,2015,2,21,6,167.0,167.0,22.0,38.0,1800.0,21.0,1.0,1010.0,-0.2,0.0,SW,1.0,Aotizhongxin,80.0,177.0,148.0,1064.9492753623606,0.0,2.0,1.0,0.24563405795941093,2015-02-21 06:00:00,65.0,2015-02-22 06:00:00
16840,2015-02-21 16:00:00,0,train,17345,2015,2,21,16,111.0,111.0,11.0,16.0,900.0,67.0,3.0,1007.0,-10.6,0.0,NW,3.6,Aotizhongxin,111.0,288.0,163.0,1716.215579710175,0.0,4.0,1.0,0.7564492753508385,2015-02-21 16:00:00,17.0,2015-02-22 16:00:00
16928,2015-02-25 08:00:00,0,train,17433,2015,2,25,8,12.0,14.0,9.0,16.0,400.0,60.0,3.0,1016.0,-19.7,0.0,ENE,3.8,Aotizhongxin,12.0,216.0,170.5,3136.244565217432,-0.2,6.3,2.55,3.0298369565110588,2015-02-25 08:00:00,9.0,2015-02-26 08:00:00
16931,2015-02-25 11:00:00,0,train,17436,2015,2,25,11,13.0,27.0,17.0,11.0,400.0,75.0,4.0,1015.0,-22.9,0.0,N,4.6,Aotizhongxin,7.0,216.0,170.5,5244.476449275407,-0.2,6.3,3.0,2.4943297101343846,2015-02-25 11:00:00,8.0,2015-02-26 11:00:00
16939,2015-02-25 19:00:00,0,train,17444,2015,2,25,19,9.0,30.0,5.0,22.0,400.0,71.0,3.0,1016.0,-20.4,0.0,NW,1.3,Aotizhongxin,7.0,216.0,18.5,7960.840579710205,-0.2,7.0,3.0,3.2164492753518585,2015-02-25 19:00:00,12.0,2015-02-26 19:00:00
17005,2015-02-28 13:00:00,0,train,17510,2015,2,28,13,169.0,169.0,19.0,37.0,1400.0,32.0,2.0,1018.0,-3.9,0.0,WSW,1.8,Aotizhongxin,23.0,169.0,41.0,1547.6449275363045,-2.2,2.0,0.0,2.304347826074953,2015-02-28 13:00:00,24.0,2015-03-01 13:00:00
17062,2015-03-02 22:00:00,0,train,17567,2015,3,2,22,8.0,50.0,2.0,9.0,400.0,78.0,7.9,1010.5,-16.4,0.0,N,3.5,Aotizhongxin,8.0,116.0,54.5,1219.9347826087703,-2.7,14.0,7.25,35.29954710144025,2015-03-02 22:00:00,13.0,2015-03-03 22:00:00
17072,2015-03-03 08:00:00,0,train,17577,2015,3,3,8,9.0,229.0,2.0,8.0,200.0,74.0,-2.1,1021.3,-27.8,0.0,NW,6.5,Aotizhongxin,5.0,116.0,12.5,1297.5199275363163,-2.1,14.0,7.7,22.582536231875665,2015-03-03 08:00:00,17.0,2015-03-04 08:00:00
17090,2015-03-04 02:00:00,0,train,17595,2015,3,4,2,15.0,42.0,6.0,24.0,500.0,51.0,-1.0,1024.4,-26.0,0.0,NNW,2.0,Aotizhongxin,3.0,16.0,10.5,12.983695652265075,-2.3,3.9,0.9,3.3425905796985123,2015-03-04 02:00:00,110.0,2015-03-05 02:00:00
17118,2015-03-05 06:00:00,0,train,17623,2015,3,5,6,122.0,135.0,48.0,87.0,2800.0,19.0,-4.8,1023.4,-16.4,0.0,ENE,0.8,Aotizhongxin,11.0,122.0,30.0,1552.8623188406577,-4.8,5.6,2.0,9.37705112720286,2015-03-05 06:00:00,160.0,2015-03-06 06:00:00
17124,2015-03-05 12:00:00,1,train,17629,2015,3,5,12,134.0,134.0,,61.0,,58.0,5.5,1022.4,-18.4,0.0,SW,4.1,Aotizhongxin,11.0,147.0,84.0,2213.635869565287,-5.4,5.6,2.0,12.108953301115845,2015-03-05 12:00:00,192.0,2015-03-06 12:00:00
17143,2015-03-06 07:00:00,1,train,17648,2015,3,6,7,152.0,165.0,64.0,87.0,2300.0,14.0,-4.1,1017.0,-10.1,0.0,NE,1.1,Aotizhongxin,42.0,227.0,137.5,2295.853260869614,-4.1,7.6,3.5,17.129275362307943,2015-03-06 07:00:00,245.0,2015-03-07 07:00:00
17227,2015-03-09 19:00:00,0,train,17732,2015,3,9,19,8.0,20.0,2.0,18.0,500.0,79.0,2.1,1031.6,-31.9,0.0,N,3.1,Aotizhongxin,3.0,20.0,9.5,19.67934782616282,-3.0,7.5,1.5,8.074710144916157,2015-03-09 19:00:00,30.0,2015-03-10 19:00:00
17277,2015-03-12 00:00:00,0,train,17785,2015,3,12,0,76.0,116.0,30.0,91.0,1200.0,22.0,4.5,1015.6,-15.4,0.0,SW,2.7,Aotizhongxin,9.0,110.0,33.5,1147.9057971015147,-4.0,9.7,5.7,22.18318840578708,2015-03-12 00:00:00,113.0,2015-03-13 00:00:00
17390,2015-03-16 17:00:00,0,train,17898,2015,3,16,17,287.0,357.0,27.0,94.0,1900.0,26.0,13.4,1005.5,6.0,0.0,ESE,1.8,Aotizhongxin,71.0,287.0,138.0,3921.4130434782937,6.2,15.7,10.75,8.551721014485958,2015-03-16 17:00:00,155.0,2015-03-17 17:00:00
17420,2015-03-17 23:00:00,0,train,17928,2015,3,17,23,36.0,102.0,11.0,38.0,600.0,58.0,8.6,1017.1,-8.9,0.0,SSW,3.0,Aotizhongxin,36.0,332.0,163.0,9131.389492753657,5.3,15.9,9.75,12.261666666659846,2015-03-17 23:00:00,97.0,2015-03-18 23:00:00
17437,2015-03-18 16:00:00,0,train,17945,2015,3,18,16,43.0,78.0,11.0,29.0,600.0,96.0,12.9,1008.3,-9.6,0.0,WSW,1.7,Aotizhongxin,21.0,162.0,32.5,2087.780797101551,5.2,14.4,9.0,7.746938405789784,2015-03-18 16:00:00,55.0,2015-03-19 16:00:00
17524,2015-03-22 07:00:00,0,train,18032,2015,3,22,7,10.0,96.0,2.0,24.0,300.0,63.0,5.7,1024.2,-16.2,0.0,ENE,3.6,Aotizhongxin,6.0,44.0,13.0,78.08514492765461,5.7,18.8,13.7,14.35362318840051,2015-03-22 07:00:00,73.0,2015-03-23 07:00:00
17607,2015-03-25 18:00:00,0,train,18115,2015,3,25,18,89.0,164.0,21.0,40.0,1100.0,132.0,16.9,1024.5,-1.3,0.0,SSW,4.4,Aotizhongxin,85.0,163.0,122.0,487.244565217462,1.2,17.9,9.75,28.143894927529146,2015-03-25 18:00:00,74.0,2015-03-26 18:00:00
17622,2015-03-26 09:00:00,0,train,18130,2015,3,26,9,138.0,210.0,24.0,112.0,1700.0,13.0,12.4,1026.5,0.5,0.0,SSE,0.6,Aotizhongxin,88.0,163.0,117.0,530.2318840580436,6.1,17.9,13.75,15.315199275356587,2015-03-26 09:00:00,114.0,2015-03-27 09:00:00
17630,2015-03-26 17:00:00,0,train,18138,2015,3,26,17,62.0,146.0,15.0,28.0,600.0,157.0,19.6,1021.2,-6.2,0.0,WSW,4.1,Aotizhongxin,62.0,154.0,110.5,614.6666666667429,6.1,20.1,14.55,21.67710144927018,2015-03-26 17:00:00,132.0,2015-03-27 17:00:00
17680,2015-03-28 19:00:00,0,train,18188,2015,3,28,19,27.0,81.0,2.0,26.0,400.0,96.0,21.1,1009.5,-2.1,0.0,NNW,3.0,Aotizhongxin,22.0,156.0,92.5,1813.896739130527,11.1,23.1,17.55,11.539927536228566,2015-03-28 19:00:00,62.0,2015-03-29 19:00:00
17711,2015-03-30 02:00:00,0,train,18219,2015,3,30,2,124.0,342.0,19.0,116.0,1600.0,2.0,12.9,1005.3,4.8,0.0,ESE,2.1,Aotizhongxin,34.0,157.0,68.5,1812.7807971015325,7.4,22.7,16.4,28.320579710140702,2015-03-30 02:00:00,176.0,2015-03-31 02:00:00
17750,2015-03-31 18:00:00,0,train,18259,2015,3,31,18,59.0,,,,,,10.9,1014.0,5.8,0.0,SSW,2.3,Aotizhongxin,59.0,189.0,158.0,1474.9275362319354,10.3,18.7,13.15,8.986068840574516,2015-03-31 18:00:00,42.0,2015-04-01 18:00:00
17760,2015-04-01 04:00:00,0,train,18269,2015,4,1,4,87.0,108.0,2.0,95.0,1200.0,,6.8,1018.4,4.6,0.0,NE,1.1,Aotizhongxin,59.0,162.0,87.0,1898.026245059372,6.3,13.5,10.8,4.436231884051096,2015-04-01 04:00:00,43.0,2015-04-02 04:00:00
17768,2015-04-01 12:00:00,0,train,18277,2015,4,1,12,31.0,31.0,2.0,29.0,400.0,87.0,12.6,1017.9,-6.9,0.0,S,2.0,Aotizhongxin,31.0,155.0,66.0,706.574071146351,6.3,12.6,10.350000000000001,4.221956521731853,2015-04-01 12:00:00,34.0,2015-04-02 12:00:00
17781,2015-04-02 01:00:00,0,train,18290,2015,4,2,1,40.0,46.0,2.0,43.0,700.0,52.0,5.9,1007.4,3.7,3.7,NNW,1.6,Aotizhongxin,26.0,89.0,44.5,353.2155797102605,5.9,12.6,9.850000000000001,5.722155797094206,2015-04-02 01:00:00,13.0,2015-04-03 01:00:00
17791,2015-04-02 11:00:00,0,train,18300,2015,4,2,11,43.0,43.0,2.0,34.0,1000.0,66.0,6.9,997.4,2.8,0.0,NNE,1.6,Aotizhongxin,26.0,55.0,42.0,50.8677536233107,4.6,12.6,7.75,9.189981884050123,2015-04-02 11:00:00,13.0,2015-04-03 11:00:00
17824,2015-04-03 20:00:00,0,train,18333,2015,4,3,20,71.0,73.0,10.0,38.0,1100.0,124.0,12.4,1009.2,2.3,0.0,SSW,2.2,Aotizhongxin,10.0,76.0,22.0,365.2753623189714,6.4,16.1,13.3,8.477971014486954,2015-04-03 20:00:00,90.0,2015-04-04 20:00:00
17836,2015-04-04 08:00:00,0,train,18345,2015,4,4,8,45.0,67.0,8.0,44.0,500.0,84.0,10.4,1008.8,1.0,0.0,SSE,1.4,Aotizhongxin,13.0,76.0,36.5,247.73913043490685,8.6,16.1,12.0,7.638188405791118,2015-04-04 08:00:00,30.0,2015-04-05 08:00:00
17933,2015-04-08 09:00:00,0,train,18442,2015,4,8,9,104.0,152.0,11.0,87.0,1300.0,15.0,8.6,1022.3,-2.4,0.0,NW,1.1,Aotizhongxin,6.0,104.0,55.5,1036.9981884059139,3.4,12.6,9.35,7.016068840572281,2015-04-08 09:00:00,142.0,2015-04-09 09:00:00
17935,2015-04-08 11:00:00,0,train,18444,2015,4,8,11,102.0,127.0,30.0,53.0,1000.0,58.0,10.9,1021.5,-5.6,0.0,SW,3.9,Aotizhongxin,6.0,104.0,67.0,1084.8097826088074,3.4,12.6,9.8,7.219981884050602,2015-04-08 11:00:00,165.0,2015-04-09 11:00:00
17936,2015-04-08 12:00:00,0,train,18445,2015,4,8,12,84.0,84.0,28.0,34.0,800.0,82.0,12.6,1020.1,-5.9,0.0,SW,3.7,Aotizhongxin,12.0,104.0,70.5,991.5489130435878,3.4,12.6,9.8,7.626503623181078,2015-04-08 12:00:00,173.0,2015-04-09 12:00:00
18054,2015-04-13 10:00:00,0,train,18563,2015,4,13,10,21.0,26.0,2.0,14.0,300.0,97.0,11.2,1024.0,-3.0,0.0,NNE,2.5,Aotizhongxin,9.0,21.0,14.0,8.027173913165434,4.7,11.2,6.5,3.7236956521655302,2015-04-13 10:00:00,59.0,2015-04-14 10:00:00
18078,2015-04-14 10:00:00,0,train,18587,2015,4,14,10,59.0,59.0,9.0,75.0,900.0,42.0,17.3,1006.2,0.9,0.0,N,1.0,Aotizhongxin,20.0,85.0,52.5,360.0851449276381,4.5,18.5,13.55,20.00405797100867,2015-04-14 10:00:00,154.0,2015-04-15 10:00:00
18160,2015-04-17 20:00:00,0,train,18669,2015,4,17,20,106.0,245.0,35.0,71.0,800.0,94.0,21.0,1003.9,3.2,0.0,SSW,1.4,Aotizhongxin,35.0,214.0,72.5,1387.2173913044335,9.1,25.2,16.75,23.08231884057641,2015-04-17 20:00:00,62.0,2015-04-18 20:00:00
18272,2015-04-23 21:00:00,0,train,18814,2015,4,23,21,18.0,74.0,2.0,36.0,300.0,78.0,20.8,1015.7,-12.0,0.0,NE,1.3,Aotizhongxin,13.0,99.0,65.0,719.8260869566075,12.6,28.5,20.5,25.799710144925623,2015-04-23 21:00:00,79.0,2015-04-24 21:00:00
18283,2015-04-24 08:00:00,0,train,18825,2015,4,24,8,63.0,217.0,13.0,90.0,1000.0,28.0,18.2,1019.6,0.8,0.0,WSW,3.0,Aotizhongxin,13.0,99.0,78.5,962.1141304348688,8.9,28.5,19.15,42.24579710144654,2015-04-24 08:00:00,61.0,2015-04-25 08:00:00
18360,2015-04-27 13:00:00,0,train,18902,2015,4,27,13,122.0,203.0,19.0,40.0,1100.0,193.0,26.5,1000.0,13.6,0.0,SSE,2.4,Aotizhongxin,46.0,122.0,82.5,661.172101449352,17.2,31.0,24.5,16.87065217391332,2015-04-27 13:00:00,38.0,2015-04-28 13:00:00
18582,2015-05-06 19:00:00,0,train,19124,2015,5,6,19,29.0,132.0,5.0,42.0,500.0,76.0,18.3,1006.1,-7.2,0.0,SSE,2.4,Aotizhongxin,8.0,36.0,15.5,64.73731884068106,13.7,22.8,19.35,6.2764492753596315,2015-05-06 19:00:00,46.0,2015-05-07 19:00:00
18592,2015-05-07 05:00:00,0,train,19134,2015,5,7,5,29.0,87.0,4.0,27.0,500.0,77.0,10.4,1006.6,1.7,0.0,NE,0.4,Aotizhongxin,8.0,41.0,26.5,114.49275362328612,10.4,21.1,17.4,9.124764492750133,2015-05-07 05:00:00,17.0,2015-05-08 05:00:00
18603,2015-05-07 16:00:00,0,train,19145,2015,5,7,16,46.0,207.0,6.0,33.0,600.0,156.0,23.8,1004.4,4.2,0.0,SW,4.1,Aotizhongxin,25.0,50.0,36.5,54.43297101458365,10.1,24.1,17.0,16.890851449271977,2015-05-07 16:00:00,33.0,2015-05-08 16:00:00
18634,2015-05-08 23:00:00,0,train,19176,2015,5,8,23,111.0,124.0,12.0,42.0,1800.0,72.0,15.7,1010.7,9.1,0.0,SE,2.5,Aotizhongxin,11.0,111.0,32.5,891.0416666667533,12.1,23.7,17.9,13.46693840579395,2015-05-08 23:00:00,35.0,2015-05-09 23:00:00
18695,2015-05-11 12:00:00,0,train,19237,2015,5,11,12,28.0,28.0,2.0,39.0,700.0,68.0,17.0,1002.7,5.0,0.0,SW,2.6,Aotizhongxin,28.0,43.0,37.0,18.998188405888275,8.6,17.0,9.3,4.479112318833141,2015-05-11 12:00:00,16.0,2015-05-12 12:00:00
18757,2015-05-14 02:00:00,0,train,19299,2015,5,14,2,33.0,180.0,3.0,16.0,100.0,85.0,21.0,998.4,-2.2,0.0,NNW,6.3,Aotizhongxin,29.0,146.0,55.0,1002.6666666667459,10.6,30.9,23.9,40.16717391304301,2015-05-14 02:00:00,20.0,2015-05-15 02:00:00
18791,2015-05-15 12:00:00,0,train,19333,2015,5,15,12,21.0,30.0,2.0,25.0,400.0,100.0,23.0,1011.9,1.3,0.0,SSE,1.9,Aotizhongxin,9.0,38.0,18.5,53.15760869575573,18.0,25.4,21.0,6.227373188404702,2015-05-15 12:00:00,27.0,2015-05-16 12:00:00
18795,2015-05-15 16:00:00,0,train,19337,2015,5,15,16,30.0,67.0,2.0,25.0,300.0,140.0,24.4,1008.6,1.3,0.0,SW,4.7,Aotizhongxin,9.0,38.0,20.0,53.55797101459496,18.0,25.4,21.0,5.61797101449161,2015-05-15 16:00:00,56.0,2015-05-16 16:00:00
18801,2015-05-15 22:00:00,0,train,19343,2015,5,15,22,50.0,117.0,13.0,40.0,900.0,129.0,21.0,1009.1,6.9,0.0,W,4.3,Aotizhongxin,9.0,50.0,20.5,77.44927536242045,18.0,24.6,21.200000000000003,4.6173731884046,2015-05-15 22:00:00,70.0,2015-05-16 22:00:00
18816,2015-05-16 13:00:00,0,train,19358,2015,5,16,13,32.0,63.0,4.0,35.0,400.0,143.0,28.2,1004.5,0.8,0.0,SW,3.4,Aotizhongxin,18.0,66.0,37.0,191.7663043479191,10.2,28.2,21.549999999999997,27.287536231882246,2015-05-16 13:00:00,139.0,2015-05-17 13:00:00
18945,2015-05-21 22:00:00,0,train,19487,2015,5,21,22,29.0,101.0,13.0,44.0,600.0,111.0,22.3,1006.1,7.3,0.0,SW,5.3,Aotizhongxin,21.0,81.0,42.5,235.56521739138617,15.1,28.1,23.5,16.151014492753365,2015-05-21 22:00:00,60.0,2015-05-22 22:00:00
18982,2015-05-23 11:00:00,1,train,19524,2015,5,23,11,139.0,181.0,22.0,65.0,1100.0,179.0,26.6,1004.7,13.0,0.0,W,1.1,Aotizhongxin,48.0,142.0,89.5,982.8913043478875,15.9,29.5,23.65,20.35041666666646,2015-05-23 11:00:00,197.0,2015-05-24 11:00:00
18991,2015-05-23 20:00:00,0,train,19533,2015,5,23,20,83.0,184.0,22.0,62.0,1000.0,196.0,27.3,1002.8,10.1,0.0,SSW,1.6,Aotizhongxin,51.0,142.0,89.5,840.7807971015083,15.9,30.6,23.65,26.39259057971019,2015-05-23 20:00:00,79.0,2015-05-24 20:00:00
19048,2015-05-26 05:00:00,0,train,19590,2015,5,26,5,89.0,154.0,12.0,46.0,800.0,88.0,21.2,1002.5,14.4,0.0,SSE,0.8,Aotizhongxin,69.0,145.0,97.0,554.9492753623774,20.1,33.0,28.6,13.94775362319008,2015-05-26 05:00:00,100.0,2015-05-27 05:00:00
19070,2015-05-27 03:00:00,0,train,19612,2015,5,27,3,88.0,189.0,12.0,41.0,700.0,112.0,23.8,1000.8,14.5,0.0,SW,2.2,Aotizhongxin,62.0,130.0,80.5,371.20108695658547,21.2,33.4,28.05,14.175923913045155,2015-05-27 03:00:00,125.0,2015-05-28 03:00:00
19127,2015-05-29 12:00:00,0,train,19669,2015,5,29,12,76.0,76.0,5.0,60.0,900.0,111.0,27.8,1001.5,15.8,0.0,E,1.6,Aotizhongxin,76.0,108.0,90.0,96.04166666672775,20.1,29.5,25.5,9.70331521739192,2015-05-29 12:00:00,50.0,2015-05-30 12:00:00
19208,2015-06-01 21:00:00,0,train,19750,2015,6,1,21,79.0,173.0,9.0,112.0,1200.0,114.0,28.6,997.3,19.5,0.0,SE,2.7,Aotizhongxin,51.0,134.0,91.0,644.4347826087549,23.3,32.2,28.4,6.244329710146738,2015-06-01 21:00:00,14.0,2015-06-02 21:00:00
19214,2015-06-02 03:00:00,0,train,19756,2015,6,2,3,69.0,119.0,13.0,42.0,1800.0,82.0,22.8,1001.6,15.4,0.0,E,2.8,Aotizhongxin,57.0,149.0,105.5,743.389492753681,22.8,32.2,27.3,9.060000000001462,2015-06-02 03:00:00,35.0,2015-06-03 03:00:00
19373,2015-06-08 18:00:00,0,train,19915,2015,6,8,18,20.0,87.0,3.0,33.0,400.0,128.0,27.5,997.7,9.8,0.2,WSW,4.3,Aotizhongxin,4.0,23.0,13.0,21.606884058049303,14.5,31.0,21.35,25.0610869565216,2015-06-08 18:00:00,84.0,2015-06-09 18:00:00
19383,2015-06-09 04:00:00,0,train,19925,2015,6,9,4,43.0,43.0,4.0,112.0,700.0,2.0,19.1,997.3,12.1,0.0,NE,1.1,Aotizhongxin,9.0,43.0,17.5,105.82427536239544,14.5,31.0,23.05,21.564764492753763,2015-06-09 04:00:00,47.0,2015-06-10 04:00:00
19440,2015-06-12 05:00:00,0,train,19998,2015,6,12,5,,7.0,11.0,19.0,100.0,87.0,22.5,993.3,8.2,0.0,WNW,2.5,Aotizhongxin,3.0,17.0,3.0,16.123809523938373,18.1,28.0,23.05,9.30166666666676,2015-06-12 05:00:00,6.0,2015-06-13 05:00:00
19480,2015-06-14 12:00:00,0,train,20053,2015,6,14,12,11.0,17.0,8.0,17.0,400.0,132.0,29.5,1004.3,12.0,0.0,SW,1.5,Aotizhongxin,8.0,28.0,16.5,32.82427536239481,16.8,29.5,23.85,17.959112318840635,2015-06-14 12:00:00,126.0,2015-06-15 12:00:00
19528,2015-06-16 13:00:00,0,train,20102,2015,6,16,13,138.0,138.0,21.0,55.0,1400.0,249.0,31.5,999.0,14.2,0.0,WSW,3.1,Aotizhongxin,71.0,162.0,112.0,1165.166007905196,21.0,31.6,27.6,12.532445652175403,2015-06-16 13:00:00,32.0,2015-06-17 13:00:00
19539,2015-06-17 00:00:00,0,train,20113,2015,6,17,0,67.0,67.0,2.0,42.0,800.0,149.0,23.2,998.7,16.3,0.0,NE,1.1,Aotizhongxin,60.0,162.0,108.0,1551.3894927536799,21.0,33.1,25.35,17.457663043479602,2015-06-17 00:00:00,66.0,2015-06-18 00:00:00
19550,2015-06-17 11:00:00,0,train,20124,2015,6,17,11,35.0,35.0,2.0,32.0,700.0,157.0,29.2,998.2,15.7,0.0,NE,1.6,Aotizhongxin,30.0,162.0,64.0,986.0869565218051,21.2,33.1,25.200000000000003,17.799057971015856,2015-06-17 11:00:00,9.0,2015-06-18 11:00:00
19570,2015-06-18 07:00:00,0,train,20144,2015,6,18,7,14.0,14.0,2.0,54.0,200.0,36.0,24.6,1003.9,9.3,0.0,NW,1.4,Aotizhongxin,10.0,70.0,37.0,273.1721014493467,18.8,33.1,24.700000000000003,15.370851449276136,2015-06-18 07:00:00,8.0,2015-06-19 07:00:00
19618,2015-06-20 07:00:00,0,train,20192,2015,6,20,7,19.0,39.0,2.0,46.0,700.0,29.0,20.5,1009.1,13.5,0.0,NNW,1.5,Aotizhongxin,9.0,45.0,22.0,125.6231884058715,16.5,22.6,19.4,3.7225905797084913,2015-06-20 07:00:00,53.0,2015-06-21 07:00:00
19643,2015-06-21 08:00:00,0,train,20217,2015,6,21,8,69.0,126.0,3.0,86.0,600.0,30.0,24.8,1006.0,16.8,0.0,ENE,1.4,Aotizhongxin,10.0,69.0,22.5,278.5797101450012,20.3,31.0,26.85,9.880000000001152,2015-06-21 08:00:00,161.0,2015-06-22 08:00:00
19689,2015-06-23 06:00:00,0,train,20263,2015,6,23,6,286.0,286.0,16.0,49.0,2300.0,76.0,21.9,1003.6,18.3,0.0,ENE,0.8,Aotizhongxin,60.0,309.0,109.0,5406.318840579757,21.9,30.7,26.4,9.269547101450401,2015-06-23 06:00:00,104.0,2015-06-24 06:00:00
19729,2015-06-24 22:00:00,0,train,20303,2015,6,24,22,86.0,111.0,6.0,85.0,800.0,53.0,23.6,1000.4,17.8,0.0,E,1.4,Aotizhongxin,80.0,178.0,111.5,915.027173913092,23.6,28.1,25.4,1.0986775362326453,2015-06-24 22:00:00,140.0,2015-06-25 22:00:00
19778,2015-06-26 23:00:00,0,train,20352,2015,6,26,23,14.0,14.0,2.0,33.0,400.0,101.0,21.2,998.4,19.1,0.1,S,0.4,Aotizhongxin,14.0,156.0,110.0,953.2155797101949,20.3,28.7,23.75,9.140797101449536,2015-06-26 23:00:00,116.0,2015-06-27 23:00:00
19784,2015-06-27 05:00:00,0,train,20358,2015,6,27,5,40.0,40.0,2.0,29.0,300.0,54.0,21.3,999.2,19.2,0.0,NNE,0.9,Aotizhongxin,14.0,156.0,98.0,1883.0851449275854,20.5,28.7,23.05,9.328242753623396,2015-06-27 05:00:00,111.0,2015-06-28 05:00:00
19811,2015-06-28 08:00:00,1,train,20385,2015,6,28,8,148.0,148.0,7.0,33.0,800.0,67.0,24.9,1004.0,21.2,0.0,ESE,1.4,Aotizhongxin,49.0,167.0,122.0,1012.0869565217918,23.2,29.1,25.45,4.097373188406754,2015-06-28 08:00:00,185.0,2015-06-29 08:00:00
19818,2015-06-28 15:00:00,1,train,20392,2015,6,28,15,177.0,177.0,10.0,24.0,1000.0,237.0,30.9,1000.6,22.5,0.0,SE,3.2,Aotizhongxin,100.0,205.0,156.0,1011.4619565217937,23.2,30.9,26.6,5.697807971015723,2015-06-28 15:00:00,205.0,2015-06-29 15:00:00
19827,2015-06-29 00:00:00,0,train,20401,2015,6,29,0,192.0,192.0,16.0,40.0,1400.0,132.0,26.4,999.7,20.5,0.0,SE,1.5,Aotizhongxin,100.0,207.0,160.5,1222.5144927536787,23.2,31.2,27.4,7.414710144928966,2015-06-29 00:00:00,23.0,2015-06-30 00:00:00
19869,2015-06-30 18:00:00,0,train,20443,2015,6,30,18,10.0,35.0,2.0,30.0,500.0,117.0,26.2,993.6,13.3,0.0,SW,4.4,Aotizhongxin,5.0,23.0,13.5,29.27536231888448,18.1,26.9,19.65,9.140579710144006,2015-06-30 18:00:00,11.0,2015-07-01 18:00:00
19953,2015-07-04 06:00:00,0,train,20527,2015,7,4,6,20.0,66.0,8.0,79.0,700.0,12.0,19.8,1006.1,13.7,0.0,ESE,1.7,Aotizhongxin,11.0,54.0,24.0,131.50000000004502,19.6,30.3,25.75,12.809112318841391,2015-07-04 06:00:00,50.0,2015-07-05 06:00:00
19956,2015-07-04 09:00:00,0,train,20530,2015,7,4,9,34.0,88.0,12.0,75.0,800.0,29.0,23.9,1006.4,12.5,0.0,S,1.1,Aotizhongxin,11.0,54.0,24.0,134.6938405797552,19.6,30.3,25.35,13.644927536232615,2015-07-04 09:00:00,66.0,2015-07-05 09:00:00
20035,2015-07-07 16:00:00,0,train,20609,2015,7,7,16,60.0,94.0,6.0,23.0,600.0,265.0,32.0,1002.7,15.9,0.0,SW,2.1,Aotizhongxin,44.0,90.0,68.0,187.34601449280308,20.2,32.0,26.8,13.266956521740239,2015-07-07 16:00:00,118.0,2015-07-08 16:00:00
20080,2015-07-09 13:00:00,0,train,20654,2015,7,9,13,74.0,74.0,13.0,30.0,800.0,261.0,31.0,1008.5,17.0,0.0,SE,2.2,Aotizhongxin,59.0,129.0,103.0,435.8097826087501,22.4,32.7,28.1,13.250851449277034,2015-07-09 13:00:00,48.0,2015-07-10 13:00:00
20118,2015-07-11 03:00:00,0,train,20692,2015,7,11,3,83.0,104.0,13.0,54.0,1000.0,74.0,24.5,1004.6,19.3,0.0,ENE,1.7,Aotizhongxin,29.0,84.0,65.0,191.2155797101994,23.0,32.6,27.799999999999997,11.10108695652344,2015-07-11 03:00:00,108.0,2015-07-12 03:00:00
20218,2015-07-15 07:00:00,0,train,20792,2015,7,15,7,28.0,52.0,2.0,59.0,500.0,97.0,26.0,1000.9,15.4,0.0,NNE,1.9,Aotizhongxin,21.0,58.0,30.0,106.94927536238097,24.8,35.0,29.35,9.703025362321375,2015-07-15 07:00:00,48.0,2015-07-16 07:00:00
20271,2015-07-17 12:00:00,0,train,20845,2015,7,17,12,26.0,26.0,2.0,51.0,800.0,63.0,21.6,1004.0,19.5,0.8,NNW,1.9,Aotizhongxin,18.0,40.0,29.0,41.201086956583254,20.9,25.1,21.75,2.1254891304344405,2015-07-17 12:00:00,47.0,2015-07-18 12:00:00
20329,2015-07-19 22:00:00,0,train,20903,2015,7,19,22,68.0,74.0,2.0,50.0,800.0,108.0,22.7,1005.1,21.3,0.2,N,1.6,Aotizhongxin,38.0,138.0,65.5,823.8677536232495,21.5,27.7,22.7,3.2060688405796487,2015-07-19 22:00:00,120.0,2015-07-20 22:00:00
20455,2015-07-25 04:00:00,0,train,21029,2015,7,25,4,67.0,103.0,5.0,85.0,1000.0,2.0,22.4,996.8,20.9,0.0,ENE,0.7,Aotizhongxin,33.0,103.0,70.5,373.65036231891054,22.4,32.5,25.799999999999997,9.371014492754838,2015-07-25 04:00:00,154.0,2015-07-26 04:00:00
20488,2015-07-26 13:00:00,0,train,21062,2015,7,26,13,117.0,117.0,8.0,23.0,900.0,232.0,32.7,999.5,23.4,0.0,N,1.2,Aotizhongxin,65.0,168.0,137.0,1192.4329710145532,24.6,32.8,30.049999999999997,7.050362318843024,2015-07-26 13:00:00,85.0,2015-07-27 13:00:00
