original_index,timestamp,target,partition,No,year,month,day,hour,PM2.5,PM10,SO2,NO2,CO,O3,TEMP,PRES,DEWP,RAIN,wd,WSPM,station,pm25_min,pm25_max,pm25_median,pm25_variance,temperature_min,temperature_max,temperature_median,temperature_variance,feature_timestamp,future_pm25,target_timestamp
29,2013-03-02 16:00:00,0,train,41,2013,3,2,16,37.0,46.0,29.0,63.0,1000.0,38.0,3.5,1023.6,-15.2,0.0,WSW,2.5,Aotizhongxin,3.0,37.0,11.5,101.82427536231879,-2.5,4.3,0.75,4.57760869565218,2013-03-02 16:00:00,28.0,2013-03-03 16:00:00
47,2013-03-03 10:00:00,0,train,59,2013,3,3,10,94.0,122.0,116.0,90.0,1800.0,9.0,6.5,1014.9,-13.2,0.0,N,1.3,Aotizhongxin,18.0,112.0,78.0,961.4130434782605,-5.8,6.5,0.95,10.53760869565218,2013-03-03 10:00:00,16.0,2013-03-04 10:00:00
121,2013-03-06 12:00:00,1,train,133,2013,3,6,12,192.0,219.0,124.0,113.0,2299.0,22.0,11.1,1006.9,-4.2,0.0,ENE,0.4,Aotizhongxin,163.0,284.0,192.0,972.8043478260878,2.9,13.8,5.5,13.441086956521758,2013-03-06 12:00:00,255.0,2013-03-07 12:00:00
196,2013-03-09 15:00:00,0,train,208,2013,3,9,15,28.0,443.0,3.0,8.0,300.0,81.0,10.2,1009.4,-17.1,0.0,N,3.9,Aotizhongxin,28.0,172.0,89.5,955.362318840645,1.1,16.7,7.95,21.532880434782605,2013-03-09 15:00:00,37.0,2013-03-10 15:00:00
225,2013-03-10 20:00:00,0,train,237,2013,3,10,20,70.0,115.0,33.0,61.0,800.0,84.0,7.4,1018.8,-10.9,0.0,S,3.5,Aotizhongxin,6.0,70.0,26.5,259.6503623189325,-2.1,11.4,6.05,24.685489130434718,2013-03-10 20:00:00,156.0,2013-03-11 20:00:00
254,2013-03-12 01:00:00,0,train,266,2013,3,12,1,106.0,161.0,56.0,91.0,1600.0,47.0,4.8,1006.8,-2.8,0.0,SSE,0.0,Aotizhongxin,89.0,174.0,114.0,544.1721014493284,-2.3,11.4,8.1,23.998840579710098,2013-03-12 01:00:00,10.0,2013-03-13 01:00:00
260,2013-03-12 07:00:00,0,train,272,2013,3,12,7,115.0,121.0,21.0,77.0,2100.0,47.0,3.5,1006.9,2.2,0.9,NW,1.4,Aotizhongxin,89.0,174.0,128.5,425.7971014493263,3.1,11.4,8.1,7.398260869565203,2013-03-12 07:00:00,3.0,2013-03-13 07:00:00
269,2013-03-12 16:00:00,0,train,281,2013,3,12,16,133.0,102.0,17.0,63.0,1500.0,28.0,6.6,1008.1,3.2,0.0,S,0.6,Aotizhongxin,89.0,174.0,131.0,337.60688405802176,3.1,9.8,5.449999999999999,5.504275362318801,2013-03-12 16:00:00,3.0,2013-03-13 16:00:00
284,2013-03-13 07:00:00,0,train,296,2013,3,13,7,3.0,8.0,21.0,40.0,600.0,69.0,3.7,1023.3,-10.0,0.0,NNE,2.9,Aotizhongxin,3.0,160.0,121.5,3551.644927536296,-0.9,6.6,3.5,3.6616666666665827,2013-03-13 07:00:00,69.0,2013-03-14 07:00:00
302,2013-03-14 01:00:00,0,train,314,2013,3,14,1,71.0,88.0,11.0,67.0,1399.0,77.0,1.6,1024.5,-4.1,0.0,SSW,1.0,Aotizhongxin,3.0,71.0,14.5,354.717391304433,-0.9,9.7,4.9,8.667807971014431,2013-03-14 01:00:00,180.0,2013-03-15 01:00:00
328,2013-03-15 03:00:00,1,train,340,2013,3,15,3,182.0,200.0,42.0,87.0,2500.0,52.0,1.5,1016.3,-2.8,0.0,NE,1.6,Aotizhongxin,49.0,183.0,107.0,1415.739130434837,-0.8,9.9,2.95,12.063315217391233,2013-03-15 03:00:00,304.0,2013-03-16 03:00:00
381,2013-03-17 08:00:00,0,train,393,2013,3,17,8,206.0,237.0,39.0,80.0,2700.0,94.0,7.6,1005.3,2.1,0.0,WSW,0.6,Aotizhongxin,150.0,272.0,192.5,1207.2155797101666,4.2,14.5,9.6,11.163025362318878,2013-03-17 08:00:00,3.0,2013-03-18 08:00:00
404,2013-03-18 07:00:00,0,train,416,2013,3,18,7,13.0,68.0,17.0,15.0,400.0,107.0,6.2,1002.4,-12.4,0.0,NE,6.5,Aotizhongxin,13.0,463.0,327.0,21621.519927536203,6.2,15.9,10.75,7.972010869565271,2013-03-18 07:00:00,30.0,2013-03-19 07:00:00
444,2013-03-19 23:00:00,0,train,456,2013,3,19,23,65.0,81.0,9.0,64.0,900.0,5.0,-0.1,1016.4,-0.5,0.7,S,1.6,Aotizhongxin,28.0,65.0,38.0,146.60869565222652,-0.1,4.8,2.15,2.098840579710028,2013-03-19 23:00:00,106.0,2013-03-20 23:00:00
491,2013-03-21 22:00:00,0,train,503,2013,3,21,22,217.0,236.0,19.0,128.0,1899.0,2.0,4.7,1005.5,0.1,0.0,NE,2.7,Aotizhongxin,73.0,217.0,136.0,2280.8967391304495,-1.7,7.7,4.2,9.557318840579626,2013-03-21 22:00:00,59.0,2013-03-22 22:00:00
493,2013-03-22 00:00:00,0,train,505,2013,3,22,0,202.0,209.0,18.0,115.0,1700.0,2.0,3.4,1007.6,-0.1,0.0,ENE,0.8,Aotizhongxin,73.0,228.0,170.0,2458.6068840579833,-1.7,7.7,4.4,9.365217391304267,2013-03-22 00:00:00,64.0,2013-03-23 00:00:00
714,2013-03-31 05:00:00,1,train,726,2013,3,31,5,96.0,115.0,10.0,80.0,1399.0,2.0,4.5,1016.0,2.2,0.0,SSW,1.7,Aotizhongxin,66.0,110.0,88.0,120.84057971018652,2.5,10.9,5.9,6.306938405797139,2013-03-31 05:00:00,238.0,2013-04-01 05:00:00
734,2013-04-01 01:00:00,0,train,746,2013,4,1,1,233.0,253.0,18.0,76.0,1899.0,2.0,6.6,1008.6,3.9,0.0,ESE,0.7,Aotizhongxin,96.0,235.0,216.5,2798.5923913043544,4.4,6.9,5.85,0.5710144927536585,2013-04-01 01:00:00,10.0,2013-04-02 01:00:00
811,2013-04-04 06:00:00,0,train,823,2013,4,4,6,48.0,84.0,60.0,70.0,1899.0,26.0,8.2,1009.3,-3.7,0.0,SSW,1.9,Aotizhongxin,36.0,208.0,72.5,3240.782608695681,6.9,19.6,10.85,19.660000000000018,2013-04-04 06:00:00,112.0,2013-04-05 06:00:00
835,2013-04-05 06:00:00,0,train,847,2013,4,5,6,112.0,79.0,13.0,67.0,1899.0,2.0,6.3,1010.9,6.0,0.0,ENE,1.6,Aotizhongxin,63.0,112.0,80.0,187.6231884058292,5.6,10.7,6.15,3.180579710144987,2013-04-05 06:00:00,3.0,2013-04-06 06:00:00
941,2013-04-09 16:00:00,0,train,953,2013,4,9,16,4.0,25.0,5.0,11.0,400.0,83.0,10.3,1015.3,-7.0,0.0,NNW,7.0,Aotizhongxin,4.0,32.0,12.0,26.722826087004517,5.1,11.5,8.25,4.124184782608733,2013-04-09 16:00:00,3.0,2013-04-10 16:00:00
995,2013-04-11 22:00:00,0,train,1007,2013,4,11,22,56.0,239.0,15.0,111.0,1300.0,2.0,6.0,1012.3,-3.1,0.0,SW,1.0,Aotizhongxin,4.0,56.0,20.0,158.69384057975597,2.1,18.1,9.7,32.633750000000056,2013-04-11 22:00:00,65.0,2013-04-12 22:00:00
1030,2013-04-13 09:00:00,0,train,1042,2013,4,13,9,112.0,223.0,43.0,91.0,1300.0,2.0,19.2,996.9,3.4,0.0,NE,3.4,Aotizhongxin,45.0,112.0,65.0,441.53623188409176,8.9,22.6,17.700000000000003,20.884057971014624,2013-04-13 09:00:00,19.0,2013-04-14 09:00:00
1180,2013-04-19 15:00:00,0,train,1192,2013,4,19,15,43.0,53.0,17.0,36.0,600.0,66.0,7.3,1017.1,-0.9,0.0,SW,2.5,Aotizhongxin,9.0,67.0,41.0,357.62318840584095,3.5,14.9,7.45,7.997971014492755,2013-04-19 15:00:00,75.0,2013-04-20 15:00:00
1209,2013-04-20 20:00:00,0,train,1221,2013,4,20,20,68.0,110.0,14.0,50.0,700.0,74.0,11.0,1014.2,0.4,0.0,SW,2.5,Aotizhongxin,52.0,83.0,66.0,92.02173913046738,0.9,15.3,8.8,28.49041666666665,2013-04-20 20:00:00,131.0,2013-04-21 20:00:00
1237,2013-04-22 00:00:00,0,train,1249,2013,4,22,0,95.0,113.0,24.0,57.0,700.0,,11.2,1010.1,3.9,0.0,SSW,1.4,Aotizhongxin,87.0,162.0,128.0,479.2173913043542,4.2,17.6,13.399999999999999,21.350434782608733,2013-04-22 00:00:00,150.0,2013-04-23 00:00:00
1245,2013-04-22 08:00:00,0,train,1257,2013,4,22,8,162.0,166.0,23.0,60.0,1000.0,,11.6,1010.4,5.0,0.0,NNW,1.5,Aotizhongxin,87.0,162.0,140.5,505.80978260869887,7.9,17.6,13.399999999999999,10.310362318840632,2013-04-22 08:00:00,171.0,2013-04-23 08:00:00
1268,2013-04-23 07:00:00,1,train,1280,2013,4,23,7,156.0,166.0,14.0,45.0,1000.0,8.0,9.5,1005.7,6.9,0.0,W,1.9,Aotizhongxin,114.0,243.0,164.5,1532.5144927536123,9.3,14.7,13.6,3.894710144927575,2013-04-23 07:00:00,192.0,2013-04-24 07:00:00
1275,2013-04-23 14:00:00,0,train,1287,2013,4,23,14,257.0,260.0,35.0,72.0,1500.0,14.0,15.3,1003.0,8.1,0.0,SSW,1.9,Aotizhongxin,114.0,257.0,175.5,1706.3894927536116,9.3,15.3,12.85,4.357101449275398,2013-04-23 14:00:00,45.0,2013-04-24 14:00:00
1314,2013-04-25 05:00:00,0,train,1326,2013,4,25,5,21.0,51.0,11.0,78.0,500.0,2.0,6.4,1008.4,-0.6,0.0,SE,0.5,Aotizhongxin,8.0,193.0,13.0,4054.215579710139,6.0,24.1,15.350000000000001,34.410362318840676,2013-04-25 05:00:00,59.0,2013-04-26 05:00:00
1353,2013-04-26 20:00:00,0,train,1365,2013,4,26,20,84.0,148.0,45.0,92.0,700.0,65.0,18.6,1002.9,0.2,0.0,S,1.6,Aotizhongxin,12.0,92.0,69.5,646.0869565217334,6.1,24.3,17.6,46.68869565217402,2013-04-26 20:00:00,94.0,2013-04-27 20:00:00
1404,2013-04-28 23:00:00,0,train,1416,2013,4,28,23,19.0,89.0,8.0,51.0,500.0,44.0,11.6,1008.6,1.5,0.0,NW,0.7,Aotizhongxin,13.0,96.0,81.5,637.8677536231822,11.6,20.7,16.200000000000003,6.929547101449439,2013-04-28 23:00:00,34.0,2013-04-29 23:00:00
1420,2013-04-29 15:00:00,0,train,1432,2013,4,29,15,16.0,62.0,5.0,8.0,300.0,106.0,28.7,1003.1,-3.5,0.0,WNW,2.0,Aotizhongxin,7.0,94.0,16.5,696.0579710144857,10.7,28.9,19.200000000000003,31.410652173913125,2013-04-29 15:00:00,14.0,2013-04-30 15:00:00
1424,2013-04-29 19:00:00,0,train,1436,2013,4,29,19,14.0,71.0,4.0,24.0,400.0,81.0,19.9,1004.8,0.3,0.0,NW,0.4,Aotizhongxin,7.0,26.0,13.0,30.418478260862354,10.7,28.9,20.25,37.64492753623193,2013-04-29 19:00:00,15.0,2013-04-30 19:00:00
1445,2013-04-30 16:00:00,0,train,1457,2013,4,30,16,11.0,19.0,7.0,14.0,300.0,109.0,29.1,1005.2,-7.0,0.0,NE,4.1,Aotizhongxin,10.0,40.0,15.5,47.27536231883343,8.9,29.1,19.4,45.51853260869573,2013-04-30 16:00:00,31.0,2013-05-01 16:00:00
1486,2013-05-02 09:00:00,1,train,1498,2013,5,2,9,92.0,142.0,52.0,88.0,1399.0,,19.4,1008.4,3.1,0.0,NNW,0.9,Aotizhongxin,26.0,92.0,40.0,323.4764492753564,14.0,23.9,18.15,9.856358695652288,2013-05-02 09:00:00,254.0,2013-05-03 09:00:00
1632,2013-05-08 11:00:00,0,train,1644,2013,5,8,11,136.0,153.0,110.0,48.0,2000.0,,21.0,1009.0,13.9,0.2,WSW,1.4,Aotizhongxin,96.0,243.0,168.0,1571.362318840578,16.4,29.4,22.6,17.12057971014483,2013-05-08 11:00:00,24.0,2013-05-09 11:00:00
1646,2013-05-09 01:00:00,0,train,1658,2013,5,9,1,52.0,64.0,23.0,61.0,500.0,33.0,17.3,1005.9,12.0,0.0,SSW,0.9,Aotizhongxin,47.0,202.0,117.0,1840.5199275362384,16.4,22.4,20.35,3.574184782608787,2013-05-09 01:00:00,80.0,2013-05-10 01:00:00
1682,2013-05-10 13:00:00,0,train,1694,2013,5,10,13,17.0,36.0,11.0,15.0,200.0,98.0,29.3,995.2,0.0,0.0,NNW,4.3,Aotizhongxin,9.0,113.0,68.5,1070.5634057971201,9.5,29.3,17.4,38.36166666666688,2013-05-10 13:00:00,25.0,2013-05-11 13:00:00
1694,2013-05-11 01:00:00,0,train,1706,2013,5,11,1,58.0,177.0,29.0,128.0,700.0,2.0,12.9,992.0,7.6,0.0,NW,0.6,Aotizhongxin,9.0,113.0,40.0,1399.085144927558,9.5,31.0,23.75,56.981666666666705,2013-05-11 01:00:00,40.0,2013-05-12 01:00:00
1731,2013-05-12 14:00:00,0,train,1743,2013,5,12,14,19.0,51.0,18.0,31.0,400.0,116.0,29.2,993.6,-0.1,0.0,SW,3.4,Aotizhongxin,13.0,65.0,23.0,247.81884057973585,12.7,33.0,21.5,42.60476449275362,2013-05-12 14:00:00,73.0,2013-05-13 14:00:00
1744,2013-05-13 03:00:00,0,train,1756,2013,5,13,3,47.0,118.0,50.0,97.0,900.0,29.0,14.9,997.3,7.4,0.0,NE,1.3,Aotizhongxin,13.0,53.0,31.5,137.47101449277864,14.9,30.0,23.2,26.107373188405784,2013-05-13 03:00:00,102.0,2013-05-14 03:00:00
1774,2013-05-14 09:00:00,0,train,1786,2013,5,14,9,17.0,118.0,20.0,19.0,300.0,75.0,25.1,1003.7,3.1,0.0,N,3.6,Aotizhongxin,17.0,178.0,86.5,2665.824275362331,14.5,27.5,22.25,17.849981884058035,2013-05-14 09:00:00,60.0,2013-05-15 09:00:00
1835,2013-05-16 22:00:00,0,train,1847,2013,5,16,22,74.0,163.0,23.0,56.0,800.0,109.0,20.9,1009.3,11.2,0.0,SSW,1.1,Aotizhongxin,28.0,665.0,68.0,41538.07065217392,14.2,26.1,22.1,15.204275362318885,2013-05-16 22:00:00,145.0,2013-05-17 22:00:00
1843,2013-05-17 06:00:00,0,train,1855,2013,5,17,6,86.0,98.0,35.0,47.0,1600.0,38.0,17.9,1007.6,13.0,0.0,SW,1.2,Aotizhongxin,28.0,665.0,77.5,40068.20108695653,17.3,26.1,22.1,9.351141304347857,2013-05-17 06:00:00,176.0,2013-05-18 06:00:00
1848,2013-05-17 11:00:00,0,train,1860,2013,5,17,11,115.0,135.0,38.0,79.0,1300.0,26.0,21.5,1006.4,13.7,0.0,SW,1.8,Aotizhongxin,28.0,665.0,81.5,27883.853260869575,17.3,26.1,20.7,9.036231884058017,2013-05-17 11:00:00,146.0,2013-05-18 11:00:00
1960,2013-05-22 03:00:00,0,train,1972,2013,5,22,3,55.0,120.0,40.0,81.0,,30.6306,16.0,1002.8,10.3,0.0,SSW,0.5,Aotizhongxin,52.0,146.0,102.0,585.4710144927755,15.5,28.1,22.45,17.744565217391276,2013-05-22 03:00:00,32.0,2013-05-23 03:00:00
1989,2013-05-23 08:00:00,0,train,2001,2013,5,23,8,37.0,113.0,24.0,95.0,,2.7846,22.3,1006.8,9.8,0.0,ENE,1.1,Aotizhongxin,22.0,101.0,40.5,537.623188405826,15.3,28.3,22.0,22.317807971014496,2013-05-23 08:00:00,171.0,2013-05-24 08:00:00
2006,2013-05-24 01:00:00,0,train,2018,2013,5,24,1,187.0,346.0,17.0,166.0,3000.0,2.0,20.6,1004.5,13.8,0.0,NE,0.8,Aotizhongxin,24.0,187.0,66.5,1796.5144927536487,15.3,29.0,23.25,19.97297101449266,2013-05-24 01:00:00,32.0,2013-05-25 01:00:00
2108,2013-05-28 07:00:00,0,train,2120,2013,5,28,7,79.0,100.0,3.0,64.0,900.0,3.0,18.1,1000.0,17.6,0.2,W,0.9,Aotizhongxin,36.0,107.0,81.0,337.0362318840795,17.4,22.2,19.0,1.9167391304349826,2013-05-28 07:00:00,10.0,2013-05-29 07:00:00
2175,2013-05-31 02:00:00,0,train,2187,2013,5,31,2,45.0,122.0,23.0,50.0,400.0,94.0,19.2,997.5,12.0,0.0,SW,1.2,Aotizhongxin,31.0,107.0,54.0,295.7971014492981,13.9,33.7,26.85,41.24775362318808,2013-05-31 02:00:00,123.0,2013-06-01 02:00:00
2193,2013-05-31 20:00:00,0,train,2205,2013,5,31,20,118.0,182.0,10.0,41.0,900.0,173.0,24.4,997.4,18.1,0.0,S,1.2,Aotizhongxin,45.0,118.0,99.5,770.6666666666881,18.4,29.3,25.45,11.612880434782399,2013-05-31 20:00:00,20.0,2013-06-01 20:00:00
2263,2013-06-03 18:00:00,0,train,2275,2013,6,3,18,105.0,171.0,23.0,45.0,1000.0,285.0,29.0,999.6,14.8,0.0,SW,1.1,Aotizhongxin,50.0,180.0,127.5,1690.9275362318967,17.8,33.1,23.15,29.386086956521492,2013-06-03 18:00:00,73.0,2013-06-04 18:00:00
2272,2013-06-04 03:00:00,0,train,2284,2013,6,4,3,135.0,274.0,25.0,178.0,1600.0,6.0,20.1,1004.3,15.9,0.0,NE,1.0,Aotizhongxin,50.0,180.0,123.0,1894.4565217391425,17.8,33.1,24.05,28.94666666666641,2013-06-04 03:00:00,68.0,2013-06-05 03:00:00
2286,2013-06-04 17:00:00,0,train,2298,2013,6,4,17,80.0,57.0,8.0,52.0,1100.0,74.0,20.2,1006.0,16.2,0.0,NNW,0.9,Aotizhongxin,75.0,203.0,131.5,1151.0416666666817,19.4,29.0,21.4,4.395199275362562,2013-06-04 17:00:00,162.0,2013-06-05 17:00:00
2304,2013-06-05 11:00:00,0,train,2316,2013,6,5,11,126.0,101.0,3.0,52.0,1899.0,22.0,19.4,1006.8,18.4,0.0,NE,1.0,Aotizhongxin,61.0,128.0,80.5,374.91123188406533,18.4,22.1,19.15,0.9529710144932746,2013-06-05 11:00:00,74.0,2013-06-06 11:00:00
2310,2013-06-05 17:00:00,0,train,2322,2013,6,5,17,162.0,165.0,3.0,53.0,1500.0,15.0,19.1,1005.7,17.9,0.0,ENE,0.8,Aotizhongxin,61.0,162.0,81.0,1143.0416666666754,18.4,20.2,19.1,0.3851992753628731,2013-06-05 17:00:00,117.0,2013-06-06 17:00:00
2324,2013-06-06 07:00:00,0,train,2336,2013,6,6,7,122.0,126.0,4.0,42.0,1700.0,12.0,18.6,1006.2,17.9,0.0,E,0.5,Aotizhongxin,68.0,203.0,157.0,1113.3460144927697,18.3,19.9,19.0,0.15563405797158522,2013-06-06 07:00:00,104.0,2013-06-07 07:00:00
2446,2013-06-11 09:00:00,0,train,2458,2013,6,11,9,70.0,92.0,5.0,70.0,500.0,33.0,24.0,1003.4,15.5,0.0,NE,0.8,Aotizhongxin,11.0,76.0,36.0,333.3623188406211,17.1,26.6,21.25,10.488623188406184,2013-06-11 09:00:00,47.0,2013-06-12 09:00:00
2470,2013-06-12 09:00:00,0,train,2482,2013,6,12,9,47.0,48.0,17.0,81.0,900.0,51.0,22.9,1003.1,15.0,0.0,SSW,1.7,Aotizhongxin,15.0,139.0,47.0,1294.0797101449646,14.4,26.3,21.0,16.62780797101499,2013-06-12 09:00:00,125.0,2013-06-13 09:00:00
2522,2013-06-14 13:00:00,0,train,2534,2013,6,14,13,139.0,188.0,52.0,55.0,900.0,251.0,30.0,1002.2,14.5,0.0,SW,4.4,Aotizhongxin,70.0,162.0,100.5,780.6068840579892,21.9,30.0,24.6,8.405199275362197,2013-06-14 13:00:00,154.0,2013-06-15 13:00:00
2542,2013-06-15 09:00:00,0,train,2554,2013,6,15,9,86.0,147.0,30.0,98.0,1000.0,21.0,25.3,1003.1,15.9,0.0,NE,1.3,Aotizhongxin,62.0,153.0,111.0,796.679347826105,19.3,30.3,25.5,14.529782608695559,2013-06-15 09:00:00,168.0,2013-06-16 09:00:00
2600,2013-06-17 19:00:00,0,train,2612,2013,6,17,19,35.0,83.0,9.0,68.0,500.0,152.0,27.4,994.7,17.8,0.0,SW,1.8,Aotizhongxin,10.0,198.0,34.0,5267.47101449278,21.0,31.0,24.45,14.86869565217379,2013-06-17 19:00:00,32.0,2013-06-18 19:00:00
2663,2013-06-20 10:00:00,0,train,2675,2013,6,20,10,37.0,94.0,11.0,85.0,500.0,32.0,29.2,1002.7,19.5,0.0,N,0.5,Aotizhongxin,3.0,106.0,39.5,757.0362318840905,24.0,35.4,27.0,16.174619565216904,2013-06-20 10:00:00,98.0,2013-06-21 10:00:00
2768,2013-06-24 19:00:00,0,train,2780,2013,6,24,19,154.0,167.0,13.7088,56.2522,,209.2734,21.7,995.2,20.2,4.0,S,1.1,Aotizhongxin,37.0,233.0,96.5,3796.369565217403,20.9,29.3,25.4,8.145199275362112,2013-06-24 19:00:00,177.0,2013-06-25 19:00:00
2797,2013-06-26 00:00:00,1,train,2809,2013,6,26,0,160.0,183.0,64.26,40.0335,,,21.7,993.0,21.2,0.0,NNW,0.4,Aotizhongxin,37.0,188.0,145.5,2372.824275362326,20.6,24.1,21.8,1.0669565217392691,2013-06-26 00:00:00,247.0,2013-06-27 00:00:00
2817,2013-06-26 20:00:00,0,train,2829,2013,6,26,20,105.0,142.0,9.1392,46.1925,,162.792,28.0,991.6,22.7,0.0,SE,0.7,Aotizhongxin,78.0,217.0,160.0,1426.9275362318801,20.9,31.2,24.65,16.67565217391291,2013-06-26 20:00:00,83.0,2013-06-27 20:00:00
2840,2013-06-27 19:00:00,1,train,2852,2013,6,27,19,85.0,160.0,15.708,56.2522,,242.9028,27.9,992.6,18.9,0.0,SSW,0.8,Aotizhongxin,30.0,247.0,81.5,3900.548913043501,22.6,34.2,27.75,15.778532608695338,2013-06-27 19:00:00,510.0,2013-06-28 19:00:00
2928,2013-07-01 11:00:00,0,train,2940,2013,7,1,11,181.0,181.0,22.0,78.0,2500.0,2.0,24.7,995.3,23.3,0.0,N,1.2,Aotizhongxin,149.0,277.0,189.5,1874.6666666665963,23.9,28.3,24.8,1.5675362318840076,2013-07-01 11:00:00,7.0,2013-07-02 11:00:00
3038,2013-07-06 01:00:00,0,train,3050,2013,7,6,1,29.0,85.0,9.0,52.0,500.0,99.0,25.1,995.3,21.0,0.0,NE,0.8,Aotizhongxin,10.0,35.0,21.0,41.91304347827617,20.6,36.2,30.35,25.857663043477665,2013-07-06 01:00:00,27.0,2013-07-07 01:00:00
3099,2013-07-08 14:00:00,0,train,3111,2013,7,8,14,94.0,88.0,6.0,53.0,800.0,94.0,25.7,996.5,23.9,3.6,S,0.5,Aotizhongxin,57.0,214.0,90.5,2248.60869565215,23.2,31.6,25.799999999999997,7.224329710144629,2013-07-08 14:00:00,52.0,2013-07-09 14:00:00
3115,2013-07-09 06:00:00,0,train,3127,2013,7,9,6,156.0,118.0,10.0,68.0,1000.0,2.0,24.8,997.8,24.6,0.0,N,0.9,Aotizhongxin,74.0,166.0,114.5,1161.8242753622885,24.2,27.2,24.9,0.7356340579708495,2013-07-09 06:00:00,33.0,2013-07-10 06:00:00
3132,2013-07-09 23:00:00,0,train,3144,2013,7,9,23,50.0,60.0,3.0,77.0,700.0,2.0,22.5,998.5,22.3,0.0,SW,0.5,Aotizhongxin,19.0,166.0,54.5,3392.42753623187,22.5,25.4,24.55,0.7737499999999808,2013-07-09 23:00:00,28.0,2013-07-10 23:00:00
3163,2013-07-11 06:00:00,0,train,3175,2013,7,11,6,26.0,40.0,4.0,58.0,400.0,2.0,22.6,1001.4,21.6,0.0,N,0.2,Aotizhongxin,19.0,34.0,26.0,14.6666666666886,21.8,24.8,22.6,0.9569384057971909,2013-07-11 06:00:00,52.0,2013-07-12 06:00:00
3182,2013-07-12 01:00:00,0,train,3194,2013,7,12,1,56.0,64.0,4.284,52.3515,,28.4886,21.6,1000.4,21.1,0.0,N,0.0,Aotizhongxin,22.0,56.0,37.0,96.45652173914627,21.6,28.8,24.5,4.653840579710112,2013-07-12 01:00:00,131.0,2013-07-13 01:00:00
3186,2013-07-12 05:00:00,0,train,3198,2013,7,12,5,51.0,84.0,5.712,75.1398,,,20.9,1001.2,20.4,0.0,NE,1.0,Aotizhongxin,25.0,62.0,38.5,121.81884057972289,20.6,28.8,24.5,5.756358695652153,2013-07-12 05:00:00,140.0,2013-07-13 05:00:00
3212,2013-07-13 07:00:00,0,train,3224,2013,7,13,7,145.0,126.0,7.0,67.0,1100.0,2.0,25.9,1002.1,23.9,0.0,WNW,0.9,Aotizhongxin,42.0,145.0,79.5,1481.731884057955,25.0,32.1,26.85,6.3999818840577065,2013-07-13 07:00:00,164.0,2013-07-14 07:00:00
3304,2013-07-17 03:00:00,0,train,3316,2013,7,17,3,37.0,105.0,8.0,70.0,600.0,2.0,20.1,1000.5,17.9,0.0,NE,1.1,Aotizhongxin,5.0,51.0,11.0,240.7173913043651,20.1,34.3,25.5,26.287173913043283,2013-07-17 03:00:00,147.0,2013-07-18 03:00:00
3403,2013-07-21 06:00:00,0,train,3415,2013,7,21,6,70.0,120.0,6.0,64.0,600.0,26.0,24.7,1000.1,21.4,0.0,ENE,1.1,Aotizhongxin,9.0,131.0,72.5,1944.606884057953,23.6,34.2,27.2,12.263405797101173,2013-07-21 06:00:00,98.0,2013-07-22 06:00:00
3455,2013-07-23 10:00:00,0,train,3467,2013,7,23,10,21.0,25.0,5.0,29.0,300.0,99.0,28.7,995.3,17.6,0.0,WSW,2.9,Aotizhongxin,21.0,98.0,64.5,398.0851449275164,22.1,30.2,26.0,5.687753623188204,2013-07-23 10:00:00,37.0,2013-07-24 10:00:00
3466,2013-07-23 21:00:00,0,train,3478,2013,7,23,21,34.0,78.0,6.0,33.0,300.0,112.0,26.8,993.6,21.6,0.0,WSW,1.7,Aotizhongxin,20.0,92.0,33.5,461.84782608694184,22.1,31.3,27.05,7.282826086956305,2013-07-23 21:00:00,27.0,2013-07-24 21:00:00
3520,2013-07-26 03:00:00,0,train,3532,2013,7,26,3,27.0,57.0,23.0,53.0,400.0,12.0,26.1,997.7,20.7,0.0,NNE,1.5,Aotizhongxin,11.0,77.0,23.0,410.0217391304222,22.9,36.0,29.5,18.7376086956518,2013-07-26 03:00:00,91.0,2013-07-27 03:00:00
3666,2013-08-01 05:00:00,0,train,3678,2013,8,1,5,25.0,21.0,3.0,42.0,300.0,42.0,21.0,996.7,21.0,0.1,SE,0.5,Aotizhongxin,14.0,117.0,31.5,879.0706521738964,20.6,33.4,23.4,22.793460144927188,2013-08-01 05:00:00,51.0,2013-08-02 05:00:00
3726,2013-08-03 17:00:00,0,train,3738,2013,8,3,17,20.0,66.0,6.0,23.0,,175.4298,30.7,996.2,22.0,0.0,SSW,1.9,Aotizhongxin,13.0,100.0,20.0,522.6884057970871,21.6,32.4,25.25,16.801449275361925,2013-08-03 17:00:00,80.0,2013-08-04 17:00:00
3775,2013-08-05 18:00:00,0,train,3787,2013,8,5,18,61.0,90.0,4.0,48.0,500.0,288.0,29.7,991.2,22.7,0.0,SSW,1.8,Aotizhongxin,6.0,146.0,45.0,724.1449275362139,19.7,34.3,23.5,25.67797101449228,2013-08-05 18:00:00,151.0,2013-08-06 18:00:00
3779,2013-08-05 22:00:00,0,train,3791,2013,8,5,22,36.0,62.0,3.0,39.0,,86.3226,27.1,992.8,23.3,0.0,SSW,1.2,Aotizhongxin,19.0,61.0,43.0,109.60688405795332,19.7,34.3,27.15,23.6451992753619,2013-08-05 22:00:00,174.0,2013-08-06 22:00:00
3816,2013-08-07 11:00:00,0,train,3828,2013,8,7,11,33.0,36.0,4.0,42.0,500.0,68.0,29.6,997.6,21.5,0.0,NE,2.8,Aotizhongxin,26.0,220.0,135.5,5135.085144927513,24.1,34.4,29.55,12.4308514492751,2013-08-07 11:00:00,27.0,2013-08-08 11:00:00
3817,2013-08-07 12:00:00,0,train,3829,2013,8,7,12,33.0,33.0,4.0,42.0,,72.3996,28.6,997.6,19.8,0.0,NE,3.0,Aotizhongxin,26.0,220.0,88.5,5241.818840579687,24.1,34.4,29.05,11.554710144927268,2013-08-07 12:00:00,27.0,2013-08-08 12:00:00
3844,2013-08-08 15:00:00,0,train,3856,2013,8,8,15,45.0,74.0,6.0,42.0,,196.6356,33.9,993.0,22.3,0.0,SSW,1.9,Aotizhongxin,15.0,45.0,18.5,75.44927536230101,21.1,33.9,22.45,22.566068840579383,2013-08-08 15:00:00,33.0,2013-08-09 15:00:00
3852,2013-08-08 23:00:00,0,train,3864,2013,8,8,23,36.0,127.0,4.0,55.0,500.0,82.0,23.5,995.4,20.4,0.0,N,0.2,Aotizhongxin,17.0,45.0,27.0,99.99275362317034,21.1,33.9,27.9,23.29188405797076,2013-08-08 23:00:00,57.0,2013-08-09 23:00:00
3858,2013-08-09 05:00:00,0,train,3870,2013,8,9,5,22.0,38.0,4.0,50.9144,,24.2046,21.1,996.0,19.9,0.0,NE,1.0,Aotizhongxin,17.0,45.0,27.0,75.50543478259054,21.1,33.9,27.9,22.154492753622936,2013-08-09 05:00:00,40.0,2013-08-10 05:00:00
3878,2013-08-10 01:00:00,0,train,3890,2013,8,10,1,98.0,260.0,4.5696,133.2397,,,26.2,997.5,23.1,0.0,NE,1.1,Aotizhongxin,15.0,98.0,36.5,315.91123188403935,21.1,36.4,28.700000000000003,26.265634057970832,2013-08-10 01:00:00,90.0,2013-08-11 01:00:00
3942,2013-08-12 17:00:00,0,train,3954,2013,8,12,17,37.0,38.0,3.0,42.0,400.0,125.0,28.9,998.1,24.0,0.0,SW,2.0,Aotizhongxin,28.0,63.0,47.0,94.80978260868092,23.4,30.6,24.25,7.178840579709888,2013-08-12 17:00:00,94.0,2013-08-13 17:00:00
3965,2013-08-13 16:00:00,0,train,3977,2013,8,13,16,87.0,104.0,11.0,41.0,700.0,177.0,31.5,997.5,25.4,0.0,SW,1.5,Aotizhongxin,37.0,103.0,80.0,329.38405797099233,24.9,32.5,27.8,6.349547101449051,2013-08-13 16:00:00,71.0,2013-08-14 16:00:00
3986,2013-08-14 13:00:00,0,train,3998,2013,8,14,13,85.0,89.0,9.0,83.0,900.0,197.0,33.7,997.7,25.1,0.0,SSW,1.8,Aotizhongxin,29.0,108.0,70.0,659.478260869545,23.9,33.7,28.65,9.744619565217183,2013-08-14 13:00:00,121.0,2013-08-15 13:00:00
3994,2013-08-14 21:00:00,1,train,4006,2013,8,14,21,91.0,113.0,6.0,47.0,700.0,136.0,29.8,998.3,26.0,0.0,SSW,1.7,Aotizhongxin,29.0,101.0,62.0,480.0706521738943,23.9,33.7,29.8,10.045923913043278,2013-08-14 21:00:00,186.0,2013-08-15 21:00:00
4003,2013-08-15 06:00:00,0,train,4015,2013,8,15,6,87.0,109.0,6.0,96.0,800.0,2.0,27.4,998.1,26.3,0.0,NW,0.9,Aotizhongxin,36.0,93.0,82.5,229.6358695651951,26.2,33.7,29.8,4.937373188405622,2013-08-15 06:00:00,68.0,2013-08-16 06:00:00
4005,2013-08-15 08:00:00,0,train,4017,2013,8,15,8,92.0,120.0,6.0,74.0,900.0,8.0,29.3,998.3,26.5,0.0,NE,1.3,Aotizhongxin,50.0,93.0,84.5,138.30253623186084,27.1,33.7,29.8,4.386503623188234,2013-08-15 08:00:00,56.0,2013-08-16 08:00:00
4011,2013-08-15 14:00:00,0,train,4023,2013,8,15,14,116.0,126.0,10.0,39.0,900.0,186.0,32.8,996.2,26.1,0.0,WSW,1.5,Aotizhongxin,50.0,126.0,87.5,325.623188405771,27.1,32.8,29.8,3.668695652173737,2013-08-15 14:00:00,159.0,2013-08-16 14:00:00
4154,2013-08-21 13:00:00,0,train,4166,2013,8,21,13,99.0,108.0,7.0,65.0,1200.0,80.0,29.7,1002.2,21.1,0.0,WSW,2.8,Aotizhongxin,54.0,144.0,112.0,639.1141304347501,23.1,29.7,24.35,4.346938405796573,2013-08-21 13:00:00,120.0,2013-08-22 13:00:00
4198,2013-08-23 09:00:00,0,train,4210,2013,8,23,9,85.0,109.0,5.0,62.0,1100.0,1.0,27.4,1005.2,21.0,0.0,NE,1.8,Aotizhongxin,74.0,130.0,113.5,269.02717391301206,22.1,27.4,23.7,2.0367391304341567,2013-08-23 09:00:00,38.0,2013-08-24 09:00:00
4226,2013-08-24 13:00:00,0,train,4238,2013,8,24,13,21.0,37.0,6.0,31.0,500.0,120.0,34.8,1003.5,11.9,0.0,ENE,1.9,Aotizhongxin,5.0,71.0,30.0,235.56521739129573,20.9,34.8,24.85,26.84231884057941,2013-08-24 13:00:00,35.0,2013-08-25 13:00:00
4242,2013-08-25 05:00:00,0,train,4254,2013,8,25,5,32.0,86.0,6.0,88.0,600.0,1.0,19.4,1003.4,17.0,0.0,E,0.9,Aotizhongxin,12.0,57.0,31.0,188.9492753623097,19.4,35.4,25.25,34.19731884057936,2013-08-25 05:00:00,62.0,2013-08-26 05:00:00
4246,2013-08-25 09:00:00,0,train,4258,2013,8,25,9,33.0,110.0,7.0,66.0,500.0,50.0,29.8,1003.0,17.6,0.0,ENE,0.8,Aotizhongxin,12.0,57.0,31.0,187.56340579709237,19.4,35.4,25.25,35.08027173913009,2013-08-25 09:00:00,37.0,2013-08-26 09:00:00
4299,2013-08-27 14:00:00,0,train,4311,2013,8,27,14,88.0,121.0,12.0,82.0,1800.0,32.0,25.7,1001.2,20.5,0.0,N,1.9,Aotizhongxin,26.0,122.0,59.0,515.2155797101258,22.8,33.9,24.85,10.031231884057496,2013-08-27 14:00:00,89.0,2013-08-28 14:00:00
4355,2013-08-29 22:00:00,0,train,4367,2013,8,29,22,11.0,46.0,6.0,46.0,400.0,6.0,22.2,1003.1,12.7,0.0,NE,2.2,Aotizhongxin,3.0,116.0,11.0,1512.2880434782521,21.8,27.3,24.75,4.292155797100802,2013-08-29 22:00:00,22.0,2013-08-30 22:00:00
4394,2013-08-31 13:00:00,0,train,4406,2013,8,31,13,8.0,24.0,6.0,20.0,300.0,63.0,30.2,1005.8,11.2,0.0,WSW,2.6,Aotizhongxin,3.0,30.0,17.5,61.59239130434395,13.8,30.3,20.1,36.3156340579698,2013-08-31 13:00:00,26.0,2013-09-01 13:00:00
4400,2013-08-31 19:00:00,0,train,4412,2013,8,31,19,11.0,34.0,2.0,31.0,200.0,72.0,23.6,1005.9,13.2,0.0,WSW,1.5,Aotizhongxin,4.0,30.0,17.5,45.014492753618974,13.8,30.5,22.200000000000003,40.4654347826076,2013-08-31 19:00:00,53.0,2013-09-01 19:00:00
4407,2013-09-01 02:00:00,0,train,4419,2013,9,1,2,62.0,106.0,10.0,63.0,1400.0,4.0,17.8,1007.9,15.2,0.0,NE,1.5,Aotizhongxin,4.0,62.0,15.0,210.16666666666154,13.8,30.5,22.3,31.649112318839673,2013-09-01 02:00:00,62.0,2013-09-02 02:00:00
4619,2013-09-09 22:00:00,0,train,4631,2013,9,9,22,104.0,107.0,15.0,61.0,900.0,52.0,21.1,1006.8,17.3,0.0,SW,1.5,Aotizhongxin,21.0,133.0,70.5,866.4764492753416,18.2,25.7,21.25,7.079057971013336,2013-09-09 22:00:00,29.0,2013-09-10 22:00:00
4625,2013-09-10 04:00:00,0,train,4637,2013,9,10,4,93.0,104.0,12.0,62.0,700.0,12.0,18.1,1005.8,17.6,0.0,E,0.6,Aotizhongxin,40.0,133.0,90.0,400.49275362316456,18.1,25.7,21.25,6.513840579709023,2013-09-10 04:00:00,17.0,2013-09-11 04:00:00
4630,2013-09-10 09:00:00,0,train,4642,2013,9,10,9,98.0,146.0,18.0,71.0,1000.0,8.0,26.2,1008.2,11.5,0.0,NE,3.3,Aotizhongxin,62.0,133.0,95.5,395.9112318840318,18.0,26.2,21.95,7.336739130433757,2013-09-10 09:00:00,29.0,2013-09-11 09:00:00
4635,2013-09-10 14:00:00,0,train,4647,2013,9,10,14,3.0,6.0,11.0,19.0,200.0,68.0,29.7,1006.1,4.3,0.0,N,3.4,Aotizhongxin,3.0,132.0,93.0,1526.9547101449052,18.0,29.7,21.95,14.360271739129585,2013-09-10 14:00:00,63.0,2013-09-11 14:00:00
4637,2013-09-10 16:00:00,0,train,4649,2013,9,10,16,4.0,8.0,10.0,,300.0,87.0,29.7,1005.8,7.6,0.0,NNW,1.0,Aotizhongxin,3.0,132.0,93.0,1921.3260869565006,18.0,29.7,21.95,17.81954710144851,2013-09-10 16:00:00,81.0,2013-09-11 16:00:00
4730,2013-09-14 13:00:00,0,train,4742,2013,9,14,13,32.0,32.0,8.0,36.0,500.0,75.0,31.6,1002.8,9.2,0.0,WNW,1.4,Aotizhongxin,32.0,163.0,94.0,1108.6014492753357,18.8,31.6,19.9,13.87471014492632,2013-09-14 13:00:00,24.0,2013-09-15 13:00:00
4740,2013-09-14 23:00:00,0,train,4752,2013,9,14,23,29.0,137.0,8.0,67.0,800.0,1.0,15.3,1006.7,10.9,0.0,NE,0.9,Aotizhongxin,3.0,109.0,48.5,1261.461956521718,15.3,31.6,20.0,28.529112318839665,2013-09-14 23:00:00,27.0,2013-09-15 23:00:00
4794,2013-09-17 05:00:00,0,train,4806,2013,9,17,5,75.0,131.0,26.0,70.0,2100.0,1.0,19.4,1007.8,17.5,0.0,S,0.6,Aotizhongxin,30.0,97.0,60.0,277.9057971014257,16.8,26.4,20.049999999999997,6.740851449274112,2013-09-17 05:00:00,113.0,2013-09-18 05:00:00
4804,2013-09-17 15:00:00,0,train,4816,2013,9,17,15,88.0,97.0,11.0,71.0,1900.0,1.0,20.5,1009.8,20.0,0.1,WSW,0.1,Aotizhongxin,30.0,97.0,73.0,354.94927536229324,19.3,24.1,20.25,1.4277536231869756,2013-09-17 15:00:00,109.0,2013-09-18 15:00:00
4816,2013-09-18 03:00:00,0,train,4828,2013,9,18,3,101.0,112.0,13.0,56.0,2500.0,1.0,19.8,1013.9,19.5,1.0,N,0.5,Aotizhongxin,71.0,101.0,88.0,86.95471014489895,18.9,20.6,19.75,0.27418478260713713,2013-09-18 03:00:00,88.0,2013-09-19 03:00:00
4906,2013-09-21 21:00:00,0,train,4918,2013,9,21,21,26.0,30.0,11.0,46.0,400.0,56.0,20.8,1010.2,14.9,0.0,SW,1.3,Aotizhongxin,21.0,67.0,41.0,186.56340579707455,17.5,28.9,21.85,14.325144927535279,2013-09-21 21:00:00,123.0,2013-09-22 21:00:00
5029,2013-09-27 00:00:00,1,train,5041,2013,9,27,0,117.0,235.0,31.0,120.0,2200.0,1.0,12.9,1008.0,9.9,0.0,ENE,1.0,Aotizhongxin,16.0,117.0,43.5,601.693840579688,8.7,24.7,14.25,32.203894927534066,2013-09-27 00:00:00,234.0,2013-09-28 00:00:00
5039,2013-09-27 10:00:00,1,train,5051,2013,9,27,10,125.0,192.0,30.0,83.0,1600.0,6.0,20.5,1006.9,11.1,0.0,E,1.3,Aotizhongxin,37.0,125.0,68.5,613.0271739130162,10.0,24.7,14.25,27.280271739128324,2013-09-27 10:00:00,265.0,2013-09-28 10:00:00
5090,2013-09-29 13:00:00,0,train,5102,2013,9,29,13,226.0,230.0,20.0,103.0,1600.0,14.0,19.1,1012.8,14.8,0.0,NE,2.0,Aotizhongxin,176.0,321.0,257.5,1383.780797101403,14.0,20.2,15.65,3.6786775362297393,2013-09-29 13:00:00,141.0,2013-09-30 13:00:00
5151,2013-10-02 02:00:00,0,train,5163,2013,10,2,2,33.0,43.0,3.0,55.0,500.0,1.0,10.5,1016.5,10.3,0.0,SE,0.5,Aotizhongxin,3.0,171.0,35.0,2527.536231883998,10.5,22.3,17.35,10.798840579708044,2013-10-02 02:00:00,47.0,2013-10-03 02:00:00
5155,2013-10-02 06:00:00,0,train,5167,2013,10,2,6,6.0,15.0,6.0,24.0,200.0,39.0,14.9,1018.0,2.4,0.0,NNW,2.3,Aotizhongxin,3.0,108.0,23.0,871.2590579709539,10.5,22.3,15.05,11.640416666664446,2013-10-02 06:00:00,23.0,2013-10-03 06:00:00
5174,2013-10-03 01:00:00,0,train,5186,2013,10,3,1,43.0,123.0,9.0,82.0,700.0,1.0,9.9,1012.9,7.8,0.0,NNE,0.6,Aotizhongxin,3.0,43.0,10.5,131.12318840573576,9.9,23.7,17.85,21.715652173911018,2013-10-03 01:00:00,41.0,2013-10-04 01:00:00
5236,2013-10-05 15:00:00,0,train,5248,2013,10,5,15,311.0,313.0,55.0,90.0,1600.0,129.0,22.6,1014.3,15.7,0.0,S,0.5,Aotizhongxin,184.0,349.0,262.5,2395.085144927477,13.7,23.3,16.35,10.366884057969052,2013-10-05 15:00:00,137.0,2013-10-06 15:00:00
5275,2013-10-07 06:00:00,0,train,5287,2013,10,7,6,164.0,137.0,53.0,75.0,1700.0,4.0,13.4,1016.6,13.4,0.0,E,0.6,Aotizhongxin,137.0,261.0,170.0,1198.8677536231219,13.4,20.6,15.65,5.809981884055843,2013-10-07 06:00:00,63.0,2013-10-08 06:00:00
5287,2013-10-07 18:00:00,0,train,5299,2013,10,7,18,20.0,36.0,36.0,63.0,200.0,28.0,17.6,1017.0,10.7,0.0,N,0.0,Aotizhongxin,3.0,213.0,149.5,6053.391304347755,13.4,25.7,15.9,20.700416666664953,2013-10-07 18:00:00,71.0,2013-10-08 18:00:00
5480,2013-10-15 19:00:00,0,train,5492,2013,10,15,19,25.0,41.0,4.0,69.0,500.0,11.0,11.0,1021.5,-0.5,0.0,SW,2.0,Aotizhongxin,3.0,25.0,9.5,42.71739130427518,1.7,17.0,9.4,27.007173913040248,2013-10-15 19:00:00,56.0,2013-10-16 19:00:00
5482,2013-10-15 21:00:00,0,train,5494,2013,10,15,21,43.0,67.0,6.0,87.0,600.0,1.0,6.4,1022.1,1.9,0.0,WSW,0.0,Aotizhongxin,3.0,43.0,9.5,104.34057971007223,1.7,17.0,10.25,26.101449275359126,2013-10-15 21:00:00,106.0,2013-10-16 21:00:00
5547,2013-10-18 14:00:00,0,train,5559,2013,10,18,14,248.0,249.0,67.0,140.0,2100.0,8.0,17.1,1017.7,8.5,0.0,NW,1.0,Aotizhongxin,91.0,254.0,196.0,1761.809782608619,6.7,18.1,10.05,14.448532608692721,2013-10-18 14:00:00,13.0,2013-10-19 14:00:00
5552,2013-10-18 19:00:00,0,train,5564,2013,10,18,19,248.0,276.0,36.0,163.0,2400.0,1.0,10.3,1018.1,8.9,0.0,W,0.0,Aotizhongxin,173.0,254.0,214.0,670.9565217390533,6.7,17.1,9.95,12.00244565217091,2013-10-18 19:00:00,14.0,2013-10-19 19:00:00
5565,2013-10-19 08:00:00,0,train,5577,2013,10,19,8,7.0,8.0,17.0,41.0,500.0,9.0,13.3,1021.1,-1.1,0.0,NE,2.9,Aotizhongxin,7.0,274.0,225.5,5324.166666666589,9.9,17.1,11.8,4.772753623185693,2013-10-19 08:00:00,27.0,2013-10-20 08:00:00
5576,2013-10-19 19:00:00,0,train,5588,2013,10,19,19,14.0,26.0,6.0,31.0,300.0,24.0,13.4,1021.2,-0.3,0.0,N,2.2,Aotizhongxin,3.0,274.0,30.0,14078.548913043393,9.9,18.8,12.65,8.67797101449022,2013-10-19 19:00:00,34.0,2013-10-20 19:00:00
5707,2013-10-25 06:00:00,0,train,5719,2013,10,25,6,37.0,46.0,15.0,44.0,500.0,30.0,3.6,1023.5,2.1,0.0,NNW,0.6,Aotizhongxin,11.0,40.0,30.0,121.12862318831355,3.3,16.7,11.15,19.829402173909997,2013-10-25 06:00:00,36.0,2013-10-26 06:00:00
5709,2013-10-25 08:00:00,0,train,5721,2013,10,25,8,41.0,44.0,16.0,52.0,600.0,21.0,11.3,1024.1,1.5,0.0,NNE,2.1,Aotizhongxin,11.0,41.0,33.5,114.95471014483556,3.3,16.7,11.15,20.313840579707087,2013-10-25 08:00:00,33.0,2013-10-26 08:00:00
5810,2013-10-29 13:00:00,0,train,5822,2013,10,29,13,3.0,6.0,5.0,14.0,300.0,62.0,16.8,1021.3,-3.4,0.0,NE,2.8,Aotizhongxin,3.0,361.0,61.0,22320.25905797095,6.4,16.8,10.399999999999999,10.007536231881138,2013-10-29 13:00:00,46.0,2013-10-30 13:00:00
5924,2013-11-03 07:00:00,0,train,5936,2013,11,3,7,11.0,11.0,13.0,27.0,400.0,29.7738,11.5,1018.3,1.1,0.0,NE,1.8,Aotizhongxin,11.0,321.0,245.5,9309.123188405732,6.4,13.3,9.2,4.7880978260838285,2013-11-03 07:00:00,30.0,2013-11-04 07:00:00
5976,2013-11-05 11:00:00,1,train,5988,2013,11,5,11,164.0,227.0,50.0,94.0,1900.0,0.4284,12.9,1014.1,3.3,0.0,NE,2.2,Aotizhongxin,26.0,164.0,96.5,1927.4329710143904,5.3,17.7,8.05,16.229492753620082,2013-11-05 11:00:00,191.0,2013-11-06 11:00:00
5991,2013-11-06 02:00:00,0,train,6003,2013,11,6,2,195.0,205.0,17.0,95.0,2700.0,,3.3,1011.4,2.7,0.0,E,0.6,Aotizhongxin,99.0,262.0,175.0,2551.418478260795,3.3,14.2,7.85,10.330416666663346,2013-11-06 02:00:00,5.0,2013-11-07 02:00:00
6099,2013-11-10 14:00:00,0,train,6111,2013,11,10,14,11.0,28.0,7.0,10.0,400.0,62.3322,11.3,1019.1,-17.2,0.0,NNW,2.0,Aotizhongxin,4.0,38.0,9.0,65.72282608687938,-0.9,14.5,6.65,24.077663043474626,2013-11-10 14:00:00,32.0,2013-11-11 14:00:00
6129,2013-11-11 20:00:00,0,train,6141,2013,11,11,20,67.0,99.0,23.0,72.0,900.0,3.213,3.8,1018.9,-2.4,0.0,NW,0.8,Aotizhongxin,10.0,69.0,21.5,354.4275362318065,1.3,12.6,7.25,13.648623188402283,2013-11-11 20:00:00,49.0,2013-11-12 20:00:00
6183,2013-11-14 02:00:00,0,train,6195,2013,11,14,2,172.0,202.0,60.0,109.0,3200.0,,7.3,1013.7,-5.4,0.0,NNW,2.1,Aotizhongxin,87.0,262.0,171.0,2636.2590579709163,2.9,9.8,5.9,5.279710144923828,2013-11-14 02:00:00,96.0,2013-11-15 02:00:00
6216,2013-11-15 11:00:00,0,train,6228,2013,11,15,11,63.0,117.0,44.0,66.0,1300.0,1.4994,14.3,1011.1,-6.0,0.0,WSW,1.9,Aotizhongxin,20.0,109.0,75.5,835.7608695651263,-1.3,14.8,3.3,35.774619565213634,2013-11-15 11:00:00,10.0,2013-11-16 11:00:00
6265,2013-11-17 12:00:00,0,train,6277,2013,11,17,12,5.0,11.0,12.0,11.0,400.0,54.1926,9.7,1017.8,-12.9,0.0,NW,4.2,Aotizhongxin,4.0,20.0,9.0,16.079710144832962,-1.9,11.7,6.1,20.62949275361936,2013-11-17 12:00:00,8.0,2013-11-18 12:00:00
6341,2013-11-20 16:00:00,0,train,6353,2013,11,20,16,17.0,22.0,11.0,29.0,500.0,31.9158,7.5,1016.8,-6.6,0.0,SW,1.9,Aotizhongxin,17.0,117.0,78.0,968.4057971013556,-3.4,11.7,-0.7,31.280706521734913,2013-11-20 16:00:00,51.0,2013-11-21 16:00:00
6343,2013-11-20 18:00:00,0,train,6355,2013,11,20,18,48.0,115.0,16.0,67.0,1100.0,,3.6,1017.8,-5.6,0.0,SSW,1.1,Aotizhongxin,17.0,117.0,78.0,1079.0434782607758,-3.4,11.7,-0.7,31.47128623187987,2013-11-20 18:00:00,103.0,2013-11-21 18:00:00
6384,2013-11-22 11:00:00,0,train,6396,2013,11,22,11,122.0,147.0,82.0,88.0,2600.0,3.6414,10.2,1018.9,-5.8,0.0,NNW,0.7,Aotizhongxin,35.0,190.0,92.5,2659.8242753622276,-3.5,12.2,1.55,32.40521739130027,2013-11-22 11:00:00,140.0,2013-11-23 11:00:00
6392,2013-11-22 19:00:00,1,train,6404,2013,11,22,19,192.0,224.0,44.0,125.0,2600.0,1.0,2.4,1016.5,-2.3,0.0,WSW,0.6,Aotizhongxin,35.0,192.0,134.0,2766.021739130343,-3.5,13.0,1.55,33.41275362318431,2013-11-22 19:00:00,239.0,2013-11-23 19:00:00
6409,2013-11-23 12:00:00,0,train,6421,2013,11,23,12,137.0,154.0,55.0,83.0,2000.0,5.0,12.6,1013.1,-2.5,0.0,SW,1.8,Aotizhongxin,67.0,322.0,178.5,5279.824275362224,-1.3,13.0,2.3499999999999996,24.741086956517844,2013-11-23 12:00:00,47.0,2013-11-24 12:00:00
6433,2013-11-24 12:00:00,0,train,6445,2013,11,24,12,47.0,199.0,16.0,21.0,600.0,28.0,9.8,1008.4,-9.3,0.0,NNW,2.5,Aotizhongxin,31.0,288.0,197.5,9669.519927536136,2.1,14.1,8.65,13.08231884057622,2013-11-24 12:00:00,6.0,2013-11-25 12:00:00
6435,2013-11-24 14:00:00,0,train,6447,2013,11,24,14,60.0,237.0,17.0,15.0,500.0,39.0,10.1,1006.8,-10.1,0.0,NNE,3.2,Aotizhongxin,31.0,288.0,197.5,10317.157608695556,2.1,10.9,8.65,10.41374999999647,2013-11-24 14:00:00,8.0,2013-11-25 14:00:00
6545,2013-11-29 04:00:00,0,train,6557,2013,11,29,4,22.0,39.0,29.0,62.0,,,-5.2,1017.0,-9.3,0.0,NW,0.0,Aotizhongxin,4.0,79.0,12.0,477.97101449265864,-5.2,7.0,-1.3,15.974329710140386,2013-11-29 04:00:00,45.0,2013-11-30 04:00:00
6564,2013-11-29 23:00:00,0,train,6576,2013,11,29,23,88.0,114.0,35.0,83.0,2000.0,1.0,-2.0,1011.8,-6.9,0.0,WNW,0.7,Aotizhongxin,18.0,121.0,46.0,1032.0797101448306,-5.3,13.5,0.65,45.599347826082756,2013-11-29 23:00:00,32.0,2013-11-30 23:00:00
6591,2013-12-01 02:00:00,0,train,6603,2013,12,1,2,42.0,78.0,31.0,62.0,1100.0,1.0,-4.3,1019.3,-8.2,0.0,WSW,0.7,Aotizhongxin,12.0,64.0,28.0,178.86231884048283,-4.3,10.9,5.6,28.519710144923614,2013-12-01 02:00:00,94.0,2013-12-02 02:00:00
6634,2013-12-02 21:00:00,0,train,6646,2013,12,2,21,144.0,233.0,58.0,131.0,4900.0,1.0,-1.2,1014.3,-6.4,0.0,SSE,0.0,Aotizhongxin,52.0,155.0,102.0,657.9130434781605,-4.6,12.0,0.1,32.51201086956096,2013-12-02 21:00:00,136.0,2013-12-03 21:00:00
6677,2013-12-04 16:00:00,0,train,6689,2013,12,4,16,40.0,41.0,31.0,43.0,800.0,24.0,6.5,1012.3,-5.5,0.0,ENE,0.0,Aotizhongxin,24.0,160.0,80.0,1846.9112318839602,-3.0,14.4,1.45,41.665199275358326,2013-12-04 16:00:00,13.0,2013-12-05 16:00:00
6723,2013-12-06 14:00:00,1,train,6735,2013,12,6,14,79.0,78.0,44.0,74.0,1900.0,7.0,10.4,1011.2,-6.0,0.0,WSW,2.8,Aotizhongxin,12.0,121.0,72.0,1315.9927536230864,-3.2,10.6,2.85,23.844927536227768,2013-12-06 14:00:00,276.0,2013-12-07 14:00:00
6750,2013-12-07 17:00:00,0,train,6762,2013,12,7,17,328.0,357.0,140.0,130.0,6700.0,1.0,3.8,1013.5,-1.0,0.0,NE,1.2,Aotizhongxin,85.0,328.0,203.0,6491.563405797025,-3.4,7.2,0.15000000000000002,12.740579710140604,2013-12-07 17:00:00,12.0,2013-12-08 17:00:00
6841,2013-12-11 12:00:00,0,train,6853,2013,12,11,12,22.0,24.0,13.0,32.0,700.0,29.1312,5.7,1011.7,-14.4,0.0,S,2.0,Aotizhongxin,3.0,29.0,9.0,44.288043478055926,-2.3,5.7,1.0,5.658677536227583,2013-12-11 12:00:00,7.0,2013-12-12 12:00:00
6876,2013-12-12 23:00:00,0,train,6888,2013,12,12,23,16.0,29.0,15.0,51.0,1000.0,1.0,-6.9,1019.5,-14.2,0.0,WSW,1.8,Aotizhongxin,3.0,43.0,10.5,174.73731884037784,-6.9,2.8,-0.4,7.331884057966253,2013-12-12 23:00:00,44.0,2013-12-13 23:00:00
6878,2013-12-13 01:00:00,0,train,6890,2013,12,13,1,22.0,50.0,15.0,50.0,1100.0,1.0,-5.0,1019.8,-17.5,0.0,WSW,1.4,Aotizhongxin,3.0,39.0,9.5,121.36231884037669,-6.9,2.8,-0.4,8.66231884057492,2013-12-13 01:00:00,101.0,2013-12-14 01:00:00
6881,2013-12-13 04:00:00,0,train,6893,2013,12,13,4,35.0,48.0,13.0,32.0,,,-4.6,1020.3,-19.6,0.0,WSW,2.7,Aotizhongxin,3.0,43.0,9.5,133.81884057950728,-6.9,0.8,-1.5499999999999998,7.570851449270493,2013-12-13 04:00:00,55.0,2013-12-14 04:00:00
6887,2013-12-13 10:00:00,0,train,6899,2013,12,13,10,18.0,18.0,24.0,41.0,,11.5668,-0.2,1021.4,-17.9,0.0,WSW,3.5,Aotizhongxin,3.0,51.0,17.5,247.7228260867574,-7.6,0.8,-3.6,8.739057971009464,2013-12-13 10:00:00,32.0,2013-12-14 10:00:00
6889,2013-12-13 12:00:00,0,train,6901,2013,12,13,12,62.0,76.0,39.0,60.0,,5.9976,1.9,1018.8,-19.4,0.0,WSW,3.5,Aotizhongxin,3.0,62.0,20.0,296.6304347824116,-7.6,1.9,-3.6,9.421449275357302,2013-12-13 12:00:00,21.0,2013-12-14 12:00:00
6890,2013-12-13 13:00:00,0,train,6902,2013,12,13,13,48.0,59.0,27.0,42.0,,21.8484,2.4,1018.0,-18.9,0.0,SW,3.0,Aotizhongxin,3.0,62.0,21.5,299.82608695632564,-7.6,2.4,-3.6,10.259547101444271,2013-12-13 13:00:00,19.0,2013-12-14 13:00:00
6891,2013-12-13 14:00:00,0,train,6903,2013,12,13,14,45.0,54.0,19.0,34.0,900.0,32.3442,2.8,1017.5,-17.4,0.0,SSW,1.5,Aotizhongxin,3.0,62.0,28.5,295.7373188403845,-7.6,2.8,-3.6,11.219130434777616,2013-12-13 14:00:00,21.0,2013-12-14 14:00:00
6909,2013-12-14 08:00:00,0,train,6921,2013,12,14,8,27.0,24.0,26.0,55.0,,,-2.0,1023.9,-19.9,0.0,NE,1.7,Aotizhongxin,18.0,127.0,51.0,805.5579710143147,-8.0,2.8,-3.0,12.444275362313885,2013-12-14 08:00:00,15.0,2013-12-15 08:00:00
6937,2013-12-15 12:00:00,0,train,6949,2013,12,15,12,31.0,29.0,17.0,31.0,,32.13,4.1,1026.5,-16.9,0.0,NNW,1.1,Aotizhongxin,8.0,111.0,36.0,1105.826086956336,-6.6,5.7,-2.95,15.885144927531433,2013-12-15 12:00:00,69.0,2013-12-16 12:00:00
6976,2013-12-17 03:00:00,0,train,6988,2013,12,17,3,187.0,199.0,114.5256,87.6631,,4.9266,-0.7,1025.4,-12.3,0.0,NE,1.2,Aotizhongxin,50.0,235.0,116.0,3192.753623188269,-6.8,3.3,0.0,6.6231884057925035,2013-12-17 03:00:00,11.0,2013-12-18 03:00:00
7025,2013-12-19 04:00:00,0,train,7037,2013,12,19,4,20.0,29.0,9.7104,,,1.7136,-6.5,1024.3,-16.5,0.0,NE,1.7,Aotizhongxin,10.0,117.0,17.0,1164.4764492751756,-6.9,0.4,-5.1,5.6291123188354515,2013-12-19 04:00:00,37.0,2013-12-20 04:00:00
7035,2013-12-19 14:00:00,0,train,7047,2013,12,19,14,25.0,50.0,27.0,37.0,700.0,32.0,3.2,1023.3,-16.5,0.0,NE,1.5,Aotizhongxin,13.0,117.0,27.0,1004.6938405795254,-7.4,3.2,-5.4,9.442536231878938,2013-12-19 14:00:00,11.0,2013-12-20 14:00:00
7051,2013-12-20 06:00:00,0,train,7063,2013,12,20,6,28.0,62.0,26.0,63.0,1000.0,1.0,-8.9,1027.6,-14.7,0.0,ENE,0.8,Aotizhongxin,13.0,113.0,29.5,843.3623188403959,-9.2,3.2,-5.5,14.023695652168715,2013-12-20 06:00:00,16.0,2013-12-21 06:00:00
7084,2013-12-21 15:00:00,0,train,7096,2013,12,21,15,29.0,37.0,39.0,49.0,800.0,30.0,1.4,1027.5,-13.9,0.0,WSW,1.5,Aotizhongxin,13.0,70.0,23.0,177.47101449256013,-9.4,3.4,-4.55,14.398242753618138,2013-12-21 15:00:00,80.0,2013-12-22 15:00:00
7097,2013-12-22 04:00:00,1,train,7109,2013,12,22,4,161.0,212.0,65.0,74.0,2800.0,1.0,-5.6,1027.2,-13.0,0.0,NE,1.2,Aotizhongxin,13.0,196.0,50.5,5115.1231884056415,-9.4,3.4,-4.6,13.780797101444191,2013-12-22 04:00:00,244.0,2013-12-23 04:00:00
7135,2013-12-23 18:00:00,1,train,7147,2013,12,23,18,34.0,106.0,27.0,59.0,800.0,21.0,-3.3,1027.1,-8.9,0.0,WSW,0.6,Aotizhongxin,34.0,270.0,178.0,7188.215579710027,-9.3,6.3,-5.95,30.807536231879027,2013-12-23 18:00:00,273.0,2013-12-24 18:00:00
7140,2013-12-23 23:00:00,1,train,7152,2013,12,23,23,180.0,221.0,81.0,122.0,3100.0,1.0,-6.4,1029.5,-9.9,0.0,E,0.0,Aotizhongxin,34.0,253.0,136.5,5177.17210144914,-9.3,6.3,-5.25,29.37123188405298,2013-12-23 23:00:00,228.0,2013-12-24 23:00:00
7180,2013-12-25 15:00:00,0,train,7192,2013,12,25,15,71.0,133.0,38.0,41.0,1100.0,41.0,4.9,1019.2,-13.0,0.0,NNW,4.8,Aotizhongxin,71.0,321.0,261.0,2090.2826086955956,-7.6,6.5,-2.35,16.88949275361835,2013-12-25 15:00:00,7.0,2013-12-26 15:00:00
7186,2013-12-25 21:00:00,0,train,7198,2013,12,25,21,20.0,176.0,8.0,18.0,500.0,47.0,-3.0,1026.3,-19.0,0.0,N,5.1,Aotizhongxin,20.0,321.0,255.5,12114.057971014397,-7.6,6.5,-2.75,18.71971014492274,2013-12-25 21:00:00,17.0,2013-12-26 21:00:00
7226,2013-12-27 13:00:00,0,train,7238,2013,12,27,13,18.0,24.0,26.0,27.0,600.0,34.0,1.4,1021.6,-17.5,0.0,SSE,1.2,Aotizhongxin,7.0,21.0,13.0,14.775362318623745,-6.6,1.6,-3.5,7.35635869564726,2013-12-27 13:00:00,10.0,2013-12-28 13:00:00
7305,2013-12-30 20:00:00,0,train,7317,2013,12,30,20,68.0,143.0,33.0,103.0,1700.0,1.0,-2.7,1009.1,-14.5,0.0,SSW,1.5,Aotizhongxin,17.0,104.0,23.5,727.9710144925517,-4.2,8.3,3.7,14.692101449271219,2013-12-30 20:00:00,18.0,2013-12-31 20:00:00
7347,2014-01-01 14:00:00,0,train,7359,2014,1,1,14,22.0,57.0,13.0,10.0,500.0,61.0,12.6,1008.4,-11.1,0.0,N,2.8,Aotizhongxin,16.0,124.0,22.0,829.4710144925536,-3.3,12.6,6.15,35.21557971014094,2014-01-01 14:00:00,141.0,2014-01-02 14:00:00
7419,2014-01-04 14:00:00,0,train,7431,2014,1,4,14,147.0,174.0,69.0,79.0,2200.0,2.0,2.0,1014.1,-4.1,0.0,NE,1.4,Aotizhongxin,16.0,147.0,73.0,1330.666666666482,-3.1,8.9,-1.0,8.429547101444681,2014-01-04 14:00:00,31.0,2014-01-05 14:00:00
7530,2014-01-09 05:00:00,0,train,7542,2014,1,9,5,9.0,15.0,6.0,15.0,400.0,37.0,-5.6,1027.1,-24.5,0.0,NNW,1.7,Aotizhongxin,9.0,103.0,16.0,764.9981884055863,-5.6,0.5,-2.4,3.0077536231834756,2014-01-09 05:00:00,37.0,2014-01-10 05:00:00
7544,2014-01-09 19:00:00,0,train,7556,2014,1,9,19,54.0,83.0,29.0,65.0,1000.0,11.0,-2.5,1023.9,-19.9,0.0,SW,4.1,Aotizhongxin,9.0,103.0,18.5,745.8242753621108,-6.7,1.2,-2.5,4.286938405792123,2014-01-09 19:00:00,103.0,2014-01-10 19:00:00
7554,2014-01-10 05:00:00,0,train,7566,2014,1,10,5,37.0,34.0,29.0,53.0,1100.0,1.0,-8.1,1024.8,-18.8,0.0,NE,1.4,Aotizhongxin,10.0,68.0,36.5,374.3405797099381,-8.7,1.2,-3.0,9.729981884052822,2014-01-10 05:00:00,114.0,2014-01-11 05:00:00
7570,2014-01-10 21:00:00,0,train,7582,2014,1,10,21,103.0,147.0,75.0,103.0,2200.0,1.0,-4.4,1025.5,-14.8,0.0,WNW,1.2,Aotizhongxin,24.0,112.0,55.0,551.476449275168,-8.7,4.0,-3.8499999999999996,18.218242753618107,2014-01-10 21:00:00,173.0,2014-01-11 21:00:00
7655,2014-01-14 10:00:00,0,train,7667,2014,1,14,10,130.0,209.0,173.0,75.0,4600.0,1.0,-0.4,1029.7,-13.7,0.0,NE,1.2,Aotizhongxin,32.0,153.0,86.0,1399.9981884056217,-8.4,4.0,-4.8,15.065797101444174,2014-01-14 10:00:00,44.0,2014-01-15 10:00:00
7800,2014-01-20 11:00:00,0,train,7812,2014,1,20,11,9.0,20.0,8.0,4.0,,53.0,1.5,1024.1,-17.4,0.0,NW,5.5,Aotizhongxin,3.0,182.0,16.0,5077.0144927534975,-1.8,5.2,0.9,4.033749999995519,2014-01-20 11:00:00,23.0,2014-01-21 11:00:00
7816,2014-01-21 03:00:00,0,train,7828,2014,1,21,3,11.0,16.0,8.0,7.0,400.0,41.0,-3.3,1028.8,-18.1,0.0,NNE,2.3,Aotizhongxin,3.0,14.0,9.0,7.244565217251202,-4.9,2.8,-1.0,4.5012862318793525,2014-01-21 03:00:00,140.0,2014-01-22 03:00:00
7834,2014-01-21 21:00:00,0,train,7846,2014,1,21,21,97.0,142.0,67.0,94.0,1600.0,1.0,-4.6,1021.7,-15.0,0.0,W,0.6,Aotizhongxin,7.0,97.0,19.5,582.5634057969672,-6.0,3.4,-2.1,9.461086956516931,2014-01-21 21:00:00,179.0,2014-01-22 21:00:00
7845,2014-01-22 08:00:00,0,train,7857,2014,1,22,8,74.0,101.0,62.0,77.0,1900.0,1.0,-3.8,1019.6,-15.2,0.0,NE,1.2,Aotizhongxin,17.0,148.0,74.5,1925.288043478141,-7.5,3.4,-3.35,14.291231884053053,2014-01-22 08:00:00,179.0,2014-01-23 08:00:00
7875,2014-01-23 14:00:00,0,train,7887,2014,1,23,14,200.0,224.0,162.0,116.0,3100.0,1.0,3.9,1007.8,-12.1,0.0,ENE,1.7,Aotizhongxin,113.0,287.0,179.0,2164.1956521738202,-4.9,6.4,-3.1,12.156938405792303,2014-01-23 14:00:00,92.0,2014-01-24 14:00:00
7956,2014-01-27 00:00:00,0,train,7969,2014,1,27,0,102.0,125.0,72.0,84.0,2700.0,1.0,-2.9,1013.7,-7.6,0.0,NE,1.6,Aotizhongxin,16.0,108.0,28.5,1008.7826086955546,-3.8,2.8,-0.9,3.74514492753156,2014-01-27 00:00:00,6.0,2014-01-28 00:00:00
8108,2014-02-02 08:00:00,0,train,8121,2014,2,2,8,136.0,138.0,29.0,59.0,2500.0,1.0,3.8,1007.7,-3.9,0.0,NNE,3.5,Aotizhongxin,98.0,170.0,127.5,463.4782608694783,1.1,4.9,2.75,1.392101449271152,2014-02-02 08:00:00,4.0,2014-02-03 08:00:00
8170,2014-02-04 22:00:00,0,train,8183,2014,2,4,22,158.0,186.0,64.0,49.0,1000.0,26.0,-3.6,1023.3,-17.2,0.0,WNW,0.6,Aotizhongxin,3.0,158.0,7.5,1277.2101449274144,-6.6,0.7,-2.1500000000000004,4.836503623183478,2014-02-04 22:00:00,140.0,2014-02-05 22:00:00
8191,2014-02-05 19:00:00,0,train,8204,2014,2,5,19,86.0,88.0,67.0,46.0,900.0,33.0,-0.8,1021.9,-10.7,0.0,SW,2.0,Aotizhongxin,58.0,158.0,85.5,704.4275362317854,-6.3,0.8,-3.05,5.923188405792139,2014-02-05 19:00:00,92.0,2014-02-06 19:00:00
8264,2014-02-08 20:00:00,0,train,8277,2014,2,8,20,5.0,8.0,7.0,13.0,400.0,64.0,-5.3,1028.0,-19.1,0.0,NE,2.3,Aotizhongxin,3.0,135.0,73.5,2295.780797101341,-5.3,1.7,-3.0,4.979057971009613,2014-02-08 20:00:00,12.0,2014-02-09 20:00:00
8274,2014-02-09 06:00:00,0,train,8287,2014,2,9,6,9.0,6.0,12.0,11.0,400.0,53.0,-9.3,1031.8,-19.3,0.0,NNE,2.1,Aotizhongxin,3.0,135.0,8.5,1918.4057971013285,-9.3,1.7,-4.25,15.948097826081824,2014-02-09 06:00:00,8.0,2014-02-10 06:00:00
8307,2014-02-10 15:00:00,0,train,8320,2014,2,10,15,24.0,17.0,13.0,39.0,700.0,48.0,-1.8,1025.8,-16.4,0.0,SW,4.1,Aotizhongxin,5.0,24.0,11.5,21.476449275235705,-12.2,-1.2,-4.75,11.608677536226523,2014-02-10 15:00:00,125.0,2014-02-11 15:00:00
8364,2014-02-13 00:00:00,1,train,8377,2014,2,13,0,152.0,177.0,69.0,113.0,3500.0,1.0,-4.7,1030.2,-9.9,0.0,NNE,0.5,Aotizhongxin,25.0,194.0,141.5,2815.3315217390427,-7.5,4.8,-3.3499999999999996,17.440706521734235,2014-02-13 00:00:00,239.0,2014-02-14 00:00:00
8383,2014-02-13 19:00:00,1,train,8396,2014,2,13,19,220.0,230.0,86.0,99.0,3600.0,1.0,-2.8,1025.7,-6.1,0.0,NE,1.6,Aotizhongxin,121.0,222.0,167.0,642.1666666665941,-5.7,-1.2,-3.0,1.1782427536181592,2014-02-13 19:00:00,298.0,2014-02-14 19:00:00
8458,2014-02-16 22:00:00,0,train,8471,2014,2,16,22,262.0,239.0,77.0,105.0,2900.0,1.0,2.1,1027.0,-4.9,0.0,SW,0.7,Aotizhongxin,122.0,503.0,360.0,14686.862318840569,-3.4,7.0,1.8,13.31239130434344,2014-02-16 22:00:00,59.0,2014-02-17 22:00:00
8487,2014-02-18 03:00:00,0,train,8500,2014,2,18,3,41.0,,,,,,-3.8,1028.2,-8.5,0.0,W,1.0,Aotizhongxin,33.0,93.0,67.5,298.1449275359818,-3.8,5.0,1.4500000000000002,6.6573188405752886,2014-02-18 03:00:00,100.0,2014-02-19 03:00:00
8510,2014-02-19 02:00:00,0,train,8523,2014,2,19,2,100.0,121.0,64.0,80.0,1700.0,1.0,-2.0,1022.1,-9.0,0.0,NE,1.2,Aotizhongxin,41.0,131.0,73.0,575.9402173910655,-5.0,1.7,0.30000000000000004,5.690851449270651,2014-02-19 02:00:00,139.0,2014-02-20 02:00:00
8562,2014-02-21 06:00:00,1,train,8575,2014,2,21,6,259.0,259.0,61.0,88.0,2400.0,1.0,-0.6,1022.7,-3.1,0.0,NNE,1.4,Aotizhongxin,128.0,343.0,287.0,5329.014492753562,-1.8,1.8,-0.45,0.976449275357704,2014-02-21 06:00:00,272.0,2014-02-22 06:00:00
8587,2014-02-22 07:00:00,0,train,8600,2014,2,22,7,276.0,334.0,108.0,116.0,4300.0,1.0,1.7,1024.1,-3.0,0.0,ENE,1.8,Aotizhongxin,196.0,313.0,245.5,883.9836956521066,-1.1,4.0,1.0,2.62057971014051,2014-02-22 07:00:00,180.0,2014-02-23 07:00:00
8609,2014-02-23 05:00:00,1,train,8622,2014,2,23,5,175.0,175.0,65.0,,2100.0,6.0,1.6,1025.3,-3.3,0.0,WSW,1.0,Aotizhongxin,175.0,300.0,238.5,1423.0362318839827,1.6,6.1,3.75,2.4091123188364914,2014-02-23 05:00:00,223.0,2014-02-24 05:00:00
8641,2014-02-24 13:00:00,1,train,8654,2014,2,24,13,173.0,264.0,139.0,95.0,3400.0,15.0,7.5,1019.7,-1.7,0.0,WNW,1.0,Aotizhongxin,99.0,247.0,215.5,876.1739130433825,1.6,7.5,2.8,2.248677536227748,2014-02-24 13:00:00,314.0,2014-02-25 13:00:00
8652,2014-02-25 06:00:00,1,train,8671,2014,2,25,6,416.0,418.0,69.0,126.0,6700.0,1.0,1.9,1021.1,-1.7,0.0,NE,1.2,Aotizhongxin,99.0,427.0,304.0,8783.710144927505,-1.1,8.0,2.15,7.809402173908886,2014-02-25 06:00:00,426.0,2014-02-26 06:00:00
8654,2014-02-25 08:00:00,1,train,8673,2014,2,25,8,394.0,400.0,82.0,117.0,5700.0,1.0,3.4,1021.5,-1.6,0.0,ENE,1.3,Aotizhongxin,99.0,427.0,322.0,8813.81884057969,-1.1,8.0,2.4,7.729565217387156,2014-02-25 08:00:00,426.0,2014-02-26 08:00:00
8683,2014-02-26 13:00:00,0,train,8702,2014,2,26,13,518.0,520.0,171.0,152.0,5700.0,4.0,8.0,1014.7,1.6,0.0,ENE,2.1,Aotizhongxin,314.0,518.0,455.0,3945.437908496836,-0.2,8.6,3.3,8.16840579709743,2014-02-26 13:00:00,15.0,2014-02-27 13:00:00
8690,2014-02-26 20:00:00,0,train,8709,2014,2,26,20,85.0,5.0,35.0,60.0,1200.0,9.0,7.0,1018.1,2.7,0.2,NE,1.8,Aotizhongxin,85.0,518.0,455.5,14970.062770562845,-0.2,8.8,4.55,9.271884057967059,2014-02-26 20:00:00,17.0,2014-02-27 20:00:00
8723,2014-02-28 05:00:00,0,train,8742,2014,2,28,5,44.0,37.0,4.0,59.0,900.0,2.0,-1.4,1022.2,-4.7,0.0,NNE,1.8,Aotizhongxin,7.0,111.0,17.0,633.3460144926341,-2.0,8.6,2.55,14.868532608691442,2014-02-28 05:00:00,156.0,2014-03-01 05:00:00
8830,2014-03-04 16:00:00,0,train,8849,2014,3,4,16,9.0,16.0,6.0,11.0,400.0,77.0,8.5,1019.5,-20.4,0.0,NNW,3.6,Aotizhongxin,3.0,275.0,119.0,14405.693840579652,-1.5,9.3,2.9,9.562826086952537,2014-03-04 16:00:00,25.0,2014-03-05 16:00:00
8935,2014-03-09 01:00:00,0,train,8954,2014,3,9,1,38.0,40.0,21.0,82.0,1000.0,2.0,-0.2,1019.1,-7.5,0.0,NE,1.2,Aotizhongxin,38.0,188.0,156.0,1820.4347826086444,-1.2,10.4,2.9,15.569565217387254,2014-03-09 01:00:00,43.0,2014-03-10 01:00:00
8952,2014-03-09 18:00:00,0,train,8971,2014,3,9,18,110.0,127.0,46.0,61.0,1300.0,68.0,7.1,1019.3,-7.4,0.0,SSW,1.2,Aotizhongxin,37.0,188.0,109.5,2029.9130434781957,-2.8,10.2,3.2,21.088097826082848,2014-03-09 18:00:00,105.0,2014-03-10 18:00:00
9008,2014-03-12 02:00:00,0,train,9027,2014,3,12,2,3.0,5.0,4.0,16.0,300.0,62.0,7.3,1019.0,-10.0,0.0,NE,3.0,Aotizhongxin,3.0,247.0,164.0,6412.635869565167,1.1,13.6,8.65,17.28869565217047,2014-03-12 02:00:00,9.0,2014-03-13 02:00:00
9030,2014-03-13 00:00:00,0,train,9049,2014,3,13,0,31.0,37.0,20.0,72.0,800.0,8.0,2.0,1020.2,-11.9,0.0,NNW,0.7,Aotizhongxin,3.0,52.0,6.5,150.43297101440402,2.0,11.0,7.199999999999999,4.4964492753587635,2014-03-13 00:00:00,24.0,2014-03-14 00:00:00
9038,2014-03-13 08:00:00,0,train,9057,2014,3,13,8,20.0,44.0,39.0,75.0,1100.0,2.0,6.7,1019.2,-13.6,0.0,ESE,1.3,Aotizhongxin,3.0,52.0,15.5,136.1286231883182,-2.1,11.0,6.75,18.15384057970633,2014-03-13 08:00:00,14.0,2014-03-14 08:00:00
9122,2014-03-16 20:00:00,0,train,9141,2014,3,16,20,141.0,215.0,65.0,53.0,1100.0,85.0,11.8,1006.8,-0.1,0.0,SSE,2.7,Aotizhongxin,61.0,181.0,118.5,1424.3025362318242,4.2,17.6,13.25,16.570416666663736,2014-03-16 20:00:00,26.0,2014-03-17 20:00:00
9284,2014-03-23 14:00:00,1,train,9303,2014,3,23,14,135.0,182.0,43.0,52.0,1100.0,132.0,18.9,1015.2,0.9,0.0,S,2.0,Aotizhongxin,13.0,153.0,104.0,2301.867753623125,5.0,22.7,13.75,28.215362318837705,2014-03-23 14:00:00,204.0,2014-03-24 14:00:00
9294,2014-03-24 00:00:00,1,train,9313,2014,3,24,0,233.0,264.0,54.0,140.0,2000.0,4.0,10.1,1012.7,2.7,0.0,NE,1.4,Aotizhongxin,84.0,233.0,133.5,1362.041666666613,5.0,18.9,14.35,23.603894927533325,2014-03-24 00:00:00,242.0,2014-03-25 00:00:00
9320,2014-03-25 02:00:00,1,train,9339,2014,3,25,2,274.0,358.0,37.0,152.0,2500.0,2.0,10.0,1005.5,4.8,0.0,ENE,0.7,Aotizhongxin,157.0,280.0,242.5,1125.548913043448,7.5,20.3,12.05,19.69275362318556,2014-03-25 02:00:00,220.0,2014-03-26 02:00:00
9373,2014-03-27 07:00:00,0,train,9392,2014,3,27,7,314.0,347.0,26.0,113.0,1900.0,2.0,13.5,1008.0,9.9,0.0,NE,1.5,Aotizhongxin,266.0,410.0,318.5,1844.173913043471,11.3,23.2,14.55,17.322536231881685,2014-03-27 07:00:00,122.0,2014-03-28 07:00:00
9440,2014-03-30 02:00:00,0,train,9459,2014,3,30,2,65.0,215.0,16.0,107.0,900.0,2.0,8.7,1008.9,5.6,0.0,ENE,0.9,Aotizhongxin,5.0,65.0,26.0,213.20108695632848,8.7,23.0,17.35,22.00027173912807,2014-03-30 02:00:00,129.0,2014-03-31 02:00:00
9447,2014-03-30 09:00:00,0,train,9466,2014,3,30,9,38.0,87.0,14.0,66.0,600.0,22.0,20.7,1011.3,0.5,0.0,NNE,1.4,Aotizhongxin,23.0,71.0,36.0,224.3025362316959,8.1,23.0,18.2,29.974130434780182,2014-03-30 09:00:00,170.0,2014-03-31 09:00:00
9456,2014-03-30 18:00:00,0,train,9475,2014,3,30,18,29.0,72.0,6.0,47.0,400.0,76.0,22.4,1008.9,-1.7,0.0,SSW,1.5,Aotizhongxin,3.0,71.0,38.5,348.68840579691187,8.1,26.0,18.2,44.07259057970787,2014-03-30 18:00:00,6.0,2014-03-31 18:00:00
9457,2014-03-30 19:00:00,0,train,9476,2014,3,30,19,23.0,73.0,6.0,70.0,400.0,51.0,21.9,1009.6,-1.4,0.0,SW,2.2,Aotizhongxin,3.0,71.0,38.5,354.3188405795204,8.1,26.0,18.2,44.86896739130209,2014-03-30 19:00:00,54.0,2014-03-31 19:00:00
9473,2014-03-31 11:00:00,0,train,9492,2014,3,31,11,225.0,294.0,60.0,103.0,3100.0,29.0,19.4,1010.5,7.5,0.0,ESE,1.6,Aotizhongxin,3.0,225.0,58.5,4568.80978260854,13.7,26.0,17.700000000000003,19.20737318840377,2014-03-31 11:00:00,168.0,2014-04-01 11:00:00
9489,2014-04-01 03:00:00,0,train,9508,2014,4,1,3,129.0,144.0,11.0,89.0,1200.0,2.0,10.4,1008.7,9.3,0.0,ENE,0.9,Aotizhongxin,6.0,271.0,133.5,4147.476449275258,10.4,22.3,15.350000000000001,13.482880434780144,2014-04-01 03:00:00,109.0,2014-04-02 03:00:00
9507,2014-04-01 21:00:00,0,train,9526,2014,4,1,21,93.0,156.0,28.0,110.0,700.0,40.0,19.3,1003.9,6.4,0.0,SW,1.9,Aotizhongxin,43.0,209.0,128.5,1899.9547101448059,8.8,23.6,17.65,28.66519927535993,2014-04-01 21:00:00,101.0,2014-04-02 21:00:00
9515,2014-04-02 05:00:00,0,train,9534,2014,4,2,5,115.0,163.0,24.0,125.0,1000.0,2.0,10.8,1005.4,5.7,0.0,ESE,0.2,Aotizhongxin,43.0,209.0,108.5,1788.4057971013222,8.8,23.6,18.75,21.497101449273142,2014-04-02 05:00:00,43.0,2014-04-03 05:00:00
9604,2014-04-05 22:00:00,0,train,9623,2014,4,5,22,51.0,153.0,11.0,56.0,500.0,57.0,9.3,1015.2,0.2,0.0,WNW,0.6,Aotizhongxin,6.0,51.0,27.5,190.68840579692554,4.8,20.9,13.55,22.266884057968156,2014-04-05 22:00:00,60.0,2014-04-06 22:00:00
9681,2014-04-09 03:00:00,0,train,9700,2014,4,9,3,149.0,239.0,29.0,70.0,800.0,50.0,11.6,1003.5,8.4,0.0,NE,0.4,Aotizhongxin,148.0,238.0,168.0,686.0797101448481,10.5,24.3,19.55,23.991576086954446,2014-04-09 03:00:00,122.0,2014-04-10 03:00:00
9692,2014-04-09 14:00:00,0,train,9711,2014,4,9,14,49.0,225.0,9.0,11.0,400.0,107.0,30.0,1003.0,-2.5,0.0,NE,3.4,Aotizhongxin,49.0,183.0,157.0,998.6503623187464,11.6,30.1,21.0,35.474329710143145,2014-04-09 14:00:00,110.0,2014-04-10 14:00:00
9744,2014-04-11 18:00:00,0,train,9763,2014,4,11,18,61.0,94.0,16.0,47.0,600.0,95.0,15.5,1010.6,0.5,0.0,SW,1.3,Aotizhongxin,43.0,96.0,76.5,232.12862318825327,13.1,17.7,15.25,2.179927536229174,2014-04-11 18:00:00,115.0,2014-04-12 18:00:00
9755,2014-04-12 05:00:00,0,train,9774,2014,4,12,5,112.0,205.0,17.0,,1300.0,2.0,7.9,1011.0,1.5,0.0,NE,0.4,Aotizhongxin,43.0,112.0,76.5,420.16666666651787,7.9,17.7,13.7,10.259927536228869,2014-04-12 05:00:00,147.0,2014-04-13 05:00:00
9820,2014-04-14 22:00:00,0,train,9839,2014,4,14,22,180.0,130.0,32.0,56.0,1200.0,82.0,19.5,1009.1,10.2,0.0,W,0.7,Aotizhongxin,180.0,294.0,250.0,892.2445652173595,11.7,25.0,20.1,23.51101449275163,2014-04-14 22:00:00,42.0,2014-04-15 22:00:00
9837,2014-04-15 15:00:00,0,train,9856,2014,4,15,15,94.0,234.0,19.0,41.0,500.0,70.0,18.4,1012.9,2.2,0.0,SSW,2.7,Aotizhongxin,52.0,261.0,122.0,4715.884057970906,13.1,24.8,19.6,12.028405797099493,2014-04-15 15:00:00,62.0,2014-04-16 15:00:00
9843,2014-04-15 21:00:00,0,train,9862,2014,4,15,21,50.0,130.0,12.0,64.0,600.0,18.0,14.8,1013.4,1.3,0.0,SW,1.2,Aotizhongxin,50.0,180.0,97.5,1783.3460144926105,13.1,22.1,17.4,7.333315217389072,2014-04-15 21:00:00,73.0,2014-04-16 21:00:00
9847,2014-04-16 01:00:00,0,train,9866,2014,4,16,1,37.0,104.0,9.0,73.0,500.0,13.0,13.0,1011.0,4.9,0.0,NNW,0.4,Aotizhongxin,35.0,164.0,78.0,1881.2590579708633,13.0,22.1,16.85,9.173025362316514,2014-04-16 01:00:00,109.0,2014-04-17 01:00:00
9866,2014-04-16 20:00:00,0,train,9885,2014,4,16,20,66.0,189.0,16.0,91.0,900.0,42.0,15.2,1005.2,6.7,0.0,W,0.4,Aotizhongxin,19.0,128.0,59.0,489.54891304330505,12.1,22.2,15.3,10.870416666664253,2014-04-16 20:00:00,127.0,2014-04-17 20:00:00
9957,2014-04-20 15:00:00,0,train,9976,2014,4,20,15,21.0,23.0,4.0,23.0,400.0,82.0,22.5,1007.9,-0.9,0.0,WNW,1.5,Aotizhongxin,3.0,121.0,67.5,943.4184782607108,7.4,22.9,11.8,25.519710144924524,2014-04-20 15:00:00,33.0,2014-04-21 15:00:00
9994,2014-04-22 04:00:00,0,train,10013,2014,4,22,4,65.0,119.0,11.0,108.0,700.0,2.0,7.4,1009.7,4.5,0.0,E,0.0,Aotizhongxin,24.0,89.0,59.0,375.0416666664999,7.4,24.1,18.75,38.928242753620886,2014-04-22 04:00:00,114.0,2014-04-23 04:00:00
10009,2014-04-22 19:00:00,0,train,10028,2014,4,22,19,72.0,264.0,19.0,33.0,500.0,133.0,21.4,1004.6,3.6,0.0,SW,2.0,Aotizhongxin,39.0,105.0,70.0,158.10869565201415,6.9,26.0,18.950000000000003,53.596231884055825,2014-04-22 19:00:00,141.0,2014-04-23 19:00:00
10031,2014-04-23 17:00:00,0,train,10050,2014,4,23,17,164.0,206.0,40.0,36.0,1000.0,150.0,23.0,1002.2,13.2,0.0,SW,2.0,Aotizhongxin,52.0,205.0,110.0,2602.4275362317626,12.3,24.3,19.85,15.821576086954778,2014-04-23 17:00:00,162.0,2014-04-24 17:00:00
10170,2014-05-03 12:00:00,0,train,10285,2014,5,3,12,87.0,148.0,19.0,31.0,500.0,93.0,22.1,1002.6,0.6,0.0,WSW,9.1,Aotizhongxin,12.0,99.0,46.5,566.2536231883972,7.9,23.0,12.95,28.443025362315904,2014-05-03 12:00:00,50.0,2014-05-04 12:00:00
10238,2014-05-06 08:00:00,0,train,10353,2014,5,6,8,118.0,118.0,17.0,70.0,900.0,13.0,15.2,1005.3,0.2,0.0,NNE,1.6,Aotizhongxin,16.0,130.0,40.0,801.0362318840496,8.9,20.8,15.85,18.009981884055094,2014-05-06 08:00:00,135.0,2014-05-07 08:00:00
10269,2014-05-07 15:00:00,0,train,10384,2014,5,7,15,19.0,67.0,6.0,16.0,400.0,108.0,25.1,1000.4,-4.3,0.0,NNW,3.9,Aotizhongxin,19.0,136.0,110.5,1981.7228260869515,11.0,25.1,18.1,23.015652173910894,2014-05-07 15:00:00,99.0,2014-05-08 15:00:00
10325,2014-05-09 23:00:00,0,train,10440,2014,5,9,23,56.0,108.0,24.0,43.0,1000.0,92.0,15.7,1010.5,6.4,0.0,ESE,1.6,Aotizhongxin,34.0,83.0,67.5,218.08514492752715,15.7,19.6,17.0,1.2417210144904478,2014-05-09 23:00:00,45.0,2014-05-10 23:00:00
10335,2014-05-10 09:00:00,0,train,10450,2014,5,10,9,51.0,95.0,36.0,48.0,1200.0,61.0,17.1,1011.2,7.7,0.0,ENE,1.7,Aotizhongxin,34.0,80.0,50.0,215.33152173911904,13.6,19.6,16.8,3.0965036231858956,2014-05-10 09:00:00,27.0,2014-05-11 09:00:00
10358,2014-05-11 08:00:00,0,train,10473,2014,5,11,8,26.0,26.0,3.0,24.0,700.0,62.0,11.2,1003.6,11.0,3.3,ENE,1.5,Aotizhongxin,26.0,76.0,53.0,226.23188405795958,10.5,19.3,16.549999999999997,11.69331521738826,2014-05-11 08:00:00,50.0,2014-05-12 08:00:00
10400,2014-05-13 02:00:00,0,train,10515,2014,5,13,2,42.0,121.0,15.0,69.0,600.0,42.0,14.3,994.6,11.6,0.0,WSW,0.1,Aotizhongxin,12.0,60.0,43.0,196.38949275360937,9.9,29.0,23.85,44.92543478260775,2014-05-13 02:00:00,46.0,2014-05-14 02:00:00
10423,2014-05-14 01:00:00,0,train,10538,2014,5,14,1,34.0,189.0,2.0,15.0,200.0,73.0,18.0,999.6,-0.3,0.0,NNE,2.0,Aotizhongxin,26.0,102.0,42.5,632.8967391304233,13.0,29.8,22.65,32.43824275362238,2014-05-14 01:00:00,56.0,2014-05-15 01:00:00
10455,2014-05-15 09:00:00,0,train,10570,2014,5,15,9,43.0,125.0,5.0,65.0,900.0,12.0,21.3,996.0,5.6,0.0,N,0.6,Aotizhongxin,10.0,91.0,29.0,420.7807971014321,8.7,23.2,16.35,23.01826086956243,2014-05-15 09:00:00,77.0,2014-05-16 09:00:00
10538,2014-05-18 20:00:00,0,train,10653,2014,5,18,20,157.0,291.0,48.0,36.0,1100.0,226.0,26.6,1000.7,15.6,0.0,SSW,1.7,Aotizhongxin,49.0,160.0,91.5,952.5144927536268,14.2,29.0,23.0,29.89913043478185,2014-05-18 20:00:00,100.0,2014-05-19 20:00:00
10546,2014-05-19 04:00:00,1,train,10661,2014,5,19,4,75.0,124.0,7.0,28.0,500.0,105.0,17.8,1000.9,17.3,0.1,E,0.9,Aotizhongxin,64.0,160.0,95.0,708.9402173913098,15.8,29.0,25.5,18.33413043478232,2014-05-19 04:00:00,220.0,2014-05-20 04:00:00
10549,2014-05-19 07:00:00,0,train,10664,2014,5,19,7,77.0,77.0,4.0,49.0,600.0,57.0,19.0,1001.1,17.5,0.0,ENE,0.4,Aotizhongxin,64.0,157.0,90.5,574.6884057971055,17.8,29.0,25.5,16.711721014492497,2014-05-19 07:00:00,102.0,2014-05-20 07:00:00
10701,2014-05-25 15:00:00,0,train,10816,2014,5,25,15,17.0,88.0,2.0,10.0,200.0,99.0,27.9,999.6,0.6,0.0,NW,5.7,Aotizhongxin,17.0,198.0,96.0,2182.4927536231976,20.2,27.9,21.700000000000003,8.347807971013715,2014-05-25 15:00:00,40.0,2014-05-26 15:00:00
10756,2014-05-27 22:00:00,0,train,10871,2014,5,27,22,13.0,13.0,2.0,32.0,200.0,68.0,18.8,995.4,8.7,0.0,NNW,0.0,Aotizhongxin,7.0,145.0,33.0,1490.8097826087042,17.5,31.9,28.25,31.781576086956424,2014-05-27 22:00:00,65.0,2014-05-28 22:00:00
10841,2014-05-31 11:00:00,0,train,10956,2014,5,31,11,123.0,282.0,93.0,102.0,3300.0,84.0,31.5,1001.5,15.0,0.0,NE,1.5,Aotizhongxin,76.0,123.0,103.5,236.40579710145815,21.5,34.8,27.45,20.532155797102174,2014-05-31 11:00:00,32.0,2014-06-01 11:00:00
10895,2014-06-02 17:00:00,0,train,11010,2014,6,2,17,29.0,41.0,4.0,18.0,300.0,155.0,26.0,1003.5,13.5,0.0,SSW,0.1,Aotizhongxin,17.0,105.0,30.0,374.4275362318961,17.7,26.3,19.1,9.129836956520046,2014-06-02 17:00:00,46.0,2014-06-03 17:00:00
10924,2014-06-03 22:00:00,0,train,11039,2014,6,3,22,56.0,56.0,5.0,97.0,800.0,52.0,22.9,1002.2,14.7,0.0,S,0.8,Aotizhongxin,21.0,57.0,39.5,118.94021739131637,16.2,32.0,25.7,35.983025362318415,2014-06-03 22:00:00,53.0,2014-06-04 22:00:00
10931,2014-06-04 05:00:00,0,train,11046,2014,6,4,5,70.0,70.0,5.0,127.0,800.0,2.0,20.9,1001.8,17.1,0.0,ENE,0.8,Aotizhongxin,21.0,70.0,47.0,189.6449275362436,19.3,32.0,25.7,19.37014492753627,2014-06-04 05:00:00,88.0,2014-06-05 05:00:00
10948,2014-06-04 22:00:00,0,train,11063,2014,6,4,22,53.0,53.0,6.0,96.0,600.0,52.0,23.2,999.6,19.4,0.0,SSW,0.0,Aotizhongxin,42.0,96.0,53.0,243.3025362318945,20.0,30.1,25.3,10.279927536231607,2014-06-04 22:00:00,74.0,2014-06-05 22:00:00
10949,2014-06-04 23:00:00,0,train,11064,2014,6,4,23,48.0,48.0,7.0,78.0,500.0,68.0,22.7,999.7,18.9,0.0,E,0.2,Aotizhongxin,42.0,96.0,52.5,248.07971014493796,20.0,30.1,25.05,10.484057971014188,2014-06-04 23:00:00,85.0,2014-06-05 23:00:00
10966,2014-06-05 16:00:00,0,train,11081,2014,6,5,16,54.0,54.0,12.0,31.0,500.0,212.0,32.6,996.1,15.6,0.0,WNW,3.0,Aotizhongxin,42.0,103.0,51.5,464.9547101449373,19.7,33.7,25.15,21.7113043478262,2014-06-05 16:00:00,6.0,2014-06-06 16:00:00
11037,2014-06-08 15:00:00,0,train,11152,2014,6,8,15,41.0,41.0,13.0,38.0,700.0,159.0,18.1,996.5,17.8,0.5,E,1.4,Aotizhongxin,3.0,56.0,25.0,265.12318840580855,17.5,30.7,22.35,19.940271739129514,2014-06-08 15:00:00,30.0,2014-06-09 15:00:00
11099,2014-06-11 05:00:00,0,train,11214,2014,6,11,5,72.0,72.0,2.0,54.0,1800.0,2.0,17.3,1005.8,17.3,0.0,NNE,0.0,Aotizhongxin,49.0,113.0,89.0,313.04166666667334,17.3,26.8,20.85,8.125797101447759,2014-06-11 05:00:00,38.0,2014-06-12 05:00:00
11100,2014-06-11 06:00:00,0,train,11215,2014,6,11,6,38.0,38.0,2.0,41.0,500.0,18.0,18.5,1006.2,17.8,0.0,ENE,1.2,Aotizhongxin,38.0,113.0,89.0,384.6666666666734,17.3,26.8,20.85,8.149402173911527,2014-06-11 06:00:00,26.0,2014-06-12 06:00:00
11132,2014-06-12 14:00:00,0,train,11247,2014,6,12,14,13.0,13.0,8.0,13.0,200.0,131.0,34.6,997.5,11.7,0.0,NNW,1.6,Aotizhongxin,13.0,53.0,29.5,146.92753623189907,17.7,34.6,26.15,32.46079710144932,2014-06-12 14:00:00,45.0,2014-06-13 14:00:00
11172,2014-06-14 06:00:00,0,train,11287,2014,6,14,6,18.0,18.0,2.0,35.0,200.0,32.0,20.1,1002.9,19.3,0.0,NNE,0.6,Aotizhongxin,15.0,117.0,32.0,762.1666666666795,18.1,31.5,20.299999999999997,27.30346014492691,2014-06-14 06:00:00,155.0,2014-06-15 06:00:00
11267,2014-06-18 05:00:00,0,train,11382,2014,6,18,5,72.0,72.0,2.0,66.0,600.0,24.0,19.2,998.6,19.2,0.0,SE,0.6,Aotizhongxin,23.0,160.0,62.5,1512.8623188405884,18.5,26.7,20.2,8.115923913041973,2014-06-18 05:00:00,124.0,2014-06-19 05:00:00
11447,2014-06-25 17:00:00,0,train,11562,2014,6,25,17,112.0,112.0,7.0,40.0,700.0,119.0,23.5,996.9,21.4,0.0,WSW,2.6,Aotizhongxin,25.0,463.0,91.5,6432.978260869567,22.9,29.7,25.45,3.1772282608695357,2014-06-25 17:00:00,118.0,2014-06-26 17:00:00
11483,2014-06-27 05:00:00,0,train,11598,2014,6,27,5,10.0,10.0,4.0,28.0,100.0,52.0,24.2,1001.5,15.4,0.0,NE,1.6,Aotizhongxin,10.0,177.0,85.0,2112.1666666666697,21.7,32.7,27.0,13.357373188406394,2014-06-27 05:00:00,27.0,2014-06-28 05:00:00
11513,2014-06-28 11:00:00,0,train,11628,2014,6,28,11,19.0,19.0,6.0,21.0,200.0,102.0,34.8,999.8,11.9,0.0,NE,2.4,Aotizhongxin,4.0,56.0,22.0,135.73188405799013,19.2,34.8,27.950000000000003,35.80086956521796,2014-06-28 11:00:00,32.0,2014-06-29 11:00:00
11537,2014-06-29 11:00:00,0,train,11652,2014,6,29,11,32.0,32.0,8.0,44.0,800.0,94.0,32.3,1000.5,18.1,0.0,NNW,0.5,Aotizhongxin,13.0,63.0,24.0,173.5652173913222,22.1,36.6,28.9,26.57188405797217,2014-06-29 11:00:00,75.0,2014-06-30 11:00:00
11567,2014-06-30 17:00:00,0,train,11682,2014,6,30,17,71.0,71.0,18.0,36.0,900.0,197.0,33.6,997.5,15.1,0.0,WSW,3.4,Aotizhongxin,44.0,114.0,77.5,294.66666666666913,24.0,35.2,28.65,16.28079710145041,2014-06-30 17:00:00,79.0,2014-07-01 17:00:00
11634,2014-07-03 12:00:00,0,train,11749,2014,7,3,12,253.0,253.0,2.0,71.0,1500.0,50.0,28.7,994.7,23.6,0.0,S,0.8,Aotizhongxin,56.0,259.0,115.5,5625.536231884033,23.3,28.7,24.65,2.149836956521351,2014-07-03 12:00:00,179.0,2014-07-04 12:00:00
11640,2014-07-03 18:00:00,1,train,11755,2014,7,3,18,164.0,164.0,2.0,43.0,800.0,149.0,28.5,994.7,24.1,0.0,SW,0.0,Aotizhongxin,89.0,259.0,215.0,4036.6666666666265,23.3,30.8,24.8,6.3972282608695545,2014-07-03 18:00:00,229.0,2014-07-04 18:00:00
11691,2014-07-05 21:00:00,1,train,11806,2014,7,5,21,108.0,108.0,3.0,35.0,700.0,147.0,28.3,999.9,22.5,0.0,SW,1.5,Aotizhongxin,75.0,160.0,134.0,1038.782608695625,22.9,31.9,28.450000000000003,9.941666666667354,2014-07-05 21:00:00,211.0,2014-07-06 21:00:00
11717,2014-07-06 23:00:00,1,train,11832,2014,7,6,23,185.0,185.0,2.0,49.0,1500.0,120.0,28.0,998.5,24.2,0.0,SSW,1.1,Aotizhongxin,173.0,280.0,209.0,648.4057971013779,24.2,32.2,28.6,6.823695652174973,2014-07-06 23:00:00,257.0,2014-07-07 23:00:00
11810,2014-07-10 20:00:00,0,train,11925,2014,7,10,20,30.0,30.0,5.0,35.0,300.0,139.0,30.2,992.5,16.6,0.0,WSW,3.1,Aotizhongxin,17.0,60.0,26.5,147.5362318841063,21.6,36.9,30.15,34.429275362320105,2014-07-10 20:00:00,26.0,2014-07-11 20:00:00
11861,2014-07-12 23:00:00,0,train,11976,2014,7,12,23,35.0,35.0,3.0,88.0,300.0,60.0,23.8,996.9,14.5,0.0,NE,1.2,Aotizhongxin,6.0,43.0,13.5,86.69384057976912,21.5,34.7,28.799999999999997,19.09478260869663,2014-07-12 23:00:00,43.0,2014-07-13 23:00:00
12008,2014-07-19 02:00:00,0,train,12123,2014,7,19,2,84.0,84.0,2.0,90.0,500.0,19.0,25.8,1001.7,25.5,0.0,SSE,0.0,Aotizhongxin,84.0,182.0,116.5,713.3913043478261,24.7,33.1,29.700000000000003,8.756793478262068,2014-07-19 02:00:00,49.0,2014-07-20 02:00:00
12069,2014-07-21 15:00:00,0,train,12184,2014,7,21,15,9.0,9.0,9.0,15.0,500.0,105.0,33.8,996.1,14.8,0.0,N,3.2,Aotizhongxin,9.0,97.0,52.5,658.2608695652686,25.7,35.1,31.25,6.062318840581497,2014-07-21 15:00:00,21.0,2014-07-22 15:00:00
12072,2014-07-21 18:00:00,0,train,12187,2014,7,21,18,10.0,10.0,6.0,19.0,500.0,105.0,32.1,996.8,15.1,0.0,NNE,1.6,Aotizhongxin,7.0,71.0,36.0,496.60688405802847,25.7,35.1,31.25,6.29188405797281,2014-07-21 18:00:00,9.0,2014-07-22 18:00:00
12151,2014-07-25 01:00:00,0,train,12266,2014,7,25,1,101.0,101.0,2.0,83.0,1800.0,12.0,21.3,1000.9,20.5,0.0,ENE,1.1,Aotizhongxin,38.0,106.0,74.5,413.188405797132,21.0,30.3,25.7,7.548913043478143,2014-07-25 01:00:00,93.0,2014-07-26 01:00:00
12204,2014-07-27 06:00:00,0,train,12319,2014,7,27,6,113.0,113.0,8.0,49.0,600.0,63.0,24.1,1004.7,20.2,0.0,NNE,0.5,Aotizhongxin,65.0,145.0,88.5,604.8532608695803,22.1,34.7,29.6,15.797318840580955,2014-07-27 06:00:00,147.0,2014-07-28 06:00:00
12233,2014-07-28 11:00:00,0,train,12348,2014,7,28,11,172.0,172.0,3.0,55.0,1000.0,156.0,32.7,998.3,21.2,0.0,WSW,3.9,Aotizhongxin,96.0,187.0,123.5,747.3623188405749,22.2,34.5,29.75,16.909112318841782,2014-07-28 11:00:00,127.0,2014-07-29 11:00:00
12243,2014-07-28 21:00:00,0,train,12358,2014,7,28,21,101.0,101.0,4.0,25.0,500.0,162.0,29.9,997.0,21.6,0.0,WSW,2.0,Aotizhongxin,75.0,187.0,115.0,1071.1286231884048,22.2,34.6,29.95,16.881739130435996,2014-07-28 21:00:00,98.0,2014-07-29 21:00:00
12296,2014-07-31 02:00:00,0,train,12411,2014,7,31,2,197.0,197.0,2.0,38.0,1500.0,40.0,25.4,1001.7,24.5,0.0,SSE,1.2,Aotizhongxin,38.0,216.0,153.5,2139.1014492753484,23.0,29.3,25.55,3.906666666666689,2014-07-31 02:00:00,161.0,2014-08-01 02:00:00
12471,2014-08-07 09:00:00,0,train,12586,2014,8,7,9,76.0,76.0,4.0,81.0,800.0,35.0,29.0,1004.7,19.3,0.0,ENE,0.9,Aotizhongxin,3.0,131.0,36.0,1770.4275362319206,21.7,34.4,25.5,25.569275362319456,2014-08-07 09:00:00,106.0,2014-08-08 09:00:00
12472,2014-08-07 10:00:00,0,train,12587,2014,8,7,10,93.0,93.0,5.0,61.0,1100.0,79.0,30.1,1004.3,18.5,0.0,WSW,2.1,Aotizhongxin,3.0,131.0,49.5,1819.1231884058323,21.7,34.4,25.5,24.253460144928102,2014-08-07 10:00:00,96.0,2014-08-08 10:00:00
12618,2014-08-13 12:00:00,0,train,12733,2014,8,13,12,39.0,39.0,2.0,42.0,600.0,79.0,19.4,1003.6,19.4,11.3,SE,1.0,Aotizhongxin,14.0,49.0,33.0,66.86231884062754,19.4,32.9,20.95,19.350271739129855,2014-08-13 12:00:00,26.0,2014-08-14 12:00:00
12663,2014-08-15 09:00:00,0,train,12778,2014,8,15,9,127.0,127.0,2.0,91.0,800.0,26.0,26.7,1002.2,18.3,0.0,ENE,1.2,Aotizhongxin,18.0,127.0,35.0,769.1014492754042,17.7,30.0,23.35,19.11275362318778,2014-08-15 09:00:00,38.0,2014-08-16 09:00:00
12667,2014-08-15 13:00:00,0,train,12782,2014,8,15,13,25.0,25.0,8.0,20.0,700.0,131.0,32.5,999.8,14.6,0.0,W,1.7,Aotizhongxin,18.0,127.0,37.0,856.9547101449675,17.7,32.5,23.35,24.54253623188358,2014-08-15 13:00:00,46.0,2014-08-16 13:00:00
12693,2014-08-16 15:00:00,0,train,12808,2014,8,16,15,43.0,43.0,7.0,19.0,400.0,200.0,33.4,1000.1,15.9,0.0,WSW,2.7,Aotizhongxin,25.0,88.0,42.5,276.07065217395296,20.3,34.3,26.85,21.666956521739454,2014-08-16 15:00:00,39.0,2014-08-17 15:00:00
12785,2014-08-20 11:00:00,0,train,12900,2014,8,20,11,149.0,192.0,2.0,91.0,1100.0,92.0,31.0,1002.8,20.9,0.0,WSW,3.0,Aotizhongxin,53.0,149.0,87.5,757.3025362318908,21.4,32.8,27.55,13.880579710145474,2014-08-20 11:00:00,172.0,2014-08-21 11:00:00
12802,2014-08-21 04:00:00,0,train,12917,2014,8,21,4,127.0,200.0,4.0,73.0,700.0,22.0,23.0,1001.0,21.8,0.0,N,0.0,Aotizhongxin,82.0,149.0,112.5,318.453025362311,21.4,32.5,27.8,11.8393478260876,2014-08-21 04:00:00,23.0,2014-08-22 04:00:00
12928,2014-08-26 10:00:00,0,train,13043,2014,8,26,10,27.0,90.0,8.0,61.0,600.0,38.0,31.4,1007.9,9.6,0.0,E,1.2,Aotizhongxin,3.0,45.0,23.5,167.47644927542913,16.4,33.5,26.65,35.839402173913044,2014-08-26 10:00:00,25.0,2014-08-27 10:00:00
13040,2014-08-31 02:00:00,0,train,13155,2014,8,31,2,75.0,75.0,3.0,35.0,800.0,50.0,20.4,1007.1,19.4,0.0,N,0.8,Aotizhongxin,75.0,170.0,144.0,662.6793478260688,20.4,25.6,23.200000000000003,2.5597101449267745,2014-08-31 02:00:00,71.0,2014-09-01 02:00:00
13047,2014-08-31 09:00:00,0,train,13162,2014,8,31,9,55.0,55.0,2.0,50.0,900.0,43.0,23.9,1007.8,20.8,0.0,ENE,1.7,Aotizhongxin,40.0,170.0,138.5,2119.6231884057997,20.1,25.6,23.25,3.9452173913034505,2014-08-31 09:00:00,124.0,2014-09-01 09:00:00
13055,2014-08-31 17:00:00,0,train,13170,2014,8,31,17,88.0,105.0,2.0,33.0,800.0,123.0,22.9,1006.4,22.1,1.8,E,1.9,Aotizhongxin,40.0,159.0,76.5,1315.2101449275592,20.1,27.6,23.15,6.3284057971006735,2014-08-31 17:00:00,146.0,2014-09-01 17:00:00
13095,2014-09-02 09:00:00,0,train,13210,2014,9,2,9,26.0,26.0,2.0,44.0,1100.0,54.0,20.3,1005.0,20.3,0.3,NE,1.6,Aotizhongxin,23.0,153.0,63.15,3021.8073731884347,19.5,26.2,20.15,5.874184782607392,2014-09-02 09:00:00,23.0,2014-09-03 09:00:00
13122,2014-09-03 12:00:00,0,train,13237,2014,9,3,12,12.0,19.0,,27.0,600.0,,29.3,1003.4,11.4,0.0,WSW,1.1,Aotizhongxin,11.0,31.0,16.0,22.405797101532837,15.7,29.3,19.4,15.413460144925692,2014-09-03 12:00:00,42.0,2014-09-04 12:00:00
13134,2014-09-04 00:00:00,0,train,13249,2014,9,4,0,31.0,91.0,4.0,103.0,700.0,,17.2,1000.3,16.9,0.0,N,0.0,Aotizhongxin,11.0,31.0,16.0,23.172101449358962,15.7,30.2,23.0,29.21384057970915,2014-09-04 00:00:00,64.0,2014-09-05 00:00:00
13171,2014-09-05 13:00:00,0,train,13286,2014,9,5,13,137.0,185.0,7.0,67.0,,157.0,30.4,1003.3,18.5,0.0,WSW,2.1,Aotizhongxin,25.0,137.0,68.0,1080.4619565217795,19.0,33.6,24.6,22.839999999999865,2014-09-05 13:00:00,165.0,2014-09-06 13:00:00
13234,2014-09-08 04:00:00,0,train,13349,2014,9,8,4,7.0,17.0,3.0,12.0,100.0,56.0,19.7,1006.0,5.7,0.0,ENE,1.0,Aotizhongxin,6.0,226.0,141.5,4659.739130434773,18.1,29.6,23.700000000000003,10.907373188405426,2014-09-08 04:00:00,36.0,2014-09-09 04:00:00
13239,2014-09-08 09:00:00,0,train,13354,2014,9,8,9,7.0,29.0,11.0,30.0,300.0,42.0,26.5,1006.5,6.0,0.0,E,1.4,Aotizhongxin,4.0,226.0,106.5,6253.971014492786,18.1,29.6,24.4,12.649275362318493,2014-09-08 09:00:00,18.0,2014-09-09 09:00:00
13387,2014-09-14 13:00:00,0,train,13502,2014,9,14,13,9.0,9.0,2.0,27.0,200.0,40.0,22.0,1012.3,7.0,0.0,ESE,1.4,Aotizhongxin,9.0,108.0,71.0,721.3025362319556,19.5,27.6,22.0,6.091141304346578,2014-09-14 13:00:00,10.0,2014-09-15 13:00:00
13398,2014-09-15 00:00:00,0,train,13513,2014,9,15,0,39.0,134.0,5.0,77.0,800.0,2.0,14.2,1013.6,12.9,0.0,E,0.0,Aotizhongxin,9.0,108.0,35.0,1138.6503623189321,14.2,22.9,19.85,7.980706521736738,2014-09-15 00:00:00,27.0,2014-09-16 00:00:00
13451,2014-09-17 05:00:00,0,train,13566,2014,9,17,5,17.0,87.0,4.0,61.0,200.0,12.0,15.1,1014.7,12.4,0.0,WSW,1.3,Aotizhongxin,17.0,90.0,33.0,597.3315217392285,14.3,21.7,18.25,4.584927536228988,2014-09-17 05:00:00,94.0,2014-09-18 05:00:00
13502,2014-09-19 08:00:00,0,train,13617,2014,9,19,8,90.0,174.0,5.0,102.0,900.0,2.0,18.2,1008.7,13.5,0.0,ENE,1.5,Aotizhongxin,39.0,101.0,64.5,424.42753623194983,12.8,28.4,19.85,29.486938405795005,2014-09-19 08:00:00,112.0,2014-09-20 08:00:00
13510,2014-09-19 16:00:00,0,train,13625,2014,9,19,16,73.0,82.0,9.0,35.0,500.0,121.0,23.8,1002.8,14.5,0.0,SW,1.4,Aotizhongxin,39.0,156.0,83.5,862.7807971015012,12.8,25.5,19.85,19.703315217388848,2014-09-19 16:00:00,100.0,2014-09-20 16:00:00
13536,2014-09-20 18:00:00,0,train,13651,2014,9,20,18,131.0,235.0,8.0,81.0,1000.0,150.0,23.4,1003.8,17.8,0.0,SW,1.0,Aotizhongxin,58.0,131.0,115.5,320.3750000000139,16.9,28.0,18.75,17.314764492751905,2014-09-20 18:00:00,112.0,2014-09-21 18:00:00
13552,2014-09-21 10:00:00,0,train,13667,2014,9,21,10,55.0,55.0,18.0,67.0,1800.0,30.0,22.4,1012.4,14.5,0.0,N,0.5,Aotizhongxin,55.0,219.0,127.0,2423.3840579710018,18.6,28.0,21.0,9.986503623187142,2014-09-21 10:00:00,100.0,2014-09-22 10:00:00
13583,2014-09-22 17:00:00,0,train,13698,2014,9,22,17,103.0,119.0,8.0,83.0,2300.0,8.0,20.6,1011.7,17.8,0.0,NNE,1.7,Aotizhongxin,73.0,137.0,96.0,345.2155797101789,20.2,23.0,20.9,0.5446195652156394,2014-09-22 17:00:00,32.0,2014-09-23 17:00:00
13628,2014-09-24 14:00:00,0,train,13743,2014,9,24,14,17.0,17.0,5.0,17.0,400.0,65.0,26.6,1008.4,15.0,0.0,NW,1.0,Aotizhongxin,11.0,62.0,28.5,203.18840579722445,16.5,26.6,17.3,9.64606884057696,2014-09-24 14:00:00,169.0,2014-09-25 14:00:00
13712,2014-09-28 02:00:00,0,train,13827,2014,9,28,2,73.0,156.0,10.0,111.0,1500.0,2.0,16.3,1011.1,14.0,0.0,ENE,1.3,Aotizhongxin,7.0,86.0,27.0,556.3405797102677,13.3,26.1,17.7,17.362536231881492,2014-09-28 02:00:00,97.0,2014-09-29 02:00:00
13752,2014-09-29 18:00:00,0,train,13867,2014,9,29,18,10.0,44.0,2.0,38.0,200.0,40.0,19.2,1017.5,0.2,0.0,ESE,2.6,Aotizhongxin,8.0,107.0,77.5,1315.818840579793,15.0,24.2,17.7,13.189112318837852,2014-09-29 18:00:00,27.0,2014-09-30 18:00:00
13773,2014-09-30 15:00:00,0,train,13888,2014,9,30,15,25.0,52.0,8.0,30.0,500.0,39.0,15.3,1017.3,2.8,0.0,WSW,2.4,Aotizhongxin,8.0,25.0,19.5,26.50543478275181,11.2,21.7,14.0,9.295869565212689,2014-09-30 15:00:00,67.0,2014-10-01 15:00:00
13781,2014-09-30 23:00:00,0,train,13896,2014,9,30,23,64.0,118.0,10.0,62.0,800.0,8.0,12.8,1014.8,6.4,0.0,ENE,1.3,Aotizhongxin,15.0,64.0,23.0,154.6358695653491,11.2,16.2,12.9,2.2939130434728794,2014-09-30 23:00:00,88.0,2014-10-01 23:00:00
13832,2014-10-03 02:00:00,0,train,13947,2014,10,3,2,75.0,75.0,4.0,61.0,1000.0,2.0,10.9,1011.0,10.7,0.0,ENE,1.0,Aotizhongxin,23.0,112.0,66.5,547.8840579710981,8.2,21.6,13.2,20.19999999999521,2014-10-03 02:00:00,92.0,2014-10-04 02:00:00
13886,2014-10-05 08:00:00,0,train,14001,2014,10,5,8,46.0,46.0,2.0,47.0,900.0,2.0,15.4,1019.7,8.8,0.0,NE,2.7,Aotizhongxin,46.0,106.0,72.0,337.4782608696343,10.7,16.8,13.8,3.8617210144877636,2014-10-05 08:00:00,17.0,2014-10-06 08:00:00
13937,2014-10-07 11:00:00,1,train,14052,2014,10,7,11,82.0,130.0,14.0,64.0,900.0,18.0,18.6,1014.3,8.0,0.0,E,1.4,Aotizhongxin,19.0,97.0,69.0,784.4184782609602,9.1,21.7,14.600000000000001,18.630416666662125,2014-10-07 11:00:00,238.0,2014-10-08 11:00:00
13938,2014-10-07 12:00:00,1,train,14053,2014,10,7,12,96.0,136.0,16.0,73.0,1000.0,22.0,20.1,1013.4,8.4,0.0,NE,1.1,Aotizhongxin,19.0,97.0,71.0,747.3260869566075,9.1,21.7,14.600000000000001,18.245199275357763,2014-10-07 12:00:00,256.0,2014-10-08 12:00:00
13963,2014-10-08 13:00:00,1,train,14078,2014,10,8,13,252.0,252.0,11.0,103.0,1800.0,24.0,19.8,1012.3,13.5,0.0,NE,0.0,Aotizhongxin,127.0,258.0,218.0,1082.2445652172428,12.4,21.5,13.1,9.221449275357772,2014-10-08 13:00:00,352.0,2014-10-09 13:00:00
13971,2014-10-08 21:00:00,1,train,14086,2014,10,8,21,402.0,402.0,6.0,159.0,2700.0,2.0,13.7,1013.4,13.7,0.0,N,0.0,Aotizhongxin,204.0,403.0,250.0,4648.737318840355,12.4,20.2,14.2,6.910652173908548,2014-10-08 21:00:00,435.0,2014-10-09 21:00:00
13987,2014-10-10 01:00:00,1,train,14114,2014,10,10,1,,,,,,91.0,14.2,1016.2,14.2,0.0,ENE,0.9,Aotizhongxin,178.0,446.0,341.0,3501.7619047615212,12.4,21.7,15.3,9.65913043477858,2014-10-10 01:00:00,332.0,2014-10-11 01:00:00
14075,2014-10-13 17:00:00,0,train,14202,2014,10,13,17,11.0,11.0,5.0,31.0,300.0,40.0,13.8,1017.4,-3.5,0.0,WSW,1.7,Aotizhongxin,3.0,14.0,8.0,9.304347826157759,5.5,18.3,13.45,17.05065217390735,2014-10-13 17:00:00,38.0,2014-10-14 17:00:00
14081,2014-10-13 23:00:00,0,train,14208,2014,10,13,23,49.0,49.0,2.0,102.0,600.0,2.0,5.4,1017.4,2.6,0.0,E,1.0,Aotizhongxin,3.0,49.0,9.0,206.1286231884691,5.4,18.3,9.850000000000001,21.737807971008188,2014-10-13 23:00:00,121.0,2014-10-14 23:00:00
14120,2014-10-15 14:00:00,0,train,14247,2014,10,15,14,11.0,154.0,3.0,10.0,200.0,63.0,21.9,1008.7,-3.5,0.0,N,4.5,Aotizhongxin,11.0,135.0,80.5,1364.6666666666647,6.8,21.9,14.95,34.64954710144438,2014-10-15 14:00:00,25.0,2014-10-16 14:00:00
14127,2014-10-15 21:00:00,0,train,14254,2014,10,15,21,16.0,53.0,2.0,59.0,400.0,12.0,10.8,1015.7,-1.6,0.0,NE,0.0,Aotizhongxin,8.0,135.0,51.5,2095.6068840579856,6.8,21.9,15.75,35.566956521734284,2014-10-15 21:00:00,63.0,2014-10-16 21:00:00
14166,2014-10-17 12:00:00,0,train,14293,2014,10,17,12,93.0,171.0,21.0,107.0,1000.0,16.0,22.6,1008.8,4.1,0.0,WSW,1.9,Aotizhongxin,25.0,93.0,76.5,478.9547101449271,6.0,22.6,13.6,36.11346014492235,2014-10-17 12:00:00,115.0,2014-10-18 12:00:00
14172,2014-10-17 18:00:00,1,train,14299,2014,10,17,18,132.0,283.0,14.0,192.0,1100.0,14.0,13.2,1009.2,8.9,0.0,WNW,0.4,Aotizhongxin,42.0,132.0,86.0,407.99999999997965,6.0,24.2,13.149999999999999,42.619057971009376,2014-10-17 18:00:00,246.0,2014-10-18 18:00:00
14246,2014-10-20 20:00:00,0,train,14373,2014,10,20,20,243.0,243.0,7.0,112.0,1900.0,17.0,16.9,1016.4,14.2,0.0,SSW,1.2,Aotizhongxin,149.0,352.0,228.5,2445.5489130433016,12.1,20.2,16.45,5.217318840575786,2014-10-20 20:00:00,62.0,2014-10-21 20:00:00
14273,2014-10-21 23:00:00,0,train,14400,2014,10,21,23,64.0,128.0,23.0,101.0,1500.0,2.0,6.9,1018.7,4.4,0.0,ENE,0.7,Aotizhongxin,31.0,71.0,37.0,147.6739130434722,6.7,16.1,13.05,8.791141304342082,2014-10-21 23:00:00,115.0,2014-10-22 23:00:00
14310,2014-10-23 12:00:00,1,train,14437,2014,10,23,12,137.0,189.0,9.0,76.0,1200.0,24.0,15.5,1007.9,8.9,0.0,ENE,1.6,Aotizhongxin,60.0,137.0,103.5,286.73731884051404,11.7,15.5,12.7,1.3349999999945796,2014-10-23 12:00:00,241.0,2014-10-24 12:00:00
14336,2014-10-24 14:00:00,1,train,14463,2014,10,24,14,281.0,301.0,22.0,113.0,1900.0,59.0,18.9,1003.5,12.4,0.0,SW,1.1,Aotizhongxin,144.0,281.0,174.5,1319.1576086955088,7.9,18.9,10.399999999999999,13.744565217385418,2014-10-24 14:00:00,342.0,2014-10-25 14:00:00
14414,2014-10-27 20:00:00,0,train,14541,2014,10,27,20,55.0,98.0,15.0,100.0,1200.0,2.0,10.8,1024.1,0.8,0.0,SSW,1.4,Aotizhongxin,8.0,55.0,20.0,218.4764492753591,2.4,15.4,9.2,19.17346014492016,2014-10-27 20:00:00,53.0,2014-10-28 20:00:00
14442,2014-10-29 00:00:00,0,train,14569,2014,10,29,0,103.0,200.0,11.0,114.0,1600.0,2.0,8.9,1019.3,6.3,0.0,ENE,0.9,Aotizhongxin,31.0,103.0,55.5,355.2880434782225,4.5,14.4,9.649999999999999,9.926666666659477,2014-10-29 00:00:00,162.0,2014-10-30 00:00:00
14518,2014-11-01 04:00:00,0,train,14645,2014,11,1,4,61.0,61.0,6.0,73.0,1100.0,2.0,7.4,1023.0,7.4,0.0,W,0.0,Aotizhongxin,61.0,186.0,159.0,878.9112318839381,7.4,15.4,12.8,5.409836956515963,2014-11-01 04:00:00,3.0,2014-11-02 04:00:00
14623,2014-11-05 13:00:00,0,train,14750,2014,11,5,13,6.0,33.0,9.0,14.0,400.0,60.0,20.2,1021.0,-5.7,0.0,N,2.9,Aotizhongxin,6.0,349.0,147.5,6125.37499999989,3.1,20.2,6.15,34.0656340579638,2014-11-05 13:00:00,6.0,2014-11-06 13:00:00
14687,2014-11-08 05:00:00,0,train,14814,2014,11,8,5,78.0,84.0,4.0,68.0,2000.0,2.0,-1.1,1030.0,-1.4,0.0,E,0.0,Aotizhongxin,25.0,90.0,51.0,332.6503623188061,-1.1,8.4,3.85,10.195199275352477,2014-11-08 05:00:00,48.0,2014-11-09 05:00:00
14727,2014-11-09 21:00:00,0,train,14854,2014,11,9,21,75.0,105.0,2.0,112.0,1000.0,2.0,3.2,1021.0,1.4,0.0,W,0.0,Aotizhongxin,33.0,100.0,49.0,446.3405797101045,-1.5,15.9,3.75,38.797101449266236,2014-11-09 21:00:00,122.0,2014-11-10 21:00:00
14730,2014-11-10 00:00:00,0,train,14857,2014,11,10,0,85.0,95.0,2.0,95.0,1300.0,2.0,1.2,1022.0,0.9,0.0,ESE,0.0,Aotizhongxin,33.0,100.0,49.0,425.56340579706136,-1.5,15.9,3.75,38.23884057970105,2014-11-10 00:00:00,147.0,2014-11-11 00:00:00
14754,2014-11-11 00:00:00,0,train,14881,2014,11,11,0,147.0,164.0,4.0,128.0,1900.0,2.0,2.8,1011.0,2.1,0.0,ESE,0.0,Aotizhongxin,38.0,147.0,67.0,1035.3623188405254,-0.8,14.9,4.1,31.473840579701132,2014-11-11 00:00:00,5.0,2014-11-12 00:00:00
14781,2014-11-12 03:00:00,0,train,14908,2014,11,12,3,4.0,22.0,9.0,6.0,300.0,55.0,6.4,1023.0,-14.4,0.0,N,3.7,Aotizhongxin,4.0,130.0,9.0,620.2826086956513,6.4,12.4,10.850000000000001,3.2369384057902675,2014-11-12 03:00:00,7.0,2014-11-13 03:00:00
14816,2014-11-13 14:00:00,0,train,14943,2014,11,13,14,27.0,39.0,6.0,42.0,600.0,45.0,13.0,1015.0,-10.8,0.0,W,1.6,Aotizhongxin,3.0,41.0,8.5,110.75362318840652,-2.9,13.0,6.05,23.662155797091877,2014-11-13 14:00:00,21.0,2014-11-14 14:00:00
14821,2014-11-13 19:00:00,0,train,14948,2014,11,13,19,26.0,68.0,7.0,92.0,900.0,2.0,7.5,1017.0,-9.9,0.0,SW,1.9,Aotizhongxin,4.0,41.0,12.0,106.7826086956502,-2.9,13.1,6.05,28.944184782599347,2014-11-13 19:00:00,38.0,2014-11-14 19:00:00
14837,2014-11-14 11:00:00,0,train,14964,2014,11,14,11,22.0,35.0,13.0,46.0,700.0,20.0,10.4,1012.0,-8.8,0.0,NE,2.1,Aotizhongxin,8.0,63.0,28.5,180.72282608694158,-1.9,13.1,4.8,30.871721014483168,2014-11-14 11:00:00,75.0,2014-11-15 11:00:00
14861,2014-11-15 11:00:00,0,train,14988,2014,11,15,11,75.0,118.0,45.0,84.0,1400.0,2.0,8.0,1016.0,-8.1,0.0,NE,1.5,Aotizhongxin,18.0,143.0,49.0,1450.1576086956143,2.1,13.6,4.0,15.712155797092628,2014-11-15 11:00:00,32.0,2014-11-16 11:00:00
15084,2014-11-24 18:00:00,0,train,15211,2014,11,24,18,40.0,93.0,12.0,104.0,800.0,2.0,7.5,1024.0,-5.9,0.0,WSW,2.2,Aotizhongxin,18.0,240.0,63.0,5958.6358695651215,-1.9,12.2,2.4,23.667753623178672,2014-11-24 18:00:00,161.0,2014-11-25 18:00:00
15156,2014-11-27 18:00:00,0,train,15283,2014,11,27,18,16.0,43.0,5.0,60.0,600.0,11.0,5.9,1017.0,-12.7,0.0,NE,1.2,Aotizhongxin,10.0,408.0,27.5,28520.405797101288,3.0,6.9,5.65,1.4805797101356906,2014-11-27 18:00:00,89.0,2014-11-28 18:00:00
15237,2014-12-01 03:00:00,0,train,15364,2014,12,1,3,18.0,148.0,6.0,7.0,300.0,37.0,-4.8,1019.0,-23.8,0.0,NNE,4.4,Aotizhongxin,12.0,240.0,25.0,6043.911231883971,-4.8,7.5,2.95,17.47954710143824,2014-12-01 03:00:00,8.0,2014-12-02 03:00:00
15291,2014-12-03 09:00:00,0,train,15418,2014,12,3,9,11.0,27.0,20.0,33.0,600.0,22.0,-3.2,1030.0,-23.6,0.0,NNW,1.8,Aotizhongxin,5.0,131.0,42.0,1376.4565217390475,-7.7,1.0,-3.55,6.077101449261689,2014-12-03 09:00:00,3.0,2014-12-04 09:00:00
15317,2014-12-04 11:00:00,0,train,15444,2014,12,4,11,8.0,30.0,9.0,11.0,400.0,54.0,-0.4,1031.0,-24.0,0.0,NNW,5.8,Aotizhongxin,3.0,10.0,7.5,5.123188405750347,-3.1,1.1,-1.6,1.966358695639509,2014-12-04 11:00:00,21.0,2014-12-05 11:00:00
15394,2014-12-07 16:00:00,0,train,15521,2014,12,7,16,10.0,43.0,10.0,13.0,400.0,50.0,4.5,1018.0,-15.4,0.0,N,3.0,Aotizhongxin,10.0,117.0,61.0,789.3623188404866,-3.3,5.2,0.5,6.154184782597214,2014-12-07 16:00:00,105.0,2014-12-08 16:00:00
15402,2014-12-08 00:00:00,1,train,15529,2014,12,8,0,20.0,39.0,18.0,57.0,700.0,8.0,-1.4,1016.0,-13.6,0.0,NW,1.3,Aotizhongxin,7.0,117.0,36.5,961.6068840578919,-3.3,5.2,0.30000000000000004,7.843749999988457,2014-12-08 00:00:00,207.0,2014-12-09 00:00:00
15430,2014-12-09 04:00:00,1,train,15557,2014,12,9,4,226.0,281.0,37.0,109.0,4100.0,2.0,-3.9,1022.0,-10.1,0.0,NE,1.0,Aotizhongxin,17.0,245.0,96.5,6114.172101449148,-5.4,3.8,-3.15,10.112971014479946,2014-12-09 04:00:00,265.0,2014-12-10 04:00:00
15492,2014-12-11 18:00:00,0,train,15619,2014,12,11,18,61.0,109.0,35.0,73.0,1000.0,13.0,0.6,1028.0,-14.6,0.0,WSW,2.8,Aotizhongxin,8.0,61.0,11.0,135.37499999993162,-4.5,5.0,-0.09999999999999999,6.293840579698115,2014-12-11 18:00:00,15.0,2014-12-12 18:00:00
15503,2014-12-12 05:00:00,0,train,15630,2014,12,12,5,7.0,23.0,12.0,10.0,400.0,41.0,-1.8,1027.0,-20.8,0.0,N,4.4,Aotizhongxin,7.0,74.0,11.5,403.123188405725,-4.5,5.0,-0.15,5.8753623188286594,2014-12-12 05:00:00,9.0,2014-12-13 05:00:00
15535,2014-12-13 13:00:00,0,train,15662,2014,12,13,13,26.0,66.0,22.0,35.0,600.0,34.0,4.4,1026.0,-17.9,0.0,WSW,3.0,Aotizhongxin,7.0,43.0,13.0,84.47644927529358,-3.9,4.4,1.05,4.391721014481223,2014-12-13 13:00:00,49.0,2014-12-14 13:00:00
15564,2014-12-14 18:00:00,0,train,15691,2014,12,14,18,121.0,216.0,68.0,130.0,2500.0,2.0,2.4,1032.0,-14.3,0.0,WSW,2.2,Aotizhongxin,43.0,161.0,76.0,1463.4764492752447,-8.1,7.0,-1.95,20.351304347813734,2014-12-14 18:00:00,8.0,2014-12-15 18:00:00
15623,2015-01-01 22:00:00,0,train,16127,2015,1,1,22,93.0,124.0,44.0,99.0,1900.0,2.0,-6.0,1019.0,-17.7,0.0,ENE,0.9,Aotizhongxin,6.0,93.0,14.0,909.4710144927536,-7.0,3.0,-1.0,9.906938405784187,2015-01-01 22:00:00,118.0,2015-01-02 22:00:00
15629,2015-01-02 04:00:00,0,train,16133,2015,1,2,4,48.0,82.0,26.0,77.0,1300.0,2.0,-1.0,1022.0,-18.1,0.0,N,1.6,Aotizhongxin,6.0,111.0,49.5,1298.8623188405797,-8.0,3.0,-5.0,13.346014492740204,2015-01-02 04:00:00,178.0,2015-01-03 04:00:00
15636,2015-01-02 11:00:00,0,train,16140,2015,1,2,11,34.0,51.0,26.0,52.0,1000.0,21.0,2.0,1025.0,-18.1,0.0,NNE,2.1,Aotizhongxin,13.0,111.0,49.5,1102.3315217391305,-8.0,3.0,-3.0,12.68840579708829,2015-01-02 11:00:00,139.0,2015-01-03 11:00:00
15647,2015-01-02 22:00:00,0,train,16151,2015,1,2,22,118.0,147.0,58.0,100.0,2000.0,2.0,-5.0,1021.0,-17.2,0.0,SW,0.7,Aotizhongxin,13.0,118.0,43.0,1546.1721014492755,-8.0,4.0,-1.0,15.623188405784466,2015-01-02 22:00:00,176.0,2015-01-03 22:00:00
15687,2015-01-04 14:00:00,0,train,16191,2015,1,4,14,100.0,118.0,37.0,83.0,1800.0,21.0,9.0,1012.0,-14.8,0.0,ENE,1.5,Aotizhongxin,92.0,319.0,164.5,3535.519927536238,-8.0,9.0,-4.0,25.606884057958077,2015-01-04 14:00:00,29.0,2015-01-05 14:00:00
15745,2015-01-07 00:00:00,0,train,16249,2015,1,7,0,100.0,161.0,58.0,85.0,2200.0,2.0,-5.0,1021.0,-17.2,0.0,NW,0.7,Aotizhongxin,8.0,100.0,15.0,996.8623188406037,-5.0,4.0,-1.0,8.476449275350166,2015-01-07 00:00:00,65.0,2015-01-08 00:00:00
15783,2015-01-08 14:00:00,0,train,16287,2015,1,8,14,110.0,158.0,50.0,115.0,2700.0,2.0,4.0,1021.0,-14.8,0.0,SSW,1.5,Aotizhongxin,53.0,177.0,69.0,1183.3260869565365,-7.0,4.0,-5.0,14.65036231882708,2015-01-08 14:00:00,12.0,2015-01-09 14:00:00
15839,2015-01-10 22:00:00,0,train,16343,2015,1,10,22,116.0,146.0,56.0,110.0,2600.0,2.0,-1.0,1018.0,-10.6,0.0,NNW,0.6,Aotizhongxin,18.0,268.0,135.5,5552.650362318843,-7.0,14.0,1.0,49.53623188404661,2015-01-10 22:00:00,80.0,2015-01-11 22:00:00
15854,2015-01-11 13:00:00,0,train,16358,2015,1,11,13,16.0,16.0,7.0,35.0,700.0,36.0,5.0,1025.0,-16.8,0.0,SW,2.1,Aotizhongxin,4.0,177.0,16.0,2568.630434782648,-4.0,14.0,3.0,20.331521739120078,2015-01-11 13:00:00,122.0,2015-01-12 13:00:00
15896,2015-01-13 07:00:00,0,train,16400,2015,1,13,7,130.0,152.0,48.0,86.0,3600.0,2.0,-6.7,1029.1,-10.4,0.0,E,0.9,Aotizhongxin,52.0,213.0,139.0,1952.172101449278,-6.7,3.0,-2.7,8.89389492752334,2015-01-13 07:00:00,157.0,2015-01-14 07:00:00
15914,2015-01-14 01:00:00,1,train,16418,2015,1,14,1,227.0,261.0,94.0,120.0,4800.0,2.0,-5.2,1027.0,-7.8,0.0,E,0.8,Aotizhongxin,49.0,227.0,145.5,2397.326086956523,-6.7,1.5,-3.8,6.455199275348819,2015-01-14 01:00:00,246.0,2015-01-15 01:00:00
15937,2015-01-15 00:00:00,1,train,16441,2015,1,15,0,240.0,252.0,40.0,118.0,4100.0,2.0,-4.9,1025.4,-8.1,0.0,NE,0.5,Aotizhongxin,152.0,251.0,203.5,1015.461956521729,-5.8,0.0,-2.6,3.0573188405664804,2015-01-15 00:00:00,427.0,2015-01-16 00:00:00
15976,2015-01-16 15:00:00,0,train,16480,2015,1,16,15,11.0,23.0,10.0,4.0,700.0,66.0,3.0,1025.0,-17.8,0.0,N,3.2,Aotizhongxin,11.0,469.0,375.5,42320.282608695656,-5.0,3.0,0.5,7.302536231871793,2015-01-16 15:00:00,87.0,2015-01-17 15:00:00
15995,2015-01-17 10:00:00,0,train,16499,2015,1,17,10,16.0,16.0,8.0,38.0,800.0,31.0,-1.0,1029.0,-15.6,0.0,WNW,1.2,Aotizhongxin,9.0,19.0,14.0,4.86775362323921,-10.0,3.0,-1.0,17.65217391303051,2015-01-17 10:00:00,101.0,2015-01-18 10:00:00
16006,2015-01-17 21:00:00,0,train,16510,2015,1,17,21,128.0,157.0,46.0,111.0,3000.0,2.0,-2.0,1022.0,-13.8,0.0,NE,1.0,Aotizhongxin,13.0,128.0,17.0,1941.6739130435212,-10.0,3.0,-2.0,15.188405797088157,2015-01-17 21:00:00,12.0,2015-01-18 21:00:00
16011,2015-01-18 02:00:00,0,train,16515,2015,1,18,2,114.1,137.6,80.5,92.4,3100.0,2.0,-1.0,1015.0,-14.6,0.0,ENE,1.2,Aotizhongxin,14.0,150.0,88.0,2577.6765036232255,-10.0,3.0,-1.0,15.95471014491443,2015-01-18 02:00:00,7.0,2015-01-19 02:00:00
16108,2015-01-22 03:00:00,1,train,16612,2015,1,22,3,32.0,32.0,19.0,61.0,1200.0,7.0,-6.0,1022.0,-12.9,0.0,ESE,0.4,Aotizhongxin,7.0,48.0,14.0,150.89130434787563,-7.0,6.0,1.0,17.62318840578519,2015-01-22 03:00:00,196.0,2015-01-23 03:00:00
16122,2015-01-22 17:00:00,0,train,16626,2015,1,22,17,100.0,149.0,48.0,64.0,1700.0,44.0,4.0,1013.0,-12.9,0.0,WSW,1.4,Aotizhongxin,12.0,142.0,41.0,1717.818840579749,-8.0,5.0,-4.0,21.101449275349264,2015-01-22 17:00:00,180.0,2015-01-23 17:00:00
16134,2015-01-23 05:00:00,0,train,16638,2015,1,23,5,157.0,176.0,68.0,122.0,3700.0,2.0,-5.0,1015.0,-12.9,0.0,ENE,1.2,Aotizhongxin,22.0,237.0,149.5,3711.519927536252,-8.0,5.0,-2.0,16.253623188393263,2015-01-23 05:00:00,47.0,2015-01-24 05:00:00
16139,2015-01-23 10:00:00,0,train,16643,2015,1,23,10,169.0,199.0,73.0,102.0,3500.0,4.0,1.0,1014.0,-10.2,0.0,ENE,2.4,Aotizhongxin,86.0,237.0,168.0,1585.0144927536367,-7.0,5.0,-2.0,15.91304347824838,2015-01-23 10:00:00,76.0,2015-01-24 10:00:00
16145,2015-01-23 16:00:00,0,train,16649,2015,1,23,16,157.0,170.0,85.0,124.0,3000.0,7.0,7.0,1010.0,-11.7,0.0,WNW,1.2,Aotizhongxin,100.0,237.0,172.0,745.1231884058069,-7.0,7.0,-2.0,19.17210144926301,2015-01-23 16:00:00,81.0,2015-01-24 16:00:00
16147,2015-01-23 18:00:00,0,train,16651,2015,1,23,18,181.0,206.0,72.0,139.0,3300.0,2.0,1.0,1012.0,-10.5,0.0,ENE,1.8,Aotizhongxin,157.0,237.0,176.0,468.4764492753712,-7.0,7.0,-2.0,18.693840579697753,2015-01-23 18:00:00,82.0,2015-01-24 18:00:00
16158,2015-01-24 05:00:00,0,train,16662,2015,1,24,5,47.0,47.0,28.0,67.0,1400.0,9.0,-4.0,1017.0,-10.8,0.0,NE,0.8,Aotizhongxin,47.0,232.0,174.0,2425.9347826087082,-7.0,7.0,-1.5,18.405797101436864,2015-01-24 05:00:00,66.0,2015-01-25 05:00:00
16232,2015-01-27 07:00:00,0,train,16736,2015,1,27,7,9.0,10.0,23.0,14.0,800.0,43.0,-7.0,1029.0,-21.0,0.0,NE,1.2,Aotizhongxin,6.0,184.0,9.0,1792.8677536232249,-7.0,4.0,-0.5,16.954710144914937,2015-01-27 07:00:00,8.0,2015-01-28 07:00:00
16235,2015-01-27 10:00:00,0,train,16739,2015,1,27,10,18.0,26.0,16.0,35.0,1000.0,32.0,-4.0,1033.0,-22.6,0.0,NE,3.1,Aotizhongxin,6.0,20.0,9.0,14.427536231923328,-7.0,4.0,-3.0,16.95471014491445,2015-01-27 10:00:00,19.0,2015-01-28 10:00:00
16249,2015-01-28 00:00:00,0,train,16753,2015,1,28,0,28.0,38.0,24.0,74.0,1600.0,2.0,-8.0,1029.0,-17.4,0.0,NNE,0.3,Aotizhongxin,6.0,40.0,11.0,102.00000000003796,-8.0,3.0,-5.2,13.03519927534843,2015-01-28 00:00:00,98.0,2015-01-29 00:00:00
16305,2015-01-30 09:00:00,0,train,16810,2015,1,30,9,13.0,19.0,19.0,25.0,800.0,41.0,-4.0,1034.0,-20.7,0.0,NE,2.1,Aotizhongxin,6.0,95.0,11.0,764.9492753623554,-7.0,4.0,-1.0,12.722826086943963,2015-01-30 09:00:00,16.0,2015-01-31 09:00:00
16319,2015-01-30 23:00:00,0,train,16824,2015,1,30,23,12.0,26.0,16.0,34.0,300.0,50.0,-2.0,1031.0,-21.5,0.0,NE,1.3,Aotizhongxin,6.0,22.0,11.0,12.624505928894171,-7.0,3.0,-2.0,9.812101449262553,2015-01-30 23:00:00,109.0,2015-01-31 23:00:00
16349,2015-02-01 05:00:00,0,train,16854,2015,2,1,5,32.0,35.0,25.0,58.0,1300.0,2.0,-10.0,1028.0,-15.9,0.0,NE,0.7,Aotizhongxin,10.0,109.0,24.0,1366.1449275362638,-10.0,4.0,-4.5,26.514492753609524,2015-02-01 05:00:00,164.0,2015-02-02 05:00:00
16439,2015-02-04 23:00:00,0,train,16944,2015,2,4,23,6.0,18.0,6.0,11.0,300.0,82.0,1.0,1027.0,-15.1,0.0,NE,2.4,Aotizhongxin,5.0,15.0,10.0,6.86775362322284,-2.0,6.0,1.05,7.411884057959754,2015-02-04 23:00:00,58.0,2015-02-05 23:00:00
16455,2015-02-05 15:00:00,0,train,16960,2015,2,5,15,22.0,28.0,14.0,34.0,700.0,75.0,7.0,1024.0,-15.1,0.0,WSW,2.2,Aotizhongxin,5.0,22.0,8.5,18.54891304351261,-5.0,7.0,1.5,10.92753623187294,2015-02-05 15:00:00,33.0,2015-02-06 15:00:00
16477,2015-02-06 13:00:00,0,train,16982,2015,2,6,13,35.0,37.0,31.0,34.0,900.0,80.0,10.0,1017.0,-14.0,0.0,WSW,1.6,Aotizhongxin,19.0,79.0,51.0,251.82427536234707,-7.0,10.0,1.5,33.13043478259693,2015-02-06 13:00:00,8.0,2015-02-07 13:00:00
16490,2015-02-07 02:00:00,0,train,16995,2015,2,7,2,14.0,42.0,25.0,34.0,600.0,55.0,4.0,1016.0,-13.8,0.0,NE,2.4,Aotizhongxin,14.0,97.0,64.5,543.4782608695914,-7.0,10.0,4.0,36.12862318839477,2015-02-07 02:00:00,6.0,2015-02-08 02:00:00
16604,2015-02-11 20:00:00,0,train,17109,2015,2,11,20,8.0,33.0,4.0,27.0,500.0,92.0,5.0,1013.0,-16.2,0.0,NNW,0.7,Aotizhongxin,8.0,168.0,31.5,2944.8097826087223,-4.0,11.0,3.0,17.832753623178387,2015-02-11 20:00:00,47.0,2015-02-12 20:00:00
16655,2015-02-13 23:00:00,1,train,17160,2015,2,13,23,212.0,244.0,79.0,146.0,4000.0,18.0,2.0,1010.0,-9.6,0.0,ENE,1.8,Aotizhongxin,83.0,212.0,101.0,1540.8043478261059,-4.0,8.0,1.5,17.507663043466966,2015-02-13 23:00:00,322.0,2015-02-14 23:00:00
16671,2015-02-14 15:00:00,1,train,17176,2015,2,14,15,240.0,257.0,66.0,130.0,2900.0,53.0,11.0,1006.0,-9.9,0.0,SE,1.0,Aotizhongxin,114.0,240.0,187.0,1308.9492753623238,-2.0,11.0,1.5,14.869565217380714,2015-02-14 15:00:00,302.0,2015-02-15 15:00:00
16702,2015-02-15 22:00:00,0,train,17207,2015,2,15,22,156.0,170.0,75.0,106.0,3100.0,3.0,4.0,1014.0,-9.1,0.0,SW,1.0,Aotizhongxin,156.0,351.0,272.5,2049.036231884035,-4.0,8.0,3.5,14.1576086956414,2015-02-15 22:00:00,19.0,2015-02-16 22:00:00
16718,2015-02-16 14:00:00,0,train,17223,2015,2,16,14,17.0,87.0,9.0,8.0,400.0,72.0,11.0,1011.0,-13.2,0.0,N,3.0,Aotizhongxin,17.0,302.0,207.5,7252.432971014501,-4.0,11.0,4.0,23.818840579699756,2015-02-16 14:00:00,14.0,2015-02-17 14:00:00
16769,2015-02-18 17:00:00,0,train,17274,2015,2,18,17,15.0,15.0,8.0,20.0,400.0,85.0,10.0,1023.0,-14.7,0.0,SSW,1.5,Aotizhongxin,6.0,78.0,16.0,339.88405797108726,-2.0,11.0,2.25,18.73913043477238,2015-02-18 17:00:00,115.0,2015-02-19 17:00:00
16800,2015-02-20 00:00:00,0,train,17305,2015,2,20,0,122.0,122.0,22.0,29.0,1000.0,62.0,2.0,1017.0,-0.3,0.0,SW,2.1,Aotizhongxin,86.0,294.0,143.5,4538.49275362321,-2.0,5.0,2.0,4.085144927525058,2015-02-20 00:00:00,156.0,2015-02-21 00:00:00
16801,2015-02-20 01:00:00,0,train,17306,2015,2,20,1,120.0,120.0,23.0,22.0,1000.0,70.0,2.0,1017.0,0.1,0.0,SW,1.5,Aotizhongxin,86.0,294.0,138.5,4080.867753623213,-2.0,5.0,2.0,4.085144927525058,2015-02-20 01:00:00,150.0,2015-02-21 01:00:00
16845,2015-02-21 21:00:00,0,train,17350,2015,2,21,21,22.0,482.0,2.0,8.0,300.0,79.0,0.0,1018.0,-24.4,0.0,N,4.9,Aotizhongxin,18.0,288.0,160.5,5640.318840579748,0.0,4.0,1.0,0.8842753623074087,2015-02-21 21:00:00,22.0,2015-02-22 21:00:00
16925,2015-02-25 05:00:00,0,train,17430,2015,2,25,5,209.0,292.0,26.0,74.0,2800.0,8.0,-0.2,1012.6,-2.6,0.0,ESE,0.7,Aotizhongxin,100.0,216.0,170.5,1413.1304347826451,-5.1,6.3,2.0,8.770652173901919,2015-02-25 05:00:00,7.0,2015-02-26 05:00:00
16956,2015-02-26 12:00:00,0,train,17461,2015,2,26,12,11.0,15.0,5.0,7.0,300.0,77.0,3.0,1019.0,-22.8,0.0,N,3.3,Aotizhongxin,7.0,44.0,13.0,58.63043478269709,-2.0,7.0,1.0,8.310706521727823,2015-02-26 12:00:00,17.0,2015-02-27 12:00:00
17013,2015-02-28 21:00:00,0,train,17518,2015,2,28,21,196.0,196.0,15.0,79.0,1800.0,6.0,5.0,1019.0,-18.1,0.0,NW,5.0,Aotizhongxin,34.0,211.0,87.0,5009.606884058022,-2.2,5.0,0.0,3.1723913043358594,2015-02-28 21:00:00,43.0,2015-03-01 21:00:00
17022,2015-03-01 06:00:00,0,train,17527,2015,3,1,6,10.0,36.0,8.0,48.0,700.0,30.0,-1.9,1018.7,-13.4,0.0,W,2.1,Aotizhongxin,9.0,211.0,106.5,5615.557971014543,-3.2,5.0,0.0,3.8694021739010473,2015-03-01 06:00:00,74.0,2015-03-02 06:00:00
17033,2015-03-01 17:00:00,0,train,17538,2015,3,1,17,17.0,32.0,7.0,18.0,400.0,88.0,11.4,1011.8,-17.1,0.0,SW,3.8,Aotizhongxin,9.0,211.0,33.0,4736.231884058042,-3.2,11.5,1.4,27.010362318830097,2015-03-01 17:00:00,18.0,2015-03-02 17:00:00
17069,2015-03-03 05:00:00,0,train,17574,2015,3,3,5,5.0,29.0,2.0,7.0,300.0,79.0,2.3,1016.6,-24.3,0.0,N,3.6,Aotizhongxin,5.0,116.0,18.0,1646.978260869646,-2.7,14.0,7.7,24.238188405788655,2015-03-03 05:00:00,16.0,2015-03-04 05:00:00
17092,2015-03-04 04:00:00,0,train,17597,2015,3,4,4,18.0,43.0,11.0,59.0,800.0,,-1.9,1024.1,-25.2,0.0,WNW,2.6,Aotizhongxin,3.0,18.0,11.5,14.82427536240971,-2.3,3.5,0.44999999999999996,3.186884057959156,2015-03-04 04:00:00,108.0,2015-03-05 04:00:00
17141,2015-03-06 05:00:00,1,train,17646,2015,3,6,5,182.0,202.0,61.0,85.0,2600.0,14.0,-2.6,1016.9,-10.9,0.0,ENE,0.9,Aotizhongxin,42.0,227.0,133.5,2273.519927536282,-5.4,7.6,3.5,18.723460144916583,2015-03-06 05:00:00,274.0,2015-03-07 05:00:00
17163,2015-03-07 03:00:00,1,train,17668,2015,3,7,3,287.0,306.0,76.0,125.0,3400.0,16.0,-0.5,1013.2,-6.7,0.0,NNW,0.7,Aotizhongxin,152.0,313.0,220.5,2794.9836956521935,-4.1,9.6,2.25,17.946086956510843,2015-03-07 03:00:00,221.0,2015-03-08 03:00:00
17179,2015-03-07 19:00:00,0,train,17684,2015,3,7,19,202.0,221.0,38.0,75.0,1600.0,76.0,8.6,1014.0,-2.1,0.0,ESE,1.7,Aotizhongxin,186.0,313.0,237.5,1728.9981884058102,-2.6,11.9,2.85,26.846857890489183,2015-03-07 19:00:00,8.0,2015-03-08 19:00:00
17204,2015-03-08 20:00:00,0,train,17709,2015,3,8,20,12.0,51.0,5.0,23.0,600.0,72.0,7.5,1022.3,-20.2,0.0,NNW,3.2,Aotizhongxin,8.0,261.0,216.5,10798.766304347862,0.3,12.0,5.0,15.998811002652756,2015-03-08 20:00:00,11.0,2015-03-09 20:00:00
17286,2015-03-12 09:00:00,0,train,17794,2015,3,12,9,92.0,121.0,46.0,80.0,2200.0,24.0,3.3,1014.0,-12.7,0.0,ENE,2.3,Aotizhongxin,9.0,92.0,39.0,1082.7536231884703,-2.8,9.7,5.7,15.988532608685924,2015-03-12 09:00:00,136.0,2015-03-13 09:00:00
17313,2015-03-13 12:00:00,0,train,17821,2015,3,13,12,28.0,28.0,9.0,24.0,600.0,79.0,9.6,1019.0,-19.5,0.0,ENE,2.0,Aotizhongxin,28.0,139.0,93.0,1297.8476190476806,-3.3,12.2,6.05,29.377373188396312,2015-03-13 12:00:00,96.0,2015-03-14 12:00:00
17390,2015-03-16 17:00:00,0,train,17898,2015,3,16,17,287.0,357.0,27.0,94.0,1900.0,26.0,13.4,1005.5,6.0,0.0,ESE,1.8,Aotizhongxin,71.0,287.0,138.0,3921.4130434782937,6.2,15.7,10.75,8.551721014485958,2015-03-16 17:00:00,155.0,2015-03-17 17:00:00
17486,2015-03-20 17:00:00,0,train,17994,2015,3,20,17,44.0,177.0,4.0,21.0,300.0,111.0,18.5,1009.9,-15.0,0.0,E,2.3,Aotizhongxin,24.0,131.0,39.0,1304.108695652274,6.0,19.2,15.2,17.125054347820996,2015-03-20 17:00:00,12.0,2015-03-21 17:00:00
17526,2015-03-22 09:00:00,0,train,18034,2015,3,22,9,15.0,58.0,3.0,22.0,300.0,70.0,6.8,1025.9,-18.1,0.0,ENE,4.4,Aotizhongxin,6.0,44.0,12.5,78.40579710156771,5.7,18.8,13.7,18.4234057970959,2015-03-22 09:00:00,66.0,2015-03-23 09:00:00
17561,2015-03-23 20:00:00,0,train,18069,2015,3,23,20,23.0,97.0,2.0,35.0,500.0,82.0,14.6,1023.1,-15.6,0.0,SW,3.3,Aotizhongxin,9.0,73.0,39.0,343.5634057972101,-0.3,17.9,8.75,44.752590579702854,2015-03-23 20:00:00,104.0,2015-03-24 20:00:00
17600,2015-03-25 11:00:00,0,train,18108,2015,3,25,11,138.0,177.0,83.0,100.0,2800.0,55.0,11.6,1028.0,-5.0,0.0,ESE,1.8,Aotizhongxin,66.0,149.0,114.5,687.2971014493527,1.2,15.4,9.75,19.961721014485345,2015-03-25 11:00:00,154.0,2015-03-26 11:00:00
17628,2015-03-26 15:00:00,0,train,18136,2015,3,26,15,82.0,144.0,24.0,29.0,800.0,162.0,19.9,1022.1,-5.9,0.0,SSW,4.5,Aotizhongxin,82.0,154.0,110.5,486.0851449276117,6.1,20.1,14.55,19.81259057970487,2015-03-26 15:00:00,113.0,2015-03-27 15:00:00
17655,2015-03-27 18:00:00,0,train,18163,2015,3,27,18,143.0,222.0,47.0,50.0,1200.0,154.0,18.9,1011.1,1.8,0.0,SW,2.8,Aotizhongxin,56.0,143.0,87.0,689.5634057971878,6.8,19.7,14.850000000000001,14.2015760869517,2015-03-27 18:00:00,22.0,2015-03-28 18:00:00
17712,2015-03-30 03:00:00,0,train,18220,2015,3,30,3,136.0,347.0,18.0,109.0,1600.0,2.0,13.7,1005.2,4.0,0.0,SE,1.4,Aotizhongxin,39.0,157.0,82.0,1738.8677536232694,7.4,22.7,16.4,25.974710144923417,2015-03-30 03:00:00,179.0,2015-03-31 03:00:00
17718,2015-03-30 09:00:00,0,train,18226,2015,3,30,9,140.0,373.0,36.0,104.0,2000.0,15.0,14.6,1006.5,4.3,0.0,S,1.4,Aotizhongxin,59.0,157.0,123.0,1067.6231884058677,10.7,22.7,16.4,16.338188405793343,2015-03-30 09:00:00,161.0,2015-03-31 09:00:00
17804,2015-04-03 00:00:00,0,train,18313,2015,4,3,0,10.0,10.0,3.0,20.0,500.0,96.0,12.7,1001.1,0.7,0.0,NW,3.1,Aotizhongxin,10.0,55.0,35.0,196.38949275375094,4.6,14.8,8.8,16.23478260868834,2015-04-03 00:00:00,34.0,2015-04-04 00:00:00
17820,2015-04-03 16:00:00,0,train,18329,2015,4,3,16,45.0,55.0,7.0,30.0,600.0,131.0,16.0,1007.7,0.5,0.0,SSW,2.5,Aotizhongxin,10.0,45.0,19.0,101.21557971027997,6.4,16.1,13.649999999999999,8.575579710139165,2015-04-03 16:00:00,69.0,2015-04-04 16:00:00
17857,2015-04-05 05:00:00,0,train,18366,2015,4,5,5,127.0,186.0,4.0,119.0,1100.0,2.0,10.7,1009.8,5.9,0.0,NE,0.7,Aotizhongxin,35.0,127.0,80.5,748.6956521740067,9.2,16.7,13.2,5.341666666661178,2015-04-05 05:00:00,17.0,2015-04-06 05:00:00
17870,2015-04-05 18:00:00,0,train,18379,2015,4,5,18,20.0,60.0,2.0,12.0,300.0,80.0,13.0,1015.9,-8.3,0.0,NNE,4.4,Aotizhongxin,18.0,143.0,87.5,2214.086956521842,10.6,16.0,14.25,3.358840579704933,2015-04-05 18:00:00,30.0,2015-04-06 18:00:00
17875,2015-04-05 23:00:00,0,train,18384,2015,4,5,23,24.0,29.0,2.0,11.0,200.0,78.0,7.6,1022.6,-10.7,0.0,N,2.9,Aotizhongxin,14.0,143.0,25.0,2407.6231884059093,7.6,16.0,12.85,6.711231884052273,2015-04-05 23:00:00,41.0,2015-04-06 23:00:00
17882,2015-04-06 06:00:00,0,train,18391,2015,4,6,6,17.0,20.0,2.0,9.0,200.0,76.0,4.3,1026.8,-11.4,0.0,ENE,1.8,Aotizhongxin,14.0,118.0,20.5,408.84057971027835,4.3,16.0,11.75,18.880217391297816,2015-04-06 06:00:00,10.0,2015-04-07 06:00:00
17940,2015-04-08 16:00:00,0,train,18449,2015,4,8,16,107.0,161.0,14.0,30.0,700.0,91.0,12.2,1016.9,0.6,0.0,SSW,3.3,Aotizhongxin,23.0,107.0,75.5,648.8967391305358,3.4,14.0,9.8,8.719981884050718,2015-04-08 16:00:00,164.0,2015-04-09 16:00:00
17942,2015-04-08 18:00:00,0,train,18451,2015,4,8,18,122.0,139.0,16.0,37.0,900.0,84.0,11.3,1016.5,1.0,0.0,SSW,2.3,Aotizhongxin,25.0,122.0,80.5,547.9981884058933,3.4,14.0,9.8,8.514184782601422,2015-04-08 18:00:00,117.0,2015-04-09 18:00:00
17959,2015-04-09 11:00:00,1,train,18468,2015,4,9,11,165.0,183.0,31.0,77.0,1400.0,46.0,12.5,1017.0,1.5,0.0,WSW,1.6,Aotizhongxin,72.0,168.0,129.5,550.2826086957198,3.0,14.0,9.350000000000001,12.191014492746111,2015-04-09 11:00:00,226.0,2015-04-10 11:00:00
17963,2015-04-09 15:00:00,0,train,18472,2015,4,9,15,184.0,184.0,19.0,44.0,1100.0,136.0,17.3,1013.6,2.1,0.0,WSW,4.7,Aotizhongxin,107.0,196.0,137.0,575.3460144928099,3.0,17.3,9.350000000000001,17.575054347818796,2015-04-09 15:00:00,112.0,2015-04-10 15:00:00
18038,2015-04-12 18:00:00,0,train,18547,2015,4,12,18,14.0,19.0,2.0,15.0,300.0,88.0,6.6,1024.5,-4.2,0.0,ENE,5.0,Aotizhongxin,7.0,134.0,13.5,1688.2318840580838,6.6,14.8,8.350000000000001,4.219710144920145,2015-04-12 18:00:00,40.0,2015-04-13 18:00:00
18049,2015-04-13 05:00:00,0,train,18558,2015,4,13,5,14.0,14.0,2.0,13.0,300.0,88.0,6.2,1025.0,-2.9,0.0,N,3.1,Aotizhongxin,7.0,18.0,13.0,6.157608695774943,4.7,10.5,6.699999999999999,2.9686231883973817,2015-04-13 05:00:00,77.0,2015-04-14 05:00:00
18142,2015-04-17 02:00:00,0,train,18651,2015,4,17,2,42.0,176.0,17.0,44.0,400.0,49.0,14.3,1005.3,-5.5,0.0,WSW,3.2,Aotizhongxin,8.0,403.0,26.5,6172.23188405807,12.3,20.9,16.15,6.925923913039459,2015-04-17 02:00:00,133.0,2015-04-18 02:00:00
18148,2015-04-17 08:00:00,0,train,18657,2015,4,17,8,108.0,206.0,11.0,79.0,700.0,12.0,14.0,1005.4,-1.2,0.0,E,1.5,Aotizhongxin,8.0,108.0,35.0,747.8188405798124,9.1,20.9,16.15,9.656231884053819,2015-04-17 08:00:00,154.0,2015-04-18 08:00:00
18209,2015-04-20 14:00:00,0,train,18735,2015,4,20,14,170.0,68.0,2.0,23.0,300.0,129.0,21.7,1008.7,-8.0,0.0,SSW,3.5,Aotizhongxin,28.0,170.0,88.5,1161.2590579710923,6.5,21.7,14.75,28.857373188401063,2015-04-20 14:00:00,36.0,2015-04-21 14:00:00
18216,2015-04-20 21:00:00,0,train,18742,2015,4,20,21,,263.0,21.0,49.0,1500.0,122.0,17.8,1008.1,6.3,0.0,WSW,4.1,Aotizhongxin,28.0,170.0,91.0,1764.1637426901511,6.5,22.1,16.85,31.804184782604214,2015-04-20 21:00:00,22.0,2015-04-21 21:00:00
18307,2015-04-25 08:00:00,0,train,18849,2015,4,25,8,61.0,151.0,8.0,86.0,800.0,45.0,18.1,1012.9,3.2,0.0,ENE,1.8,Aotizhongxin,35.0,109.0,73.5,486.2536231884864,10.2,26.0,21.1,29.301449275359936,2015-04-25 08:00:00,111.0,2015-04-26 08:00:00
18351,2015-04-27 04:00:00,0,train,18893,2015,4,27,4,73.0,133.0,8.0,37.0,700.0,,20.3,1002.0,12.3,0.0,S,1.5,Aotizhongxin,46.0,144.0,84.5,1053.217391304422,14.7,31.0,24.9,22.730652173913374,2015-04-27 04:00:00,40.0,2015-04-28 04:00:00
18395,2015-04-29 00:00:00,0,train,18937,2015,4,29,0,103.0,168.0,12.0,68.0,1800.0,55.0,18.5,1010.6,12.5,0.0,S,1.2,Aotizhongxin,25.0,103.0,44.0,235.21557971023725,16.7,24.6,20.75,7.601576086954707,2015-04-29 00:00:00,97.0,2015-04-30 00:00:00
18407,2015-04-29 12:00:00,0,train,18949,2015,4,29,12,135.0,158.0,16.0,67.0,1600.0,142.0,24.1,1009.3,13.0,0.0,SSW,2.4,Aotizhongxin,38.0,143.0,103.5,1444.7373188406525,13.9,24.6,20.799999999999997,12.541666666664662,2015-04-29 12:00:00,165.0,2015-04-30 12:00:00
18468,2015-05-02 01:00:00,0,train,19010,2015,5,2,1,36.0,36.0,2.0,47.0,600.0,31.0,14.6,1006.7,12.5,0.0,NNW,1.1,Aotizhongxin,25.0,261.0,120.5,7714.869565217448,14.3,25.2,17.9,11.0980978260838,2015-05-02 01:00:00,111.0,2015-05-03 01:00:00
18498,2015-05-03 07:00:00,0,train,19040,2015,5,3,7,69.0,329.0,3.0,16.0,300.0,83.0,18.2,1009.4,-7.3,0.0,NNE,3.2,Aotizhongxin,40.0,129.0,54.0,783.2590579710939,15.5,24.0,20.200000000000003,6.896449275360339,2015-05-03 07:00:00,10.0,2015-05-04 07:00:00
18516,2015-05-04 01:00:00,0,train,19058,2015,5,4,1,22.0,22.0,2.0,24.0,200.0,78.0,15.7,1013.9,-9.3,0.0,NW,2.2,Aotizhongxin,7.0,129.0,14.0,1575.8260869566138,13.3,23.1,18.950000000000003,7.087826086953984,2015-05-04 01:00:00,45.0,2015-05-05 01:00:00
18579,2015-05-06 16:00:00,0,train,19121,2015,5,6,16,20.0,68.0,2.0,32.0,300.0,113.0,21.0,1006.4,-3.5,0.0,SE,3.7,Aotizhongxin,8.0,31.0,15.5,25.8188405798125,13.7,26.7,20.049999999999997,11.678188405794861,2015-05-06 16:00:00,46.0,2015-05-07 16:00:00
18583,2015-05-06 20:00:00,0,train,19125,2015,5,6,20,28.0,120.0,6.0,53.0,500.0,62.0,17.6,1007.2,-5.7,0.0,SSE,2.0,Aotizhongxin,8.0,36.0,16.0,68.50543478270971,13.7,21.6,19.1,5.590652173910238,2015-05-06 20:00:00,49.0,2015-05-07 20:00:00
18603,2015-05-07 16:00:00,0,train,19145,2015,5,7,16,46.0,207.0,6.0,33.0,600.0,156.0,23.8,1004.4,4.2,0.0,SW,4.1,Aotizhongxin,25.0,50.0,36.5,54.43297101458365,10.1,24.1,17.0,16.890851449271977,2015-05-07 16:00:00,33.0,2015-05-08 16:00:00
18656,2015-05-09 21:00:00,0,train,19198,2015,5,9,21,27.0,43.0,6.0,57.0,800.0,43.0,11.6,1013.8,5.0,0.0,ESE,1.1,Aotizhongxin,22.0,152.0,37.0,1021.4329710145778,11.6,17.2,13.149999999999999,1.4555797101392216,2015-05-09 21:00:00,35.0,2015-05-10 21:00:00
18725,2015-05-12 18:00:00,0,train,19267,2015,5,12,18,24.0,139.0,3.0,56.0,500.0,89.0,26.6,987.8,3.8,0.0,SE,1.3,Aotizhongxin,3.0,26.0,11.5,46.86775362329146,10.9,27.4,15.8,26.862880434779537,2015-05-12 18:00:00,72.0,2015-05-13 18:00:00
18743,2015-05-13 12:00:00,0,train,19285,2015,5,13,12,40.0,92.0,5.0,66.0,600.0,84.0,25.2,989.6,7.3,0.0,E,1.6,Aotizhongxin,15.0,91.0,36.5,571.9927536232755,10.6,27.4,19.1,33.621956521736585,2015-05-13 12:00:00,7.0,2015-05-14 12:00:00
18878,2015-05-19 03:00:00,0,train,19420,2015,5,19,3,10.0,22.0,2.0,20.0,100.0,81.0,20.9,1001.3,-11.9,0.0,NW,3.8,Aotizhongxin,8.0,163.0,24.0,1764.4565217392148,19.8,27.0,22.9,5.646358695652096,2015-05-19 03:00:00,43.0,2015-05-20 03:00:00
18884,2015-05-19 09:00:00,0,train,19426,2015,5,19,9,9.0,65.0,4.0,10.0,200.0,91.0,22.1,1002.9,-7.6,0.0,WNW,6.2,Aotizhongxin,4.0,46.0,14.0,101.56340579719412,19.3,27.0,22.9,6.274764492753477,2015-05-19 09:00:00,11.0,2015-05-20 09:00:00
18953,2015-05-22 06:00:00,0,train,19495,2015,5,22,6,44.0,103.0,10.0,103.0,800.0,4.0,15.9,1006.5,8.9,0.0,ENE,1.1,Aotizhongxin,27.0,81.0,43.0,193.73731884066115,15.7,28.1,22.65,16.163894927535843,2015-05-22 06:00:00,129.0,2015-05-23 06:00:00
18990,2015-05-23 19:00:00,0,train,19532,2015,5,23,19,75.0,127.0,23.0,43.0,900.0,229.0,28.5,1002.5,10.2,0.0,SSW,1.4,Aotizhongxin,51.0,142.0,89.5,925.7663043478856,15.9,30.6,23.65,26.176068840579738,2015-05-23 19:00:00,72.0,2015-05-24 19:00:00
19000,2015-05-24 05:00:00,0,train,19542,2015,5,24,5,154.0,225.0,9.0,139.0,2000.0,2.0,18.0,1003.3,14.3,0.0,ENE,1.3,Aotizhongxin,72.0,154.0,122.0,665.9836956522265,17.4,30.6,23.700000000000003,20.90085144927564,2015-05-24 05:00:00,89.0,2015-05-25 05:00:00
19039,2015-05-25 20:00:00,0,train,19581,2015,5,25,20,76.0,152.0,18.0,37.0,800.0,210.0,29.9,1000.6,12.8,0.0,SW,3.5,Aotizhongxin,76.0,145.0,98.5,384.19565217396996,19.7,33.0,27.8,18.673315217392748,2015-05-25 20:00:00,63.0,2015-05-26 20:00:00
19045,2015-05-26 02:00:00,0,train,19587,2015,5,26,2,70.0,145.0,11.0,47.0,700.0,128.0,26.0,1001.9,14.1,0.0,SSW,2.9,Aotizhongxin,69.0,145.0,97.0,521.2155797102031,19.7,33.0,28.6,18.39780797101602,2015-05-26 02:00:00,79.0,2015-05-27 02:00:00
19047,2015-05-26 04:00:00,0,train,19589,2015,5,26,4,79.0,145.0,14.0,34.0,800.0,115.0,24.1,1002.1,14.2,0.0,SSW,1.1,Aotizhongxin,69.0,145.0,97.0,554.9492753623774,19.7,33.0,28.6,14.927373188407449,2015-05-26 04:00:00,93.0,2015-05-27 04:00:00
19068,2015-05-27 01:00:00,0,train,19610,2015,5,27,1,73.0,201.0,10.0,41.0,700.0,136.0,25.4,1001.2,14.2,0.0,SW,3.8,Aotizhongxin,62.0,130.0,77.0,381.3025362319481,21.2,33.4,28.05,13.435652173914763,2015-05-27 01:00:00,128.0,2015-05-28 01:00:00
19114,2015-05-28 23:00:00,0,train,19656,2015,5,28,23,87.0,144.0,15.0,37.0,900.0,154.0,25.3,1000.8,14.7,0.0,ESE,1.8,Aotizhongxin,77.0,160.0,122.5,716.3894927536786,21.8,29.5,26.450000000000003,5.567173913044418,2015-05-28 23:00:00,46.0,2015-05-29 23:00:00
19134,2015-05-29 19:00:00,0,train,19676,2015,5,29,19,32.0,87.0,5.0,33.0,500.0,149.0,27.1,1000.5,13.4,0.0,SSW,1.9,Aotizhongxin,3.0,108.0,88.0,1054.2608695652823,20.1,29.8,25.5,10.166884057971647,2015-05-29 19:00:00,80.0,2015-05-30 19:00:00
19226,2015-06-02 15:00:00,0,train,19768,2015,6,2,15,7.0,10.0,2.0,7.0,100.0,123.0,31.9,1003.6,-3.5,0.0,WNW,5.7,Aotizhongxin,7.0,149.0,61.0,1808.6956521739808,21.6,31.9,28.0,10.331286231885525,2015-06-02 15:00:00,34.0,2015-06-03 15:00:00
19235,2015-06-03 00:00:00,0,train,19777,2015,6,3,0,60.0,468.0,14.0,63.0,1100.0,72.0,21.4,1009.4,12.5,0.0,ESE,2.4,Aotizhongxin,7.0,71.0,21.5,459.47826086964005,21.2,32.6,26.6,16.23210144927658,2015-06-03 00:00:00,42.0,2015-06-04 00:00:00
19286,2015-06-05 03:00:00,0,train,19828,2015,6,5,3,17.0,17.0,2.0,29.0,,62.0,16.5,995.0,14.1,0.0,WSW,1.0,Aotizhongxin,13.0,75.0,42.5,320.40579710152116,16.5,23.5,19.9,3.8153623188395582,2015-06-05 03:00:00,34.0,2015-06-06 03:00:00
19300,2015-06-05 17:00:00,0,train,19842,2015,6,5,17,44.0,122.0,8.0,35.0,500.0,209.0,30.6,991.6,11.0,0.0,SSE,2.1,Aotizhongxin,13.0,76.0,44.5,387.9402173913757,15.2,30.9,19.8,26.265144927535758,2015-06-05 17:00:00,24.0,2015-06-06 17:00:00
19332,2015-06-07 01:00:00,0,train,19874,2015,6,7,1,16.0,16.0,2.0,42.0,4000.0,48.0,16.8,1002.6,15.0,0.0,ESE,1.4,Aotizhongxin,7.0,51.0,22.0,143.27536231891688,16.8,28.7,21.950000000000003,13.92949275362306,2015-06-07 01:00:00,6.0,2015-06-08 01:00:00
19350,2015-06-07 19:00:00,0,train,19892,2015,6,7,19,4.0,57.0,2.0,22.0,300.0,95.0,21.9,1004.6,10.7,0.0,W,3.0,Aotizhongxin,4.0,33.0,11.5,43.01449275370147,14.4,28.1,21.25,19.605797101448587,2015-06-07 19:00:00,16.0,2015-06-08 19:00:00
19358,2015-06-08 03:00:00,0,train,19900,2015,6,8,3,9.0,51.0,2.0,66.0,400.0,18.0,18.2,1002.7,8.5,0.0,NW,1.9,Aotizhongxin,4.0,18.0,10.5,12.563405797180238,14.4,28.1,21.35,15.51818840579662,2015-06-08 03:00:00,36.0,2015-06-09 03:00:00
19376,2015-06-08 21:00:00,0,train,19918,2015,6,8,21,28.0,56.0,3.0,52.0,600.0,99.0,22.5,998.4,12.7,0.0,N,0.4,Aotizhongxin,6.0,28.0,13.5,30.12862318848378,14.5,31.0,23.05,25.01389492753625,2015-06-08 21:00:00,69.0,2015-06-09 21:00:00
19406,2015-06-10 03:00:00,0,train,19948,2015,6,10,3,51.0,51.0,3.0,41.0,800.0,63.0,18.6,996.9,16.7,0.5,NE,2.5,Aotizhongxin,21.0,121.0,56.5,902.8097826087634,18.6,28.6,24.0,11.505144927536424,2015-06-10 03:00:00,3.0,2015-06-11 03:00:00
19427,2015-06-11 16:00:00,0,train,19985,2015,6,11,16,3.0,11.0,7.0,15.0,100.0,104.0,27.8,992.7,8.1,0.0,NNW,4.2,Aotizhongxin,3.0,121.0,9.5,1217.8097826087694,17.2,28.0,22.65,13.27780797101418,2015-06-11 16:00:00,3.0,2015-06-12 16:00:00
19457,2015-06-13 13:00:00,0,train,20030,2015,6,13,13,11.0,15.0,7.0,12.0,500.0,113.0,26.7,1000.6,14.5,0.0,E,3.5,Aotizhongxin,3.0,11.0,6.5,4.2010869565998545,18.4,28.5,24.4,8.893623188405979,2015-06-13 13:00:00,14.0,2015-06-14 13:00:00
19460,2015-06-13 16:00:00,0,train,20033,2015,6,13,16,8.0,15.0,8.0,13.0,300.0,133.0,27.9,1000.2,13.4,0.0,SE,2.4,Aotizhongxin,3.0,11.0,7.0,4.231884058049024,18.4,28.5,24.4,9.406014492753831,2015-06-13 16:00:00,16.0,2015-06-14 16:00:00
19474,2015-06-14 06:00:00,0,train,20047,2015,6,14,6,21.0,32.0,8.0,58.0,500.0,21.0,19.0,1005.0,17.0,0.0,E,0.4,Aotizhongxin,3.0,28.0,14.5,56.89673913051118,16.8,28.8,21.65,16.20630434782579,2015-06-14 06:00:00,111.0,2015-06-15 06:00:00
19477,2015-06-14 09:00:00,0,train,20050,2015,6,14,9,16.0,27.0,9.0,29.0,400.0,73.0,24.7,1005.4,15.1,0.0,E,1.9,Aotizhongxin,7.0,28.0,16.5,42.978260869641346,16.8,28.8,22.95,14.993840579710007,2015-06-14 09:00:00,153.0,2015-06-15 09:00:00
19641,2015-06-21 06:00:00,0,train,20215,2015,6,21,6,44.0,113.0,3.0,114.0,600.0,6.0,21.5,1005.7,16.0,0.0,NE,1.2,Aotizhongxin,10.0,52.0,21.0,176.21557971021937,20.3,31.0,26.85,11.479547101450345,2015-06-21 06:00:00,115.0,2015-06-22 06:00:00
19661,2015-06-22 02:00:00,1,train,20235,2015,6,22,2,76.0,154.0,21.0,55.0,1300.0,95.0,24.2,1001.9,14.0,0.0,SW,1.3,Aotizhongxin,27.0,76.0,50.5,260.42753623195216,20.3,31.9,27.15,12.700579710146316,2015-06-22 02:00:00,196.0,2015-06-23 02:00:00
19663,2015-06-22 04:00:00,1,train,20237,2015,6,22,4,72.0,98.0,23.0,48.0,800.0,,21.9,1002.1,15.0,0.0,ESE,1.5,Aotizhongxin,27.0,76.0,52.5,292.2318840580387,20.3,31.9,27.15,12.868623188407177,2015-06-22 04:00:00,278.0,2015-06-23 04:00:00
19696,2015-06-23 13:00:00,0,train,20270,2015,6,23,13,232.0,232.0,27.0,44.0,2200.0,236.0,29.6,1002.6,19.3,0.0,SSE,2.4,Aotizhongxin,60.0,309.0,175.0,8825.210144927574,21.9,30.7,25.85,8.679547101450325,2015-06-23 13:00:00,142.0,2015-06-24 13:00:00
19716,2015-06-24 09:00:00,0,train,20290,2015,6,24,9,146.0,159.0,18.0,60.0,1200.0,50.0,25.6,1001.8,18.0,0.0,WSW,2.9,Aotizhongxin,89.0,285.0,129.5,4058.688405797146,24.5,31.3,27.75,5.643894927537888,2015-06-24 09:00:00,152.0,2015-06-25 09:00:00
19950,2015-07-04 03:00:00,0,train,20524,2015,7,4,3,16.0,43.0,10.0,34.0,400.0,67.0,20.7,1005.8,11.1,0.0,SE,1.0,Aotizhongxin,11.0,54.0,26.0,125.47101449279869,17.0,30.3,25.75,15.711286231884797,2015-07-04 03:00:00,61.0,2015-07-05 03:00:00
19981,2015-07-05 10:00:00,0,train,20555,2015,7,5,10,94.0,94.0,38.0,45.0,2400.0,103.0,24.4,1006.6,14.2,0.0,NE,2.0,Aotizhongxin,20.0,94.0,50.0,308.4764492754098,17.5,25.7,20.8,8.944927536231136,2015-07-05 10:00:00,86.0,2015-07-06 10:00:00
20002,2015-07-06 07:00:00,0,train,20576,2015,7,6,7,106.0,107.0,17.0,62.0,2400.0,37.0,21.8,1007.5,18.0,0.0,E,1.6,Aotizhongxin,55.0,106.0,73.0,136.16666666671617,19.2,29.1,24.7,11.788623188406232,2015-07-06 07:00:00,84.0,2015-07-07 07:00:00
20083,2015-07-09 16:00:00,0,train,20657,2015,7,9,16,68.0,74.0,9.0,28.0,600.0,272.0,32.4,1006.5,16.3,0.0,SE,2.5,Aotizhongxin,59.0,121.0,87.5,354.78079710150377,22.4,32.6,28.1,13.0834601449292,2015-07-09 16:00:00,64.0,2015-07-10 16:00:00
20140,2015-07-12 01:00:00,0,train,20714,2015,7,12,1,89.0,146.0,8.0,102.0,900.0,72.0,28.6,999.9,20.1,0.0,SSW,1.6,Aotizhongxin,80.0,164.0,117.5,676.3025362319386,23.3,33.9,28.75,13.138677536234015,2015-07-12 01:00:00,76.0,2015-07-13 01:00:00
20161,2015-07-12 22:00:00,0,train,20735,2015,7,12,22,58.0,99.0,4.0,110.0,1000.0,106.0,27.8,993.2,19.1,0.0,ENE,1.2,Aotizhongxin,58.0,195.0,108.0,1736.9402173913593,24.1,38.4,29.45,17.455199275364972,2015-07-12 22:00:00,64.0,2015-07-13 22:00:00
20168,2015-07-13 05:00:00,0,train,20742,2015,7,13,5,61.0,117.0,3.0,99.0,800.0,48.0,25.4,993.3,18.3,0.0,ENE,2.0,Aotizhongxin,55.0,195.0,76.5,2196.7753623188974,24.5,38.4,29.35,18.40780797101705,2015-07-13 05:00:00,35.0,2015-07-14 05:00:00
20236,2015-07-16 01:00:00,0,train,20810,2015,7,16,1,59.0,90.0,2.0,40.0,800.0,142.0,25.3,1002.7,18.7,0.1,WNW,1.8,Aotizhongxin,23.0,59.0,42.5,140.1086956522357,24.8,29.0,27.65,1.318840579711704,2015-07-16 01:00:00,35.0,2015-07-17 01:00:00
20312,2015-07-19 05:00:00,0,train,20886,2015,7,19,5,76.0,76.0,2.0,71.0,900.0,29.0,21.8,1003.4,21.3,0.2,ESE,0.8,Aotizhongxin,22.0,76.0,48.0,142.42753623194542,21.1,27.9,22.25,4.409547101449168,2015-07-19 05:00:00,94.0,2015-07-20 05:00:00
20467,2015-07-25 16:00:00,0,train,21041,2015,7,25,16,76.0,100.0,7.0,27.0,600.0,238.0,32.8,994.8,21.0,0.0,SW,3.3,Aotizhongxin,53.0,127.0,75.5,282.86956521745907,22.1,32.8,26.85,12.229565217392722,2015-07-25 16:00:00,84.0,2015-07-26 16:00:00
