original_index,timestamp,target,partition,No,year,month,day,hour,PM2.5,PM10,SO2,NO2,CO,O3,TEMP,PRES,DEWP,RAIN,wd,WSPM,station,pm25_min,pm25_max,pm25_median,pm25_variance,temperature_min,temperature_max,temperature_median,temperature_variance,feature_timestamp,future_pm25,target_timestamp
57,2013-03-03 20:00:00,0,train,69,2013,3,3,20,60.0,175.0,64.0,135.0,2000.0,4.0,11.7,1013.5,-12.6,0.0,N,0.9,Aotizhongxin,19.0,112.0,87.0,853.8242753623186,-5.8,16.9,2.1,66.1249275362319,2013-03-03 20:00:00,34.0,2013-03-04 20:00:00
154,2013-03-07 21:00:00,0,train,166,2013,3,7,21,282.0,377.0,114.0,213.0,4000.0,84.0,9.2,997.9,-1.3,0.0,NNE,1.4,Aotizhongxin,201.0,320.0,252.5,904.4347826086914,-0.9,18.6,9.649999999999999,51.541286231884065,2013-03-07 21:00:00,81.0,2013-03-08 21:00:00
236,2013-03-11 07:00:00,0,train,248,2013,3,11,7,112.0,155.0,62.0,77.0,2100.0,84.0,1.3,1017.4,-8.3,0.0,NNE,1.9,Aotizhongxin,26.0,114.0,62.0,989.7663043479033,-2.3,11.4,6.65,24.872101449275306,2013-03-11 07:00:00,115.0,2013-03-12 07:00:00
239,2013-03-11 10:00:00,0,train,251,2013,3,11,10,141.0,205.0,102.0,97.0,2500.0,84.0,6.7,1016.0,-8.1,0.0,NNE,1.4,Aotizhongxin,28.0,141.0,75.5,1194.6503623189128,-2.3,11.4,6.2,24.56079710144921,2013-03-11 10:00:00,123.0,2013-03-12 10:00:00
240,2013-03-11 11:00:00,0,train,252,2013,3,11,11,140.0,198.0,96.0,105.0,2299.0,84.0,7.6,1015.0,-8.1,0.0,N,1.3,Aotizhongxin,28.0,141.0,85.5,1268.7807971015195,-2.3,11.4,6.2,23.8266666666666,2013-03-11 11:00:00,130.0,2013-03-12 11:00:00
335,2013-03-15 10:00:00,1,train,347,2013,3,15,10,173.0,186.0,118.0,75.0,2000.0,4.0,8.1,1015.1,-2.0,0.0,SE,1.6,Aotizhongxin,97.0,183.0,138.5,959.1884057971487,0.6,9.9,4.85,9.555579710144869,2013-03-15 10:00:00,264.0,2013-03-16 10:00:00
453,2013-03-20 08:00:00,0,train,465,2013,3,20,8,39.0,51.0,9.0,61.0,1300.0,4.0,-0.1,1020.7,-1.1,0.0,W,1.7,Aotizhongxin,23.0,68.0,45.0,161.90579710150033,-5.7,4.8,0.9,7.633623188405655,2013-03-20 08:00:00,116.0,2013-03-21 08:00:00
489,2013-03-21 20:00:00,0,train,501,2013,3,21,20,202.0,219.0,21.0,115.0,1600.0,14.0,5.2,1003.7,-0.2,0.0,ENE,2.5,Aotizhongxin,73.0,202.0,118.0,2126.0271739130617,-1.7,7.7,2.8,9.439112318840492,2013-03-21 20:00:00,66.0,2013-03-22 20:00:00
505,2013-03-22 12:00:00,0,train,517,2013,3,22,12,63.0,157.0,51.0,57.0,1200.0,39.0,9.2,1012.5,-3.7,0.0,WSW,5.0,Aotizhongxin,10.0,228.0,175.0,4280.04166666668,1.1,9.2,5.65,5.423188405797057,2013-03-22 12:00:00,81.0,2013-03-23 12:00:00
672,2013-03-29 11:00:00,0,train,684,2013,3,29,11,73.0,102.0,61.0,76.0,2100.0,30.0,9.6,1016.3,-8.5,0.0,ENE,1.5,Aotizhongxin,3.0,109.0,84.0,1488.780797101499,2.1,14.2,7.2,16.701449275362357,2013-03-29 11:00:00,79.0,2013-03-30 11:00:00
685,2013-03-30 00:00:00,0,train,697,2013,3,30,0,57.0,87.0,59.0,67.0,900.0,16.0,4.3,1017.1,-4.5,0.0,E,1.4,Aotizhongxin,57.0,114.0,89.0,276.4184782609119,2.2,9.8,6.25,7.667826086956553,2013-03-30 00:00:00,102.0,2013-03-31 00:00:00
815,2013-04-04 10:00:00,0,train,827,2013,4,4,10,69.0,121.0,109.0,85.0,2700.0,23.0,9.5,1009.5,-3.8,0.0,NNE,0.7,Aotizhongxin,36.0,208.0,59.5,2705.3043478261197,6.9,19.6,9.45,18.634329710144947,2013-04-04 10:00:00,104.0,2013-04-05 10:00:00
865,2013-04-06 12:00:00,0,train,877,2013,4,6,12,14.0,7.0,8.0,15.0,500.0,75.0,12.6,1010.6,-5.0,0.0,W,2.5,Aotizhongxin,3.0,26.0,4.0,44.302536231935484,-1.3,13.4,7.5,19.197807971014555,2013-04-06 12:00:00,86.0,2013-04-07 12:00:00
925,2013-04-09 00:00:00,0,train,937,2013,4,9,0,9.0,72.0,4.0,8.0,400.0,76.0,6.6,1010.4,-9.4,0.0,NW,4.1,Aotizhongxin,9.0,44.0,18.5,128.51449275366843,5.2,12.3,8.8,3.413623188405838,2013-04-09 00:00:00,13.0,2013-04-10 00:00:00
944,2013-04-09 19:00:00,0,train,956,2013,4,9,19,13.0,33.0,5.0,12.0,500.0,75.0,8.2,1016.8,-10.2,0.0,N,3.8,Aotizhongxin,4.0,18.0,12.0,8.057971014541012,5.1,11.5,8.149999999999999,4.02369565217395,2013-04-09 19:00:00,11.0,2013-04-10 19:00:00
951,2013-04-10 02:00:00,0,train,963,2013,4,10,2,13.0,26.0,6.0,46.0,400.0,41.5548,5.1,1016.4,-8.4,0.0,NNW,2.4,Aotizhongxin,4.0,18.0,12.0,7.592391304396011,3.2,11.5,7.4,5.936068840579749,2013-04-10 02:00:00,36.0,2013-04-11 02:00:00
952,2013-04-10 03:00:00,0,train,964,2013,4,10,3,13.0,22.0,7.0,48.0,500.0,40.698,4.5,1016.1,-8.3,0.0,NNW,1.6,Aotizhongxin,4.0,18.0,12.0,6.840579710193061,3.2,11.5,7.4,6.293623188405835,2013-04-10 03:00:00,25.0,2013-04-11 03:00:00
989,2013-04-11 16:00:00,0,train,1001,2013,4,11,16,10.0,18.0,3.0,10.0,400.0,90.8208,18.1,1010.3,-11.8,0.0,NW,2.3,Aotizhongxin,4.0,36.0,20.0,81.32608695656793,2.1,18.1,8.8,31.551286231884113,2013-04-11 16:00:00,48.0,2013-04-12 16:00:00
1072,2013-04-15 03:00:00,0,train,1084,2013,4,15,3,71.0,182.0,28.0,93.0,1600.0,3.0,7.8,999.2,0.5,0.0,NNE,1.1,Aotizhongxin,5.0,71.0,52.5,430.73731884061925,5.8,16.2,12.6,11.289112318840699,2013-04-15 03:00:00,63.0,2013-04-16 03:00:00
1081,2013-04-15 12:00:00,0,train,1093,2013,4,15,12,49.0,173.0,96.0,82.0,1800.0,52.0,18.1,997.0,-0.2,0.0,SSE,4.1,Aotizhongxin,46.0,82.0,59.0,118.49275362322466,6.4,18.1,13.649999999999999,13.471286231884177,2013-04-15 12:00:00,72.0,2013-04-16 12:00:00
1094,2013-04-16 01:00:00,0,train,1106,2013,4,16,1,50.0,147.0,39.0,46.0,1300.0,58.0,9.8,997.4,4.0,0.0,SW,1.2,Aotizhongxin,49.0,115.0,71.0,414.5923913043819,6.4,19.5,12.1,17.66079710144939,2013-04-16 01:00:00,51.0,2013-04-17 01:00:00
1101,2013-04-16 08:00:00,0,train,1113,2013,4,16,8,78.0,208.0,48.0,,1300.0,15.0,15.1,1001.4,2.6,0.0,NE,1.6,Aotizhongxin,46.0,115.0,62.5,469.6938405797448,8.5,19.5,12.95,13.33737318840591,2013-04-16 08:00:00,43.0,2013-04-17 08:00:00
1114,2013-04-16 21:00:00,0,train,1126,2013,4,16,21,78.0,242.0,29.0,46.0,1000.0,94.0,10.0,1005.8,-0.8,0.0,S,2.2,Aotizhongxin,21.0,93.0,53.5,342.0416666667052,8.5,22.2,13.45,25.717228260869675,2013-04-16 21:00:00,47.0,2013-04-17 21:00:00
1121,2013-04-17 04:00:00,0,train,1133,2013,4,17,4,33.0,67.0,17.0,31.0,700.0,68.0,8.5,1006.1,1.6,0.0,S,1.1,Aotizhongxin,21.0,93.0,51.0,401.1141304348217,8.5,22.2,13.45,28.81563405797111,2013-04-17 04:00:00,10.0,2013-04-18 04:00:00
1154,2013-04-18 13:00:00,0,train,1166,2013,4,18,13,10.0,17.0,4.0,13.0,400.0,84.0,14.3,1016.4,-12.0,0.0,SE,2.1,Aotizhongxin,5.0,74.0,12.0,588.6358695652633,6.3,17.1,11.85,10.317971014492821,2013-04-18 13:00:00,32.0,2013-04-19 13:00:00
1164,2013-04-18 23:00:00,0,train,1176,2013,4,18,23,22.0,71.0,9.0,50.0,400.0,52.0,10.0,1018.4,-8.2,0.0,SW,1.6,Aotizhongxin,5.0,22.0,10.0,11.78079710150073,6.3,15.5,11.0,7.1086775362319425,2013-04-18 23:00:00,58.0,2013-04-19 23:00:00
1167,2013-04-19 02:00:00,0,train,1179,2013,4,19,2,50.0,150.0,25.0,80.0,900.0,16.0,7.4,1018.6,-3.8,0.0,ESE,1.9,Aotizhongxin,5.0,50.0,10.5,125.47101449280387,6.3,15.5,11.0,7.710851449275418,2013-04-19 02:00:00,52.0,2013-04-20 02:00:00
1247,2013-04-22 10:00:00,0,train,1259,2013,4,22,10,149.0,177.0,69.0,64.0,1100.0,,14.3,1009.7,5.9,0.0,SSW,1.6,Aotizhongxin,87.0,166.0,142.0,553.2971014492779,7.9,17.6,13.65,10.291286231884111,2013-04-22 10:00:00,179.0,2013-04-23 10:00:00
1277,2013-04-23 16:00:00,0,train,1289,2013,4,23,16,260.0,273.0,44.0,83.0,1500.0,27.0,15.3,1005.3,8.8,0.0,ESE,2.1,Aotizhongxin,114.0,260.0,175.5,1799.9981884057852,9.3,17.1,12.85,5.285144927536271,2013-04-23 16:00:00,10.0,2013-04-24 16:00:00
1280,2013-04-23 19:00:00,0,train,1292,2013,4,23,19,229.0,200.0,31.0,86.0,1300.0,14.0,11.9,1006.8,8.6,0.0,ENE,0.0,Aotizhongxin,114.0,263.0,179.0,2167.172101449262,9.3,17.1,12.6,5.452753623188444,2013-04-23 19:00:00,11.0,2013-04-24 19:00:00
1285,2013-04-24 00:00:00,0,train,1297,2013,4,24,0,161.0,195.0,23.0,52.0,1800.0,2.0,8.0,1007.3,7.4,0.0,NNE,0.2,Aotizhongxin,114.0,263.0,179.0,2114.302536231871,8.0,17.1,10.75,7.23896739130437,2013-04-24 00:00:00,10.0,2013-04-25 00:00:00
1289,2013-04-24 04:00:00,0,train,1301,2013,4,24,4,145.0,112.0,17.0,51.0,1100.0,2.0,6.7,1006.7,6.1,0.0,NE,0.9,Aotizhongxin,137.0,263.0,179.0,1517.780797101435,6.7,17.1,10.3,9.509782608695666,2013-04-24 04:00:00,14.0,2013-04-25 04:00:00
1331,2013-04-25 22:00:00,0,train,1343,2013,4,25,22,12.0,42.0,4.0,72.0,600.0,17.0,9.4,1008.1,1.8,0.0,E,0.2,Aotizhongxin,3.0,21.0,11.5,17.519927536226547,6.0,22.7,15.149999999999999,32.33867753623197,2013-04-25 22:00:00,48.0,2013-04-26 22:00:00
1450,2013-04-30 21:00:00,0,train,1462,2013,4,30,21,24.0,62.0,6.0,78.0,600.0,38.0,20.9,1009.0,-7.6,0.0,E,1.8,Aotizhongxin,11.0,40.0,17.0,44.50543478260159,8.9,29.1,20.85,43.63114130434789,2013-04-30 21:00:00,40.0,2013-05-01 21:00:00
1483,2013-05-02 06:00:00,0,train,1495,2013,5,2,6,65.0,129.0,30.0,83.0,1200.0,,14.4,1008.4,6.5,0.0,SW,1.3,Aotizhongxin,26.0,65.0,38.5,101.82427536231273,14.0,23.9,18.15,10.118097826087068,2013-05-02 06:00:00,51.0,2013-05-03 06:00:00
1494,2013-05-02 17:00:00,1,train,1506,2013,5,2,17,105.0,151.0,58.0,55.0,1100.0,118.0,22.9,1002.9,6.2,0.0,SSE,1.7,Aotizhongxin,35.0,105.0,61.0,555.7663043478204,14.0,24.2,18.15,11.581086956521851,2013-05-02 17:00:00,186.0,2013-05-03 17:00:00
1508,2013-05-03 07:00:00,0,train,1520,2013,5,3,7,54.0,38.0,21.0,28.0,500.0,82.0,15.9,1013.1,6.9,0.0,NW,1.3,Aotizhongxin,45.0,166.0,83.0,639.302536231878,13.4,24.2,18.85,14.312880434782723,2013-05-03 07:00:00,111.0,2013-05-04 07:00:00
1524,2013-05-03 23:00:00,1,train,1536,2013,5,3,23,90.0,134.0,19.0,44.0,1000.0,108.0,17.0,1011.2,8.9,0.0,SSW,2.7,Aotizhongxin,45.0,254.0,61.5,3344.2318840579633,13.4,22.6,18.35,9.196068840579862,2013-05-03 23:00:00,366.0,2013-05-04 23:00:00
1551,2013-05-05 02:00:00,1,train,1563,2013,5,5,2,133.0,210.0,32.0,100.0,1300.0,2.0,14.5,1010.9,9.3,0.0,NE,1.7,Aotizhongxin,66.0,366.0,88.5,3970.6014492753525,12.9,24.1,18.8,15.166938405797236,2013-05-05 02:00:00,273.0,2013-05-06 02:00:00
1588,2013-05-06 15:00:00,0,train,1600,2013,5,6,15,124.0,29.0,49.0,18.0,700.0,198.0,30.5,1006.6,8.2,0.0,SW,3.2,Aotizhongxin,124.0,316.0,277.0,1810.6358695651934,16.0,30.9,22.4,24.76172101449271,2013-05-06 15:00:00,112.0,2013-05-07 15:00:00
1739,2013-05-12 22:00:00,0,train,1751,2013,5,12,22,46.0,153.0,32.0,83.0,800.0,35.0,18.3,997.0,5.8,0.0,SSW,0.5,Aotizhongxin,13.0,65.0,31.5,207.650362318865,12.7,30.0,23.2,31.65114130434784,2013-05-12 22:00:00,141.0,2013-05-13 22:00:00
1770,2013-05-14 05:00:00,0,train,1782,2013,5,14,5,74.0,78.0,11.0,15.0,200.0,80.0,16.3,1001.0,4.3,0.0,N,1.2,Aotizhongxin,27.0,178.0,94.5,1593.9402173913131,14.5,27.5,20.55,17.382318840579796,2013-05-14 05:00:00,82.0,2013-05-15 05:00:00
1905,2013-05-19 20:00:00,0,train,1917,2013,5,19,20,40.0,296.0,6.0,12.0,200.0,77.0,21.1,997.4,-4.2,0.0,N,2.8,Aotizhongxin,34.0,117.0,48.0,645.0652173913356,17.4,25.6,19.8,10.418677536231943,2013-05-19 20:00:00,47.0,2013-05-20 20:00:00
1908,2013-05-19 23:00:00,0,train,1920,2013,5,19,23,16.0,56.0,7.0,24.0,200.0,58.0,14.7,998.7,0.9,0.0,NW,0.9,Aotizhongxin,16.0,117.0,48.0,738.5199275362639,14.7,25.6,19.5,12.528677536231964,2013-05-19 23:00:00,54.0,2013-05-20 23:00:00
2067,2013-05-26 14:00:00,0,train,2079,2013,5,26,14,136.0,174.0,13.0,68.0,2899.0,28.0,22.9,1001.7,17.8,0.0,SSE,2.1,Aotizhongxin,68.0,136.0,99.0,373.33152173915107,20.3,29.8,22.6,7.908695652173798,2013-05-26 14:00:00,87.0,2013-05-27 14:00:00
2075,2013-05-26 22:00:00,0,train,2087,2013,5,26,22,48.0,54.0,11.0,37.0,300.0,28.0,17.1,1005.5,16.1,0.4,SE,1.3,Aotizhongxin,48.0,144.0,100.5,713.8242753623393,17.1,23.2,21.55,2.5256340579710614,2013-05-26 22:00:00,100.0,2013-05-27 22:00:00
2112,2013-05-28 11:00:00,0,train,2124,2013,5,28,11,71.0,109.0,3.0,81.0,1000.0,12.0,20.1,1000.4,18.4,0.0,WSW,1.1,Aotizhongxin,64.0,107.0,86.5,158.998188405818,17.8,22.2,19.0,1.8282427536233845,2013-05-28 11:00:00,9.0,2013-05-29 11:00:00
2215,2013-06-01 18:00:00,0,train,2227,2013,6,1,18,3.0,140.0,4.0,27.0,300.0,117.0,26.3,1002.2,8.3,0.0,NE,0.6,Aotizhongxin,3.0,139.0,113.5,2321.737318840599,18.2,30.8,24.9,21.350652173912824,2013-06-01 18:00:00,121.0,2013-06-02 18:00:00
2259,2013-06-03 14:00:00,0,train,2271,2013,6,3,14,53.0,82.0,17.0,21.0,600.0,190.0,33.1,998.6,12.1,0.0,SW,1.9,Aotizhongxin,53.0,235.0,134.5,1483.6938405797255,17.8,33.1,23.15,22.60340579710131,2013-06-03 14:00:00,121.0,2013-06-04 14:00:00
2296,2013-06-05 03:00:00,0,train,2308,2013,6,5,3,68.0,25.0,3.0,50.0,700.0,34.0,18.4,1005.7,18.1,0.1,E,0.7,Aotizhongxin,68.0,203.0,89.5,1793.7228260869692,18.4,22.1,20.2,1.6191123188409755,2013-06-05 03:00:00,132.0,2013-06-06 03:00:00
2340,2013-06-06 23:00:00,0,train,2352,2013,6,6,23,135.0,163.0,3.0,74.0,2399.0,4.0,20.2,1003.2,18.5,0.0,N,0.8,Aotizhongxin,74.0,169.0,132.0,703.1286231884218,18.3,20.2,19.1,0.38070652173967906,2013-06-06 23:00:00,132.0,2013-06-07 23:00:00
2360,2013-06-07 19:00:00,1,train,2372,2013,6,7,19,134.0,140.0,6.0,80.0,2299.0,8.0,20.3,1003.6,19.1,0.0,NNW,0.6,Aotizhongxin,74.0,146.0,133.5,402.6068840579875,19.3,20.7,20.1,0.12166666666714025,2013-06-07 19:00:00,189.0,2013-06-08 19:00:00
2408,2013-06-09 19:00:00,0,train,2420,2013,6,9,19,15.0,15.0,3.0,68.0,400.0,29.0,16.6,1006.4,16.1,0.0,ENE,0.7,Aotizhongxin,3.0,190.0,36.5,5266.369565217424,16.6,19.9,18.200000000000003,1.7828804347832485,2013-06-09 19:00:00,28.0,2013-06-10 19:00:00
2449,2013-06-11 12:00:00,0,train,2461,2013,6,11,12,90.0,93.0,12.0,76.0,500.0,123.0,26.3,1001.8,17.9,0.0,SSW,2.6,Aotizhongxin,11.0,90.0,37.0,560.8532608696052,17.1,26.6,21.25,11.330144927536612,2013-06-11 12:00:00,62.0,2013-06-12 12:00:00
2512,2013-06-14 03:00:00,0,train,2524,2013,6,14,3,70.0,122.0,27.0,82.0,600.0,86.0,22.0,1002.5,12.0,0.0,SSW,1.2,Aotizhongxin,70.0,162.0,111.5,726.7753623188571,17.2,29.7,24.4,13.141956521739122,2013-06-14 03:00:00,92.0,2013-06-15 03:00:00
2527,2013-06-14 18:00:00,0,train,2539,2013,6,14,18,139.0,179.0,28.0,56.0,900.0,248.0,28.7,1000.8,15.2,0.0,SSW,1.6,Aotizhongxin,70.0,153.0,105.0,588.5434782608874,21.9,30.3,24.6,9.51288043478247,2013-06-14 18:00:00,158.0,2013-06-15 18:00:00
2545,2013-06-15 12:00:00,1,train,2557,2013,6,15,12,144.0,216.0,28.0,76.0,1800.0,87.0,27.8,1001.5,17.0,0.0,W,1.5,Aotizhongxin,62.0,144.0,108.0,713.6449275362506,19.3,30.3,25.5,13.335054347826016,2013-06-15 12:00:00,198.0,2013-06-16 12:00:00
2619,2013-06-18 14:00:00,0,train,2631,2013,6,18,14,32.0,63.0,15.0,55.0,400.0,159.0,32.0,989.2,17.9,0.0,SSW,2.7,Aotizhongxin,16.0,80.0,49.5,304.3478260869886,21.8,32.0,27.049999999999997,12.914782608695356,2013-06-18 14:00:00,3.0,2013-06-19 14:00:00
2670,2013-06-20 17:00:00,0,train,2682,2013,6,20,17,53.0,117.0,23.7048,98.544,,144.3708,25.8,1002.7,19.2,0.0,SSW,0.2,Aotizhongxin,3.0,106.0,48.0,545.7807971014801,24.0,31.7,26.450000000000003,3.9311413043475163,2013-06-20 17:00:00,56.0,2013-06-21 17:00:00
2731,2013-06-23 06:00:00,0,train,2743,2013,6,23,6,58.0,67.0,7.7112,80.8882,,,21.4,999.8,19.3,0.0,NNE,1.3,Aotizhongxin,31.0,94.0,51.5,292.3460144927825,19.8,22.2,20.75,0.5558695652175881,2013-06-23 06:00:00,55.0,2013-06-24 06:00:00
2741,2013-06-23 16:00:00,0,train,2753,2013,6,23,16,40.0,85.0,6.8544,57.0734,,244.188,30.4,995.1,17.5,0.0,SSW,2.1,Aotizhongxin,29.0,83.0,55.0,245.04166666669587,19.8,31.2,21.7,19.52108695652165,2013-06-23 16:00:00,133.0,2013-06-24 16:00:00
2826,2013-06-27 05:00:00,1,train,2838,2013,6,27,5,50.0,65.0,6.8544,74.1133,,9.8532,22.8,992.8,19.4,0.0,NE,1.4,Aotizhongxin,50.0,247.0,134.5,3114.427536231884,21.6,31.2,26.450000000000003,10.15644927536209,2013-06-27 05:00:00,317.0,2013-06-28 05:00:00
2860,2013-06-28 15:00:00,0,train,2872,2013,6,28,15,344.0,357.0,22.0,63.0,2600.0,101.0,27.0,993.5,22.6,0.0,NE,0.9,Aotizhongxin,36.0,392.0,252.0,12889.548913043443,24.8,33.8,25.75,5.429112318840404,2013-06-28 15:00:00,140.0,2013-06-29 15:00:00
2926,2013-07-01 09:00:00,0,train,2938,2013,7,1,9,168.0,144.0,23.0,72.0,2200.0,2.0,24.9,995.4,23.1,0.0,NE,1.0,Aotizhongxin,149.0,306.0,223.5,2385.04166666659,23.9,28.3,24.85,1.597101449275299,2013-07-01 09:00:00,11.0,2013-07-02 09:00:00
2956,2013-07-02 15:00:00,0,train,2968,2013,7,2,15,14.0,9.0,4.0,31.0,200.0,110.0,36.0,989.5,18.1,0.0,W,2.0,Aotizhongxin,4.0,225.0,12.5,6657.47644927536,20.9,36.1,25.35,26.843025362318603,2013-07-02 15:00:00,28.0,2013-07-03 15:00:00
3191,2013-07-12 10:00:00,1,train,3203,2013,7,12,10,75.0,86.0,8.0,62.0,700.0,82.0,29.3,1000.9,21.3,0.0,W,1.4,Aotizhongxin,30.0,75.0,50.5,150.67934782609566,20.6,29.3,24.549999999999997,7.630144927536183,2013-07-12 10:00:00,185.0,2013-07-13 10:00:00
3339,2013-07-18 14:00:00,0,train,3351,2013,7,18,14,182.0,154.0,31.0,53.0,2300.0,121.0,27.9,998.1,22.8,0.0,SSW,2.1,Aotizhongxin,30.0,192.0,127.0,4181.606884057947,25.0,32.8,27.7,5.769836956521485,2013-07-18 14:00:00,112.0,2013-07-19 14:00:00
3464,2013-07-23 19:00:00,0,train,3476,2013,7,23,19,33.0,69.0,9.0,30.0,300.0,136.0,27.8,993.0,21.1,0.0,SW,2.0,Aotizhongxin,20.0,98.0,40.0,642.6014492753463,22.1,31.3,26.0,7.3692753623186285,2013-07-23 19:00:00,14.0,2013-07-24 19:00:00
3533,2013-07-26 16:00:00,0,train,3545,2013,7,26,16,68.0,84.0,9.0,61.0,1700.0,26.0,26.0,997.1,22.3,0.0,NNE,2.3,Aotizhongxin,27.0,79.0,43.0,237.71014492751993,23.3,34.4,26.05,8.379547101448969,2013-07-26 16:00:00,118.0,2013-07-27 16:00:00
3586,2013-07-28 21:00:00,0,train,3598,2013,7,28,21,29.0,66.0,3.0,58.0,500.0,78.0,29.3,994.7,23.3,0.0,SSW,1.1,Aotizhongxin,29.0,149.0,55.5,1973.3460144927303,22.0,37.1,29.950000000000003,28.727753623188175,2013-07-28 21:00:00,61.0,2013-07-29 21:00:00
3635,2013-07-30 22:00:00,0,train,3647,2013,7,30,22,105.0,106.0,7.0,42.0,800.0,146.0,29.2,993.6,25.2,0.0,WSW,0.7,Aotizhongxin,55.0,189.0,101.0,2015.7318840579394,22.9,34.9,29.9,17.11739130434759,2013-07-30 22:00:00,19.0,2013-07-31 22:00:00
3731,2013-08-03 22:00:00,0,train,3743,2013,8,3,22,51.0,115.0,5.0,35.0,,110.5272,25.8,998.0,22.7,0.0,SW,0.9,Aotizhongxin,13.0,51.0,24.0,90.60144927534837,21.6,32.4,27.5,16.30688405797064,2013-08-03 22:00:00,6.0,2013-08-04 22:00:00
3781,2013-08-06 00:00:00,1,train,3793,2013,8,6,0,45.0,63.0,3.0,62.0,,86.3226,25.6,993.2,23.5,0.0,ENE,0.0,Aotizhongxin,31.0,61.0,45.0,72.12862318838793,19.7,34.3,27.15,21.65389492753583,2013-08-06 00:00:00,205.0,2013-08-07 00:00:00
3863,2013-08-09 10:00:00,0,train,3875,2013,8,9,10,29.0,81.0,20.5632,52.1462,,56.1204,32.0,996.5,19.6,0.0,W,1.1,Aotizhongxin,15.0,45.0,28.5,71.82427536230068,21.1,33.9,28.950000000000003,22.168405797101205,2013-08-09 10:00:00,51.0,2013-08-10 10:00:00
3937,2013-08-12 12:00:00,0,train,3949,2013,8,12,12,46.0,18.0,4.0,47.0,400.0,97.0,29.8,999.4,23.3,0.0,WSW,2.1,Aotizhongxin,30.0,260.0,52.0,4665.905797101427,23.4,30.8,24.05,5.203894927535961,2013-08-12 12:00:00,75.0,2013-08-13 12:00:00
3958,2013-08-13 09:00:00,0,train,3970,2013,8,13,9,70.0,81.0,13.0,69.0,1000.0,40.0,29.3,999.7,24.6,0.0,WNW,1.0,Aotizhongxin,28.0,103.0,63.0,570.5434782608505,24.9,30.6,27.8,3.1739130434780303,2013-08-13 09:00:00,52.0,2013-08-14 09:00:00
3973,2013-08-14 00:00:00,0,train,3985,2013,8,14,0,29.0,52.0,3.0,52.0,500.0,100.0,25.8,997.8,22.7,0.0,NE,1.0,Aotizhongxin,29.0,108.0,89.5,438.5199275362078,24.9,32.5,28.45,6.763749999999782,2013-08-14 00:00:00,79.0,2013-08-15 00:00:00
3974,2013-08-14 01:00:00,0,train,3986,2013,8,14,1,50.0,98.0,3.0,83.0,600.0,54.0,26.2,998.7,22.5,0.0,E,1.0,Aotizhongxin,29.0,108.0,86.5,471.86775362316496,24.9,32.5,28.45,6.600797101449059,2013-08-14 01:00:00,80.0,2013-08-15 01:00:00
4088,2013-08-18 19:00:00,0,train,4100,2013,8,18,19,20.0,72.0,5.0,43.0,400.0,153.0,28.8,1002.9,18.0,0.0,SSW,0.9,Aotizhongxin,3.0,20.0,12.0,22.340579710136836,22.5,35.0,28.35,19.01041666666641,2013-08-18 19:00:00,26.0,2013-08-19 19:00:00
4154,2013-08-21 13:00:00,0,train,4166,2013,8,21,13,99.0,108.0,7.0,65.0,1200.0,80.0,29.7,1002.2,21.1,0.0,WSW,2.8,Aotizhongxin,54.0,144.0,112.0,639.1141304347501,23.1,29.7,24.35,4.346938405796573,2013-08-21 13:00:00,120.0,2013-08-22 13:00:00
4158,2013-08-21 17:00:00,0,train,4170,2013,8,21,17,47.0,52.0,15.0,36.0,700.0,159.0,28.8,1000.8,19.4,0.0,SW,2.3,Aotizhongxin,47.0,144.0,113.5,624.5634057970686,23.1,30.5,24.35,6.442536231883558,2013-08-21 17:00:00,115.0,2013-08-22 17:00:00
4181,2013-08-22 16:00:00,0,train,4193,2013,8,22,16,125.0,137.0,5.0,102.0,1400.0,23.0,25.8,1003.2,21.9,0.0,WSW,1.3,Aotizhongxin,47.0,133.0,115.5,657.693840579679,21.4,28.8,24.1,3.8721739130428494,2013-08-22 16:00:00,12.0,2013-08-23 16:00:00
4321,2013-08-28 12:00:00,0,train,4333,2013,8,28,12,106.0,79.0,4.0,62.0,2600.0,1.0,25.9,993.7,22.4,0.0,ENE,0.7,Aotizhongxin,21.0,106.0,53.0,535.2753623188231,22.0,26.4,23.5,2.047753623187632,2013-08-28 12:00:00,3.0,2013-08-29 12:00:00
4415,2013-09-01 10:00:00,0,train,4427,2013,9,1,10,32.0,73.0,14.0,35.0,700.0,46.0,25.5,1008.8,15.5,0.0,E,1.9,Aotizhongxin,4.0,62.0,19.0,278.33152173912356,16.6,30.5,21.8,24.159999999999137,2013-09-01 10:00:00,37.0,2013-09-02 10:00:00
4437,2013-09-02 08:00:00,0,train,4449,2013,9,2,8,23.0,56.0,6.0,56.0,600.0,28.0,22.5,1011.7,14.9,0.0,ENE,0.8,Aotizhongxin,15.0,62.0,36.5,213.4764492753513,16.7,30.2,22.7,21.093840579709273,2013-09-02 08:00:00,59.0,2013-09-03 08:00:00
4438,2013-09-02 09:00:00,0,train,4450,2013,9,2,9,30.0,65.0,16.0,57.0,1000.0,37.0,24.2,1012.0,13.7,0.0,E,1.4,Aotizhongxin,15.0,62.0,34.0,216.42753623187318,16.7,30.2,22.7,21.04862318840492,2013-09-02 09:00:00,64.0,2013-09-03 09:00:00
4454,2013-09-03 01:00:00,0,train,4466,2013,9,3,1,87.0,128.0,9.0,84.0,1500.0,13.0,19.2,1010.8,17.5,0.0,NE,1.3,Aotizhongxin,15.0,90.0,44.5,638.5634057970872,16.7,28.6,22.25,15.26157608695556,2013-09-03 01:00:00,137.0,2013-09-04 01:00:00
4545,2013-09-06 20:00:00,0,train,4557,2013,9,6,20,109.0,126.0,17.0,62.0,1800.0,92.0,19.7,1010.6,17.8,0.0,SE,0.1,Aotizhongxin,36.0,109.0,50.5,321.8188405796928,17.7,25.6,19.65,8.073460144926278,2013-09-06 20:00:00,43.0,2013-09-07 20:00:00
4568,2013-09-07 19:00:00,0,train,4580,2013,9,7,19,27.0,47.0,6.0,61.0,600.0,83.0,21.1,1011.1,17.1,0.0,WSW,0.8,Aotizhongxin,8.0,129.0,95.5,1405.1014492753404,17.8,29.1,20.5,16.101449275361354,2013-09-07 19:00:00,165.0,2013-09-08 19:00:00
4569,2013-09-07 20:00:00,0,train,4581,2013,9,7,20,43.0,111.0,6.0,78.0,700.0,80.0,20.1,1011.6,16.9,0.0,SSW,0.1,Aotizhongxin,8.0,129.0,94.5,1409.6449275362104,17.8,29.1,20.6,16.01478260869469,2013-09-07 20:00:00,112.0,2013-09-08 20:00:00
4635,2013-09-10 14:00:00,0,train,4647,2013,9,10,14,3.0,6.0,11.0,19.0,200.0,68.0,29.7,1006.1,4.3,0.0,N,3.4,Aotizhongxin,3.0,132.0,93.0,1526.9547101449052,18.0,29.7,21.95,14.360271739129585,2013-09-10 14:00:00,63.0,2013-09-11 14:00:00
4659,2013-09-11 14:00:00,0,train,4671,2013,9,11,14,63.0,75.0,15.0,52.0,600.0,133.0,28.8,1007.3,17.3,0.0,SSW,2.3,Aotizhongxin,3.0,97.0,28.0,850.1086956521605,13.6,29.7,18.25,32.35780797101312,2013-09-11 14:00:00,144.0,2013-09-12 14:00:00
4734,2013-09-14 17:00:00,0,train,4746,2013,9,14,17,9.0,10.0,10.0,16.0,200.0,85.0,26.9,1003.2,11.0,0.0,W,0.7,Aotizhongxin,3.0,163.0,71.5,1864.6884057970772,18.8,31.6,19.9,24.493894927535408,2013-09-14 17:00:00,23.0,2013-09-15 17:00:00
4750,2013-09-15 09:00:00,0,train,4762,2013,9,15,9,13.0,60.0,7.0,44.0,300.0,10.0,22.5,1011.0,5.4,0.0,ESE,1.1,Aotizhongxin,3.0,103.0,15.5,516.3025362318668,15.3,31.6,19.35,38.25346014492637,2013-09-15 09:00:00,54.0,2013-09-16 09:00:00
4760,2013-09-15 19:00:00,0,train,4772,2013,9,15,19,22.0,79.0,12.0,58.0,600.0,48.0,20.9,1007.5,13.3,0.0,SW,0.8,Aotizhongxin,9.0,30.0,20.0,39.04166666665015,15.3,26.7,19.9,16.117663043476735,2013-09-15 19:00:00,50.0,2013-09-16 19:00:00
4790,2013-09-17 01:00:00,0,train,4802,2013,9,17,1,72.0,139.0,21.0,96.0,1600.0,1.0,19.8,1006.7,17.2,0.0,NE,0.8,Aotizhongxin,22.0,72.0,51.0,201.18840579707958,16.3,26.4,20.0,9.866793478259506,2013-09-17 01:00:00,93.0,2013-09-18 01:00:00
4806,2013-09-17 17:00:00,0,train,4818,2013,9,17,17,88.0,99.0,12.0,80.0,2000.0,1.0,20.6,1010.4,20.1,0.1,N,0.5,Aotizhongxin,45.0,97.0,74.0,226.12862318837938,19.3,22.2,20.25,0.5060144927521361,2013-09-17 17:00:00,98.0,2013-09-18 17:00:00
4840,2013-09-19 03:00:00,0,train,4852,2013,9,19,3,88.0,106.0,15.0,51.0,1800.0,7.0,19.6,1008.5,18.8,0.0,NNE,1.2,Aotizhongxin,76.0,139.0,107.5,349.63586956518543,19.6,24.0,21.05,1.9147826086944264,2013-09-19 03:00:00,117.0,2013-09-20 03:00:00
4865,2013-09-20 04:00:00,0,train,4877,2013,9,20,4,132.0,133.0,3.0,42.0,1200.0,1.0,17.0,1009.7,16.0,0.0,NE,2.3,Aotizhongxin,88.0,146.0,118.5,275.43297101445955,17.0,26.1,20.6,6.530362318839346,2013-09-20 04:00:00,29.0,2013-09-21 04:00:00
4877,2013-09-20 16:00:00,0,train,4889,2013,9,20,16,3.0,10.0,3.0,24.0,200.0,82.0,23.6,1008.5,16.9,0.0,W,0.7,Aotizhongxin,3.0,146.0,95.5,2792.9492753622894,16.4,27.7,21.1,13.445054347824987,2013-09-20 16:00:00,38.0,2013-09-21 16:00:00
5004,2013-09-25 23:00:00,0,train,5016,2013,9,25,23,24.0,99.0,8.0,84.0,700.0,1.0,11.8,1013.0,7.5,0.0,E,0.7,Aotizhongxin,3.0,24.0,12.0,20.940217391288932,6.3,24.6,16.1,45.05635869564991,2013-09-25 23:00:00,79.0,2013-09-26 23:00:00
5026,2013-09-26 21:00:00,1,train,5038,2013,9,26,21,72.0,157.0,14.0,126.0,1300.0,1.0,13.8,1008.6,10.4,0.0,E,0.9,Aotizhongxin,16.0,72.0,36.0,273.89673913041423,8.7,24.7,14.2,33.54057971014273,2013-09-26 21:00:00,278.0,2013-09-27 21:00:00
5167,2013-10-02 18:00:00,0,train,5179,2013,10,2,18,14.0,51.0,4.0,37.0,200.0,72.0,19.0,1012.0,4.0,0.0,SW,2.6,Aotizhongxin,3.0,41.0,10.5,175.62318840573585,10.5,23.7,15.7,18.27780797101249,2013-10-02 18:00:00,69.0,2013-10-03 18:00:00
5233,2013-10-05 12:00:00,0,train,5245,2013,10,5,12,281.0,308.0,53.0,106.0,2100.0,34.0,21.9,1014.2,14.3,0.0,ESE,1.2,Aotizhongxin,150.0,349.0,252.5,3217.9057971013895,13.7,22.1,16.35,9.2050543478241,2013-10-05 12:00:00,174.0,2013-10-06 12:00:00
5266,2013-10-06 21:00:00,0,train,5278,2013,10,6,21,202.0,205.0,52.0,108.0,2600.0,5.0,15.5,1015.8,14.7,0.0,N,0.4,Aotizhongxin,137.0,355.0,231.5,4470.519927536167,13.3,20.6,15.65,6.02666666666453,2013-10-06 21:00:00,38.0,2013-10-07 21:00:00
5295,2013-10-08 02:00:00,0,train,5307,2013,10,8,2,59.0,68.0,16.0,49.0,300.0,32.0,16.0,1017.9,10.5,0.0,NNE,1.8,Aotizhongxin,3.0,173.0,48.5,3430.369565217319,13.4,25.7,18.4,16.717318840578162,2013-10-08 02:00:00,99.0,2013-10-09 02:00:00
5374,2013-10-11 09:00:00,0,train,5386,2013,10,11,9,45.0,122.0,59.4048,76.0,1300.0,8.0,17.3,1011.4,4.6,0.0,E,0.9,Aotizhongxin,3.0,45.0,10.0,77.44927536224328,6.7,20.3,14.8,25.168405797099,2013-10-11 09:00:00,51.0,2013-10-12 09:00:00
5452,2013-10-14 15:00:00,0,train,5464,2013,10,14,15,4.0,6.0,1.428,24.0,300.0,35.0,14.5,1022.6,-1.2,0.0,ENE,2.0,Aotizhongxin,3.0,87.0,61.5,798.9981884057232,12.4,15.8,13.649999999999999,1.1551992753598246,2013-10-14 15:00:00,14.0,2013-10-15 15:00:00
5467,2013-10-15 06:00:00,0,train,5479,2013,10,15,6,3.0,6.0,1.1424,42.0,200.0,10.0,1.7,1027.7,-1.6,0.0,E,0.0,Aotizhongxin,3.0,52.0,10.0,134.60688405789833,1.7,15.8,7.550000000000001,26.58519927535908,2013-10-15 06:00:00,26.0,2013-10-16 06:00:00
5588,2013-10-20 07:00:00,0,train,5600,2013,10,20,7,21.0,52.0,4.0,58.0,400.0,1.0,7.7,1021.5,3.7,0.0,NNE,0.9,Aotizhongxin,3.0,25.0,12.5,59.041666666572894,4.3,18.8,12.45,29.603695652170977,2013-10-20 07:00:00,86.0,2013-10-21 07:00:00
5589,2013-10-20 08:00:00,0,train,5601,2013,10,20,8,27.0,49.0,6.0,58.0,,,12.8,1021.9,3.2,0.0,NE,1.3,Aotizhongxin,3.0,27.0,13.0,65.6358695651237,4.3,18.8,12.2,29.51954710144634,2013-10-20 08:00:00,59.0,2013-10-21 08:00:00
5625,2013-10-21 20:00:00,0,train,5637,2013,10,21,20,87.0,128.0,17.0,125.0,,,8.6,1017.7,6.2,0.0,N,0.0,Aotizhongxin,51.0,116.0,75.0,410.46195652165204,5.8,18.6,10.35,20.05362318840289,2013-10-21 20:00:00,83.0,2013-10-22 20:00:00
5701,2013-10-25 00:00:00,0,train,5713,2013,10,25,0,37.0,48.0,7.0,30.0,500.0,45.0,7.6,1023.0,0.8,0.0,NNE,1.2,Aotizhongxin,9.0,40.0,14.5,120.51992753613868,2.4,16.7,11.15,20.269112318837532,2013-10-25 00:00:00,73.0,2013-10-26 00:00:00
5707,2013-10-25 06:00:00,0,train,5719,2013,10,25,6,37.0,46.0,15.0,44.0,500.0,30.0,3.6,1023.5,2.1,0.0,NNW,0.6,Aotizhongxin,11.0,40.0,30.0,121.12862318831355,3.3,16.7,11.15,19.829402173909997,2013-10-25 06:00:00,36.0,2013-10-26 06:00:00
5784,2013-10-28 11:00:00,0,train,5796,2013,10,28,11,264.0,268.0,38.0,113.0,2100.0,1.0,14.7,1013.6,6.5,0.0,ENE,1.6,Aotizhongxin,197.0,367.0,246.5,1640.2590579709627,5.8,16.0,7.75,12.83070652173593,2013-10-28 11:00:00,14.0,2013-10-29 11:00:00
5795,2013-10-28 22:00:00,0,train,5807,2013,10,28,22,352.0,397.0,71.0,146.0,5800.0,1.0,8.0,1019.1,7.2,0.0,S,0.2,Aotizhongxin,232.0,367.0,271.5,1790.5489130434296,5.8,16.2,9.1,12.893840579707028,2013-10-28 22:00:00,50.0,2013-10-29 22:00:00
5829,2013-10-30 08:00:00,0,train,5841,2013,10,30,8,23.0,42.0,8.0,49.0,500.0,1.0,7.3,1024.0,-0.2,0.0,ENE,0.9,Aotizhongxin,3.0,104.0,36.0,1091.114130434713,2.0,17.4,6.45,31.05384057970678,2013-10-30 08:00:00,119.0,2013-10-31 08:00:00
5835,2013-10-30 14:00:00,0,train,5847,2013,10,30,14,66.0,91.0,11.0,75.0,900.0,25.0,15.1,1020.1,2.9,0.0,SW,1.7,Aotizhongxin,3.0,104.0,40.5,878.2880434781916,2.0,16.7,6.45,23.74041666666321,2013-10-30 14:00:00,122.0,2013-10-31 14:00:00
5849,2013-10-31 04:00:00,1,train,5861,2013,10,31,4,120.0,127.0,11.0,91.0,1500.0,1.0,3.5,1021.6,2.3,0.0,E,0.7,Aotizhongxin,23.0,161.0,102.0,2601.275362318773,2.0,15.3,6.15,19.265144927532795,2013-10-31 04:00:00,213.0,2013-11-01 04:00:00
5951,2013-11-04 10:00:00,0,train,5963,2013,11,4,10,18.0,37.0,10.0,45.0,500.0,13.0662,15.0,1024.0,-0.8,0.0,SSW,1.1,Aotizhongxin,3.0,34.0,15.5,91.0416666665396,1.8,18.8,6.4,38.592590579706865,2013-11-04 10:00:00,144.0,2013-11-05 10:00:00
5989,2013-11-06 00:00:00,0,train,6001,2013,11,6,0,230.0,251.0,27.0,111.0,2600.0,,5.1,1012.5,3.1,0.0,E,0.6,Aotizhongxin,99.0,262.0,171.5,2553.0652173912285,5.1,14.2,7.85,8.103025362315574,2013-11-06 00:00:00,6.0,2013-11-07 00:00:00
6073,2013-11-09 12:00:00,0,train,6085,2013,11,9,12,100.0,181.0,74.0,71.0,1700.0,,15.4,1015.7,-3.5,0.0,NE,2.6,Aotizhongxin,100.0,181.0,160.5,283.7608695651362,4.4,15.4,5.25,12.623025362315344,2013-11-09 12:00:00,9.0,2013-11-10 12:00:00
6125,2013-11-11 16:00:00,0,train,6137,2013,11,11,16,41.0,67.0,17.0,44.0,500.0,42.4116,10.0,1019.0,-7.7,0.0,SW,3.2,Aotizhongxin,10.0,69.0,19.0,312.5199275361544,1.3,12.6,6.199999999999999,14.754184782605103,2013-11-11 16:00:00,17.0,2013-11-12 16:00:00
6333,2013-11-20 08:00:00,0,train,6345,2013,11,20,8,117.0,158.0,67.0,80.0,3800.0,,2.1,1018.5,-7.3,0.0,NE,1.9,Aotizhongxin,12.0,117.0,74.5,1220.824275362225,-3.4,7.9,-0.7,16.418242753618824,2013-11-20 08:00:00,77.0,2013-11-21 08:00:00
6337,2013-11-20 12:00:00,0,train,6349,2013,11,20,12,31.0,45.0,13.0,33.0,700.0,22.0626,10.7,1017.0,-8.1,0.0,ENE,1.3,Aotizhongxin,19.0,117.0,78.0,882.3025362317903,-3.4,10.7,-0.7,22.522536231879762,2013-11-20 12:00:00,65.0,2013-11-21 12:00:00
6360,2013-11-21 11:00:00,0,train,6372,2013,11,21,11,57.0,76.0,30.0,56.0,1500.0,0.8568,9.5,1020.2,-7.2,0.0,N,1.0,Aotizhongxin,17.0,166.0,79.5,2036.7807971013567,-3.1,11.7,1.05,26.077318840575625,2013-11-21 11:00:00,122.0,2013-11-22 11:00:00
6367,2013-11-21 18:00:00,0,train,6379,2013,11,21,18,103.0,150.0,34.0,106.0,1800.0,,3.9,1019.6,-4.3,0.0,WSW,1.5,Aotizhongxin,45.0,166.0,84.0,1164.9547101448352,-3.1,12.2,1.05,28.030851449271314,2013-11-21 18:00:00,172.0,2013-11-22 18:00:00
6404,2013-11-23 07:00:00,0,train,6416,2013,11,23,7,167.0,164.0,46.0,91.0,2700.0,1.0,-1.1,1016.1,-2.4,0.0,E,0.6,Aotizhongxin,40.0,322.0,178.5,6950.563405797007,-1.3,13.0,2.15,22.81710144927143,2013-11-23 07:00:00,31.0,2013-11-24 07:00:00
6438,2013-11-24 17:00:00,0,train,6450,2013,11,24,17,64.0,212.0,16.0,23.0,600.0,31.0,5.8,1006.9,-8.1,0.0,N,0.4,Aotizhongxin,31.0,288.0,89.5,11165.519927536136,2.1,10.1,8.9,10.275054347822556,2013-11-24 17:00:00,8.0,2013-11-25 17:00:00
6523,2013-11-28 06:00:00,0,train,6535,2013,11,28,6,4.0,12.0,9.0,18.0,400.0,32.0,-3.0,1022.1,-22.9,0.0,NE,2.9,Aotizhongxin,4.0,11.0,8.0,3.3840579709202308,-4.4,-0.3,-2.35,1.5390579710096373,2013-11-28 06:00:00,27.0,2013-11-29 06:00:00
6575,2013-11-30 10:00:00,0,train,6587,2013,11,30,10,26.0,61.0,34.0,33.0,800.0,22.0,8.9,1019.0,-12.9,0.0,NNE,3.1,Aotizhongxin,14.0,121.0,54.5,1242.3894927535257,-3.1,13.5,5.199999999999999,25.385054347822273,2013-11-30 10:00:00,57.0,2013-12-01 10:00:00
6592,2013-12-01 03:00:00,0,train,6604,2013,12,1,3,44.0,73.0,20.0,66.0,900.0,1.0,-4.7,1019.0,-8.0,0.0,NNE,0.2,Aotizhongxin,12.0,45.0,28.0,133.64492753613504,-4.7,10.9,5.199999999999999,31.538840579706154,2013-12-01 03:00:00,95.0,2013-12-02 03:00:00
6600,2013-12-01 11:00:00,0,train,6612,2013,12,1,11,60.0,76.0,53.0,63.0,1600.0,7.0,9.2,1017.5,-10.4,0.0,NE,1.5,Aotizhongxin,12.0,63.0,39.5,313.2010869564245,-5.6,10.9,-0.75,39.41432971014063,2013-12-01 11:00:00,70.0,2013-12-02 11:00:00
6616,2013-12-02 03:00:00,0,train,6628,2013,12,2,3,95.0,102.0,50.0,70.0,2000.0,1.0,-4.3,1013.4,-6.3,0.0,S,0.4,Aotizhongxin,43.0,155.0,65.0,1102.2590579709154,-5.6,11.7,-0.5,37.71954710144501,2013-12-02 03:00:00,121.0,2013-12-03 03:00:00
6648,2013-12-03 11:00:00,0,train,6660,2013,12,3,11,30.0,55.0,23.0,29.0,800.0,26.0,12.7,1017.1,-9.1,0.0,NE,2.5,Aotizhongxin,30.0,175.0,95.5,2363.297101449175,-2.1,12.7,0.1,33.41652173912639,2013-12-03 11:00:00,74.0,2013-12-04 11:00:00
6706,2013-12-05 21:00:00,1,train,6718,2013,12,5,21,47.0,89.0,25.0,65.0,1200.0,1.0,3.0,1016.4,-5.7,0.0,SW,1.7,Aotizhongxin,6.0,125.0,27.5,1606.635869565111,1.0,10.9,5.55,8.319981884054311,2013-12-05 21:00:00,188.0,2013-12-06 21:00:00
6762,2013-12-08 05:00:00,0,train,6774,2013,12,8,5,337.0,333.0,104.0,116.0,5800.0,1.0,2.7,1014.2,-1.7,0.0,NE,1.8,Aotizhongxin,85.0,420.0,325.5,12138.543478260824,-2.8,7.2,2.8,6.0811413043437605,2013-12-08 05:00:00,7.0,2013-12-09 05:00:00
6767,2013-12-08 10:00:00,0,train,6779,2013,12,8,10,300.0,274.0,112.0,113.0,5200.0,1.0,5.6,1014.6,-1.3,0.0,NNE,1.1,Aotizhongxin,165.0,420.0,334.5,3834.6666666666474,1.3,7.2,2.8,3.009112318836598,2013-12-08 10:00:00,3.0,2013-12-09 10:00:00
6817,2013-12-10 12:00:00,0,train,6829,2013,12,10,12,25.0,80.0,19.0,25.0,,37.485,5.3,1011.4,-13.7,0.0,NW,4.2,Aotizhongxin,3.0,47.0,20.5,162.94927536211952,-4.3,6.7,-2.1500000000000004,17.074782608691105,2013-12-10 12:00:00,22.0,2013-12-11 12:00:00
6826,2013-12-10 21:00:00,0,train,6838,2013,12,10,21,11.0,22.0,6.0,22.0,400.0,29.0,0.7,1016.7,-15.3,0.0,NNW,3.3,Aotizhongxin,7.0,47.0,19.5,140.28804347806138,-4.3,6.5,0.6499999999999999,14.074329710140452,2013-12-10 21:00:00,34.0,2013-12-11 21:00:00
6907,2013-12-14 06:00:00,0,train,6919,2013,12,14,6,37.0,42.0,27.0,52.0,1300.0,,-6.0,1022.8,-18.1,0.0,N,0.9,Aotizhongxin,18.0,127.0,52.5,736.2880434780838,-8.0,2.8,-3.45,12.972445652168938,2013-12-14 06:00:00,14.0,2013-12-15 06:00:00
6923,2013-12-14 22:00:00,0,train,6935,2013,12,14,22,43.0,69.0,24.0,61.0,,,-4.3,1026.0,-10.9,0.0,WNW,1.0,Aotizhongxin,19.0,127.0,40.5,1280.37499999982,-8.0,5.7,-2.95,18.676068840574874,2013-12-14 22:00:00,82.0,2013-12-15 22:00:00
6926,2013-12-15 01:00:00,0,train,6938,2013,12,15,1,39.0,36.0,38.0,60.0,,,-5.7,1026.7,-10.9,0.0,E,0.2,Aotizhongxin,19.0,127.0,38.0,1214.4275362317019,-8.0,5.7,-2.95,18.19563405796618,2013-12-15 01:00:00,180.0,2013-12-16 01:00:00
6975,2013-12-17 02:00:00,0,train,6987,2013,12,17,2,235.0,261.0,120.2376,100.1864,,5.7834,-0.1,1025.7,-11.5,0.0,ENE,1.2,Aotizhongxin,50.0,235.0,116.0,3109.934782608558,-6.8,3.3,0.0,7.336068840575088,2013-12-17 02:00:00,9.0,2013-12-18 02:00:00
6991,2013-12-17 18:00:00,0,train,7003,2013,12,17,18,22.0,18.0,19.0,42.0,,15.6366,-0.1,1028.5,-16.9,0.0,NE,2.6,Aotizhongxin,21.0,235.0,89.0,6808.492753623037,-0.8,3.0,0.2,1.2225362318796256,2013-12-17 18:00:00,79.0,2013-12-18 18:00:00
7035,2013-12-19 14:00:00,0,train,7047,2013,12,19,14,25.0,50.0,27.0,37.0,700.0,32.0,3.2,1023.3,-16.5,0.0,NE,1.5,Aotizhongxin,13.0,117.0,27.0,1004.6938405795254,-7.4,3.2,-5.4,9.442536231878938,2013-12-19 14:00:00,11.0,2013-12-20 14:00:00
7039,2013-12-19 18:00:00,0,train,7051,2013,12,19,18,32.0,86.0,29.0,75.0,1000.0,1.0,-4.3,1025.4,-13.4,0.0,WSW,0.8,Aotizhongxin,13.0,117.0,27.0,910.9547101447417,-7.4,3.2,-5.4,10.336231884052863,2013-12-19 18:00:00,17.0,2013-12-20 18:00:00
7070,2013-12-21 01:00:00,1,train,7082,2013,12,21,1,45.0,53.0,37.0,73.0,1200.0,1.0,-4.4,1031.3,-15.1,0.0,NE,0.4,Aotizhongxin,11.0,92.0,26.5,404.8532608693746,-8.9,3.6,-4.45,17.338840579705174,2013-12-21 01:00:00,186.0,2013-12-22 01:00:00
7127,2013-12-23 10:00:00,0,train,7139,2013,12,23,10,176.0,262.0,115.0,122.0,5600.0,1.0,1.6,1026.5,-10.9,0.0,WSW,1.3,Aotizhongxin,55.0,270.0,178.0,5813.302536231769,-9.3,3.2,-5.95,18.603460144922384,2013-12-23 10:00:00,149.0,2013-12-24 10:00:00
7133,2013-12-23 16:00:00,1,train,7145,2013,12,23,16,35.0,44.0,32.0,45.0,800.0,34.0,2.7,1026.0,-12.0,0.0,SSE,1.1,Aotizhongxin,35.0,270.0,178.0,6427.5634057969855,-9.3,6.3,-5.95,30.816938405792065,2013-12-23 16:00:00,262.0,2013-12-24 16:00:00
7135,2013-12-23 18:00:00,1,train,7147,2013,12,23,18,34.0,106.0,27.0,59.0,800.0,21.0,-3.3,1027.1,-8.9,0.0,WSW,0.6,Aotizhongxin,34.0,270.0,178.0,7188.215579710027,-9.3,6.3,-5.95,30.807536231879027,2013-12-23 18:00:00,273.0,2013-12-24 18:00:00
7227,2013-12-27 14:00:00,0,train,7239,2013,12,27,14,18.0,23.0,22.0,26.0,700.0,38.0,2.3,1021.3,-17.8,0.0,E,0.7,Aotizhongxin,7.0,21.0,13.0,14.949275362102224,-6.6,2.3,-3.5,7.622536231879148,2013-12-27 14:00:00,11.0,2013-12-28 14:00:00
7262,2013-12-29 01:00:00,0,train,7274,2013,12,29,1,60.0,194.0,,100.0,1800.0,1.0,-7.8,1017.2,-13.8,0.0,W,0.1,Aotizhongxin,8.0,60.0,11.5,149.99275362297325,-7.8,3.1,-2.4000000000000004,9.698677536226958,2013-12-29 01:00:00,24.0,2013-12-30 01:00:00
7277,2013-12-29 16:00:00,0,train,7289,2013,12,29,16,53.0,89.0,,83.0,1200.0,15.0,3.9,1010.2,-17.7,0.0,SW,1.8,Aotizhongxin,9.0,80.0,33.0,378.56340579690004,-9.2,6.9,-3.5999999999999996,34.45623188405306,2013-12-29 16:00:00,17.0,2013-12-30 16:00:00
7287,2013-12-30 02:00:00,0,train,7299,2013,12,30,2,21.0,49.0,,50.0,900.0,16.0,3.8,1011.3,-17.8,0.0,NNW,2.1,Aotizhongxin,15.0,104.0,46.0,753.9981884056057,-9.2,6.9,1.05,32.917807971009864,2013-12-30 02:00:00,110.0,2013-12-31 02:00:00
7297,2013-12-30 12:00:00,0,train,7309,2013,12,30,12,23.0,117.0,,12.0,500.0,56.0,7.3,1009.9,-16.2,0.0,NNW,5.7,Aotizhongxin,18.0,104.0,32.0,808.9402173911084,-4.2,7.3,3.7,14.532010869561008,2013-12-30 12:00:00,33.0,2013-12-31 12:00:00
7333,2014-01-01 00:00:00,0,train,7345,2014,1,1,0,20.0,90.0,18.0,62.0,,,-1.5,1007.3,-12.5,0.0,SSE,0.6,Aotizhongxin,16.0,159.0,31.0,1960.3025362316937,-4.8,9.9,6.65,29.71128623188004,2014-01-01 00:00:00,94.0,2014-01-02 00:00:00
7334,2014-01-01 01:00:00,0,train,7346,2014,1,1,1,43.0,348.0,25.0,91.0,1100.0,1.0,-2.6,1006.9,-12.1,0.0,WSW,0.2,Aotizhongxin,16.0,159.0,31.0,1858.592391304156,-4.8,9.9,6.65,28.965634057967005,2014-01-01 01:00:00,139.0,2014-01-02 01:00:00
7416,2014-01-04 11:00:00,0,train,7428,2014,1,4,11,106.0,135.0,62.0,68.0,2200.0,1.0,1.3,1016.5,-4.6,0.0,NE,2.1,Aotizhongxin,16.0,106.0,66.5,806.9782608693702,-3.1,9.5,-1.0,17.647753623183938,2014-01-04 11:00:00,71.0,2014-01-05 11:00:00
7422,2014-01-04 17:00:00,0,train,7434,2014,1,4,17,174.0,210.0,54.0,98.0,2500.0,1.0,-0.4,1014.6,-4.7,0.0,NE,0.6,Aotizhongxin,33.0,174.0,76.5,1669.73913043461,-3.1,2.1,-1.0,2.701739130430092,2014-01-04 17:00:00,31.0,2014-01-05 17:00:00
7444,2014-01-05 15:00:00,0,train,7456,2014,1,5,15,28.0,18.0,19.0,21.0,600.0,52.0,7.4,1018.5,-11.4,0.0,ESE,1.2,Aotizhongxin,28.0,185.0,146.0,2540.166666666522,-5.3,7.4,-2.05,17.663749999995385,2014-01-05 15:00:00,136.0,2014-01-06 15:00:00
7561,2014-01-10 12:00:00,0,train,7573,2014,1,10,12,54.0,65.0,70.0,64.0,1600.0,6.0,2.3,1023.6,-20.3,0.0,WNW,0.9,Aotizhongxin,11.0,68.0,47.0,288.5199275360288,-8.7,2.3,-3.45,11.682318840574533,2014-01-10 12:00:00,56.0,2014-01-11 12:00:00
7568,2014-01-10 19:00:00,0,train,7580,2014,1,10,19,103.0,152.0,68.0,109.0,2100.0,1.0,-0.7,1024.6,-18.3,0.0,SW,2.3,Aotizhongxin,24.0,103.0,50.5,307.9347826084985,-8.7,4.0,-3.45,18.17362318840073,2014-01-10 19:00:00,180.0,2014-01-11 19:00:00
7637,2014-01-13 16:00:00,0,train,7649,2014,1,13,16,46.0,53.0,49.0,72.0,1300.0,11.0,0.9,1022.9,-15.6,0.0,WSW,1.6,Aotizhongxin,19.0,99.0,54.5,400.71739130415483,-10.2,4.0,-3.2,19.166666666661598,2014-01-13 16:00:00,106.0,2014-01-14 16:00:00
7676,2014-01-15 07:00:00,1,train,7688,2014,1,15,7,50.0,44.0,57.0,67.0,1500.0,1.0,-10.2,1026.9,-12.7,0.0,WSW,0.4,Aotizhongxin,50.0,176.0,93.0,1051.7101449273637,-10.2,3.2,-3.9499999999999997,20.531884057965875,2014-01-15 07:00:00,398.0,2014-01-16 07:00:00
7722,2014-01-17 05:00:00,0,train,7734,2014,1,17,5,121.0,91.0,88.0,65.0,1900.0,1.0,-1.5,1024.6,-5.7,0.0,SSE,1.3,Aotizhongxin,121.0,475.0,275.0,11342.079710144893,-3.3,6.9,0.2,7.586884057966516,2014-01-17 05:00:00,15.0,2014-01-18 05:00:00
7777,2014-01-19 12:00:00,0,train,7789,2014,1,19,12,143.0,164.0,127.0,75.0,3000.0,1.0,1.6,1015.4,-6.0,0.0,NNW,1.0,Aotizhongxin,42.0,144.0,109.5,528.6014492752511,-2.1,5.6,-0.15,5.983894927531668,2014-01-19 12:00:00,9.0,2014-01-20 12:00:00
7837,2014-01-22 00:00:00,0,train,7849,2014,1,22,0,119.0,179.0,91.0,95.0,2800.0,1.0,-3.7,1020.6,-16.3,0.0,NE,0.9,Aotizhongxin,9.0,122.0,23.0,1319.1014492752322,-6.2,3.4,-2.95,11.300797101444417,2014-01-22 00:00:00,168.0,2014-01-23 00:00:00
7856,2014-01-22 19:00:00,1,train,7868,2014,1,22,19,164.0,202.0,90.0,136.0,2700.0,1.0,-3.1,1015.9,-12.1,0.0,WSW,0.5,Aotizhongxin,65.0,164.0,113.5,750.5199275361207,-7.5,7.0,-3.4000000000000004,21.060579710140065,2014-01-22 19:00:00,231.0,2014-01-23 19:00:00
7875,2014-01-23 14:00:00,0,train,7887,2014,1,23,14,200.0,224.0,162.0,116.0,3100.0,1.0,3.9,1007.8,-12.1,0.0,ENE,1.7,Aotizhongxin,113.0,287.0,179.0,2164.1956521738202,-4.9,6.4,-3.1,12.156938405792303,2014-01-23 14:00:00,92.0,2014-01-24 14:00:00
7934,2014-01-26 02:00:00,0,train,7947,2014,1,26,2,28.0,69.0,21.0,40.0,900.0,19.0,-0.9,1027.8,-6.5,0.0,SSW,2.8,Aotizhongxin,5.0,55.0,11.0,154.31620553349174,-1.6,8.2,4.1,8.306304347821973,2014-01-26 02:00:00,105.0,2014-01-27 02:00:00
7947,2014-01-26 15:00:00,0,train,7960,2014,1,26,15,51.0,73.0,53.0,27.0,700.0,53.0,2.8,1018.2,-8.3,0.0,SSW,2.5,Aotizhongxin,9.0,55.0,20.0,152.1185770749944,-2.3,5.0,0.2,4.6251992753577955,2014-01-26 15:00:00,113.0,2014-01-27 15:00:00
8022,2014-01-29 18:00:00,0,train,8035,2014,1,29,18,167.0,182.0,70.0,103.0,2400.0,1.0,-1.6,1006.1,-6.2,0.0,ENE,1.1,Aotizhongxin,57.0,171.0,69.5,1533.4710144926617,-4.6,3.2,-1.5,7.035199275357592,2014-01-29 18:00:00,32.0,2014-01-30 18:00:00
8031,2014-01-30 03:00:00,1,train,8044,2014,1,30,3,90.0,65.0,48.0,37.0,1000.0,17.0,-2.4,1010.3,-9.1,0.0,NE,1.6,Aotizhongxin,63.0,217.0,150.0,2782.601449275277,-4.6,3.2,-1.4,5.079402173908291,2014-01-30 03:00:00,226.0,2014-01-31 03:00:00
8085,2014-02-01 09:00:00,0,train,8098,2014,2,1,9,156.0,163.0,75.0,64.0,1800.0,1.0,2.7,1012.3,0.3,0.0,NNW,0.2,Aotizhongxin,55.0,156.0,137.5,1067.0416666665794,1.2,3.6,2.4,0.37563405796671206,2014-02-01 09:00:00,121.0,2014-02-02 09:00:00
8096,2014-02-01 20:00:00,0,train,8109,2014,2,1,20,113.0,104.0,28.0,57.0,1900.0,1.0,2.8,1007.3,1.0,0.0,SSW,2.2,Aotizhongxin,98.0,170.0,139.0,508.19565217382745,1.6,4.9,2.6,1.3597101449233158,2014-02-01 20:00:00,8.0,2014-02-02 20:00:00
8126,2014-02-03 02:00:00,0,train,8139,2014,2,3,2,10.0,46.0,7.0,8.0,400.0,69.0,-0.2,1019.6,-14.9,0.0,NNW,4.9,Aotizhongxin,3.0,151.0,13.0,3690.086956521627,-0.2,9.7,2.85,10.661666666662622,2014-02-03 02:00:00,5.0,2014-02-04 02:00:00
8130,2014-02-03 06:00:00,0,train,8143,2014,2,3,6,3.0,6.0,4.0,3.0,300.0,68.0,-3.5,1022.0,-27.2,0.0,NE,3.1,Aotizhongxin,3.0,143.0,10.5,1801.9836956520537,-3.5,9.7,2.85,17.32085144927122,2014-02-03 06:00:00,6.0,2014-02-04 06:00:00
8194,2014-02-05 22:00:00,0,train,8207,2014,2,5,22,140.0,158.0,65.0,58.0,1200.0,13.0,-4.4,1022.7,-8.9,0.0,N,0.2,Aotizhongxin,58.0,142.0,84.5,580.1721014491767,-6.3,0.8,-3.6,6.02809782608198,2014-02-05 22:00:00,128.0,2014-02-06 22:00:00
8239,2014-02-07 19:00:00,0,train,8252,2014,2,7,19,89.0,63.0,24.0,68.0,1300.0,10.0,-3.0,1018.5,-4.0,0.0,NNW,1.4,Aotizhongxin,64.0,128.0,85.0,184.8623188404803,-3.5,0.2,-2.45,1.1807971014443945,2014-02-07 19:00:00,6.0,2014-02-08 19:00:00
8291,2014-02-09 23:00:00,0,train,8304,2014,2,9,23,17.0,17.0,27.0,32.0,600.0,37.0,-5.9,1031.5,-18.6,0.0,NE,2.4,Aotizhongxin,3.0,17.0,9.0,12.824275362191235,-9.3,-1.0,-5.05,7.8955797101396,2014-02-09 23:00:00,56.0,2014-02-10 23:00:00
8327,2014-02-11 11:00:00,0,train,8340,2014,2,11,11,77.0,87.0,69.0,56.0,1800.0,14.0,-2.0,1022.0,-13.8,0.0,NE,1.1,Aotizhongxin,15.0,109.0,53.0,783.1286231882933,-10.7,-1.2,-7.3,10.612753623182956,2014-02-11 11:00:00,56.0,2014-02-12 11:00:00
8335,2014-02-11 19:00:00,0,train,8348,2014,2,11,19,169.0,172.0,99.0,96.0,2500.0,7.0,-4.2,1021.1,-10.2,0.0,NW,0.7,Aotizhongxin,37.0,169.0,77.0,1055.5579710143913,-10.7,0.7,-7.3,16.590362318835222,2014-02-11 19:00:00,160.0,2014-02-12 19:00:00
8358,2014-02-12 18:00:00,1,train,8371,2014,2,12,18,114.0,128.0,50.0,83.0,1700.0,1.0,0.1,1027.2,-10.7,0.0,SW,1.7,Aotizhongxin,25.0,194.0,144.5,2957.244565217305,-7.5,4.8,-4.85,19.574782608690683,2014-02-12 18:00:00,205.0,2014-02-13 18:00:00
8368,2014-02-13 04:00:00,1,train,8381,2014,2,13,4,159.0,125.0,33.0,36.0,1300.0,,-3.6,1030.3,-6.7,0.0,NE,1.5,Aotizhongxin,25.0,222.0,141.5,3111.065217391217,-7.5,4.8,-3.1,14.1243297101401,2014-02-13 04:00:00,230.0,2014-02-14 04:00:00
8392,2014-02-14 04:00:00,1,train,8405,2014,2,14,4,230.0,214.0,39.0,64.0,2700.0,,-5.4,1021.8,-7.5,0.0,ENE,1.4,Aotizhongxin,135.0,248.0,189.0,1218.8695652173292,-5.4,-1.2,-2.9,1.4517210144877137,2014-02-14 04:00:00,332.0,2014-02-15 04:00:00
8412,2014-02-15 00:00:00,1,train,8425,2014,2,15,0,584.0,654.0,158.0,132.0,4800.0,1.0,-4.5,1018.5,-6.5,0.0,NE,0.8,Aotizhongxin,114.0,584.0,218.5,12390.369565217363,-5.9,3.2,-3.25,9.023749999995063,2014-02-15 00:00:00,500.0,2014-02-16 00:00:00
8424,2014-02-15 12:00:00,1,train,8437,2014,2,15,12,330.0,307.0,123.0,83.0,2900.0,20.0,2.9,1018.5,-5.8,0.0,ENE,1.6,Aotizhongxin,114.0,584.0,312.5,12457.297101449285,-4.5,3.2,-2.8,7.393894927531439,2014-02-15 12:00:00,258.0,2014-02-16 12:00:00
8427,2014-02-15 15:00:00,0,train,8440,2014,2,15,15,455.0,455.0,135.0,120.0,3600.0,17.0,4.4,1017.6,-4.9,0.0,N,1.3,Aotizhongxin,114.0,584.0,329.0,10847.065217391328,-4.5,4.5,-2.8,9.4304166666619,2014-02-15 15:00:00,130.0,2014-02-16 15:00:00
8454,2014-02-16 18:00:00,0,train,8467,2014,2,16,18,218.0,226.0,81.0,90.0,3000.0,32.0,3.3,1024.3,-3.7,0.0,SW,1.8,Aotizhongxin,122.0,503.0,403.0,15256.389492753633,-3.4,7.0,-1.05,14.95389492753175,2014-02-16 18:00:00,70.0,2014-02-17 18:00:00
8471,2014-02-17 11:00:00,0,train,8484,2014,2,17,11,83.0,85.0,112.0,69.0,2900.0,23.0,4.1,1030.0,-13.7,0.0,S,1.8,Aotizhongxin,42.0,296.0,130.5,7264.172101449106,-1.2,7.0,2.3,5.154999999995777,2014-02-17 11:00:00,59.0,2014-02-18 11:00:00
8565,2014-02-21 09:00:00,1,train,8578,2014,2,21,9,210.0,210.0,89.0,90.0,2200.0,2.0,1.1,1023.0,-3.0,0.0,E,0.6,Aotizhongxin,140.0,343.0,287.0,3526.331521739081,-1.1,1.8,-0.35,0.7707065217345478,2014-02-21 09:00:00,265.0,2014-02-22 09:00:00
8614,2014-02-23 10:00:00,1,train,8627,2014,2,23,10,158.0,191.0,136.0,81.0,3000.0,1.0,2.6,1026.0,-2.9,0.0,NNE,0.8,Aotizhongxin,158.0,300.0,207.5,1646.4184782607801,1.4,6.1,3.2,2.5651992753582156,2014-02-23 10:00:00,207.0,2014-02-24 10:00:00
8640,2014-02-24 12:00:00,1,train,8653,2014,2,24,12,99.0,99.0,169.0,114.0,4500.0,1.0,6.8,1021.0,-1.9,0.0,WSW,0.8,Aotizhongxin,99.0,247.0,215.5,822.9547101448327,1.6,6.8,2.8,1.4408695652132295,2014-02-24 12:00:00,308.0,2014-02-25 12:00:00
8686,2014-02-26 16:00:00,0,train,8705,2014,2,26,16,456.0,453.0,,,,,8.8,1015.3,2.6,0.0,NNW,1.9,Aotizhongxin,426.0,518.0,461.0,736.4869281046987,-0.2,8.8,3.3,8.426938405793084,2014-02-26 16:00:00,17.0,2014-02-27 16:00:00
8753,2014-03-01 11:00:00,0,train,8772,2014,3,1,11,10.0,16.0,30.0,27.0,700.0,48.0,9.7,1018.8,-16.6,0.0,N,2.7,Aotizhongxin,10.0,210.0,124.0,2690.456521739056,0.1,9.7,2.9000000000000004,7.137228260865451,2014-03-01 11:00:00,144.0,2014-03-02 11:00:00
8863,2014-03-06 01:00:00,0,train,8882,2014,3,6,1,6.0,12.0,4.0,16.0,400.0,65.0,0.6,1023.9,-20.4,0.0,N,2.0,Aotizhongxin,3.0,46.0,21.0,187.81884057960696,-5.4,8.3,3.2,17.67259057970588,2014-03-06 01:00:00,65.0,2014-03-07 01:00:00
8925,2014-03-08 15:00:00,0,train,8944,2014,3,8,15,188.0,210.0,73.0,106.0,2600.0,26.0,10.4,1013.2,-5.2,0.0,SW,2.5,Aotizhongxin,22.0,188.0,116.5,2866.461956521672,0.3,10.4,4.85,10.074329710140967,2014-03-08 15:00:00,137.0,2014-03-09 15:00:00
9015,2014-03-12 09:00:00,0,train,9034,2014,3,12,9,10.0,18.0,4.0,12.0,300.0,72.0,6.7,1022.6,-18.2,0.0,NE,3.9,Aotizhongxin,3.0,247.0,15.5,8528.780797101384,5.7,13.6,8.65,7.5317210144894515,2014-03-12 09:00:00,28.0,2014-03-13 09:00:00
9109,2014-03-16 07:00:00,0,train,9128,2014,3,16,7,89.0,156.0,124.0,98.0,3300.0,2.0,8.2,1012.7,-2.8,0.0,WNW,0.7,Aotizhongxin,74.0,181.0,120.0,982.0851449274777,4.2,22.1,11.6,30.62346014492468,2014-03-16 07:00:00,144.0,2014-03-17 07:00:00
9119,2014-03-16 17:00:00,0,train,9138,2014,3,16,17,117.0,231.0,60.0,52.0,1300.0,106.0,15.0,1006.4,-1.6,0.0,SSW,2.1,Aotizhongxin,61.0,181.0,117.5,1395.6449275361717,4.2,17.6,13.15,16.838097826084027,2014-03-16 17:00:00,28.0,2014-03-17 17:00:00
9145,2014-03-17 19:00:00,0,train,9164,2014,3,17,19,23.0,187.0,6.0,22.0,300.0,61.0,16.2,1010.7,-4.4,0.0,NNW,3.7,Aotizhongxin,23.0,167.0,136.5,2979.1141304347207,4.7,20.7,11.45,31.67592391304061,2014-03-17 19:00:00,56.0,2014-03-18 19:00:00
9152,2014-03-18 02:00:00,0,train,9171,2014,3,18,2,24.0,90.0,21.0,50.0,500.0,26.0,9.5,1014.7,-2.5,0.0,NE,0.8,Aotizhongxin,18.0,167.0,35.0,3514.49275362312,4.7,20.7,14.7,26.172155797098757,2014-03-18 02:00:00,37.0,2014-03-19 02:00:00
9205,2014-03-20 07:00:00,0,train,9224,2014,3,20,7,13.0,17.0,11.0,35.0,400.0,36.0,9.5,1023.7,-9.6,0.0,NNE,2.1,Aotizhongxin,6.0,88.0,31.5,894.3749999999252,6.5,13.7,9.6,4.537318840576387,2014-03-20 07:00:00,23.0,2014-03-21 07:00:00
9219,2014-03-20 21:00:00,0,train,9238,2014,3,20,21,15.0,39.0,2.0,51.0,500.0,33.0,11.6,1018.7,-9.4,0.0,NNE,1.5,Aotizhongxin,6.0,21.0,12.0,14.346014492673929,6.5,18.9,11.0,18.354619565214367,2014-03-20 21:00:00,48.0,2014-03-21 21:00:00
9226,2014-03-21 04:00:00,0,train,9245,2014,3,21,4,14.0,33.0,17.0,61.0,500.0,9.0,2.8,1017.3,-4.7,0.0,NW,0.5,Aotizhongxin,8.0,21.0,12.0,9.557971014413083,2.8,18.9,11.05,23.988242753620096,2014-03-21 04:00:00,76.0,2014-03-22 04:00:00
9352,2014-03-26 10:00:00,1,train,9371,2014,3,26,10,302.0,375.0,59.0,122.0,2300.0,10.0,18.1,1006.3,8.6,0.0,ENE,1.7,Aotizhongxin,147.0,302.0,221.5,1975.3043478260506,8.6,22.3,15.3,23.022880434780085,2014-03-26 10:00:00,312.0,2014-03-27 10:00:00
9372,2014-03-27 06:00:00,0,train,9391,2014,3,27,6,289.0,319.0,24.0,116.0,1800.0,2.0,12.5,1007.6,9.3,0.0,NE,1.3,Aotizhongxin,258.0,410.0,318.5,2030.840579710137,11.3,23.2,14.55,17.68601449275124,2014-03-27 06:00:00,159.0,2014-03-28 06:00:00
9456,2014-03-30 18:00:00,0,train,9475,2014,3,30,18,29.0,72.0,6.0,47.0,400.0,76.0,22.4,1008.9,-1.7,0.0,SSW,1.5,Aotizhongxin,3.0,71.0,38.5,348.68840579691187,8.1,26.0,18.2,44.07259057970787,2014-03-30 18:00:00,6.0,2014-03-31 18:00:00
9540,2014-04-03 06:00:00,0,train,9559,2014,4,3,6,33.0,5.0,8.0,69.0,500.0,16.0,8.9,1020.3,-10.6,0.0,N,1.2,Aotizhongxin,27.0,156.0,76.0,1425.217391304207,8.7,23.6,15.65,25.371286231881644,2014-04-03 06:00:00,38.0,2014-04-04 06:00:00
9600,2014-04-05 18:00:00,0,train,9619,2014,4,5,18,30.0,133.0,7.0,36.0,400.0,88.0,16.1,1013.5,-3.4,0.0,WSW,4.0,Aotizhongxin,6.0,39.0,18.0,118.30253623170564,4.8,20.9,14.649999999999999,22.761721014489957,2014-04-05 18:00:00,57.0,2014-04-06 18:00:00
9608,2014-04-06 02:00:00,0,train,9627,2014,4,6,2,75.0,234.0,10.0,94.0,700.0,2.0,5.3,1014.6,1.9,0.0,WSW,0.0,Aotizhongxin,6.0,78.0,27.5,466.1721014491025,4.8,20.9,13.55,27.230144927533303,2014-04-06 02:00:00,57.0,2014-04-07 02:00:00
9610,2014-04-06 04:00:00,0,train,9629,2014,4,6,4,76.0,210.0,10.0,90.0,600.0,2.0,4.6,1014.6,2.8,0.0,ESE,0.1,Aotizhongxin,6.0,78.0,27.5,629.7228260867859,4.6,20.9,13.55,27.713749999997074,2014-04-06 04:00:00,78.0,2014-04-07 04:00:00
9676,2014-04-08 22:00:00,0,train,9695,2014,4,8,22,154.0,228.0,44.0,66.0,1000.0,124.0,19.5,1004.9,8.2,0.0,SW,1.7,Aotizhongxin,153.0,238.0,174.5,597.5923913042714,10.5,24.3,19.55,29.67201086956305,2014-04-08 22:00:00,96.0,2014-04-09 22:00:00
9771,2014-04-12 21:00:00,0,train,9790,2014,4,12,21,128.0,205.0,30.0,109.0,1800.0,63.0,13.0,1010.3,6.1,0.0,SW,1.2,Aotizhongxin,83.0,133.0,106.0,180.07971014480023,7.9,21.3,15.05,22.829782608692884,2014-04-12 21:00:00,172.0,2014-04-13 21:00:00
9837,2014-04-15 15:00:00,0,train,9856,2014,4,15,15,94.0,234.0,19.0,41.0,500.0,70.0,18.4,1012.9,2.2,0.0,SSW,2.7,Aotizhongxin,52.0,261.0,122.0,4715.884057970906,13.1,24.8,19.6,12.028405797099493,2014-04-15 15:00:00,62.0,2014-04-16 15:00:00
9862,2014-04-16 16:00:00,0,train,9881,2014,4,16,16,19.0,5.0,14.0,82.0,800.0,48.0,20.9,1005.1,-2.3,0.0,SSE,0.9,Aotizhongxin,19.0,128.0,60.0,574.2010869563495,12.1,22.2,15.45,10.202536231881616,2014-04-16 16:00:00,103.0,2014-04-17 16:00:00
9895,2014-04-18 01:00:00,0,train,9914,2014,4,18,1,124.0,163.0,20.0,91.0,2200.0,6.0,14.4,1010.8,11.0,0.0,WSW,0.8,Aotizhongxin,68.0,130.0,102.0,311.6231884056547,11.1,17.2,14.7,4.04340579709865,2014-04-18 01:00:00,72.0,2014-04-19 01:00:00
9972,2014-04-21 06:00:00,0,train,9991,2014,4,21,6,75.0,157.0,11.0,87.0,700.0,2.0,11.7,1011.9,4.4,0.0,NE,1.1,Aotizhongxin,3.0,96.0,64.0,637.2753623186766,7.9,22.9,16.0,26.777971014490184,2014-04-21 06:00:00,68.0,2014-04-22 06:00:00
10002,2014-04-22 12:00:00,1,train,10021,2014,4,22,12,70.0,95.0,11.0,69.0,500.0,74.0,25.9,1007.2,3.8,0.0,SSW,1.6,Aotizhongxin,24.0,105.0,61.5,379.114130434617,6.9,25.9,18.950000000000003,45.130271739128155,2014-04-22 12:00:00,205.0,2014-04-23 12:00:00
10008,2014-04-22 18:00:00,0,train,10027,2014,4,22,18,72.0,217.0,14.0,32.0,400.0,141.0,23.1,1003.8,6.8,0.0,SW,4.9,Aotizhongxin,39.0,105.0,70.0,159.0144927534635,6.9,26.0,18.950000000000003,53.08302536231668,2014-04-22 18:00:00,142.0,2014-04-23 18:00:00
10018,2014-04-23 04:00:00,0,train,10037,2014,4,23,4,114.0,223.0,16.0,54.0,700.0,42.0,13.1,1005.1,11.0,0.0,SSW,0.0,Aotizhongxin,52.0,114.0,72.0,236.33152173897454,6.9,26.0,20.299999999999997,32.02775362318676,2014-04-23 04:00:00,89.0,2014-04-24 04:00:00
10027,2014-04-23 13:00:00,0,train,10046,2014,4,23,13,198.0,207.0,40.0,41.0,1000.0,115.0,23.3,1003.1,14.0,0.0,S,1.7,Aotizhongxin,52.0,205.0,86.0,2242.4927536230543,12.3,26.0,19.85,19.325144927534566,2014-04-23 13:00:00,127.0,2014-04-24 13:00:00
10053,2014-04-24 15:00:00,0,train,10072,2014,4,24,15,161.0,200.0,36.0,41.0,900.0,110.0,23.7,1006.8,14.4,0.0,S,2.5,Aotizhongxin,72.0,164.0,114.0,754.1086956520408,14.4,23.7,19.25,7.263695652172287,2014-04-24 15:00:00,145.0,2014-04-25 15:00:00
10140,2014-05-02 06:00:00,0,train,10255,2014,5,2,6,28.0,28.0,2.0,13.0,200.0,79.0,13.1,1010.2,-1.3,0.0,N,5.1,Aotizhongxin,28.0,181.0,105.0,3352.1449275362293,12.8,25.9,17.05,24.86927536231696,2014-05-02 06:00:00,56.0,2014-05-03 06:00:00
10175,2014-05-03 17:00:00,0,train,10290,2014,5,3,17,49.0,178.0,5.0,11.0,300.0,98.0,19.2,1004.9,-8.1,0.0,N,8.0,Aotizhongxin,12.0,99.0,46.0,654.8405797101367,7.9,23.0,12.95,29.866666666663782,2014-05-03 17:00:00,30.0,2014-05-04 17:00:00
10221,2014-05-05 15:00:00,0,train,10336,2014,5,5,15,19.0,21.0,3.0,14.0,400.0,94.0,20.3,1008.8,-3.4,0.0,S,2.9,Aotizhongxin,16.0,98.0,33.5,346.94927536230955,5.4,20.8,11.5,32.32601449274999,2014-05-05 15:00:00,146.0,2014-05-06 15:00:00
10255,2014-05-07 01:00:00,0,train,10370,2014,5,7,1,130.0,194.0,39.0,99.0,2400.0,4.0,12.6,997.3,11.2,0.0,NNE,0.5,Aotizhongxin,54.0,179.0,107.0,921.8532608695609,9.1,21.8,17.0,18.24521739130168,2014-05-07 01:00:00,87.0,2014-05-08 01:00:00
10273,2014-05-07 19:00:00,0,train,10388,2014,5,7,19,46.0,46.0,2.0,25.0,300.0,83.0,19.2,1004.1,-0.8,0.0,NW,0.4,Aotizhongxin,14.0,136.0,110.5,2458.737318840574,11.0,26.0,18.549999999999997,28.30114130434586,2014-05-07 19:00:00,64.0,2014-05-08 19:00:00
10317,2014-05-09 15:00:00,0,train,10432,2014,5,9,15,75.0,115.0,37.0,59.0,1500.0,69.0,18.6,1008.0,8.3,0.0,NE,1.0,Aotizhongxin,52.0,83.0,68.5,61.99275362318058,16.1,22.2,17.5,3.0704166666645705,2014-05-09 15:00:00,68.0,2014-05-10 15:00:00
10329,2014-05-10 03:00:00,0,train,10444,2014,5,10,3,40.0,77.0,27.0,47.0,1000.0,62.0,14.3,1010.0,7.6,0.0,ENE,0.8,Aotizhongxin,34.0,83.0,64.5,264.14492753622204,14.3,19.6,16.9,2.0110144927512357,2014-05-10 03:00:00,36.0,2014-05-11 03:00:00
10347,2014-05-10 21:00:00,0,train,10462,2014,5,10,21,76.0,98.0,26.0,93.0,1400.0,35.0,17.2,1010.5,6.1,0.0,SSE,2.0,Aotizhongxin,40.0,76.0,55.5,126.84057971013428,13.6,19.3,16.549999999999997,2.854492753620651,2014-05-10 21:00:00,24.0,2014-05-11 21:00:00
10365,2014-05-11 15:00:00,0,train,10480,2014,5,11,15,10.0,10.0,2.0,20.0,700.0,99.0,14.1,996.7,9.5,0.0,NNW,1.7,Aotizhongxin,9.0,76.0,39.5,430.34601449273924,10.5,19.0,11.7,8.010706521735555,2014-05-11 15:00:00,23.0,2014-05-12 15:00:00
10401,2014-05-13 03:00:00,0,train,10516,2014,5,13,3,43.0,102.0,14.0,73.0,600.0,30.0,13.0,994.8,11.6,0.0,ENE,0.6,Aotizhongxin,12.0,60.0,43.0,181.2101449275226,9.9,29.0,23.85,42.69128623188315,2014-05-13 03:00:00,25.0,2014-05-14 03:00:00
10420,2014-05-13 22:00:00,0,train,10535,2014,5,13,22,26.0,100.0,4.0,37.0,300.0,67.0,22.4,998.3,-6.4,0.0,N,3.9,Aotizhongxin,26.0,102.0,49.0,552.7826086956414,13.0,29.8,22.65,32.5144927536224,2014-05-13 22:00:00,30.0,2014-05-14 22:00:00
10466,2014-05-15 20:00:00,0,train,10581,2014,5,15,20,86.0,302.0,9.0,75.0,600.0,66.0,24.7,993.7,6.0,0.0,SE,2.2,Aotizhongxin,27.0,123.0,53.0,977.9057971014405,8.7,27.8,19.950000000000003,56.9950543478242,2014-05-15 20:00:00,28.0,2014-05-16 20:00:00
10521,2014-05-18 03:00:00,0,train,10636,2014,5,18,3,101.0,308.0,12.0,83.0,800.0,2.0,14.2,1004.9,12.1,0.0,NNE,0.2,Aotizhongxin,45.0,107.0,70.5,362.389492753618,14.2,27.3,21.95,21.667826086955404,2014-05-18 03:00:00,64.0,2014-05-19 03:00:00
10524,2014-05-18 06:00:00,0,train,10639,2014,5,18,6,94.0,156.0,18.0,92.0,1000.0,2.0,17.2,1005.2,11.2,0.0,N,0.9,Aotizhongxin,45.0,160.0,76.0,880.6358695652146,14.2,27.3,21.95,20.55302536231775,2014-05-18 06:00:00,82.0,2014-05-19 06:00:00
10553,2014-05-19 11:00:00,0,train,10668,2014,5,19,11,111.0,130.0,18.0,53.0,900.0,101.0,25.3,999.2,15.9,0.0,NE,1.2,Aotizhongxin,64.0,157.0,90.5,594.8677536231926,17.8,29.0,25.0,16.68954710144894,2014-05-19 11:00:00,66.0,2014-05-20 11:00:00
10581,2014-05-20 15:00:00,0,train,10696,2014,5,20,15,20.0,23.0,8.0,25.0,300.0,153.0,31.9,996.7,8.2,0.0,SW,3.2,Aotizhongxin,15.0,220.0,106.0,4303.847826086968,18.1,31.9,22.75,22.972101449275073,2014-05-20 15:00:00,126.0,2014-05-21 15:00:00
10598,2014-05-21 08:00:00,1,train,10713,2014,5,21,8,85.0,160.0,33.0,75.0,1300.0,22.0,23.1,1002.0,13.8,0.0,ENE,1.0,Aotizhongxin,15.0,130.0,72.0,1244.52108695651,17.2,31.9,25.65,27.12824275362311,2014-05-21 08:00:00,253.0,2014-05-22 08:00:00
10637,2014-05-22 23:00:00,0,train,10752,2014,5,22,23,69.0,76.0,10.0,43.0,400.0,118.0,26.7,1002.8,14.1,0.0,SW,2.1,Aotizhongxin,42.0,290.0,151.5,7314.933840579735,19.0,33.6,26.95,29.42346014492796,2014-05-22 23:00:00,94.0,2014-05-23 23:00:00
10712,2014-05-26 02:00:00,0,train,10827,2014,5,26,2,21.0,60.0,2.0,83.0,400.0,2.0,14.6,999.0,7.4,0.0,WNW,0.0,Aotizhongxin,11.0,198.0,24.5,4229.215579710155,14.6,27.9,23.5,18.982590579709303,2014-05-26 02:00:00,29.0,2014-05-27 02:00:00
10757,2014-05-27 23:00:00,0,train,10872,2014,5,27,23,14.0,14.0,2.0,52.0,300.0,44.0,18.1,995.7,10.7,0.0,NNE,0.1,Aotizhongxin,7.0,145.0,28.0,1522.8967391304434,17.5,31.9,28.25,32.797318840579585,2014-05-27 23:00:00,43.0,2014-05-28 23:00:00
10769,2014-05-28 11:00:00,0,train,10884,2014,5,28,11,20.0,20.0,6.0,53.0,300.0,89.0,33.1,995.3,7.8,0.0,WSW,2.7,Aotizhongxin,7.0,53.0,18.0,253.0652173913129,15.1,33.1,25.1,42.78862318840538,2014-05-28 11:00:00,65.0,2014-05-29 11:00:00
10780,2014-05-28 22:00:00,0,train,10895,2014,5,28,22,65.0,65.0,10.0,74.0,700.0,108.0,29.0,992.1,8.6,0.0,WSW,2.0,Aotizhongxin,14.0,65.0,35.0,162.92753623189256,15.1,36.2,29.799999999999997,63.31519927536275,2014-05-28 22:00:00,78.0,2014-05-29 22:00:00
10781,2014-05-28 23:00:00,0,train,10896,2014,5,28,23,43.0,43.0,15.0,83.0,700.0,89.0,27.8,991.7,9.1,0.0,SW,1.2,Aotizhongxin,15.0,65.0,37.5,143.33152173913894,15.1,36.2,29.799999999999997,59.809492753623765,2014-05-28 23:00:00,63.0,2014-05-29 23:00:00
10787,2014-05-29 05:00:00,0,train,10902,2014,5,29,5,56.0,56.0,9.0,124.0,600.0,2.0,19.2,991.8,13.8,0.0,ENE,1.0,Aotizhongxin,19.0,65.0,41.5,155.24456521739978,19.2,36.2,29.799999999999997,35.93275362318943,2014-05-29 05:00:00,54.0,2014-05-30 05:00:00
10797,2014-05-29 15:00:00,0,train,10912,2014,5,29,15,31.0,31.0,10.0,27.0,500.0,175.0,40.1,990.4,6.4,0.0,WNW,1.3,Aotizhongxin,30.0,73.0,53.0,198.45652173913885,19.2,40.5,29.85,49.65157608695804,2014-05-29 15:00:00,121.0,2014-05-30 15:00:00
10815,2014-05-30 09:00:00,0,train,10930,2014,5,30,9,78.0,78.0,68.0,104.0,2500.0,77.0,31.6,1001.3,12.4,0.0,ENE,1.5,Aotizhongxin,19.0,113.0,60.5,596.5634057971099,22.1,40.5,27.950000000000003,47.29606884058118,2014-05-30 09:00:00,104.0,2014-05-31 09:00:00
10836,2014-05-31 06:00:00,0,train,10951,2014,5,31,6,99.0,177.0,47.0,67.0,2300.0,63.0,23.1,1002.6,16.9,0.0,ENE,1.2,Aotizhongxin,49.0,122.0,94.5,389.1304347826179,21.5,34.8,28.45,22.379057971015403,2014-05-31 06:00:00,53.0,2014-06-01 06:00:00
10955,2014-06-05 05:00:00,0,train,11070,2014,6,5,5,88.0,88.0,5.0,,700.0,2.0,20.6,1000.1,18.5,0.0,NE,0.1,Aotizhongxin,42.0,96.0,51.0,394.6304347826189,19.7,30.1,25.05,10.485797101448975,2014-06-05 05:00:00,96.0,2014-06-06 05:00:00
10965,2014-06-05 15:00:00,0,train,11080,2014,6,5,15,45.0,45.0,11.0,21.0,500.0,203.0,33.1,996.6,15.6,0.0,W,2.4,Aotizhongxin,42.0,103.0,51.0,466.7663043478359,19.7,33.7,25.15,19.920851449275403,2014-06-05 15:00:00,7.0,2014-06-06 15:00:00
11036,2014-06-08 14:00:00,0,train,11151,2014,6,8,14,54.0,54.0,20.0,45.0,1000.0,159.0,17.5,996.1,16.0,7.8,ENE,1.7,Aotizhongxin,3.0,56.0,22.5,275.2445652174028,17.5,30.7,23.25,20.94215579710071,2014-06-08 14:00:00,28.0,2014-06-09 14:00:00
11045,2014-06-08 23:00:00,0,train,11160,2014,6,8,23,37.0,37.0,4.0,104.0,800.0,2.0,17.3,997.0,16.5,0.0,ESE,0.1,Aotizhongxin,5.0,56.0,29.0,210.86956521740257,17.3,29.3,19.25,14.837971014491108,2014-06-08 23:00:00,41.0,2014-06-09 23:00:00
11049,2014-06-09 03:00:00,0,train,11164,2014,6,9,3,16.0,16.0,2.0,45.0,300.0,24.0,15.4,998.0,15.2,0.0,NNE,1.0,Aotizhongxin,5.0,56.0,27.0,223.15760869566353,15.4,29.3,18.95,18.003460144925736,2014-06-09 03:00:00,68.0,2014-06-10 03:00:00
11056,2014-06-09 10:00:00,0,train,11171,2014,6,9,10,54.0,54.0,14.0,58.0,900.0,50.0,26.3,999.6,15.7,0.0,WSW,1.0,Aotizhongxin,5.0,55.0,31.0,216.34601449276488,15.0,29.3,18.45,19.543894927534254,2014-06-09 10:00:00,92.0,2014-06-10 10:00:00
11182,2014-06-14 16:00:00,0,train,11297,2014,6,14,16,39.0,39.0,5.0,28.0,500.0,217.0,32.2,997.8,18.4,0.0,WSW,3.3,Aotizhongxin,15.0,57.0,27.5,125.73188405798567,18.1,33.3,20.299999999999997,28.687753623187717,2014-06-14 16:00:00,156.0,2014-06-15 16:00:00
11188,2014-06-14 22:00:00,0,train,11303,2014,6,14,22,83.0,83.0,3.0,83.0,900.0,130.0,24.2,999.7,20.7,0.0,ESE,0.0,Aotizhongxin,18.0,83.0,37.5,246.9981884058101,18.1,33.3,25.85,28.158532608695445,2014-06-14 22:00:00,74.0,2014-06-15 22:00:00
11251,2014-06-17 13:00:00,0,train,11366,2014,6,17,13,84.0,84.0,2.0,62.0,900.0,102.0,26.7,995.2,21.5,0.0,WSW,2.4,Aotizhongxin,14.0,245.0,111.5,4042.1286231884087,18.4,30.0,25.25,13.923894927535743,2014-06-17 13:00:00,28.0,2014-06-18 13:00:00
11253,2014-06-17 15:00:00,0,train,11368,2014,6,17,15,145.0,145.0,3.0,49.0,1000.0,172.0,25.9,995.6,21.6,0.0,WSW,2.4,Aotizhongxin,14.0,245.0,111.5,3789.853260869568,18.4,29.1,25.25,11.869981884057399,2014-06-17 15:00:00,49.0,2014-06-18 15:00:00
11263,2014-06-18 01:00:00,0,train,11378,2014,6,18,1,67.0,67.0,2.0,46.0,900.0,40.0,18.5,997.9,18.5,0.0,N,0.5,Aotizhongxin,14.0,245.0,59.0,3235.2101449275438,18.4,26.7,20.299999999999997,7.952101449273875,2014-06-18 01:00:00,136.0,2014-06-19 01:00:00
11291,2014-06-19 05:00:00,0,train,11406,2014,6,19,5,124.0,124.0,2.0,101.0,800.0,2.0,19.4,998.0,18.9,0.0,NNE,0.6,Aotizhongxin,27.0,136.0,70.0,1445.6231884058036,19.3,30.6,25.049999999999997,16.302318840579357,2014-06-19 05:00:00,44.0,2014-06-20 05:00:00
11338,2014-06-21 04:00:00,0,train,11453,2014,6,21,4,75.0,75.0,2.0,51.0,600.0,30.0,20.6,1003.0,19.4,0.0,SW,0.6,Aotizhongxin,15.0,97.0,41.5,831.998188405805,19.2,28.4,23.0,9.556503623187604,2014-06-21 04:00:00,28.0,2014-06-22 04:00:00
11339,2014-06-21 05:00:00,0,train,11454,2014,6,21,5,79.0,79.0,3.0,74.0,600.0,12.0,21.2,1003.3,18.8,0.0,WSW,1.3,Aotizhongxin,15.0,97.0,45.0,863.1304347826165,19.3,28.4,23.0,8.983315217390532,2014-06-21 05:00:00,22.0,2014-06-22 05:00:00
11387,2014-06-23 05:00:00,0,train,11502,2014,6,23,5,23.0,23.0,2.0,64.0,800.0,2.0,17.9,1004.1,17.9,0.0,NE,0.5,Aotizhongxin,18.0,58.0,33.5,99.02717391305295,17.3,28.6,21.85,15.51418478260752,2014-06-23 05:00:00,55.0,2014-06-24 05:00:00
11440,2014-06-25 10:00:00,0,train,11555,2014,6,25,10,111.0,111.0,18.0,88.0,1300.0,32.0,26.6,998.1,21.6,0.0,WSW,0.6,Aotizhongxin,3.0,463.0,73.5,14482.231884057976,22.9,31.0,26.6,7.7204166666671865,2014-06-25 10:00:00,141.0,2014-06-26 10:00:00
11524,2014-06-28 22:00:00,0,train,11639,2014,6,28,22,19.0,19.0,2.0,103.0,500.0,17.0,24.6,999.8,17.1,0.0,N,0.0,Aotizhongxin,13.0,56.0,23.0,89.54891304349708,19.2,36.6,29.9,43.442590579711094,2014-06-28 22:00:00,69.0,2014-06-29 22:00:00
11572,2014-06-30 22:00:00,0,train,11687,2014,6,30,22,47.0,47.0,10.0,55.0,500.0,124.0,29.3,999.1,17.2,0.0,WSW,1.5,Aotizhongxin,47.0,114.0,77.5,305.03623188406056,24.0,35.2,29.8,15.582155797102745,2014-06-30 22:00:00,102.0,2014-07-01 22:00:00
11588,2014-07-01 14:00:00,0,train,11703,2014,7,1,14,130.0,130.0,25.0,49.0,1000.0,189.0,30.6,997.3,20.8,0.0,SW,1.7,Aotizhongxin,47.0,136.0,74.0,899.8840579710144,23.3,34.5,29.55,10.22592391304458,2014-07-01 14:00:00,59.0,2014-07-02 14:00:00
11715,2014-07-06 21:00:00,1,train,11830,2014,7,6,21,211.0,211.0,2.0,54.0,1400.0,157.0,28.4,998.8,24.2,0.0,WSW,1.2,Aotizhongxin,129.0,280.0,205.0,941.2445652173225,24.2,32.2,28.25,6.914710144928563,2014-07-06 21:00:00,211.0,2014-07-07 21:00:00
11716,2014-07-06 22:00:00,1,train,11831,2014,7,6,22,214.0,214.0,2.0,52.0,1500.0,154.0,28.8,998.7,24.1,0.0,SSE,1.3,Aotizhongxin,173.0,280.0,209.0,679.6231884057261,24.2,32.2,28.6,6.886884057972061,2014-07-06 22:00:00,228.0,2014-07-07 22:00:00
11948,2014-07-16 14:00:00,0,train,12063,2014,7,16,14,192.0,192.0,3.0,68.0,1500.0,90.0,30.5,995.6,23.7,0.0,N,0.6,Aotizhongxin,48.0,192.0,73.0,2207.3913043478365,21.8,31.6,25.75,11.512753623188367,2014-07-16 14:00:00,165.0,2014-07-17 14:00:00
11960,2014-07-17 02:00:00,0,train,12075,2014,7,17,2,65.0,65.0,2.0,56.0,600.0,24.0,21.7,999.5,21.7,0.0,ENE,0.0,Aotizhongxin,38.0,192.0,79.5,2971.3894927536267,20.8,31.2,23.5,13.93476449275317,2014-07-17 02:00:00,157.0,2014-07-18 02:00:00
12087,2014-07-22 09:00:00,0,train,12202,2014,7,22,9,14.0,14.0,8.0,56.0,300.0,13.0,26.0,1001.5,21.0,0.0,E,0.5,Aotizhongxin,5.0,19.0,11.0,12.244565217465018,26.0,35.1,29.6,8.982536231885454,2014-07-22 09:00:00,20.0,2014-07-23 09:00:00
12099,2014-07-22 21:00:00,0,train,12214,2014,7,22,21,20.0,20.0,6.0,60.0,900.0,23.0,24.8,1001.0,18.3,0.0,ENE,0.8,Aotizhongxin,7.0,27.0,11.0,22.69565217398584,24.5,29.3,27.0,1.41215579710185,2014-07-22 21:00:00,59.0,2014-07-23 21:00:00
12121,2014-07-23 19:00:00,0,train,12236,2014,7,23,19,30.0,30.0,3.0,92.0,700.0,78.0,26.1,996.6,22.8,0.0,W,1.3,Aotizhongxin,18.0,47.0,23.0,38.59239130441291,22.2,30.4,24.65,6.4373188405795085,2014-07-23 19:00:00,49.0,2014-07-24 19:00:00
12189,2014-07-26 15:00:00,0,train,12304,2014,7,26,15,78.0,78.0,12.0,25.0,800.0,238.0,34.7,1001.1,18.3,0.0,WSW,2.9,Aotizhongxin,40.0,146.0,97.0,1146.173913043493,21.9,34.7,28.75,16.929112318841614,2014-07-26 15:00:00,107.0,2014-07-27 15:00:00
12219,2014-07-27 21:00:00,0,train,12334,2014,7,27,21,103.0,103.0,7.0,26.0,700.0,191.0,29.5,999.4,20.4,0.0,SW,2.2,Aotizhongxin,67.0,155.0,109.0,525.1141304347906,22.1,34.5,29.6,15.397228260870806,2014-07-27 21:00:00,101.0,2014-07-28 21:00:00
12245,2014-07-28 23:00:00,0,train,12360,2014,7,28,23,92.0,92.0,5.0,33.0,500.0,125.0,28.9,997.2,22.2,0.0,SW,1.8,Aotizhongxin,75.0,187.0,115.0,1097.2753623188398,22.2,34.6,29.95,16.816793478262106,2014-07-28 23:00:00,73.0,2014-07-29 23:00:00
12249,2014-07-29 03:00:00,0,train,12364,2014,7,29,3,114.0,114.0,4.0,39.0,500.0,79.0,26.5,997.6,22.8,0.0,W,1.5,Aotizhongxin,75.0,187.0,106.5,1138.9275362318842,22.2,34.6,29.95,13.254764492755031,2014-07-29 03:00:00,38.0,2014-07-30 03:00:00
12281,2014-07-30 11:00:00,1,train,12396,2014,7,30,11,137.0,137.0,2.0,45.0,1200.0,71.0,24.9,1001.1,23.1,0.0,E,0.0,Aotizhongxin,35.0,141.0,98.0,819.9547101449417,23.0,33.1,24.5,16.06461956521779,2014-07-30 11:00:00,239.0,2014-07-31 11:00:00
12304,2014-07-31 10:00:00,0,train,12419,2014,7,31,10,233.0,233.0,2.0,51.0,1700.0,62.0,28.0,1001.7,24.4,0.0,SE,0.0,Aotizhongxin,137.0,256.0,198.0,1312.0579710144552,24.9,29.3,26.049999999999997,2.175652173913349,2014-07-31 10:00:00,183.0,2014-08-01 10:00:00
12313,2014-07-31 19:00:00,0,train,12428,2014,7,31,19,160.0,160.0,2.0,31.0,1000.0,167.0,28.5,999.6,23.0,0.0,W,1.5,Aotizhongxin,157.0,256.0,214.5,758.8405797100961,24.9,31.3,26.45,5.263188405797746,2014-07-31 19:00:00,145.0,2014-08-01 19:00:00
12465,2014-08-07 03:00:00,0,train,12580,2014,8,7,3,111.0,111.0,3.0,79.0,900.0,2.0,21.8,1003.7,19.0,0.0,NE,0.8,Aotizhongxin,3.0,131.0,36.0,1522.6503623188796,21.7,34.4,26.15,26.201449275363014,2014-08-07 03:00:00,54.0,2014-08-08 03:00:00
12484,2014-08-07 22:00:00,0,train,12599,2014,8,7,22,77.0,77.0,8.0,66.0,1300.0,118.0,27.4,1003.4,18.1,0.0,SW,2.3,Aotizhongxin,43.0,131.0,76.0,607.2155797101678,21.7,32.8,27.4,17.187826086957145,2014-08-07 22:00:00,62.0,2014-08-08 22:00:00
12593,2014-08-12 11:00:00,0,train,12708,2014,8,12,11,20.0,20.0,4.0,37.0,300.0,76.0,32.1,1000.2,12.3,0.0,ESE,1.6,Aotizhongxin,3.0,36.0,19.5,84.34057971019902,18.9,34.5,25.9,31.11215579710193,2014-08-12 11:00:00,47.0,2014-08-13 11:00:00
12665,2014-08-15 11:00:00,0,train,12780,2014,8,15,11,46.0,46.0,3.0,45.0,600.0,95.0,31.1,1000.8,15.5,0.0,ENE,1.1,Aotizhongxin,18.0,127.0,37.0,860.840579710185,17.7,31.1,23.35,21.43635869565162,2014-08-15 11:00:00,58.0,2014-08-16 11:00:00
12703,2014-08-17 01:00:00,0,train,12818,2014,8,17,1,183.0,183.0,2.0,76.0,1300.0,82.0,25.5,1002.5,16.6,0.0,WSW,3.8,Aotizhongxin,33.0,183.0,62.0,1174.7753623188687,20.3,34.3,25.95,21.265634057971393,2014-08-17 01:00:00,97.0,2014-08-18 01:00:00
12706,2014-08-17 04:00:00,0,train,12821,2014,8,17,4,31.0,31.0,6.0,23.0,300.0,104.0,23.3,1004.6,17.5,0.0,W,2.0,Aotizhongxin,31.0,183.0,54.0,1534.6884057971304,20.3,34.3,25.95,17.939710144928032,2014-08-17 04:00:00,44.0,2014-08-18 04:00:00
12738,2014-08-18 12:00:00,0,train,12853,2014,8,18,12,57.0,94.0,7.0,38.0,700.0,143.0,30.4,1005.7,18.5,0.0,WSW,2.0,Aotizhongxin,27.0,100.0,44.5,418.3894927536607,21.8,30.5,24.6,10.691884057971034,2014-08-18 12:00:00,118.0,2014-08-19 12:00:00
12774,2014-08-20 00:00:00,0,train,12889,2014,8,20,0,85.0,141.0,3.0,42.0,700.0,110.0,25.3,1004.1,20.5,0.0,WSW,1.6,Aotizhongxin,53.0,149.0,85.5,699.7101449275455,20.1,32.8,27.55,18.688967391304747,2014-08-20 00:00:00,108.0,2014-08-21 00:00:00
12830,2014-08-22 08:00:00,0,train,12945,2014,8,22,8,24.0,24.0,2.0,46.0,600.0,35.0,24.6,1003.0,19.9,0.0,E,0.8,Aotizhongxin,20.0,178.0,128.0,4671.780797101458,19.9,32.9,24.85,20.98070652173907,2014-08-22 08:00:00,110.0,2014-08-23 08:00:00
13023,2014-08-30 09:00:00,0,train,13138,2014,8,30,9,126.0,144.0,2.0,78.0,1400.0,2.0,23.7,1009.9,21.2,0.0,NE,1.2,Aotizhongxin,56.0,170.0,117.0,1183.449275362323,21.1,27.5,22.75,4.103894927535654,2014-08-30 09:00:00,55.0,2014-08-31 09:00:00
13026,2014-08-30 12:00:00,0,train,13141,2014,8,30,12,156.0,169.0,2.0,71.0,2100.0,24.0,25.1,1008.3,22.0,0.0,ENE,1.9,Aotizhongxin,59.0,170.0,124.5,1008.9402173913004,21.1,27.5,22.75,3.434764492752977,2014-08-30 12:00:00,78.0,2014-08-31 12:00:00
13049,2014-08-31 11:00:00,0,train,13164,2014,8,31,11,90.0,90.0,2.0,45.0,1100.0,64.0,26.8,1007.2,19.7,0.0,E,1.1,Aotizhongxin,40.0,170.0,98.5,2017.9057971014568,20.1,26.8,23.25,4.712880434781771,2014-08-31 11:00:00,137.0,2014-09-01 11:00:00
13051,2014-08-31 13:00:00,0,train,13166,2014,8,31,13,66.0,66.0,2.0,29.0,900.0,128.0,26.8,1006.2,20.6,0.0,SE,1.6,Aotizhongxin,40.0,170.0,89.0,1835.5362318840714,20.1,27.4,23.25,5.675923913042696,2014-08-31 13:00:00,144.0,2014-09-01 13:00:00
13059,2014-08-31 21:00:00,0,train,13174,2014,8,31,21,75.0,75.0,2.0,44.0,900.0,68.0,21.5,1008.5,21.5,0.2,ENE,1.2,Aotizhongxin,40.0,138.0,75.0,457.04347826090344,20.1,27.6,21.6,6.839057971013575,2014-08-31 21:00:00,81.3,2014-09-01 21:00:00
13077,2014-09-01 15:00:00,0,train,13192,2014,9,1,15,132.0,132.0,3.0,74.0,2900.0,66.0,26.2,1004.9,22.1,0.0,E,0.2,Aotizhongxin,61.0,145.0,90.0,797.0851449275517,20.8,26.2,21.45,2.8156340579699366,2014-09-01 15:00:00,22.0,2014-09-02 15:00:00
13107,2014-09-02 21:00:00,0,train,13222,2014,9,2,21,22.0,22.0,2.0,47.0,900.0,32.0,19.2,1006.2,19.2,0.0,N,0.0,Aotizhongxin,13.0,45.0,24.0,64.75362318848272,19.1,23.6,19.95,1.3033152173894271,2014-09-02 21:00:00,18.0,2014-09-03 21:00:00
13201,2014-09-06 19:00:00,0,train,13316,2014,9,6,19,113.0,166.0,6.0,39.0,700.0,147.0,26.0,1003.6,20.3,0.0,SW,1.7,Aotizhongxin,105.0,165.0,147.0,308.1739130434576,20.3,28.7,24.9,7.72519927536208,2014-09-06 19:00:00,133.0,2014-09-07 19:00:00
13230,2014-09-08 00:00:00,0,train,13345,2014,9,8,0,98.0,98.0,2.0,40.0,700.0,69.0,22.8,1004.4,6.9,0.0,ENE,1.7,Aotizhongxin,97.0,226.0,145.5,1421.346014492719,21.6,29.6,23.85,7.729547101449074,2014-09-08 00:00:00,26.0,2014-09-09 00:00:00
13277,2014-09-09 23:00:00,0,train,13392,2014,9,9,23,70.0,170.0,7.0,131.0,1000.0,23.0,18.8,1006.4,17.3,0.0,S,0.0,Aotizhongxin,14.0,70.0,35.5,282.6086956522755,14.5,30.1,21.6,28.16688405796967,2014-09-09 23:00:00,88.0,2014-09-10 23:00:00
13292,2014-09-10 14:00:00,0,train,13407,2014,9,10,14,52.0,52.0,16.0,32.0,700.0,172.0,29.1,1007.0,10.7,0.0,W,4.3,Aotizhongxin,40.0,124.0,64.5,738.9275362319433,18.1,29.4,21.799999999999997,17.317318840578647,2014-09-10 14:00:00,95.0,2014-09-11 14:00:00
13410,2014-09-15 12:00:00,0,train,13525,2014,9,15,12,11.0,24.0,5.0,15.0,200.0,53.0,27.7,1012.0,1.2,0.0,NNE,2.7,Aotizhongxin,9.0,45.0,19.0,146.86775362330818,14.0,27.7,16.85,21.171231884055224,2014-09-15 12:00:00,19.0,2014-09-16 12:00:00
13422,2014-09-16 00:00:00,0,train,13537,2014,9,16,0,27.0,118.0,3.0,77.0,400.0,2.0,13.9,1012.0,9.5,0.0,NE,1.3,Aotizhongxin,3.0,45.0,17.5,119.69384057983417,13.9,28.7,20.95,30.506503623186482,2014-09-16 00:00:00,49.0,2014-09-17 00:00:00
13504,2014-09-19 10:00:00,0,train,13619,2014,9,19,10,106.0,180.0,10.0,124.0,1000.0,2.0,21.6,1007.2,14.0,0.0,WSW,1.0,Aotizhongxin,39.0,106.0,64.5,442.84057971021036,12.8,28.4,19.85,28.63027173912826,2014-09-19 10:00:00,121.0,2014-09-20 10:00:00
13515,2014-09-19 21:00:00,0,train,13630,2014,9,19,21,87.0,238.0,5.0,88.0,1000.0,41.0,18.4,1004.8,18.2,0.1,NNE,0.5,Aotizhongxin,55.0,156.0,84.5,587.9981884058419,12.8,25.5,18.75,19.30592391304093,2014-09-19 21:00:00,175.0,2014-09-20 21:00:00
13559,2014-09-21 17:00:00,0,train,13674,2014,9,21,17,108.0,143.0,10.0,47.0,1300.0,121.0,23.4,1010.5,18.1,0.0,SSW,1.6,Aotizhongxin,55.0,219.0,119.5,2908.5199275362284,18.6,25.1,21.0,4.401449275360776,2014-09-21 17:00:00,103.0,2014-09-22 17:00:00
13566,2014-09-22 00:00:00,0,train,13681,2014,9,22,0,83.0,104.0,3.0,104.0,800.0,16.0,20.6,1013.0,18.4,0.0,SW,1.0,Aotizhongxin,55.0,218.0,94.5,1538.6068840580006,19.6,25.1,21.9,3.2204166666653014,2014-09-22 00:00:00,90.0,2014-09-23 00:00:00
13607,2014-09-23 17:00:00,0,train,13722,2014,9,23,17,32.0,32.0,2.0,64.0,500.0,2.0,17.4,1010.4,17.4,0.6,NE,0.8,Aotizhongxin,26.0,111.0,49.0,840.891304347905,17.2,19.6,18.15,0.43934782608391015,2014-09-23 17:00:00,21.0,2014-09-24 17:00:00
13608,2014-09-23 18:00:00,0,train,13723,2014,9,23,18,35.0,35.0,2.0,69.0,800.0,2.0,17.3,1010.2,17.3,0.8,NE,1.4,Aotizhongxin,26.0,111.0,47.0,809.8188405797927,17.2,19.3,18.05,0.37476449275053464,2014-09-23 18:00:00,29.0,2014-09-24 18:00:00
13628,2014-09-24 14:00:00,0,train,13743,2014,9,24,14,17.0,17.0,5.0,17.0,400.0,65.0,26.6,1008.4,15.0,0.0,NW,1.0,Aotizhongxin,11.0,62.0,28.5,203.18840579722445,16.5,26.6,17.3,9.64606884057696,2014-09-24 14:00:00,169.0,2014-09-25 14:00:00
13741,2014-09-29 07:00:00,0,train,13856,2014,9,29,7,94.0,114.0,3.0,62.0,1300.0,2.0,16.7,1011.2,15.9,0.0,NE,1.5,Aotizhongxin,24.0,107.0,73.0,599.2590579710869,15.0,22.4,17.65,7.368532608692575,2014-09-29 07:00:00,18.0,2014-09-30 07:00:00
13771,2014-09-30 13:00:00,0,train,13886,2014,9,30,13,23.0,50.0,11.0,39.0,600.0,22.0,15.7,1018.7,2.5,0.0,WSW,1.2,Aotizhongxin,8.0,25.0,18.5,26.24456521753575,11.2,24.2,14.0,16.619347826082574,2014-09-30 13:00:00,68.0,2014-10-01 13:00:00
13789,2014-10-01 07:00:00,0,train,13904,2014,10,1,7,43.0,82.0,7.0,57.0,600.0,2.0,12.2,1012.0,6.2,0.0,NE,1.2,Aotizhongxin,15.0,80.0,33.5,468.8677536233002,11.5,16.2,12.65,1.9259239130381252,2014-10-01 07:00:00,67.0,2014-10-02 07:00:00
13839,2014-10-03 09:00:00,0,train,13954,2014,10,3,9,51.0,51.0,5.0,41.0,900.0,2.0,14.3,1013.6,12.0,0.0,ESE,0.6,Aotizhongxin,23.0,112.0,62.0,594.2826086957364,10.9,21.6,13.55,13.408967391299946,2014-10-03 09:00:00,55.0,2014-10-04 09:00:00
13853,2014-10-03 23:00:00,0,train,13968,2014,10,3,23,149.0,158.0,6.0,82.0,3000.0,2.0,15.4,1011.5,15.4,0.2,WSW,1.0,Aotizhongxin,45.0,175.0,90.0,1526.0797101449602,10.9,17.8,15.45,4.081666666662038,2014-10-03 23:00:00,70.0,2014-10-04 23:00:00
13857,2014-10-04 03:00:00,0,train,13972,2014,10,4,3,78.0,78.0,2.0,21.0,800.0,41.0,15.0,1011.1,14.4,0.0,SW,2.2,Aotizhongxin,45.0,175.0,100.5,1557.5923913043766,12.7,17.8,15.45,1.9456340579666556,2014-10-04 03:00:00,69.0,2014-10-05 03:00:00
13869,2014-10-04 15:00:00,0,train,13984,2014,10,4,15,91.0,91.0,2.0,49.0,900.0,33.0,16.4,1012.7,15.1,0.1,SSW,0.7,Aotizhongxin,49.0,175.0,91.0,1497.9927536232221,14.6,17.0,15.45,0.5042753623145795,2014-10-04 15:00:00,10.0,2014-10-05 15:00:00
13986,2014-10-10 00:00:00,1,train,14113,2014,10,10,0,,,,,,91.0,14.4,1016.3,14.4,0.0,ENE,0.8,Aotizhongxin,178.0,446.0,341.5,3345.898268397904,12.4,21.7,15.3,10.091521739126375,2014-10-10 00:00:00,332.0,2014-10-11 00:00:00
14003,2014-10-10 17:00:00,1,train,14130,2014,10,10,17,274.0,274.0,21.0,77.0,1600.0,130.0,18.4,1014.3,17.2,0.0,ENE,1.0,Aotizhongxin,139.0,446.0,352.0,8388.204545453855,12.5,21.5,15.45,8.256068840575814,2014-10-10 17:00:00,297.0,2014-10-11 17:00:00
14041,2014-10-12 07:00:00,0,train,14168,2014,10,12,7,6.0,6.0,,,,,15.0,1026.8,-0.8,0.0,NNE,2.3,Aotizhongxin,4.0,297.0,21.5,16392.753623188342,14.6,19.2,16.75,2.5538405797064314,2014-10-12 07:00:00,7.0,2014-10-13 07:00:00
14069,2014-10-13 11:00:00,0,train,14196,2014,10,13,11,5.0,5.0,4.0,14.0,300.0,43.0,16.0,1021.6,-7.0,0.0,ENE,2.6,Aotizhongxin,4.0,14.0,8.5,7.998188405867563,5.5,17.5,13.5,16.312880434776897,2014-10-13 11:00:00,45.0,2014-10-14 11:00:00
14075,2014-10-13 17:00:00,0,train,14202,2014,10,13,17,11.0,11.0,5.0,31.0,300.0,40.0,13.8,1017.4,-3.5,0.0,WSW,1.7,Aotizhongxin,3.0,14.0,8.0,9.304347826157759,5.5,18.3,13.45,17.05065217390735,2014-10-13 17:00:00,38.0,2014-10-14 17:00:00
14084,2014-10-14 02:00:00,0,train,14211,2014,10,14,2,33.0,33.0,6.0,63.0,500.0,2.0,4.0,1016.6,3.7,0.0,ESE,0.0,Aotizhongxin,3.0,62.0,12.0,346.6938405797673,4.0,18.3,9.7,26.1538949275297,2014-10-14 02:00:00,107.0,2014-10-15 02:00:00
14098,2014-10-14 16:00:00,0,train,14225,2014,10,14,16,50.0,101.0,11.0,44.0,400.0,71.0,19.7,1009.8,2.1,0.0,SW,1.3,Aotizhongxin,11.0,62.0,37.5,179.17210144931323,3.5,21.6,8.1,45.31780797100811,2014-10-14 16:00:00,11.0,2014-10-15 16:00:00
14112,2014-10-15 06:00:00,0,train,14239,2014,10,15,6,85.0,117.0,6.0,80.0,700.0,2.0,7.4,1008.1,6.7,0.0,NNW,0.9,Aotizhongxin,27.0,135.0,64.5,1067.259057971014,6.8,21.6,12.9,29.347753623183053,2014-10-15 06:00:00,25.0,2014-10-16 06:00:00
14137,2014-10-16 07:00:00,0,train,14264,2014,10,16,7,24.0,72.0,7.0,60.0,600.0,2.0,6.9,1019.0,3.1,0.0,NE,1.8,Aotizhongxin,6.0,92.0,16.5,434.20108695657143,3.3,21.9,15.75,53.332391304342465,2014-10-16 07:00:00,77.0,2014-10-17 07:00:00
14143,2014-10-16 13:00:00,0,train,14270,2014,10,16,13,25.0,96.0,10.0,29.0,400.0,51.0,21.3,1013.0,-1.9,0.0,WSW,4.3,Aotizhongxin,6.0,39.0,22.5,78.04166666672054,3.3,21.9,13.75,47.7169384057915,2014-10-16 13:00:00,86.0,2014-10-17 13:00:00
14188,2014-10-18 10:00:00,1,train,14315,2014,10,18,10,115.0,187.0,13.0,110.0,1100.0,6.0,20.5,1012.3,7.1,0.0,NNE,0.0,Aotizhongxin,86.0,191.0,121.5,968.9402173912342,7.0,24.2,12.899999999999999,31.603478260864925,2014-10-18 10:00:00,325.0,2014-10-19 10:00:00
14234,2014-10-20 08:00:00,0,train,14361,2014,10,20,8,208.0,208.0,7.0,90.0,1600.0,2.0,14.8,1012.8,14.8,0.0,E,0.1,Aotizhongxin,149.0,367.0,218.5,6110.346014492566,12.1,20.2,16.15,5.157807971010507,2014-10-20 08:00:00,36.0,2014-10-21 08:00:00
14246,2014-10-20 20:00:00,0,train,14373,2014,10,20,20,243.0,243.0,7.0,112.0,1900.0,17.0,16.9,1016.4,14.2,0.0,SSW,1.2,Aotizhongxin,149.0,352.0,228.5,2445.5489130433016,12.1,20.2,16.45,5.217318840575786,2014-10-20 20:00:00,62.0,2014-10-21 20:00:00
14256,2014-10-21 06:00:00,0,train,14383,2014,10,21,6,31.0,31.0,26.0,56.0,1300.0,8.0,12.1,1019.3,1.1,0.0,WSW,1.0,Aotizhongxin,31.0,272.0,223.0,9004.867753623059,12.1,20.2,15.95,5.819836956517687,2014-10-21 06:00:00,76.0,2014-10-22 06:00:00
14283,2014-10-22 09:00:00,0,train,14410,2014,10,22,9,66.0,153.0,16.0,96.0,1300.0,2.0,11.0,1018.5,3.3,0.0,ENE,1.0,Aotizhongxin,32.0,107.0,62.0,503.90579710142526,6.7,16.1,8.95,10.242590579703581,2014-10-22 09:00:00,123.0,2014-10-23 09:00:00
14307,2014-10-23 09:00:00,0,train,14434,2014,10,23,9,123.0,177.0,7.0,79.0,1000.0,2.0,13.5,1010.8,8.3,0.0,NE,1.9,Aotizhongxin,60.0,123.0,98.5,254.6956521738546,11.6,14.8,12.5,0.9473731884002609,2014-10-23 09:00:00,180.0,2014-10-24 09:00:00
14313,2014-10-23 15:00:00,1,train,14440,2014,10,23,15,144.0,190.0,21.0,103.0,1200.0,12.0,16.4,1006.4,10.7,0.0,ESE,0.0,Aotizhongxin,60.0,144.0,108.0,417.9057971013775,11.7,17.1,12.7,2.6584782608642596,2014-10-23 15:00:00,296.0,2014-10-24 15:00:00
14322,2014-10-24 00:00:00,1,train,14449,2014,10,24,0,212.0,327.0,19.0,165.0,2900.0,2.0,9.6,1006.8,9.6,0.0,E,0.6,Aotizhongxin,93.0,212.0,138.5,1020.7373188404813,9.6,17.1,12.0,5.051231884052363,2014-10-24 00:00:00,326.0,2014-10-25 00:00:00
14329,2014-10-24 07:00:00,1,train,14456,2014,10,24,7,164.0,187.0,5.0,92.0,1500.0,2.0,9.1,1007.0,9.1,0.0,ESE,0.0,Aotizhongxin,114.0,212.0,161.5,607.114130434663,7.9,17.1,10.399999999999999,9.033913043472205,2014-10-24 07:00:00,268.0,2014-10-25 07:00:00
14382,2014-10-26 12:00:00,0,train,14509,2014,10,26,12,10.0,10.0,2.0,17.0,300.0,57.0,17.8,1020.1,-5.5,0.0,E,1.8,Aotizhongxin,10.0,432.0,338.0,27880.6304347824,12.4,20.3,14.95,5.982445652169506,2014-10-26 12:00:00,46.0,2014-10-27 12:00:00
14429,2014-10-28 11:00:00,0,train,14556,2014,10,28,11,85.0,167.0,19.0,99.0,1600.0,2.0,11.6,1021.1,4.1,0.0,NE,1.4,Aotizhongxin,25.0,85.0,42.5,270.9275362318582,4.5,15.4,9.65,12.461286231876993,2014-10-28 11:00:00,103.0,2014-10-29 11:00:00
14517,2014-11-01 03:00:00,0,train,14644,2014,11,1,3,156.0,156.0,5.0,83.0,2400.0,2.0,7.8,1020.0,7.8,0.0,W,0.7,Aotizhongxin,109.0,198.0,162.0,588.282608695528,7.8,15.4,12.8,4.396503623182705,2014-11-01 03:00:00,5.0,2014-11-02 03:00:00
14543,2014-11-02 05:00:00,0,train,14670,2014,11,2,5,3.0,5.0,3.0,13.0,200.0,47.0,8.5,1026.0,-9.5,0.0,NNE,1.4,Aotizhongxin,3.0,44.0,12.5,116.54891304346336,6.2,15.4,12.9,8.959999999994034,2014-11-02 05:00:00,14.0,2014-11-03 05:00:00
14547,2014-11-02 09:00:00,0,train,14674,2014,11,2,9,7.0,13.0,6.0,27.0,300.0,34.0,10.4,1025.0,-8.8,0.0,N,3.1,Aotizhongxin,3.0,17.0,11.0,19.374999999989143,7.7,15.4,12.9,7.33471014492166,2014-11-02 09:00:00,33.0,2014-11-03 09:00:00
14565,2014-11-03 03:00:00,0,train,14692,2014,11,3,3,20.0,39.0,2.0,61.0,700.0,2.0,1.9,1018.0,0.0,0.0,WNW,0.5,Aotizhongxin,3.0,20.0,7.0,16.732753623179125,1.9,15.1,9.399999999999999,18.966938405789843,2014-11-03 03:00:00,57.0,2014-11-04 03:00:00
14602,2014-11-04 16:00:00,0,train,14729,2014,11,4,16,143.0,178.0,56.0,89.0,1500.0,46.0,15.1,1017.0,1.2,0.0,SW,1.1,Aotizhongxin,12.0,146.0,57.5,1386.5797101448736,2.2,16.1,7.95,24.330362318832837,2014-11-04 16:00:00,9.0,2014-11-05 16:00:00
14627,2014-11-05 17:00:00,0,train,14754,2014,11,5,17,7.0,20.0,6.0,20.0,300.0,56.0,17.9,1016.0,-5.4,0.0,NNW,2.2,Aotizhongxin,6.0,349.0,133.0,8426.244565217301,3.1,20.9,6.15,46.88108695651492,2014-11-05 17:00:00,3.0,2014-11-06 17:00:00
14630,2014-11-05 20:00:00,0,train,14757,2014,11,5,20,6.0,38.0,3.0,23.0,500.0,51.0,14.7,1020.0,-6.3,0.0,NNE,2.9,Aotizhongxin,6.0,349.0,67.0,9227.818840579635,3.1,20.9,8.65,48.760851449269104,2014-11-05 20:00:00,13.0,2014-11-06 20:00:00
14691,2014-11-08 09:00:00,0,train,14818,2014,11,8,9,70.0,74.0,10.0,67.0,1900.0,2.0,3.1,1032.0,1.5,0.0,E,0.0,Aotizhongxin,25.0,90.0,55.0,344.60869565213665,-1.5,8.4,3.4000000000000004,13.079710144917405,2014-11-08 09:00:00,43.0,2014-11-09 09:00:00
14726,2014-11-09 20:00:00,0,train,14853,2014,11,9,20,61.0,94.0,3.0,112.0,1000.0,2.0,4.3,1026.0,1.5,0.0,W,0.0,Aotizhongxin,33.0,100.0,49.0,443.71014492749595,-1.5,15.9,3.8499999999999996,38.75847826086044,2014-11-09 20:00:00,98.0,2014-11-10 20:00:00
14732,2014-11-10 02:00:00,0,train,14859,2014,11,10,2,92.0,92.0,2.0,90.0,1600.0,2.0,0.5,1023.0,0.5,0.0,NNE,0.0,Aotizhongxin,33.0,95.0,49.0,393.15760869561245,-1.5,15.9,3.75,37.80021739129527,2014-11-10 02:00:00,151.0,2014-11-11 02:00:00
14764,2014-11-11 10:00:00,0,train,14891,2014,11,11,10,14.0,49.0,11.0,17.0,300.0,42.0,11.3,1013.0,-5.7,0.0,N,3.9,Aotizhongxin,8.0,183.0,72.0,2988.347826086901,2.5,14.9,10.8,19.35623188405044,2014-11-11 10:00:00,5.0,2014-11-12 10:00:00
14867,2014-11-15 17:00:00,0,train,14994,2014,11,15,17,194.0,280.0,64.0,169.0,2600.0,2.0,7.0,1014.0,-4.7,0.0,E,0.7,Aotizhongxin,30.0,194.0,76.5,2109.3913043477646,2.1,8.5,4.0,5.671721014483425,2014-11-15 17:00:00,11.0,2014-11-16 17:00:00
14882,2014-11-16 08:00:00,0,train,15009,2014,11,16,8,164.0,230.0,26.0,155.0,3800.0,2.0,1.7,1019.0,-1.7,0.0,ENE,1.5,Aotizhongxin,32.0,225.0,154.5,2773.0362318839393,0.1,8.5,3.2,8.148242753613475,2014-11-16 08:00:00,17.0,2014-11-17 08:00:00
14908,2014-11-17 10:00:00,0,train,15035,2014,11,17,10,19.0,38.0,28.0,44.0,700.0,20.0,8.7,1022.0,-7.1,0.0,E,1.3,Aotizhongxin,8.0,32.0,12.0,23.992753623202905,-1.7,12.6,7.85,22.952880434773896,2014-11-17 10:00:00,38.0,2014-11-18 10:00:00
14931,2014-11-18 09:00:00,0,train,15058,2014,11,18,9,39.0,41.0,16.0,66.0,1300.0,2.0,3.7,1018.0,-3.4,0.0,ENE,1.1,Aotizhongxin,7.0,82.0,37.0,423.5634057970953,-2.2,13.6,2.8499999999999996,33.83644927535259,2014-11-18 09:00:00,178.0,2014-11-19 09:00:00
14970,2014-11-20 00:00:00,1,train,15097,2014,11,20,0,339.0,381.0,46.0,179.0,4300.0,2.0,2.5,1012.0,0.9,0.0,ENE,1.0,Aotizhongxin,118.0,384.0,265.0,6691.519927535997,0.8,8.7,3.05,6.353025362309,2014-11-20 00:00:00,455.0,2014-11-21 00:00:00
15096,2014-11-25 06:00:00,1,train,15223,2014,11,25,6,125.0,178.0,13.0,88.0,3200.0,2.0,0.1,1022.0,-2.9,0.0,ENE,1.3,Aotizhongxin,18.0,136.0,47.0,1089.275362318792,-1.9,12.2,3.5999999999999996,21.95275362317887,2014-11-25 06:00:00,191.0,2014-11-26 06:00:00
15153,2014-11-27 15:00:00,0,train,15280,2014,11,27,15,14.0,33.0,5.0,43.0,500.0,25.0,6.9,1020.0,-12.9,0.0,NE,1.2,Aotizhongxin,10.0,408.0,177.5,27682.853260869368,3.0,8.9,5.65,2.3851992753532008,2014-11-27 15:00:00,82.0,2014-11-28 15:00:00
15182,2014-11-28 20:00:00,1,train,15309,2014,11,28,20,141.0,224.0,20.0,102.0,1600.0,2.0,5.3,1021.0,-0.3,0.0,WSW,1.7,Aotizhongxin,32.0,141.0,68.5,735.7807971013757,-1.0,10.2,4.800000000000001,12.163460144918018,2014-11-28 20:00:00,271.0,2014-11-29 20:00:00
15207,2014-11-29 21:00:00,0,train,15334,2014,11,29,21,266.0,339.0,23.0,116.0,3700.0,2.0,3.8,1020.0,2.6,0.0,NE,1.7,Aotizhongxin,182.0,321.0,233.0,1603.6358695649747,-0.9,4.2,2.9,3.3197101449167246,2014-11-29 21:00:00,25.0,2014-11-30 21:00:00
15258,2014-12-02 00:00:00,0,train,15385,2014,12,2,0,8.0,8.0,5.0,25.0,500.0,31.0,-5.3,1018.0,-22.8,0.0,N,2.0,Aotizhongxin,5.0,36.0,9.0,47.070652173863216,-5.4,-0.3,-4.1,2.335869565203636,2014-12-02 00:00:00,111.0,2014-12-03 00:00:00
15310,2014-12-04 04:00:00,0,train,15437,2014,12,4,4,8.0,19.0,4.0,12.0,300.0,52.0,-3.1,1029.0,-23.0,0.0,NW,2.7,Aotizhongxin,4.0,14.0,8.0,7.563405797053544,-4.2,1.1,-1.8,2.6263586956393623,2014-12-04 04:00:00,8.0,2014-12-05 04:00:00
15321,2014-12-04 15:00:00,0,train,15448,2014,12,4,15,6.0,29.0,8.0,10.0,400.0,60.0,2.1,1032.0,-23.5,0.0,NNW,5.6,Aotizhongxin,3.0,10.0,8.0,4.927536231837094,-3.1,2.1,-1.6,2.547228260856962,2014-12-04 15:00:00,7.0,2014-12-05 15:00:00
15330,2014-12-05 00:00:00,0,train,15457,2014,12,5,0,6.0,14.0,10.0,33.0,400.0,36.0,-3.7,1031.0,-22.9,0.0,NNE,1.5,Aotizhongxin,3.0,13.0,8.0,7.2010869564747395,-3.7,2.1,-1.6,3.4025362318714767,2014-12-05 00:00:00,117.0,2014-12-06 00:00:00
15334,2014-12-05 04:00:00,0,train,15461,2014,12,5,4,8.0,13.0,11.0,31.0,500.0,31.0,-5.8,1028.0,-21.4,0.0,NNE,1.1,Aotizhongxin,3.0,13.0,8.0,8.085144927489164,-5.8,2.1,-1.6,4.716938405784396,2014-12-05 04:00:00,70.0,2014-12-06 04:00:00
15346,2014-12-05 16:00:00,0,train,15473,2014,12,5,16,7.0,,9.0,,400.0,62.0,4.9,1028.0,-20.4,0.0,NNW,2.6,Aotizhongxin,3.0,21.0,8.0,15.623188405748882,-5.8,5.3,-2.1500000000000004,12.767173913030955,2014-12-05 16:00:00,33.0,2014-12-06 16:00:00
15366,2014-12-06 12:00:00,0,train,15493,2014,12,6,12,23.0,32.0,12.0,37.0,700.0,35.0,2.5,1024.0,-18.9,0.0,S,1.2,Aotizhongxin,5.0,148.0,32.5,2429.9130434781696,-6.8,5.3,-3.5,17.1489673912915,2014-12-06 12:00:00,43.0,2014-12-07 12:00:00
15374,2014-12-06 20:00:00,0,train,15501,2014,12,6,20,70.0,106.0,28.0,97.0,1600.0,2.0,0.2,1022.0,-11.2,0.0,W,0.6,Aotizhongxin,18.0,148.0,53.5,1936.6068840578753,-6.8,4.1,-3.25,14.858840579697302,2014-12-06 20:00:00,18.0,2014-12-07 20:00:00
15385,2014-12-07 07:00:00,0,train,15512,2014,12,7,7,51.0,79.0,32.0,74.0,2100.0,2.0,-2.0,1019.0,-10.8,0.0,ENE,1.3,Aotizhongxin,18.0,117.0,59.0,780.7826086955654,-5.2,4.1,0.4,4.608097826075231,2014-12-07 07:00:00,21.0,2014-12-08 07:00:00
15400,2014-12-07 22:00:00,0,train,15527,2014,12,7,22,30.0,53.0,42.0,66.0,1100.0,2.0,-2.9,1015.0,-13.5,0.0,SW,0.6,Aotizhongxin,7.0,117.0,51.5,964.6086956520917,-3.3,5.2,0.65,7.27971014491608,2014-12-07 22:00:00,105.0,2014-12-08 22:00:00
15424,2014-12-08 22:00:00,1,train,15551,2014,12,8,22,105.0,158.0,34.0,100.0,2000.0,2.0,-4.4,1020.0,-8.5,0.0,NE,1.0,Aotizhongxin,13.0,125.0,24.0,1755.3315217390432,-5.4,3.8,-1.85,9.069981884045365,2014-12-08 22:00:00,313.0,2014-12-09 22:00:00
15445,2014-12-09 19:00:00,0,train,15572,2014,12,9,19,309.0,386.0,105.0,147.0,6400.0,2.0,-0.7,1030.0,-7.3,0.0,NE,0.9,Aotizhongxin,96.0,325.0,229.0,5015.346014492537,-4.5,-0.6,-3.2,2.201286231870766,2014-12-09 19:00:00,11.0,2014-12-10 19:00:00
15468,2014-12-10 18:00:00,0,train,15595,2014,12,10,18,15.0,100.0,3.0,16.0,400.0,53.0,1.2,1022.0,-16.2,0.0,N,3.9,Aotizhongxin,9.0,325.0,265.0,14996.548913043294,-5.4,5.0,-0.55,11.850144927524298,2014-12-10 18:00:00,61.0,2014-12-11 18:00:00
15636,2015-01-02 11:00:00,0,train,16140,2015,1,2,11,34.0,51.0,26.0,52.0,1000.0,21.0,2.0,1025.0,-18.1,0.0,NNE,2.1,Aotizhongxin,13.0,111.0,49.5,1102.3315217391305,-8.0,3.0,-3.0,12.68840579708829,2015-01-02 11:00:00,139.0,2015-01-03 11:00:00
15653,2015-01-03 04:00:00,0,train,16157,2015,1,3,4,178.0,222.0,87.0,119.0,4800.0,2.0,-5.0,1013.0,-16.8,0.0,ENE,1.2,Aotizhongxin,13.0,178.0,59.5,3012.2536231884055,-7.0,4.0,-1.5,15.913043478248152,2015-01-03 04:00:00,180.0,2015-01-04 04:00:00
15689,2015-01-04 16:00:00,0,train,16193,2015,1,4,16,138.0,165.0,59.0,133.0,2300.0,4.0,7.0,1010.0,-14.5,0.0,ENE,1.2,Aotizhongxin,92.0,319.0,163.0,3794.6304347826144,-8.0,9.0,-4.0,30.679347826074178,2015-01-04 16:00:00,15.0,2015-01-05 16:00:00
15700,2015-01-05 03:00:00,0,train,16204,2015,1,5,3,156.0,189.0,83.0,114.0,4300.0,2.0,1.0,1012.0,-8.0,0.0,NE,1.2,Aotizhongxin,92.0,295.0,172.0,3286.4184782608754,-8.0,9.0,3.0,22.853260869554006,2015-01-05 03:00:00,8.0,2015-01-06 03:00:00
15717,2015-01-05 20:00:00,0,train,16221,2015,1,5,20,9.0,53.0,3.0,2.0,400.0,57.0,2.0,1019.0,-24.5,0.0,NE,4.0,Aotizhongxin,9.0,295.0,164.0,8459.478260869575,0.0,9.0,3.0,7.152173913033292,2015-01-05 20:00:00,59.0,2015-01-06 20:00:00
15790,2015-01-08 21:00:00,0,train,16294,2015,1,8,21,250.0,347.0,81.0,174.0,5700.0,2.0,-1.0,1024.0,-10.6,0.0,NE,1.5,Aotizhongxin,59.0,250.0,104.5,2594.514492753632,-7.0,4.0,-3.0,16.71739130433471,2015-01-08 21:00:00,127.0,2015-01-09 21:00:00
15836,2015-01-10 19:00:00,0,train,16340,2015,1,10,19,111.0,194.0,37.0,115.0,2300.0,2.0,3.0,1012.0,-12.5,0.0,W,1.0,Aotizhongxin,18.0,268.0,130.5,6160.954710144929,-7.0,14.0,1.0,49.37499999998866,2015-01-10 19:00:00,70.0,2015-01-11 19:00:00
15858,2015-01-11 17:00:00,0,train,16362,2015,1,11,17,32.0,51.0,14.0,41.0,800.0,39.0,3.0,1028.0,-11.7,0.0,SW,1.0,Aotizhongxin,4.0,177.0,16.0,2574.5434782609095,-4.0,6.0,3.0,6.630434782597791,2015-01-11 17:00:00,52.0,2015-01-12 17:00:00
15888,2015-01-12 23:00:00,1,train,16392,2015,1,12,23,195.0,225.0,55.0,118.0,3900.0,2.0,-3.8,1030.9,-10.4,0.0,E,1.3,Aotizhongxin,52.0,197.0,106.5,2134.940217391317,-7.0,3.0,-1.5,10.117608695639365,2015-01-12 23:00:00,216.0,2015-01-13 23:00:00
15895,2015-01-13 06:00:00,0,train,16399,2015,1,13,6,128.0,142.0,50.0,88.0,3400.0,2.0,-6.0,1028.7,-9.7,0.0,ENE,0.9,Aotizhongxin,52.0,213.0,139.0,2078.7807971014527,-6.0,3.0,-2.7,8.618840579697267,2015-01-13 06:00:00,166.0,2015-01-14 06:00:00
15917,2015-01-14 04:00:00,1,train,16421,2015,1,14,4,197.0,213.0,79.0,118.0,4200.0,2.0,-3.4,1026.5,-7.9,0.0,NE,0.8,Aotizhongxin,49.0,235.0,157.0,2743.6068840579715,-6.7,1.5,-4.15,6.974764492740052,2015-01-14 04:00:00,222.0,2015-01-15 04:00:00
15958,2015-01-15 21:00:00,0,train,16462,2015,1,15,21,430.0,486.0,26.0,171.0,6600.0,2.0,-4.0,1019.0,-6.1,0.0,WNW,1.0,Aotizhongxin,155.0,497.0,245.5,12393.867753623168,-7.4,2.0,-3.9,9.143460144913997,2015-01-15 21:00:00,11.0,2015-01-16 21:00:00
15972,2015-01-16 11:00:00,0,train,16476,2015,1,16,11,13.0,34.0,14.0,8.0,700.0,54.0,1.0,1022.0,-18.4,0.0,N,6.1,Aotizhongxin,11.0,497.0,405.5,33978.52173913042,-5.0,2.0,0.0,6.145489130422337,2015-01-16 11:00:00,18.0,2015-01-17 11:00:00
16080,2015-01-20 23:00:00,0,train,16584,2015,1,20,23,90.0,107.0,67.0,95.0,2300.0,2.0,2.0,1018.0,-10.2,0.0,NNE,2.3,Aotizhongxin,59.0,99.0,80.0,83.15760869568676,-5.0,5.0,-1.0,9.847826086944405,2015-01-20 23:00:00,37.0,2015-01-21 23:00:00
16117,2015-01-22 12:00:00,0,train,16621,2015,1,22,12,125.0,142.0,52.0,90.0,2400.0,15.0,2.0,1020.0,-13.4,0.0,ENE,1.4,Aotizhongxin,7.0,142.0,28.5,1398.1721014493196,-8.0,6.0,-4.0,23.391304347813115,2015-01-22 12:00:00,176.0,2015-01-23 12:00:00
16124,2015-01-22 19:00:00,1,train,16628,2015,1,22,19,196.0,263.0,81.0,118.0,2700.0,6.0,3.0,1014.0,-9.0,0.0,SW,1.9,Aotizhongxin,22.0,196.0,47.0,2656.6086956522095,-8.0,5.0,-4.0,22.173913043465287,2015-01-22 19:00:00,209.0,2015-01-23 19:00:00
16170,2015-01-24 17:00:00,0,train,16674,2015,1,24,17,78.0,89.0,28.0,68.0,1900.0,19.0,3.0,1018.0,-10.3,0.0,NW,1.0,Aotizhongxin,23.0,232.0,86.0,4739.302536231907,-5.0,3.0,-1.0,10.215579710132573,2015-01-24 17:00:00,123.0,2015-01-25 17:00:00
16173,2015-01-24 20:00:00,0,train,16677,2015,1,24,20,75.0,98.0,28.0,80.0,2000.0,5.0,1.0,1020.0,-3.7,0.0,N,1.5,Aotizhongxin,23.0,232.0,81.5,3709.5634057971265,-5.0,3.0,-1.0,10.780797101437,2015-01-24 20:00:00,166.0,2015-01-25 20:00:00
16188,2015-01-25 11:00:00,0,train,16692,2015,1,25,11,88.0,88.0,24.0,44.0,1400.0,12.0,2.0,1021.0,-3.5,0.0,SSW,1.9,Aotizhongxin,66.0,88.0,79.5,43.18840579713048,-1.0,3.0,0.5,1.9402173912928808,2015-01-25 11:00:00,20.0,2015-01-26 11:00:00
16189,2015-01-25 12:00:00,0,train,16693,2015,1,25,12,90.0,90.0,25.0,34.0,1400.0,24.0,3.0,1021.0,-4.2,0.0,SSW,1.7,Aotizhongxin,66.0,90.0,79.5,44.97826086959422,-1.0,3.0,0.5,1.9402173912928808,2015-01-25 12:00:00,16.0,2015-01-26 12:00:00
16238,2015-01-27 13:00:00,0,train,16742,2015,1,27,13,11.0,11.0,8.0,5.0,600.0,60.0,1.0,1027.0,-22.1,0.0,N,3.2,Aotizhongxin,6.0,18.0,8.5,7.780797101488683,-7.0,3.0,-3.1,13.053840579696795,2015-01-27 13:00:00,14.0,2015-01-28 13:00:00
16260,2015-01-28 11:00:00,0,train,16764,2015,1,28,11,16.0,16.0,13.0,21.0,800.0,45.0,-1.0,1029.0,-20.6,0.0,ENE,2.9,Aotizhongxin,8.0,40.0,17.0,102.4275362319214,-8.0,3.0,-5.0,11.392445652160305,2015-01-28 11:00:00,95.0,2015-01-29 11:00:00
16290,2015-01-29 18:00:00,0,train,16795,2015,1,29,18,8.0,14.0,9.0,11.0,700.0,60.0,2.0,1023.0,-19.3,0.0,N,4.1,Aotizhongxin,8.0,126.0,77.0,1281.6521739130712,-3.0,4.0,0.0,5.01449275361125,2015-01-29 18:00:00,10.0,2015-01-30 18:00:00
16306,2015-01-30 10:00:00,0,train,16811,2015,1,30,10,13.0,21.0,25.0,16.0,800.0,50.0,-1.0,1029.0,-20.1,0.0,NE,2.2,Aotizhongxin,6.0,95.0,11.0,591.6938405797473,-7.0,4.0,-1.0,12.722826086943963,2015-01-30 10:00:00,22.0,2015-01-31 10:00:00
16328,2015-01-31 08:00:00,0,train,16833,2015,1,31,8,12.0,27.0,19.0,54.0,800.0,2.0,-7.0,1035.0,-21.7,0.0,ENE,1.4,Aotizhongxin,7.0,22.0,13.0,9.620553359723983,-8.0,3.0,-2.0,13.288242753610191,2015-01-31 08:00:00,44.0,2015-02-01 08:00:00
16468,2015-02-06 04:00:00,0,train,16973,2015,2,6,4,57.0,79.0,20.0,100.0,1800.0,,-6.0,1017.0,-11.5,0.0,ENE,0.4,Aotizhongxin,7.0,58.0,29.0,373.5869565217702,-6.0,7.0,1.5,21.014492753611506,2015-02-06 04:00:00,3.0,2015-02-07 04:00:00
16623,2015-02-12 15:00:00,0,train,17128,2015,2,12,15,31.0,41.0,14.0,48.0,800.0,72.0,8.0,1012.0,-14.3,0.0,WSW,2.8,Aotizhongxin,6.0,31.0,17.0,37.606884058004255,-6.0,11.0,3.5,23.93478260868494,2015-02-12 15:00:00,115.0,2015-02-13 15:00:00
16656,2015-02-14 00:00:00,1,train,17161,2015,2,14,0,232.0,256.0,84.0,143.0,4200.0,19.0,1.0,1005.0,-9.3,0.0,ENE,1.4,Aotizhongxin,83.0,232.0,108.0,2048.114130434801,-4.0,8.0,1.5,16.959836956510504,2015-02-14 00:00:00,349.0,2015-02-15 00:00:00
16675,2015-02-14 19:00:00,1,train,17180,2015,2,14,19,272.0,308.0,72.0,154.0,3200.0,32.0,3.0,1005.0,-8.4,0.0,NE,0.7,Aotizhongxin,168.0,272.0,214.0,917.6938405797093,-2.0,11.0,1.5,17.76086956520692,2015-02-14 19:00:00,262.0,2015-02-15 19:00:00
16700,2015-02-15 20:00:00,0,train,17205,2015,2,15,20,201.0,234.0,88.0,112.0,4000.0,4.0,5.0,1011.0,-9.2,0.0,SW,2.2,Aotizhongxin,201.0,351.0,276.0,979.2155797101183,-4.0,8.0,3.0,13.998188405786285,2015-02-15 20:00:00,17.0,2015-02-16 20:00:00
16750,2015-02-17 22:00:00,0,train,17255,2015,2,17,22,21.0,37.0,13.0,90.0,900.0,2.0,1.0,1023.0,-7.3,0.0,NE,0.7,Aotizhongxin,13.0,30.0,17.5,19.673913043553583,0.0,11.0,4.0,13.169836956511961,2015-02-17 22:00:00,155.0,2015-02-18 22:00:00
16767,2015-02-18 15:00:00,0,train,17272,2015,2,18,15,6.0,6.0,6.0,14.0,300.0,87.0,10.0,1022.0,-15.5,0.0,SW,2.0,Aotizhongxin,6.0,78.0,16.0,334.00000000007265,-2.0,11.0,2.25,18.73913043477238,2015-02-18 15:00:00,86.0,2015-02-19 15:00:00
16810,2015-02-20 10:00:00,0,train,17315,2015,2,20,10,88.0,88.0,14.0,47.0,1300.0,24.0,1.0,1019.0,-0.5,0.5,SW,1.6,Aotizhongxin,76.0,226.0,114.5,1155.210144927583,0.0,5.0,2.0,1.9347826086847002,2015-02-20 10:00:00,181.0,2015-02-21 10:00:00
16837,2015-02-21 13:00:00,0,train,17342,2015,2,21,13,239.0,239.0,18.0,42.0,2300.0,20.0,2.0,1008.0,-0.1,0.0,WSW,1.5,Aotizhongxin,110.0,239.0,158.5,927.2391304348162,0.0,2.0,1.0,0.20940217390145607,2015-02-21 13:00:00,18.0,2015-02-22 13:00:00
16917,2015-02-24 21:00:00,0,train,17422,2015,2,24,21,185.0,287.0,22.0,74.0,1900.0,25.0,2.3,1011.4,-1.7,0.0,E,1.1,Aotizhongxin,100.0,210.0,164.5,1342.1449275362702,-5.1,6.3,0.5,12.278188405785425,2015-02-24 21:00:00,18.0,2015-02-25 21:00:00
17070,2015-03-03 06:00:00,0,train,17575,2015,3,3,6,8.0,62.0,2.0,7.0,200.0,80.0,1.2,1017.5,-27.2,0.0,N,3.8,Aotizhongxin,5.0,116.0,18.0,1631.9130434783424,-2.7,14.0,7.7,22.692101449266968,2015-03-03 06:00:00,15.0,2015-03-04 06:00:00
17094,2015-03-04 06:00:00,0,train,17599,2015,3,4,6,15.0,36.0,20.0,53.0,600.0,28.0,-3.0,1024.8,-26.1,0.0,WNW,2.2,Aotizhongxin,3.0,18.0,12.5,14.128623188496405,-3.0,3.5,-0.30000000000000004,3.8185326086836056,2015-03-04 06:00:00,122.0,2015-03-05 06:00:00
17166,2015-03-07 06:00:00,1,train,17671,2015,3,7,6,264.0,273.0,58.0,115.0,3400.0,14.0,-2.2,1014.5,-7.9,0.0,ESE,0.6,Aotizhongxin,152.0,313.0,240.5,2629.693840579726,-4.1,9.6,2.25,16.524275362308014,2015-03-07 06:00:00,223.0,2015-03-08 06:00:00
17188,2015-03-08 04:00:00,0,train,17693,2015,3,8,4,220.0,220.0,60.0,104.0,2700.0,12.0,0.9,1014.3,-3.0,0.0,ENE,1.2,Aotizhongxin,186.0,274.0,219.5,487.50000000002046,-2.6,11.9,5.0,21.328526036008785,2015-03-08 04:00:00,7.0,2015-03-09 04:00:00
17191,2015-03-08 07:00:00,0,train,17696,2015,3,8,7,230.0,230.0,63.0,105.0,3000.0,12.0,0.3,1014.8,-3.4,0.0,S,0.4,Aotizhongxin,186.0,243.0,219.5,257.7228260869778,-0.5,11.9,5.0,16.261900777209814,2015-03-08 07:00:00,8.0,2015-03-09 07:00:00
17198,2015-03-08 14:00:00,0,train,17703,2015,3,8,14,14.0,14.0,2.0,,300.0,88.0,11.6,1017.7,-16.0,0.0,NW,3.8,Aotizhongxin,14.0,261.0,218.5,3940.3405797101705,0.3,11.9,5.0,15.897496302859775,2015-03-08 14:00:00,13.0,2015-03-09 14:00:00
17221,2015-03-09 13:00:00,0,train,17726,2015,3,9,13,8.0,29.0,3.0,9.0,200.0,87.0,1.2,1032.4,-29.6,0.0,NE,3.7,Aotizhongxin,3.0,19.0,10.0,15.940217391380282,-3.0,12.0,1.5,26.486793478250434,2015-03-09 13:00:00,13.0,2015-03-10 13:00:00
17265,2015-03-11 09:00:00,0,train,17770,2015,3,11,9,29.0,42.0,13.0,44.0,700.0,45.0,3.5,1022.7,-20.8,0.0,E,3.1,Aotizhongxin,9.0,110.0,57.0,905.3043478261501,-4.0,7.9,4.0,15.719981884047433,2015-03-11 09:00:00,92.0,2015-03-12 09:00:00
17287,2015-03-12 10:00:00,0,train,17795,2015,3,12,10,93.0,115.0,39.0,73.0,1900.0,35.0,4.6,1013.8,-14.3,0.0,E,2.3,Aotizhongxin,9.0,93.0,50.0,1113.8677536232522,-2.8,9.7,5.55,15.970851449265615,2015-03-12 10:00:00,72.0,2015-03-13 10:00:00
17294,2015-03-12 17:00:00,0,train,17802,2015,3,12,17,46.0,63.0,,,,,11.7,1009.4,-16.8,0.0,SE,1.7,Aotizhongxin,22.0,93.0,83.0,645.5142857143535,-2.8,12.2,5.55,21.8650543478166,2015-03-12 17:00:00,15.0,2015-03-13 17:00:00
17296,2015-03-12 19:00:00,0,train,17804,2015,3,12,19,52.0,85.0,16.0,72.0,1000.0,47.0,9.9,1011.0,-13.4,0.0,SSE,1.5,Aotizhongxin,31.0,93.0,83.0,463.5904761905431,-2.8,12.2,5.55,23.168097826077542,2015-03-12 19:00:00,25.0,2015-03-13 19:00:00
17301,2015-03-13 00:00:00,0,train,17809,2015,3,13,0,113.0,146.0,49.0,108.0,2300.0,14.0,3.2,1014.6,-6.2,0.0,ESE,1.2,Aotizhongxin,46.0,113.0,86.0,253.04761904768344,-2.8,12.2,5.5,23.643894927526816,2015-03-13 00:00:00,100.0,2015-03-14 00:00:00
17303,2015-03-13 02:00:00,0,train,17811,2015,3,13,2,139.0,175.0,62.0,114.0,2500.0,7.0,-0.1,1015.2,-6.5,0.0,ENE,0.9,Aotizhongxin,46.0,139.0,87.0,450.4904761905394,-2.8,12.2,5.5,25.133623188396268,2015-03-13 02:00:00,77.0,2015-03-14 02:00:00
17304,2015-03-13 03:00:00,0,train,17812,2015,3,13,3,124.0,127.0,57.0,99.0,2200.0,10.0,-1.3,1015.1,-6.3,0.0,WSW,0.5,Aotizhongxin,46.0,139.0,87.0,519.0619047619675,-2.8,12.2,5.5,25.698967391294797,2015-03-13 03:00:00,66.0,2015-03-14 03:00:00
17337,2015-03-14 12:00:00,0,train,17845,2015,3,14,12,96.0,122.0,47.0,71.0,2400.0,22.0,4.7,1017.0,-5.1,0.0,ESE,1.8,Aotizhongxin,9.0,100.0,55.5,750.3188405797746,0.4,12.8,2.85,20.098242753613555,2015-03-14 12:00:00,63.0,2015-03-15 12:00:00
17382,2015-03-16 09:00:00,1,train,17890,2015,3,16,9,116.0,235.0,41.0,98.0,2200.0,6.0,8.0,1008.7,-0.3,0.0,ENE,1.3,Aotizhongxin,48.0,154.0,101.0,1145.8260869565688,6.2,16.4,12.350000000000001,13.46172101448649,2015-03-16 09:00:00,195.0,2015-03-17 09:00:00
17444,2015-03-18 23:00:00,0,train,17952,2015,3,18,23,97.0,331.0,16.0,121.0,1200.0,6.0,5.3,1010.8,-6.0,0.0,NE,0.0,Aotizhongxin,21.0,97.0,32.5,475.9402173914106,5.2,13.6,8.3,7.524565217383689,2015-03-18 23:00:00,119.0,2015-03-19 23:00:00
17451,2015-03-19 06:00:00,0,train,17959,2015,3,19,6,90.0,139.0,16.0,103.0,1500.0,5.0,2.3,1012.3,-7.1,0.0,E,0.6,Aotizhongxin,26.0,120.0,60.5,943.2010869566187,2.3,13.6,7.75,12.72840579709341,2015-03-19 06:00:00,31.0,2015-03-20 06:00:00
17460,2015-03-19 15:00:00,0,train,17968,2015,3,19,15,57.0,189.0,9.0,58.0,800.0,67.0,18.6,1011.3,-12.5,0.0,WSW,3.0,Aotizhongxin,43.0,120.0,84.0,407.97101449284276,2.3,18.6,8.100000000000001,25.81172101448523,2015-03-19 15:00:00,38.0,2015-03-20 15:00:00
17465,2015-03-19 20:00:00,0,train,17973,2015,3,19,20,103.0,362.0,12.0,73.0,900.0,70.0,16.2,1011.4,-6.8,0.0,WSW,3.6,Aotizhongxin,55.0,120.0,85.5,314.38949275371056,2.3,18.7,8.4,36.92253623187711,2015-03-19 20:00:00,41.0,2015-03-20 20:00:00
17482,2015-03-20 13:00:00,0,train,17990,2015,3,20,13,39.0,194.0,3.0,10.0,300.0,105.0,18.4,1013.5,-16.5,0.0,NNW,3.3,Aotizhongxin,24.0,131.0,55.0,1239.172101449374,6.0,18.7,15.2,16.132753623183262,2015-03-20 13:00:00,12.0,2015-03-21 13:00:00
17550,2015-03-23 09:00:00,0,train,18058,2015,3,23,9,66.0,140.0,19.0,76.0,1400.0,22.0,8.6,1026.9,-12.0,0.0,NW,2.0,Aotizhongxin,9.0,73.0,39.0,380.1721014493849,-0.3,13.7,8.399999999999999,21.958967391296024,2015-03-23 09:00:00,63.0,2015-03-24 09:00:00
17573,2015-03-24 08:00:00,0,train,18081,2015,3,24,8,78.0,126.0,46.0,74.0,2700.0,27.0,5.8,1029.9,-9.3,0.0,ENE,1.0,Aotizhongxin,9.0,114.0,36.5,764.0797101450335,2.2,17.9,12.95,30.946503623181897,2015-03-24 08:00:00,122.0,2015-03-25 08:00:00
17602,2015-03-25 13:00:00,0,train,18110,2015,3,25,13,163.0,204.0,88.0,111.0,3300.0,81.0,15.2,1026.3,-3.2,0.0,S,2.1,Aotizhongxin,66.0,163.0,119.0,787.7373188406536,1.2,15.4,9.75,21.229981884050634,2015-03-25 13:00:00,102.0,2015-03-26 13:00:00
17747,2015-03-31 15:00:00,0,train,18256,2015,3,31,15,110.0,110.0,9.0,50.0,1300.0,56.0,11.4,1012.0,8.1,0.0,SE,1.8,Aotizhongxin,110.0,189.0,160.5,303.23913043482577,10.3,21.8,14.7,13.779547101444722,2015-03-31 15:00:00,33.0,2015-04-01 15:00:00
17766,2015-04-01 10:00:00,0,train,18275,2015,4,1,10,62.0,62.0,8.0,67.0,800.0,42.0,11.8,1019.8,-4.4,0.0,SE,2.3,Aotizhongxin,59.0,155.0,68.0,1007.6262450593885,6.3,11.8,10.350000000000001,3.5689673912970052,2015-04-01 10:00:00,49.0,2015-04-02 10:00:00
17788,2015-04-02 08:00:00,0,train,18297,2015,4,2,8,55.0,55.0,2.0,37.0,800.0,39.0,4.8,999.8,2.8,0.0,NNE,3.2,Aotizhongxin,26.0,68.0,42.0,107.30434782620796,4.6,12.6,9.850000000000001,9.55346014492001,2015-04-02 08:00:00,27.0,2015-04-03 08:00:00
17817,2015-04-03 13:00:00,0,train,18326,2015,4,3,13,21.0,21.0,6.0,18.0,400.0,134.0,15.8,1008.6,1.5,0.0,SSE,3.1,Aotizhongxin,10.0,36.0,19.0,52.92753623202007,6.4,15.8,13.15,7.059981884051996,2015-04-03 13:00:00,74.0,2015-04-04 13:00:00
17895,2015-04-06 19:00:00,0,train,18404,2015,4,6,19,33.0,66.0,2.0,36.0,400.0,77.0,9.3,1024.1,-13.2,0.0,SW,2.6,Aotizhongxin,12.0,33.0,18.5,22.340579710281997,4.2,11.7,7.449999999999999,5.958840579701975,2015-04-06 19:00:00,25.0,2015-04-07 19:00:00
17907,2015-04-07 07:00:00,0,train,18416,2015,4,7,7,12.0,17.0,3.0,35.0,300.0,50.0,4.3,1030.3,-11.4,0.0,ESE,1.0,Aotizhongxin,8.0,47.0,20.0,142.65036231897463,1.7,11.7,7.4,7.648242753614795,2015-04-07 07:00:00,95.0,2015-04-08 07:00:00
17911,2015-04-07 11:00:00,0,train,18420,2015,4,7,11,12.0,,,,,,9.7,1028.9,-15.0,0.0,NW,3.3,Aotizhongxin,8.0,47.0,19.5,159.29710144941012,1.7,11.7,7.75,7.462155797093253,2015-04-07 11:00:00,102.0,2015-04-08 11:00:00
17939,2015-04-08 15:00:00,0,train,18448,2015,4,8,15,99.0,173.0,17.0,26.0,700.0,100.0,12.9,1017.4,-0.1,0.0,SSW,3.7,Aotizhongxin,18.0,104.0,73.5,716.7753623189441,3.4,14.0,9.8,8.769402173905794,2015-04-08 15:00:00,184.0,2015-04-09 15:00:00
18019,2015-04-11 23:00:00,0,train,18528,2015,4,11,23,27.0,27.0,2.0,17.0,500.0,70.0,9.3,1020.2,7.2,11.7,NNW,1.9,Aotizhongxin,27.0,246.0,130.5,4203.217391304398,9.3,18.2,13.8,7.244927536226845,2015-04-11 23:00:00,12.0,2015-04-12 23:00:00
18036,2015-04-12 16:00:00,0,train,18545,2015,4,12,16,18.0,18.0,2.0,12.0,300.0,87.0,7.2,1023.2,-4.3,0.0,ENE,7.7,Aotizhongxin,7.0,134.0,14.0,1927.6231884059064,7.2,16.2,8.75,7.1268840579639985,2015-04-12 16:00:00,33.0,2015-04-13 16:00:00
18057,2015-04-13 13:00:00,0,train,18566,2015,4,13,13,25.0,28.0,6.0,15.0,600.0,117.0,15.7,1020.6,-1.9,0.0,NNW,1.4,Aotizhongxin,9.0,28.0,14.0,21.737318840700944,4.7,15.7,6.5,9.057228260861429,2015-04-13 13:00:00,53.0,2015-04-14 13:00:00
18137,2015-04-16 21:00:00,0,train,18646,2015,4,16,21,35.0,167.0,8.0,38.0,400.0,80.0,17.0,1006.0,-6.2,0.0,WSW,6.6,Aotizhongxin,8.0,403.0,26.5,6352.780797101545,12.3,20.9,16.8,6.868405797097548,2015-04-16 21:00:00,122.0,2015-04-17 21:00:00
18169,2015-04-18 05:00:00,0,train,18678,2015,4,18,5,127.0,326.0,10.0,137.0,1100.0,2.0,13.7,1005.8,7.0,0.0,E,0.7,Aotizhongxin,52.0,214.0,102.0,1217.3750000000737,9.1,25.2,18.0,19.25215579709851,2015-04-18 05:00:00,38.0,2015-04-19 05:00:00
18208,2015-04-20 13:00:00,0,train,18734,2015,4,20,13,170.0,170.0,2.0,42.0,400.0,90.0,21.0,1009.4,-8.5,0.0,SW,4.0,Aotizhongxin,28.0,170.0,88.0,882.0579710145726,6.5,21.3,14.75,28.130362318835825,2015-04-20 13:00:00,62.0,2015-04-21 13:00:00
18355,2015-04-27 08:00:00,0,train,18897,2015,4,27,8,94.0,168.0,12.0,100.0,1200.0,28.0,20.6,1002.5,12.0,0.0,E,1.7,Aotizhongxin,46.0,144.0,82.5,1009.6449275363075,17.2,31.0,24.9,18.029275362319325,2015-04-27 08:00:00,44.0,2015-04-28 08:00:00
18480,2015-05-02 13:00:00,0,train,19022,2015,5,2,13,54.0,144.0,4.0,25.0,600.0,120.0,22.6,1005.9,11.6,0.0,SW,2.9,Aotizhongxin,25.0,71.0,35.5,106.41847826096073,13.5,22.6,14.7,7.6303623188365295,2015-05-02 13:00:00,9.0,2015-05-03 13:00:00
18532,2015-05-04 17:00:00,0,train,19074,2015,5,4,17,38.0,161.0,10.0,30.0,400.0,124.0,22.6,1006.2,-0.9,0.0,WSW,5.1,Aotizhongxin,6.0,38.0,11.0,45.82427536242156,13.3,22.9,17.799999999999997,10.367753623185333,2015-05-04 17:00:00,18.0,2015-05-05 17:00:00
18539,2015-05-05 00:00:00,0,train,19081,2015,5,5,0,48.0,116.0,17.0,45.0,500.0,98.0,18.6,1003.0,3.2,0.0,SW,5.0,Aotizhongxin,6.0,57.0,14.0,298.1721014493731,13.5,22.9,18.9,9.554492753620439,2015-05-05 00:00:00,10.0,2015-05-06 00:00:00
18567,2015-05-06 04:00:00,0,train,19109,2015,5,6,4,15.0,60.0,2.0,19.0,200.0,89.0,15.3,1007.2,-10.4,0.0,NE,2.1,Aotizhongxin,8.0,137.0,30.0,1154.8677536232767,11.9,27.5,20.700000000000003,21.79867753623012,2015-05-06 04:00:00,25.0,2015-05-07 04:00:00
18749,2015-05-13 18:00:00,0,train,19291,2015,5,13,18,72.0,174.0,12.0,79.0,1100.0,218.0,29.7,988.8,12.6,0.0,NNE,1.9,Aotizhongxin,29.0,91.0,63.5,473.7318840580518,10.6,30.9,19.1,50.08282608695454,2015-05-13 18:00:00,18.0,2015-05-14 18:00:00
18839,2015-05-17 12:00:00,0,train,19381,2015,5,17,12,142.0,196.0,25.0,35.0,1100.0,173.0,26.0,993.7,15.4,0.0,WSW,2.8,Aotizhongxin,22.0,142.0,74.0,1295.043478260939,19.1,28.6,23.95,10.038097826087148,2015-05-17 12:00:00,27.0,2015-05-18 12:00:00
18840,2015-05-17 13:00:00,0,train,19382,2015,5,17,13,139.0,201.0,24.0,28.0,1200.0,212.0,26.0,993.2,15.1,0.0,SW,1.6,Aotizhongxin,22.0,142.0,78.5,1292.9112318841253,19.1,28.6,23.95,9.429112318840724,2015-05-17 13:00:00,13.0,2015-05-18 13:00:00
18851,2015-05-18 00:00:00,0,train,19393,2015,5,18,0,171.0,174.0,6.0,87.0,1300.0,62.0,21.0,993.6,19.1,0.0,NW,0.6,Aotizhongxin,76.0,192.0,139.5,857.3840579710575,19.1,26.4,22.6,5.149565217390845,2015-05-18 00:00:00,28.0,2015-05-19 00:00:00
18898,2015-05-19 23:00:00,0,train,19440,2015,5,19,23,11.0,33.0,2.0,33.0,200.0,67.0,21.3,1008.8,0.5,0.0,NW,2.4,Aotizhongxin,4.0,53.0,10.0,134.51449275371667,19.3,25.6,21.8,3.583894927535678,2015-05-19 23:00:00,51.0,2015-05-20 23:00:00
18946,2015-05-21 23:00:00,0,train,19488,2015,5,21,23,34.0,100.0,14.0,44.0,600.0,105.0,21.5,1006.3,6.6,0.0,SW,4.8,Aotizhongxin,21.0,81.0,39.5,235.04166666674874,15.1,28.1,23.1,16.224764492753323,2015-05-21 23:00:00,66.0,2015-05-22 23:00:00
18976,2015-05-23 05:00:00,0,train,19518,2015,5,23,5,98.0,192.0,9.0,140.0,1200.0,2.0,15.9,1004.8,12.3,0.0,NE,0.4,Aotizhongxin,44.0,107.0,76.5,375.24456521745986,15.9,29.5,22.5,21.10608695652138,2015-05-23 05:00:00,154.0,2015-05-24 05:00:00
19071,2015-05-27 04:00:00,0,train,19613,2015,5,27,4,93.0,205.0,14.0,53.0,800.0,,23.5,1000.7,15.3,0.0,SW,2.3,Aotizhongxin,62.0,130.0,85.0,372.82427536238237,21.2,33.4,28.05,14.393750000001667,2015-05-27 04:00:00,124.0,2015-05-28 04:00:00
19106,2015-05-28 15:00:00,0,train,19648,2015,5,28,15,96.0,135.0,19.0,30.0,900.0,225.0,29.1,998.4,14.9,0.0,SSW,3.3,Aotizhongxin,78.0,160.0,124.0,547.036231884112,21.8,30.9,26.25,7.935199275363402,2015-05-28 15:00:00,34.0,2015-05-29 15:00:00
19148,2015-05-30 09:00:00,0,train,19690,2015,5,30,9,35.0,35.0,3.0,37.0,500.0,72.0,24.6,1005.8,10.5,0.0,ENE,1.4,Aotizhongxin,3.0,100.0,48.5,752.9547101449971,16.9,29.8,24.5,16.105797101449536,2015-05-30 09:00:00,67.0,2015-05-31 09:00:00
19249,2015-06-03 14:00:00,0,train,19791,2015,6,3,14,19.0,76.0,3.0,18.0,300.0,158.0,31.6,1007.1,-2.5,0.0,S,2.0,Aotizhongxin,7.0,70.0,31.5,301.6521739131175,16.4,32.6,24.0,30.27853260869629,2015-06-03 14:00:00,47.0,2015-06-04 14:00:00
19257,2015-06-03 22:00:00,0,train,19799,2015,6,3,22,30.0,109.0,8.0,50.0,400.0,89.0,27.3,1005.6,3.7,0.0,WSW,3.8,Aotizhongxin,19.0,70.0,31.5,222.91123188413144,16.4,31.6,27.200000000000003,24.430271739131083,2015-06-03 22:00:00,66.0,2015-06-04 22:00:00
19271,2015-06-04 12:00:00,0,train,19813,2015,6,4,12,50.0,87.0,2.0,64.0,800.0,76.0,19.8,1000.8,14.8,1.0,SSW,1.9,Aotizhongxin,19.0,75.0,34.0,169.7608695652909,19.8,31.6,25.6,12.130851449276234,2015-06-04 12:00:00,64.0,2015-06-05 12:00:00
19278,2015-06-04 19:00:00,0,train,19820,2015,6,4,19,60.0,60.0,4.0,50.0,9000.0,88.0,20.6,996.9,14.9,0.0,SSW,2.4,Aotizhongxin,27.0,75.0,43.0,188.14492753630367,17.8,28.2,22.9,9.27867753623168,2015-06-04 19:00:00,51.0,2015-06-05 19:00:00
19307,2015-06-06 00:00:00,0,train,19849,2015,6,6,0,52.0,52.0,2.0,56.0,800.0,93.0,21.5,996.0,15.6,0.0,NE,1.5,Aotizhongxin,13.0,76.0,48.5,321.5199275363035,15.2,30.9,23.0,26.4894927536231,2015-06-06 00:00:00,15.0,2015-06-07 00:00:00
19360,2015-06-08 05:00:00,0,train,19902,2015,6,8,5,15.0,42.0,2.0,65.0,400.0,14.0,14.5,1002.5,10.5,0.0,SW,0.2,Aotizhongxin,4.0,21.0,11.0,17.027173913122123,14.5,28.1,21.35,15.105489130434313,2015-06-08 05:00:00,32.0,2015-06-09 05:00:00
19649,2015-06-21 14:00:00,0,train,20223,2015,6,21,14,27.0,27.0,2.0,12.0,200.0,206.0,31.3,1002.9,12.1,0.0,SSW,1.9,Aotizhongxin,10.0,76.0,33.5,380.519927536303,20.3,31.3,27.0,10.920579710146267,2015-06-21 14:00:00,66.0,2015-06-22 14:00:00
19656,2015-06-21 21:00:00,0,train,20230,2015,6,21,21,43.0,104.0,4.0,48.0,500.0,176.0,28.3,1002.0,13.4,0.0,S,2.1,Aotizhongxin,24.0,76.0,41.5,237.71014492760614,20.3,31.9,27.0,12.366358695653602,2015-06-21 21:00:00,101.0,2015-06-22 21:00:00
19719,2015-06-24 12:00:00,0,train,20293,2015,6,24,12,142.0,142.0,9.0,60.0,1000.0,65.0,25.5,1001.9,18.4,0.0,WSW,1.5,Aotizhongxin,89.0,232.0,129.5,1490.5054347826558,24.5,31.3,27.4,5.975489130436386,2015-06-24 12:00:00,184.0,2015-06-25 12:00:00
19804,2015-06-28 01:00:00,1,train,20378,2015,6,28,1,113.0,113.0,6.0,64.0,800.0,41.0,24.8,1003.0,19.6,0.0,ESE,1.6,Aotizhongxin,30.0,167.0,107.0,2729.275362318892,20.9,29.1,25.45,8.479112318841262,2015-06-28 01:00:00,193.0,2015-06-29 01:00:00
19848,2015-06-29 21:00:00,0,train,20422,2015,6,29,21,21.0,21.0,2.0,51.0,900.0,39.0,19.0,1004.8,17.3,0.0,NW,0.9,Aotizhongxin,10.0,207.0,185.0,6050.1286231884615,18.4,27.7,23.7,9.919981884057853,2015-06-29 21:00:00,13.0,2015-06-30 21:00:00
19950,2015-07-04 03:00:00,0,train,20524,2015,7,4,3,16.0,43.0,10.0,34.0,400.0,67.0,20.7,1005.8,11.1,0.0,SE,1.0,Aotizhongxin,11.0,54.0,26.0,125.47101449279869,17.0,30.3,25.75,15.711286231884797,2015-07-04 03:00:00,61.0,2015-07-05 03:00:00
19985,2015-07-05 14:00:00,0,train,20559,2015,7,5,14,68.0,68.0,28.0,26.0,1400.0,244.0,28.3,1004.9,12.2,0.0,E,2.7,Aotizhongxin,29.0,94.0,58.5,264.862318840628,17.5,28.3,20.8,12.162536231883418,2015-07-05 14:00:00,65.0,2015-07-06 14:00:00
19988,2015-07-05 17:00:00,0,train,20562,2015,7,5,17,72.0,87.0,13.0,30.0,1100.0,300.0,29.1,1003.5,13.3,0.0,SE,2.4,Aotizhongxin,37.0,94.0,62.5,182.7663043478748,17.5,29.1,20.8,17.92331521739087,2015-07-05 17:00:00,63.0,2015-07-06 17:00:00
20002,2015-07-06 07:00:00,0,train,20576,2015,7,6,7,106.0,107.0,17.0,62.0,2400.0,37.0,21.8,1007.5,18.0,0.0,E,1.6,Aotizhongxin,55.0,106.0,73.0,136.16666666671617,19.2,29.1,24.7,11.788623188406232,2015-07-06 07:00:00,84.0,2015-07-07 07:00:00
20021,2015-07-07 02:00:00,0,train,20595,2015,7,7,2,53.0,71.0,9.0,30.0,600.0,108.0,22.6,1005.9,17.7,0.0,E,1.1,Aotizhongxin,44.0,129.0,63.5,423.384057971064,19.2,30.4,26.3,13.919402173913886,2015-07-07 02:00:00,99.0,2015-07-08 02:00:00
20023,2015-07-07 04:00:00,0,train,20597,2015,7,7,4,71.0,140.0,5.0,83.0,900.0,15.0,21.0,1005.7,16.4,0.0,E,1.1,Aotizhongxin,44.0,129.0,63.0,443.27536231889,19.2,30.4,26.3,12.042536231884963,2015-07-07 04:00:00,115.0,2015-07-08 04:00:00
20073,2015-07-09 06:00:00,0,train,20647,2015,7,9,6,91.0,108.0,6.0,71.0,800.0,14.0,23.1,1009.2,17.1,0.0,ESE,1.3,Aotizhongxin,59.0,197.0,116.5,2118.737318840635,22.4,32.7,27.4,13.807807971016073,2015-07-09 06:00:00,54.0,2015-07-10 06:00:00
20092,2015-07-10 01:00:00,0,train,20666,2015,7,10,1,25.0,37.0,6.0,49.0,500.0,75.0,25.8,1007.8,14.0,0.0,SW,1.7,Aotizhongxin,25.0,107.0,82.0,748.4329710145474,22.4,32.5,28.15,12.05905797101616,2015-07-10 01:00:00,78.0,2015-07-11 01:00:00
20117,2015-07-11 02:00:00,0,train,20691,2015,7,11,2,80.0,96.0,13.0,57.0,800.0,73.0,24.8,1004.6,19.0,0.0,ESE,1.5,Aotizhongxin,28.0,84.0,62.5,224.1956521739675,23.0,32.6,27.799999999999997,11.32693840579879,2015-07-11 02:00:00,106.0,2015-07-12 02:00:00
20145,2015-07-12 06:00:00,0,train,20719,2015,7,12,6,159.0,210.0,7.0,123.0,1300.0,7.0,24.5,998.8,21.2,0.0,NE,1.3,Aotizhongxin,82.0,164.0,122.0,646.1141304348369,24.1,33.9,28.75,10.962318840581956,2015-07-12 06:00:00,73.0,2015-07-13 06:00:00
20172,2015-07-13 09:00:00,0,train,20746,2015,7,13,9,44.0,44.0,6.0,54.0,600.0,144.0,31.5,995.2,15.9,0.0,NNE,2.2,Aotizhongxin,44.0,164.0,71.5,1238.260869565276,25.4,38.4,30.25,16.538242753625898,2015-07-13 09:00:00,33.0,2015-07-14 09:00:00
20199,2015-07-14 12:00:00,0,train,20773,2015,7,14,12,30.0,31.0,2.0,46.0,600.0,232.0,33.1,999.9,15.6,0.0,ESE,1.7,Aotizhongxin,18.0,83.0,37.0,312.7753623189022,23.4,38.8,32.95,27.363315217394575,2015-07-14 12:00:00,42.0,2015-07-15 12:00:00
20215,2015-07-15 04:00:00,0,train,20789,2015,7,15,4,23.0,49.0,3.0,50.0,400.0,112.0,24.8,1000.3,16.0,0.0,E,0.5,Aotizhongxin,21.0,58.0,31.5,103.55797101455482,23.4,35.0,29.35,12.007826086958966,2015-07-15 04:00:00,51.0,2015-07-16 04:00:00
20217,2015-07-15 06:00:00,0,train,20791,2015,7,15,6,28.0,57.0,3.0,64.0,400.0,87.0,26.6,1000.5,14.7,0.0,N,1.8,Aotizhongxin,21.0,58.0,30.0,106.86775362325052,24.8,35.0,29.35,9.960579710147453,2015-07-15 06:00:00,53.0,2015-07-16 06:00:00
20219,2015-07-15 08:00:00,0,train,20793,2015,7,15,8,30.0,65.0,3.0,72.0,600.0,87.0,26.1,1001.1,15.5,0.0,NE,1.6,Aotizhongxin,21.0,58.0,30.0,106.86775362325054,24.8,35.0,29.35,10.096231884060483,2015-07-15 08:00:00,41.0,2015-07-16 08:00:00
20298,2015-07-18 15:00:00,0,train,20872,2015,7,18,15,53.0,53.0,2.0,27.0,700.0,232.0,27.5,1001.3,20.6,0.0,E,1.8,Aotizhongxin,34.0,92.0,51.0,349.71014492759787,20.5,27.5,23.6,4.8198369565218195,2015-07-18 15:00:00,138.0,2015-07-19 15:00:00
20319,2015-07-19 12:00:00,0,train,20893,2015,7,19,12,114.0,114.0,2.0,47.0,1300.0,92.0,24.9,1004.3,22.8,0.0,WNW,1.6,Aotizhongxin,22.0,114.0,55.0,364.3405797102063,21.5,27.9,22.299999999999997,4.120797101449195,2015-07-19 12:00:00,97.0,2015-07-20 12:00:00
20328,2015-07-19 21:00:00,0,train,20902,2015,7,19,21,52.0,52.0,2.0,45.0,800.0,131.0,22.7,1004.9,21.0,0.0,E,0.5,Aotizhongxin,38.0,138.0,63.5,862.5634057971627,21.5,27.7,22.65,3.2115217391303714,2015-07-19 21:00:00,107.0,2015-07-20 21:00:00
20354,2015-07-20 23:00:00,0,train,20928,2015,7,20,23,142.0,142.0,2.0,99.0,1500.0,74.0,24.9,1002.5,22.4,0.9,SSE,2.6,Aotizhongxin,56.0,142.0,97.0,342.72282608701715,22.5,28.5,24.799999999999997,4.765923913044126,2015-07-20 23:00:00,59.0,2015-07-21 23:00:00
20371,2015-07-21 16:00:00,0,train,20945,2015,7,21,16,182.0,182.0,2.0,40.0,1200.0,200.0,29.6,998.8,22.6,0.0,S,2.6,Aotizhongxin,92.0,196.0,135.0,1161.0851449275965,22.9,29.6,25.0,5.5347101449284155,2015-07-21 16:00:00,52.0,2015-07-22 16:00:00
20383,2015-07-22 04:00:00,0,train,20957,2015,7,22,4,68.0,68.0,2.0,69.0,800.0,,21.6,999.9,20.4,0.0,ESE,1.0,Aotizhongxin,58.0,196.0,139.0,2875.259057971077,21.6,29.6,24.200000000000003,7.79673913043557,2015-07-22 04:00:00,35.0,2015-07-23 04:00:00
20398,2015-07-22 19:00:00,0,train,20972,2015,7,22,19,64.0,96.0,4.0,42.0,800.0,203.0,29.1,999.0,20.8,0.0,SSW,1.9,Aotizhongxin,41.0,150.0,66.5,564.2608695652867,21.3,30.9,24.55,10.78456521739217,2015-07-22 19:00:00,36.0,2015-07-23 19:00:00
20405,2015-07-23 02:00:00,0,train,20979,2015,7,23,2,32.0,32.0,2.0,64.0,700.0,53.0,21.4,1000.4,20.7,0.0,NE,0.0,Aotizhongxin,9.0,103.0,63.5,863.188405797173,21.3,30.9,24.45,12.821721014493473,2015-07-23 02:00:00,47.0,2015-07-24 02:00:00
20427,2015-07-24 00:00:00,0,train,21001,2015,7,24,0,34.0,44.0,2.0,95.0,700.0,32.0,24.5,999.0,20.6,0.0,ENE,1.1,Aotizhongxin,26.0,87.0,40.5,286.231884058045,21.2,30.8,24.85,10.504927536232671,2015-07-24 00:00:00,77.0,2015-07-25 00:00:00
20436,2015-07-24 09:00:00,0,train,21010,2015,7,24,9,67.0,130.0,2.0,77.0,900.0,24.0,25.2,998.5,21.7,0.0,NNE,0.8,Aotizhongxin,27.0,87.0,41.5,285.98369565224755,22.5,30.8,25.049999999999997,7.545199275363275,2015-07-24 09:00:00,75.0,2015-07-25 09:00:00
20444,2015-07-24 17:00:00,0,train,21018,2015,7,24,17,69.0,226.0,7.0,27.0,600.0,213.0,30.2,996.1,19.9,0.0,SSE,2.4,Aotizhongxin,27.0,103.0,41.5,499.3025362319571,22.5,32.5,25.4,10.299057971015625,2015-07-24 17:00:00,69.0,2015-07-25 17:00:00
20509,2015-07-27 10:00:00,0,train,21083,2015,7,27,10,54.0,74.0,4.0,69.0,800.0,103.0,29.4,1001.5,21.9,0.0,E,1.1,Aotizhongxin,38.0,148.0,87.5,892.4619565218024,24.3,34.2,28.6,10.862445652176266,2015-07-27 10:00:00,50.0,2015-07-28 10:00:00
