original_index,timestamp,target,partition,No,year,month,day,hour,PM2.5,PM10,SO2,NO2,CO,O3,TEMP,PRES,DEWP,RAIN,wd,WSPM,station,pm25_min,pm25_max,pm25_median,pm25_variance,temperature_min,temperature_max,temperature_median,temperature_variance,feature_timestamp,future_pm25,target_timestamp
5,2013-03-01 16:00:00,0,train,17,2013,3,1,16,9.0,19.0,9.0,13.0,400.0,76.0,5.9,1025.6,-18.1,0.0,NNW,3.9,Aotizhongxin,3.0,9.0,3.0,4.720588235294118,-2.6,6.2,0.1,10.24029411764706,2013-03-01 16:00:00,37.0,2013-03-02 16:00:00
84,2013-03-04 23:00:00,1,train,96,2013,3,4,23,58.0,94.0,46.0,86.0,1100.0,84.0,7.7,1015.7,-9.3,0.0,SW,2.1,Aotizhongxin,3.0,58.0,15.5,250.73731884057761,2.7,15.3,9.45,12.873750000000017,2013-03-04 23:00:00,226.0,2013-03-05 23:00:00
115,2013-03-06 06:00:00,1,train,127,2013,3,6,6,186.0,194.0,94.0,131.0,2600.0,22.0,4.5,1008.4,-5.3,0.0,NE,2.0,Aotizhongxin,106.0,284.0,189.0,2251.3623188405804,2.9,13.8,5.15,14.893750000000017,2013-03-06 06:00:00,306.0,2013-03-07 06:00:00
260,2013-03-12 07:00:00,0,train,272,2013,3,12,7,115.0,121.0,21.0,77.0,2100.0,47.0,3.5,1006.9,2.2,0.9,NW,1.4,Aotizhongxin,89.0,174.0,128.5,425.7971014493263,3.1,11.4,8.1,7.398260869565203,2013-03-12 07:00:00,3.0,2013-03-13 07:00:00
279,2013-03-13 02:00:00,0,train,291,2013,3,13,2,10.0,10.0,12.0,16.0,300.0,68.0,2.8,1019.3,-8.9,0.0,N,2.4,Aotizhongxin,10.0,160.0,126.5,1865.1286231884626,1.9,6.6,3.9499999999999997,1.836793478260798,2013-03-13 02:00:00,60.0,2013-03-14 02:00:00
298,2013-03-13 21:00:00,0,train,310,2013,3,13,21,35.0,39.0,16.0,67.0,700.0,77.0,4.8,1024.0,-8.7,0.0,SSW,3.2,Aotizhongxin,3.0,88.0,13.0,373.73913043486834,-0.9,9.7,4.9,8.489547101449213,2013-03-13 21:00:00,119.0,2013-03-14 21:00:00
299,2013-03-13 22:00:00,0,train,311,2013,3,13,22,37.0,39.0,18.0,67.0,700.0,77.0,4.0,1023.8,-8.1,0.0,SSW,3.2,Aotizhongxin,3.0,50.0,13.0,173.89673913052124,-0.9,9.7,4.9,8.12927536231878,2013-03-13 22:00:00,140.0,2013-03-14 22:00:00
411,2013-03-18 14:00:00,0,train,423,2013,3,18,14,12.0,6.0,10.0,14.0,400.0,107.0,12.0,1000.9,-16.6,0.0,NNE,1.9,Aotizhongxin,3.0,463.0,172.0,36789.43297101448,6.2,15.5,10.5,5.904057971014539,2013-03-18 14:00:00,50.0,2013-03-19 14:00:00
435,2013-03-19 14:00:00,0,train,447,2013,3,19,14,50.0,58.0,21.0,36.0,700.0,29.0,4.8,1007.4,0.0,0.0,NE,2.3,Aotizhongxin,3.0,78.0,33.5,261.6938405797642,0.1,11.5,3.0,9.875054347826005,2013-03-19 14:00:00,51.0,2013-03-20 14:00:00
446,2013-03-20 01:00:00,0,train,458,2013,3,20,1,47.0,47.0,5.0,40.0,800.0,10.0,-1.2,1018.1,-1.5,1.6,SW,1.2,Aotizhongxin,28.0,68.0,38.5,164.97826086961695,-1.2,4.8,1.65,2.732753623188284,2013-03-20 01:00:00,112.0,2013-03-21 01:00:00
580,2013-03-25 15:00:00,1,train,592,2013,3,25,15,133.0,165.0,56.0,88.0,,65.7594,10.8,1013.0,-5.7,0.0,SSW,3.0,Aotizhongxin,9.0,133.0,72.0,1329.5652173913354,-1.1,10.8,4.75,16.799112318840518,2013-03-25 15:00:00,200.0,2013-03-26 15:00:00
661,2013-03-29 00:00:00,0,train,673,2013,3,29,0,93.0,127.0,31.0,104.0,1300.0,5.0,2.1,1016.3,-3.8,0.0,NE,1.4,Aotizhongxin,3.0,109.0,13.0,1440.6938405797714,2.1,14.2,7.1,12.441449275362368,2013-03-29 00:00:00,57.0,2013-03-30 00:00:00
663,2013-03-29 02:00:00,0,train,675,2013,3,29,2,76.0,168.0,22.0,104.0,1000.0,2.0,2.2,1016.4,-5.7,0.0,ESE,0.4,Aotizhongxin,3.0,109.0,13.0,1513.3025362319436,2.1,14.2,7.1,14.41275362318845,2013-03-29 02:00:00,60.0,2013-03-30 02:00:00
714,2013-03-31 05:00:00,1,train,726,2013,3,31,5,96.0,115.0,10.0,80.0,1399.0,2.0,4.5,1016.0,2.2,0.0,SSW,1.7,Aotizhongxin,66.0,110.0,88.0,120.84057971018652,2.5,10.9,5.9,6.306938405797139,2013-03-31 05:00:00,238.0,2013-04-01 05:00:00
833,2013-04-05 04:00:00,0,train,845,2013,4,5,4,109.0,81.0,14.0,80.0,2000.0,2.0,6.2,1010.8,5.9,0.5,N,0.9,Aotizhongxin,46.0,109.0,79.0,183.4710144927871,5.6,10.7,6.25,3.148913043478318,2013-04-05 04:00:00,3.0,2013-04-06 04:00:00
842,2013-04-05 13:00:00,0,train,854,2013,4,5,13,26.0,26.0,28.0,24.0,400.0,65.0,13.4,1011.7,-4.8,0.0,NW,4.2,Aotizhongxin,26.0,116.0,84.5,561.954710144959,5.6,13.4,6.15,7.01971014492759,2013-04-05 13:00:00,3.0,2013-04-06 13:00:00
880,2013-04-07 03:00:00,0,train,892,2013,4,7,3,64.0,106.0,25.0,84.0,700.0,3.0,2.0,1004.0,-0.6,0.0,E,0.1,Aotizhongxin,3.0,64.0,15.0,323.67934782613526,-1.3,15.2,9.8,26.486793478260914,2013-04-07 03:00:00,44.0,2013-04-08 03:00:00
991,2013-04-11 18:00:00,0,train,1003,2013,4,11,18,17.0,23.0,4.0,17.0,400.0,84.8232,14.9,1010.7,-13.3,0.0,NNE,2.0,Aotizhongxin,4.0,36.0,20.0,74.85326086961132,2.1,18.1,8.8,35.35275362318846,2013-04-11 18:00:00,58.0,2013-04-12 18:00:00
1011,2013-04-12 14:00:00,0,train,1023,2013,4,12,14,58.0,109.0,16.0,44.0,600.0,88.0,22.6,1004.0,-0.2,0.0,SSW,3.8,Aotizhongxin,4.0,62.0,48.5,351.2101449275773,3.3,22.6,10.8,39.743695652174,2013-04-12 14:00:00,23.0,2013-04-13 14:00:00
1056,2013-04-14 11:00:00,0,train,1068,2013,4,14,11,34.0,152.0,22.0,46.0,1000.0,49.0,13.1,1006.3,-0.2,0.0,SW,2.6,Aotizhongxin,5.0,92.0,14.5,301.18840579714595,5.8,25.2,13.25,41.15809782608707,2013-04-14 11:00:00,82.0,2013-04-15 11:00:00
1097,2013-04-16 04:00:00,0,train,1109,2013,4,16,4,62.0,156.0,50.0,71.0,1300.0,12.0,8.7,998.1,2.3,0.0,NNW,0.7,Aotizhongxin,46.0,115.0,68.5,450.1086956522082,6.4,19.5,12.1,15.264329710145041,2013-04-16 04:00:00,33.0,2013-04-17 04:00:00
1104,2013-04-16 11:00:00,0,train,1116,2013,4,16,11,72.0,188.0,40.0,56.0,1000.0,69.0,20.2,1001.7,-2.2,0.0,N,2.8,Aotizhongxin,46.0,115.0,62.5,466.3750000000346,8.5,20.2,12.95,16.490271739130552,2013-04-16 11:00:00,40.0,2013-04-17 11:00:00
1134,2013-04-17 17:00:00,0,train,1146,2013,4,17,17,74.0,110.0,33.0,52.0,900.0,76.0,15.6,1003.4,-1.1,0.0,E,1.9,Aotizhongxin,33.0,93.0,47.0,270.1721014493151,8.5,17.1,10.85,10.394764492753701,2013-04-17 17:00:00,9.0,2013-04-18 17:00:00
1164,2013-04-18 23:00:00,0,train,1176,2013,4,18,23,22.0,71.0,9.0,50.0,400.0,52.0,10.0,1018.4,-8.2,0.0,SW,1.6,Aotizhongxin,5.0,22.0,10.0,11.78079710150073,6.3,15.5,11.0,7.1086775362319425,2013-04-18 23:00:00,58.0,2013-04-19 23:00:00
1224,2013-04-21 11:00:00,1,train,1236,2013,4,21,11,152.0,176.0,35.0,97.0,1399.0,,15.1,1013.3,4.2,0.0,S,2.2,Aotizhongxin,61.0,152.0,90.5,792.766304347846,4.2,15.3,10.7,14.281141304347834,2013-04-21 11:00:00,188.0,2013-04-22 11:00:00
1262,2013-04-23 01:00:00,0,train,1274,2013,4,23,1,119.0,127.0,29.0,48.0,800.0,33.0,11.0,1005.9,6.9,0.0,SW,2.5,Aotizhongxin,119.0,243.0,164.5,1380.6956521739019,7.9,14.7,13.6,5.2466666666667034,2013-04-23 01:00:00,168.0,2013-04-24 01:00:00
1285,2013-04-24 00:00:00,0,train,1297,2013,4,24,0,161.0,195.0,23.0,52.0,1800.0,2.0,8.0,1007.3,7.4,0.0,NNE,0.2,Aotizhongxin,114.0,263.0,179.0,2114.302536231871,8.0,17.1,10.75,7.23896739130437,2013-04-24 00:00:00,10.0,2013-04-25 00:00:00
1384,2013-04-28 03:00:00,0,train,1396,2013,4,28,3,82.0,135.0,62.0,61.0,2200.0,68.0,13.4,1004.7,5.8,0.0,SW,1.2,Aotizhongxin,38.0,96.0,73.0,270.69384057970444,9.3,23.9,18.5,18.9016666666668,2013-04-28 03:00:00,8.0,2013-04-29 03:00:00
1406,2013-04-29 01:00:00,0,train,1418,2013,4,29,1,12.0,32.0,4.0,40.0,300.0,58.0,15.1,1008.8,-5.4,0.0,NW,1.7,Aotizhongxin,12.0,94.0,80.5,876.5217391304285,11.6,20.7,16.200000000000003,7.339710144927703,2013-04-29 01:00:00,23.0,2013-04-30 01:00:00
1449,2013-04-30 20:00:00,0,train,1461,2013,4,30,20,20.0,71.0,6.0,77.0,700.0,44.0,20.7,1008.1,-6.9,0.0,E,1.4,Aotizhongxin,11.0,40.0,17.0,44.166666666659545,8.9,29.1,20.75,45.065923913043555,2013-04-30 20:00:00,39.0,2013-05-01 20:00:00
1544,2013-05-04 19:00:00,1,train,1556,2013,5,4,19,67.0,101.0,23.0,27.0,500.0,130.0,21.0,1009.7,7.6,0.0,SSW,1.2,Aotizhongxin,63.0,146.0,82.0,585.3749999999911,12.9,24.1,18.35,13.304275362318958,2013-05-04 19:00:00,237.0,2013-05-05 19:00:00
1564,2013-05-05 15:00:00,0,train,1576,2013,5,5,15,243.0,244.0,69.0,61.0,1300.0,164.0,27.1,1008.2,14.5,0.0,S,2.2,Aotizhongxin,66.0,366.0,156.0,5147.731884057959,13.8,27.3,20.049999999999997,21.881576086956603,2013-05-05 15:00:00,124.0,2013-05-06 15:00:00
1574,2013-05-06 01:00:00,0,train,1586,2013,5,6,1,288.0,308.0,28.0,52.0,1500.0,38.0,16.8,1009.3,15.3,0.0,NE,0.8,Aotizhongxin,132.0,288.0,222.0,2702.8532608695477,13.8,27.3,21.35,21.455634057971043,2013-05-06 01:00:00,165.0,2013-05-07 01:00:00
1638,2013-05-08 17:00:00,0,train,1650,2013,5,8,17,107.0,173.0,79.0,47.0,800.0,114.0,21.3,1006.7,14.5,0.0,SW,2.2,Aotizhongxin,67.0,203.0,161.0,1159.896739130435,16.4,26.8,21.55,6.925797101449274,2013-05-08 17:00:00,58.0,2013-05-09 17:00:00
1665,2013-05-09 20:00:00,0,train,1677,2013,5,9,20,66.0,89.0,18.0,76.0,600.0,46.0,17.3,1002.8,12.4,0.0,SW,1.5,Aotizhongxin,22.0,101.0,52.5,309.86775362321004,16.7,19.8,18.1,0.5868840579712024,2013-05-09 20:00:00,40.0,2013-05-10 20:00:00
1674,2013-05-10 05:00:00,0,train,1686,2013,5,10,5,102.0,134.0,15.0,94.0,900.0,2.0,9.6,998.0,9.5,0.0,ENE,0.0,Aotizhongxin,22.0,102.0,65.0,556.5199275362513,9.5,19.8,18.0,12.542590579710431,2013-05-10 05:00:00,55.0,2013-05-11 05:00:00
1718,2013-05-12 01:00:00,0,train,1730,2013,5,12,1,40.0,106.0,17.0,78.0,400.0,12.0,14.5,992.8,5.0,0.0,WSW,0.2,Aotizhongxin,9.0,82.0,43.0,494.0797101449508,11.3,33.0,22.15,65.67302536231881,2013-05-12 01:00:00,34.0,2013-05-13 01:00:00
1754,2013-05-13 13:00:00,0,train,1766,2013,5,13,13,71.0,137.0,80.0,65.0,1600.0,92.0,26.9,995.5,4.0,0.0,WSW,1.7,Aotizhongxin,19.0,92.0,48.0,436.77536231886114,14.9,30.0,22.6,22.375634057971034,2013-05-13 13:00:00,22.0,2013-05-14 13:00:00
1884,2013-05-18 23:00:00,0,train,1896,2013,5,18,23,34.0,83.0,16.0,26.0,800.0,94.0,19.1,998.9,13.9,0.0,S,2.2,Aotizhongxin,34.0,182.0,142.5,2178.519927536244,17.8,23.8,20.4,4.320579710144998,2013-05-18 23:00:00,16.0,2013-05-19 23:00:00
1915,2013-05-20 06:00:00,0,train,1927,2013,5,20,6,22.0,68.0,12.0,80.0,400.0,,16.8,999.0,1.2,0.0,SSW,2.2,Aotizhongxin,13.0,117.0,45.5,1024.6956521739473,9.4,25.6,19.5,31.63971014492774,2013-05-20 06:00:00,79.0,2013-05-21 06:00:00
1960,2013-05-22 03:00:00,0,train,1972,2013,5,22,3,55.0,120.0,40.0,81.0,,30.6306,16.0,1002.8,10.3,0.0,SSW,0.5,Aotizhongxin,52.0,146.0,102.0,585.4710144927755,15.5,28.1,22.45,17.744565217391276,2013-05-22 03:00:00,32.0,2013-05-23 03:00:00
2077,2013-05-27 00:00:00,0,train,2089,2013,5,27,0,36.0,36.0,9.0,24.0,200.0,38.0,16.7,1004.8,16.1,0.6,ENE,0.8,Aotizhongxin,36.0,144.0,100.5,946.5797101449483,16.7,23.2,21.25,3.931231884058054,2013-05-27 00:00:00,94.0,2013-05-28 00:00:00
2087,2013-05-27 10:00:00,0,train,2099,2013,5,27,10,57.0,43.0,9.0,54.0,800.0,20.0,19.2,1003.6,16.2,0.0,N,1.2,Aotizhongxin,35.0,144.0,57.0,1402.867753623211,16.4,23.2,18.35,6.163188405797319,2013-05-27 10:00:00,87.0,2013-05-28 10:00:00
2102,2013-05-28 01:00:00,0,train,2114,2013,5,28,1,78.0,83.0,3.0,65.0,1300.0,16.0,18.5,998.8,17.0,0.0,SW,1.8,Aotizhongxin,35.0,107.0,75.5,518.8097826087177,16.4,22.2,19.0,3.2328804347828313,2013-05-28 01:00:00,34.0,2013-05-29 01:00:00
2207,2013-06-01 10:00:00,1,train,2219,2013,6,1,10,92.0,69.0,22.0,42.0,500.0,102.0,29.8,1001.6,0.4,0.0,ENE,2.1,Aotizhongxin,92.0,139.0,115.5,115.95471014494935,18.2,29.8,24.9,16.534492753623027,2013-06-01 10:00:00,228.0,2013-06-02 10:00:00
2236,2013-06-02 15:00:00,0,train,2248,2013,6,2,15,235.0,263.0,11.0,57.0,1899.0,116.0,25.6,996.4,19.0,0.0,E,1.5,Aotizhongxin,3.0,250.0,67.0,8532.51992753625,17.2,29.7,21.85,11.378188405797163,2013-06-02 15:00:00,50.0,2013-06-03 15:00:00
2240,2013-06-02 19:00:00,0,train,2252,2013,6,2,19,121.0,134.0,6.0,57.0,1000.0,140.0,23.4,996.8,18.5,0.0,NE,0.8,Aotizhongxin,20.0,250.0,136.0,6318.853260869583,17.2,25.9,21.85,8.092101449275464,2013-06-02 19:00:00,75.0,2013-06-03 19:00:00
2255,2013-06-03 10:00:00,0,train,2267,2013,6,3,10,174.0,176.0,19.0,64.0,1600.0,109.0,29.2,1000.4,16.7,0.0,SE,0.8,Aotizhongxin,118.0,250.0,164.0,1757.8260869565402,17.8,29.2,22.85,9.689547101449282,2013-06-03 10:00:00,152.0,2013-06-04 10:00:00
2266,2013-06-03 21:00:00,0,train,2278,2013,6,3,21,100.0,199.0,15.0,164.0,1300.0,72.0,21.6,1001.5,16.5,0.0,WNW,0.0,Aotizhongxin,50.0,180.0,127.5,1853.1014492753745,17.8,33.1,24.05,29.61826086956496,2013-06-03 21:00:00,81.0,2013-06-04 21:00:00
2349,2013-06-07 08:00:00,0,train,2361,2013,6,7,8,99.0,107.0,7.0,55.0,2000.0,4.0,19.5,1003.7,18.8,7.6,SE,1.1,Aotizhongxin,74.0,162.0,127.0,499.2155797101614,18.8,20.5,19.95,0.21519927536281586,2013-06-07 08:00:00,136.0,2013-06-08 08:00:00
2352,2013-06-07 11:00:00,1,train,2364,2013,6,7,11,74.0,93.0,9.0,58.0,2700.0,5.0,19.8,1003.9,19.5,0.3,WSW,0.7,Aotizhongxin,74.0,162.0,127.0,458.89673913045124,19.2,20.5,19.95,0.11623188405846163,2013-06-07 11:00:00,212.0,2013-06-08 11:00:00
2353,2013-06-07 12:00:00,1,train,2365,2013,6,7,12,95.0,106.0,6.0,56.0,2299.0,6.0,20.2,1003.6,19.9,0.6,WSW,1.1,Aotizhongxin,74.0,162.0,127.0,449.08514492755273,19.3,20.5,20.0,0.09847826087005272,2013-06-07 12:00:00,232.0,2013-06-08 12:00:00
2397,2013-06-09 08:00:00,0,train,2409,2013,6,9,8,12.0,12.0,7.0,45.0,300.0,33.0,17.6,1004.8,16.5,0.6,NNE,2.7,Aotizhongxin,12.0,240.0,174.5,3371.6739130434908,17.6,20.4,19.9,0.34804347826137316,2013-06-09 08:00:00,16.0,2013-06-10 08:00:00
2404,2013-06-09 15:00:00,0,train,2416,2013,6,9,15,12.0,6.0,3.0,56.0,300.0,34.0,17.0,1006.4,16.4,1.1,ENE,1.4,Aotizhongxin,3.0,209.0,118.5,6201.101449275388,16.9,20.2,19.75,1.6294927536237769,2013-06-09 15:00:00,19.0,2013-06-10 15:00:00
2432,2013-06-10 19:00:00,0,train,2444,2013,6,10,19,28.0,120.0,4.0,82.0,300.0,86.0,21.5,1005.7,16.5,0.0,SW,1.2,Aotizhongxin,6.0,41.0,19.5,70.02173913048064,15.8,26.6,17.75,17.444184782609206,2013-06-10 19:00:00,21.0,2013-06-11 19:00:00
2483,2013-06-12 22:00:00,0,train,2495,2013,6,12,22,110.0,130.0,10.0,105.0,1200.0,114.0,22.0,1002.7,15.6,0.0,SSE,1.6,Aotizhongxin,16.0,110.0,54.5,858.1666666667026,14.4,26.8,22.7,21.22259057971054,2013-06-12 22:00:00,110.0,2013-06-13 22:00:00
2492,2013-06-13 07:00:00,0,train,2504,2013,6,13,7,117.0,126.0,23.0,94.0,1399.0,44.0,21.5,1004.2,15.6,0.0,NE,2.1,Aotizhongxin,44.0,117.0,84.0,478.36956521741837,17.2,26.8,22.7,9.364275362319095,2013-06-13 07:00:00,92.0,2013-06-14 07:00:00
2500,2013-06-13 15:00:00,0,train,2512,2013,6,13,15,158.0,184.0,48.0,60.0,1600.0,272.0,29.5,1002.0,18.0,0.0,SSW,2.4,Aotizhongxin,71.0,162.0,107.0,693.201086956539,17.2,29.7,23.0,15.137663043478424,2013-06-13 15:00:00,104.0,2013-06-14 15:00:00
2513,2013-06-14 04:00:00,0,train,2525,2013,6,14,4,75.0,130.0,33.0,78.0,500.0,91.0,22.6,1003.1,11.9,0.0,WSW,1.7,Aotizhongxin,70.0,162.0,111.5,767.0271739130602,17.6,29.7,24.4,10.82347826086953,2013-06-14 04:00:00,76.0,2013-06-15 04:00:00
2652,2013-06-19 23:00:00,0,train,2664,2013,6,19,23,60.0,60.0,,159.7234,,45.8388,25.3,998.0,19.9,0.0,N,0.0,Aotizhongxin,3.0,111.0,53.5,1111.6449275362615,21.2,35.4,28.799999999999997,23.24201086956475,2013-06-19 23:00:00,91.0,2013-06-20 23:00:00
2711,2013-06-22 10:00:00,0,train,2723,2013,6,22,10,59.0,65.0,2.856,65.696,,8.3538,21.0,1004.0,20.5,1.0,N,1.4,Aotizhongxin,16.0,94.0,44.0,503.90579710148006,20.5,30.6,23.75,9.97797101449268,2013-06-22 10:00:00,58.0,2013-06-23 10:00:00
2751,2013-06-24 02:00:00,0,train,2763,2013,6,24,2,49.0,64.0,5.4264,53.1727,,72.6138,21.8,997.3,19.0,0.0,SSW,0.8,Aotizhongxin,29.0,83.0,58.0,221.5054347826368,19.8,31.2,26.450000000000003,14.169981884057691,2013-06-24 02:00:00,39.0,2013-06-25 02:00:00
2789,2013-06-25 16:00:00,0,train,2801,2013,6,25,16,153.0,175.0,35.1288,71.855,,51.408,23.3,993.0,20.8,0.0,NE,1.3,Aotizhongxin,36.0,170.0,84.0,2092.3025362319017,20.6,28.5,21.5,4.4489130434783695,2013-06-25 16:00:00,121.0,2013-06-26 16:00:00
2791,2013-06-25 18:00:00,0,train,2803,2013,6,25,18,188.0,222.0,27.9888,92.385,,7.9254,22.2,992.8,21.4,0.7,NE,1.2,Aotizhongxin,36.0,188.0,84.0,2599.478260869581,20.6,24.1,21.5,1.31210144927552,2013-06-25 18:00:00,78.0,2013-06-26 18:00:00
2800,2013-06-26 03:00:00,0,train,2812,2013,6,26,3,153.0,132.0,5.1408,68.7755,,,21.1,992.7,20.8,0.0,NE,0.8,Aotizhongxin,69.0,188.0,151.5,1539.2971014492773,20.6,24.1,21.8,0.9668840579711495,2013-06-26 03:00:00,84.0,2013-06-27 03:00:00
2874,2013-06-29 05:00:00,1,train,2886,2013,6,29,5,64.0,25.0,3.0,43.0,600.0,57.0,21.0,998.5,20.7,0.0,NE,0.6,Aotizhongxin,22.0,510.0,265.0,27707.818840579643,20.5,27.0,25.55,6.640851449275454,2013-06-29 05:00:00,189.0,2013-06-30 05:00:00
2899,2013-06-30 06:00:00,0,train,2911,2013,6,30,6,194.0,181.0,40.0,70.0,3000.0,2.0,23.3,999.8,22.5,0.0,WSW,0.5,Aotizhongxin,65.0,194.0,147.0,1624.5199275361933,21.9,25.0,22.9,0.9547644927538346,2013-06-30 06:00:00,162.0,2013-07-01 06:00:00
2968,2013-07-03 03:00:00,0,train,2980,2013,7,3,3,25.0,60.0,7.0,99.0,500.0,2.0,22.4,990.5,20.7,0.0,NW,0.5,Aotizhongxin,4.0,25.0,12.0,47.43297101451077,21.0,36.1,29.6,25.061449275361745,2013-07-03 03:00:00,29.0,2013-07-04 03:00:00
2969,2013-07-03 04:00:00,0,train,2981,2013,7,3,4,31.0,124.0,8.0,99.0,600.0,2.0,21.9,990.3,20.7,0.0,NNE,0.6,Aotizhongxin,4.0,31.0,12.5,59.10144927538001,21.8,36.1,29.6,24.466503623187826,2013-07-03 04:00:00,18.0,2013-07-04 04:00:00
2989,2013-07-04 00:00:00,0,train,3001,2013,7,4,0,25.0,54.0,8.0,102.0,700.0,2.0,24.0,989.2,20.9,0.0,N,0.0,Aotizhongxin,8.0,46.0,25.0,132.94927536233138,21.9,36.8,27.950000000000003,27.01478260869504,2013-07-04 00:00:00,22.0,2013-07-05 00:00:00
3035,2013-07-05 22:00:00,0,train,3047,2013,7,5,22,31.0,79.0,5.0,66.0,700.0,90.0,29.1,995.1,19.7,0.0,WSW,1.7,Aotizhongxin,10.0,31.0,20.0,28.08695652175488,20.6,36.2,30.35,31.84954710144873,2013-07-05 22:00:00,70.0,2013-07-06 22:00:00
3101,2013-07-08 16:00:00,0,train,3113,2013,7,8,16,85.0,28.0,6.0,51.0,800.0,107.0,27.2,996.2,25.0,0.1,WSW,1.1,Aotizhongxin,57.0,214.0,89.0,2268.862318840556,23.2,30.5,25.799999999999997,4.949782608695394,2013-07-08 16:00:00,25.0,2013-07-09 16:00:00
3157,2013-07-11 00:00:00,0,train,3169,2013,7,11,0,28.0,30.0,3.0,66.0,500.0,2.0,21.8,1000.1,21.3,0.0,ESE,0.0,Aotizhongxin,19.0,51.0,28.0,71.53623188407761,21.8,24.8,22.55,0.8725905797102311,2013-07-11 00:00:00,55.0,2013-07-12 00:00:00
3164,2013-07-11 07:00:00,0,train,3176,2013,7,11,7,29.0,47.0,4.0,47.0,500.0,2.0,23.9,1001.1,21.6,0.0,SE,0.6,Aotizhongxin,19.0,34.0,26.0,14.375000000021956,21.8,24.8,22.6,1.0047644927537092,2013-07-11 07:00:00,55.0,2013-07-12 07:00:00
3196,2013-07-12 15:00:00,0,train,3208,2013,7,12,15,80.0,101.0,5.0,57.0,700.0,289.0,31.2,998.5,24.3,0.0,SW,3.3,Aotizhongxin,30.0,80.0,55.0,181.36231884058543,20.6,32.1,24.549999999999997,15.54340579710132,2013-07-12 15:00:00,102.0,2013-07-13 15:00:00
3197,2013-07-12 16:00:00,0,train,3209,2013,7,12,16,65.0,92.0,4.0,43.0,600.0,233.0,30.6,998.4,24.5,0.0,SSW,1.5,Aotizhongxin,30.0,80.0,55.5,168.91123188406303,20.6,32.1,24.549999999999997,16.157101449275228,2013-07-12 16:00:00,102.0,2013-07-13 16:00:00
3200,2013-07-12 19:00:00,0,train,3212,2013,7,12,19,42.0,55.0,3.0,35.0,700.0,113.0,27.7,1000.0,23.5,0.0,SSW,2.3,Aotizhongxin,38.0,80.0,55.5,124.21557971014934,20.6,32.1,25.549999999999997,17.073840579709987,2013-07-12 19:00:00,76.0,2013-07-13 19:00:00
3224,2013-07-13 19:00:00,0,train,3236,2013,7,13,19,76.0,84.0,5.0,46.0,1000.0,177.0,28.2,1000.8,23.1,0.0,SW,1.5,Aotizhongxin,63.0,185.0,134.0,929.0144927535907,25.0,31.9,27.25,4.903025362318592,2013-07-13 19:00:00,71.0,2013-07-14 19:00:00
3232,2013-07-14 03:00:00,0,train,3244,2013,7,14,3,111.0,114.0,15.0,53.0,1000.0,48.0,25.1,1002.7,22.8,0.0,SSE,1.0,Aotizhongxin,76.0,185.0,139.0,1143.0706521738798,25.0,31.9,27.7,4.234130434782337,2013-07-14 03:00:00,69.0,2013-07-15 03:00:00
3256,2013-07-15 03:00:00,0,train,3268,2013,7,15,3,69.0,47.0,3.0,38.0,700.0,28.0,22.7,997.2,22.5,1.8,NE,1.5,Aotizhongxin,51.0,171.0,73.5,1087.6358695652023,22.6,31.2,25.5,8.361739130434588,2013-07-15 03:00:00,49.0,2013-07-16 03:00:00
3298,2013-07-16 21:00:00,0,train,3310,2013,7,16,21,25.0,66.0,3.0,82.0,500.0,54.0,22.7,998.2,18.9,0.0,SSW,0.6,Aotizhongxin,5.0,58.0,11.0,460.52173913045,21.5,34.3,25.5,19.4819565217389,2013-07-16 21:00:00,83.0,2013-07-17 21:00:00
3387,2013-07-20 14:00:00,0,train,3399,2013,7,20,14,13.0,13.0,6.0,24.0,200.0,146.0,33.6,997.9,19.3,0.0,E,1.1,Aotizhongxin,13.0,148.0,111.0,1792.2536231883796,22.9,33.7,27.450000000000003,13.398188405796843,2013-07-20 14:00:00,81.0,2013-07-21 14:00:00
3423,2013-07-22 02:00:00,0,train,3435,2013,7,22,2,72.0,109.0,,63.0,700.0,45.0,22.8,999.2,21.6,0.0,WNW,0.4,Aotizhongxin,38.0,109.0,72.5,386.4329710144717,22.8,30.7,26.700000000000003,7.89302536231864,2013-07-22 02:00:00,78.0,2013-07-23 02:00:00
3467,2013-07-23 22:00:00,0,train,3479,2013,7,23,22,42.0,87.0,8.0,40.0,400.0,96.0,25.1,993.4,21.8,0.0,SW,0.4,Aotizhongxin,20.0,78.0,33.5,356.2318840579568,22.1,31.3,27.05,7.355199275362104,2013-07-23 22:00:00,25.0,2013-07-24 22:00:00
3565,2013-07-28 00:00:00,0,train,3577,2013,7,28,0,147.0,107.0,6.0,97.0,1800.0,2.0,23.4,994.3,23.1,0.0,NNE,0.2,Aotizhongxin,85.0,147.0,94.5,438.7663043477943,23.4,27.5,24.45,1.6503623188403036,2013-07-28 00:00:00,36.0,2013-07-29 00:00:00
3594,2013-07-29 05:00:00,0,train,3606,2013,7,29,5,55.0,108.0,5.0,80.0,700.0,2.0,26.2,994.7,23.3,0.0,E,0.7,Aotizhongxin,29.0,82.0,46.0,150.6014492753477,23.4,37.1,29.950000000000003,16.59905797101427,2013-07-29 05:00:00,117.0,2013-07-30 05:00:00
3643,2013-07-31 06:00:00,0,train,3655,2013,7,31,6,14.0,3.0,3.0,54.0,300.0,28.0,22.5,994.5,22.5,0.0,NNE,0.8,Aotizhongxin,3.0,189.0,85.0,4128.456521739104,20.9,34.9,29.9,27.186014492753376,2013-07-31 06:00:00,30.0,2013-08-01 06:00:00
3769,2013-08-05 12:00:00,0,train,3781,2013,8,5,12,43.0,54.0,4.5696,51.9409,,170.9316,31.0,992.8,21.8,0.0,WSW,1.1,Aotizhongxin,6.0,146.0,50.0,987.9547101449089,19.7,34.0,23.5,26.31971014492707,2013-08-05 12:00:00,156.0,2013-08-06 12:00:00
3797,2013-08-06 16:00:00,0,train,3809,2013,8,6,16,136.0,108.0,9.0,39.0,,273.105,33.5,992.2,24.7,0.0,SW,1.9,Aotizhongxin,34.0,187.0,87.5,2545.123188405775,24.6,34.4,27.75,12.086666666666368,2013-08-06 16:00:00,15.0,2013-08-07 16:00:00
3842,2013-08-08 13:00:00,0,train,3854,2013,8,8,13,37.0,79.0,10.2816,65.696,,131.9472,33.3,994.1,20.8,0.0,WSW,1.8,Aotizhongxin,15.0,37.0,18.5,26.753623188388044,21.1,33.3,22.45,15.808532608695304,2013-08-08 13:00:00,42.0,2013-08-09 13:00:00
3882,2013-08-10 05:00:00,0,train,3894,2013,8,10,5,40.0,55.0,4.0,57.0,1000.0,34.0,24.3,998.8,22.0,0.0,NE,0.5,Aotizhongxin,15.0,108.0,42.0,612.389492753604,22.5,36.4,28.700000000000003,19.30722826086941,2013-08-10 05:00:00,183.0,2013-08-11 05:00:00
3959,2013-08-13 10:00:00,0,train,3971,2013,8,13,10,97.0,81.0,14.0,72.0,1000.0,65.0,30.6,999.6,24.5,0.0,S,1.1,Aotizhongxin,28.0,103.0,68.5,555.1286231883861,24.9,30.6,27.8,3.5286956521736843,2013-08-13 10:00:00,71.0,2013-08-14 10:00:00
3983,2013-08-14 10:00:00,0,train,3995,2013,8,14,10,71.0,113.0,7.0,91.0,900.0,51.0,31.3,998.7,25.2,0.0,E,1.3,Aotizhongxin,29.0,108.0,70.0,641.824275362299,23.9,32.5,28.65,7.96259057970993,2013-08-14 10:00:00,123.0,2013-08-15 10:00:00
4006,2013-08-15 09:00:00,0,train,4018,2013,8,15,9,105.0,138.0,6.0,87.0,1100.0,14.0,30.4,998.4,26.8,0.0,NNE,1.3,Aotizhongxin,50.0,105.0,85.5,123.03623188403411,27.1,33.7,29.8,4.393315217391132,2013-08-15 09:00:00,87.0,2013-08-16 09:00:00
4041,2013-08-16 20:00:00,0,train,4053,2013,8,16,20,187.0,226.0,11.0,120.0,3300.0,2.0,29.4,993.2,27.8,0.0,NNE,1.0,Aotizhongxin,47.0,206.0,136.5,3100.288043478223,27.1,32.5,29.25,3.1008514492751704,2013-08-16 20:00:00,14.0,2013-08-17 20:00:00
4046,2013-08-17 01:00:00,0,train,4058,2013,8,17,1,158.0,171.0,13.0,72.0,1600.0,2.0,27.5,992.6,26.8,0.0,ENE,0.7,Aotizhongxin,47.0,187.0,150.5,2655.0652173912663,27.1,32.5,28.5,3.3173913043476295,2013-08-17 01:00:00,10.0,2013-08-18 01:00:00
4066,2013-08-17 21:00:00,0,train,4078,2013,8,17,21,12.0,21.0,4.0,41.0,400.0,59.0,25.2,999.0,15.2,0.0,NW,0.0,Aotizhongxin,10.0,182.0,24.5,4018.9981884057765,25.2,36.3,29.1,14.567663043478106,2013-08-17 21:00:00,24.0,2013-08-18 21:00:00
4108,2013-08-19 15:00:00,0,train,4120,2013,8,19,15,12.0,12.0,4.0,21.0,300.0,108.0,34.6,1003.2,11.7,0.0,NNE,1.3,Aotizhongxin,10.0,34.0,19.5,41.21014492752581,20.7,35.2,27.4,26.977663043477907,2013-08-19 15:00:00,54.0,2013-08-20 15:00:00
4119,2013-08-20 02:00:00,0,train,4131,2013,8,20,2,58.0,124.0,13.0,72.0,900.0,90.0,23.0,1004.1,18.3,0.0,NE,1.0,Aotizhongxin,9.0,58.0,19.5,118.26086956520642,20.7,35.2,27.95,23.9510144927533,2013-08-20 02:00:00,144.0,2013-08-21 02:00:00
4149,2013-08-21 08:00:00,0,train,4161,2013,8,21,8,102.0,104.0,5.0,55.0,1100.0,1.0,25.7,1004.1,22.8,0.0,ENE,0.4,Aotizhongxin,54.0,161.0,113.5,898.6666666666328,23.1,29.8,24.35,5.952753623187906,2013-08-21 08:00:00,109.0,2013-08-22 08:00:00
4188,2013-08-22 23:00:00,0,train,4200,2013,8,22,23,115.0,145.0,5.0,139.0,1300.0,1.0,23.2,1004.2,21.8,0.0,E,1.0,Aotizhongxin,74.0,133.0,117.5,148.91123188402366,21.4,25.8,23.85,2.0617210144920963,2013-08-22 23:00:00,38.0,2013-08-23 23:00:00
4191,2013-08-23 02:00:00,0,train,4203,2013,8,23,2,104.0,155.0,6.0,85.0,1300.0,1.0,22.4,1004.0,21.7,0.0,NE,0.0,Aotizhongxin,74.0,133.0,117.5,167.9112318840239,21.4,25.8,23.85,1.752155797100801,2013-08-23 02:00:00,71.0,2013-08-24 02:00:00
4233,2013-08-24 20:00:00,0,train,4245,2013,8,24,20,42.0,104.0,7.0,71.0,700.0,149.0,24.2,1003.1,18.8,0.0,SW,0.5,Aotizhongxin,12.0,71.0,30.0,218.78260869564315,20.9,35.4,25.25,27.108695652173626,2013-08-24 20:00:00,33.0,2013-08-25 20:00:00
4288,2013-08-27 03:00:00,0,train,4300,2013,8,27,3,40.0,40.0,6.0,30.0,,,23.4,1002.5,20.0,0.0,E,1.4,Aotizhongxin,11.0,122.0,53.0,774.3749999999843,21.2,34.6,27.75,20.226086956521602,2013-08-27 03:00:00,23.0,2013-08-28 03:00:00
4343,2013-08-29 10:00:00,0,train,4355,2013,8,29,10,7.0,42.0,5.0,,200.0,44.0,26.8,997.3,11.3,0.0,WNW,5.1,Aotizhongxin,7.0,116.0,79.5,1304.0706521738925,21.8,27.3,24.75,2.712155797100793,2013-08-29 10:00:00,5.0,2013-08-30 10:00:00
4373,2013-08-30 16:00:00,0,train,4385,2013,8,30,16,5.0,10.0,2.0,15.0,200.0,75.0,28.5,1004.9,7.7,0.0,NW,2.2,Aotizhongxin,3.0,12.0,5.0,9.797101449274681,18.2,28.5,22.35,11.019112318839642,2013-08-30 16:00:00,11.0,2013-08-31 16:00:00
4416,2013-09-01 11:00:00,0,train,4428,2013,9,1,11,34.0,69.0,13.0,29.0,600.0,70.0,27.1,1008.0,14.8,0.0,NNE,2.0,Aotizhongxin,4.0,62.0,25.5,268.77536231883334,16.6,30.5,21.8,23.291884057970137,2013-09-01 11:00:00,36.0,2013-09-02 11:00:00
4457,2013-09-03 04:00:00,0,train,4469,2013,9,3,4,123.0,181.0,5.0,86.0,1200.0,1.0,19.1,1011.1,17.6,0.0,NE,1.2,Aotizhongxin,15.0,123.0,55.5,1031.9057971014324,16.7,28.6,22.25,14.145144927535291,2013-09-03 04:00:00,138.0,2013-09-04 04:00:00
4462,2013-09-03 09:00:00,0,train,4474,2013,9,3,9,64.0,96.0,5.0,44.0,800.0,50.0,23.9,1012.4,18.3,0.0,NNE,1.2,Aotizhongxin,34.0,123.0,72.0,750.3025362318641,18.8,28.6,22.0,12.626666666665749,2013-09-03 09:00:00,34.0,2013-09-04 09:00:00
4466,2013-09-03 13:00:00,0,train,4478,2013,9,3,13,88.0,106.0,14.0,41.0,1000.0,140.0,27.9,1009.5,19.7,0.0,SE,0.9,Aotizhongxin,42.0,123.0,77.0,491.30253623186275,18.8,28.6,22.0,12.847536231883144,2013-09-03 13:00:00,64.0,2013-09-04 13:00:00
4482,2013-09-04 05:00:00,0,train,4494,2013,9,4,5,41.0,41.0,2.0,23.0,600.0,68.0,18.6,1010.9,18.3,0.0,WNW,0.9,Aotizhongxin,41.0,151.0,98.5,835.7608695651913,18.3,28.5,24.200000000000003,10.26592391304271,2013-09-04 05:00:00,7.0,2013-09-05 05:00:00
4548,2013-09-06 23:00:00,0,train,4560,2013,9,6,23,98.0,111.0,17.0,78.0,2300.0,30.0,19.4,1011.2,18.6,0.0,SE,0.2,Aotizhongxin,36.0,119.0,61.5,571.896739130416,17.7,25.6,19.799999999999997,7.762318840578472,2013-09-06 23:00:00,90.0,2013-09-07 23:00:00
4697,2013-09-13 04:00:00,0,train,4709,2013,9,13,4,39.0,39.0,3.0,30.0,500.0,49.0,18.1,1002.1,17.6,0.0,SW,0.1,Aotizhongxin,39.0,224.0,144.0,2431.998188405763,17.6,25.6,22.0,7.0885326086944795,2013-09-13 04:00:00,93.0,2013-09-14 04:00:00
4722,2013-09-14 05:00:00,0,train,4734,2013,9,14,5,80.0,97.0,5.0,48.0,1400.0,1.0,19.2,1001.8,19.2,0.0,NNE,1.2,Aotizhongxin,44.0,163.0,89.0,948.809782608669,18.5,20.5,19.85,0.3336231884041609,2013-09-14 05:00:00,21.0,2013-09-15 05:00:00
4724,2013-09-14 07:00:00,0,train,4736,2013,9,14,7,68.0,77.0,3.0,53.0,1300.0,1.0,19.0,1003.6,19.0,0.0,N,0.0,Aotizhongxin,44.0,163.0,89.0,961.5054347825821,18.8,20.5,19.85,0.26079710144764895,2013-09-14 07:00:00,15.0,2013-09-15 07:00:00
4745,2013-09-15 04:00:00,0,train,4757,2013,9,15,4,9.0,36.0,4.0,48.0,100.0,7.0,16.4,1009.3,10.7,0.0,NE,1.2,Aotizhongxin,3.0,103.0,23.5,778.1286231883871,15.3,31.6,19.4,35.46666666666558,2013-09-15 04:00:00,30.0,2013-09-16 04:00:00
4765,2013-09-16 00:00:00,0,train,4777,2013,9,16,0,24.0,76.0,13.0,70.0,900.0,6.0,17.5,1007.2,15.3,0.0,NNW,0.1,Aotizhongxin,9.0,33.0,20.0,55.82427536230215,15.5,26.7,20.45,13.908242753621764,2013-09-16 00:00:00,67.0,2013-09-17 00:00:00
4779,2013-09-16 14:00:00,0,train,4791,2013,9,16,14,52.0,79.0,29.0,54.0,1100.0,91.0,25.8,1004.1,14.0,0.0,SW,1.9,Aotizhongxin,19.0,69.0,32.5,251.99275362316857,16.3,26.4,20.15,10.892590579708711,2013-09-16 14:00:00,94.0,2013-09-17 14:00:00
4784,2013-09-16 19:00:00,0,train,4796,2013,9,16,19,50.0,117.0,23.0,73.0,1400.0,38.0,21.2,1005.2,15.9,0.0,SW,1.2,Aotizhongxin,22.0,69.0,42.5,199.21014492751578,16.3,26.4,20.15,10.809565217389878,2013-09-16 19:00:00,72.0,2013-09-17 19:00:00
4830,2013-09-18 17:00:00,0,train,4842,2013,9,18,17,98.0,100.0,19.0,54.0,1300.0,60.0,23.3,1011.4,20.2,0.0,ENE,0.8,Aotizhongxin,72.0,139.0,101.0,298.3478260869245,18.9,24.0,19.8,2.7017210144913717,2013-09-18 17:00:00,96.0,2013-09-19 17:00:00
4869,2013-09-20 08:00:00,0,train,4881,2013,9,20,8,28.0,40.0,4.0,53.0,700.0,1.0,23.5,1011.7,14.8,0.0,NE,2.2,Aotizhongxin,28.0,146.0,118.5,868.3405797101125,16.4,26.1,20.6,8.523405797100184,2013-09-20 08:00:00,27.0,2013-09-21 08:00:00
4878,2013-09-20 17:00:00,0,train,4890,2013,9,20,17,14.0,21.0,3.0,38.0,200.0,73.0,21.7,1008.5,16.4,0.0,ENE,0.0,Aotizhongxin,3.0,146.0,75.5,2922.782608695623,16.4,27.7,21.1,13.320797101448159,2013-09-20 17:00:00,38.0,2013-09-21 17:00:00
4900,2013-09-21 15:00:00,0,train,4912,2013,9,21,15,33.0,36.0,5.0,37.0,300.0,145.0,28.1,1008.5,14.3,0.0,SW,2.4,Aotizhongxin,3.0,60.0,38.0,216.86231884055343,17.5,28.9,20.15,14.019112318839506,2013-09-21 15:00:00,104.0,2013-09-22 15:00:00
4999,2013-09-25 18:00:00,0,train,5011,2013,9,25,18,11.0,66.0,3.0,33.0,300.0,62.0,19.4,1011.5,3.9,0.0,SW,2.6,Aotizhongxin,3.0,26.0,11.5,33.91123188404237,6.3,24.6,12.9,45.422318840577375,2013-09-25 18:00:00,42.0,2013-09-26 18:00:00
5011,2013-09-26 06:00:00,0,train,5023,2013,9,26,6,20.0,68.0,7.0,51.0,300.0,1.0,8.7,1013.5,7.6,0.0,NE,0.6,Aotizhongxin,6.0,40.0,15.0,83.41304347824418,8.7,24.6,16.1,34.771576086954376,2013-09-26 06:00:00,73.0,2013-09-27 06:00:00
5016,2013-09-26 11:00:00,0,train,5028,2013,9,26,11,37.0,97.0,22.0,67.0,900.0,14.0,22.0,1012.7,4.1,0.0,NW,1.2,Aotizhongxin,6.0,40.0,18.0,93.73188405795396,8.7,24.6,15.9,33.50514492753407,2013-09-26 11:00:00,149.0,2013-09-27 11:00:00
5018,2013-09-26 13:00:00,0,train,5030,2013,9,26,13,52.0,99.0,31.0,79.0,1100.0,40.0,24.7,1010.2,6.0,0.0,S,1.4,Aotizhongxin,10.0,52.0,19.5,142.43478260867792,8.7,24.7,15.9,33.71302536231668,2013-09-26 13:00:00,168.0,2013-09-27 13:00:00
5030,2013-09-27 01:00:00,1,train,5042,2013,9,27,1,114.0,199.0,31.0,110.0,2200.0,1.0,12.2,1007.7,10.3,0.0,NE,0.6,Aotizhongxin,16.0,117.0,45.5,788.1739130434555,8.7,24.7,14.25,31.430416666664517,2013-09-27 01:00:00,211.0,2013-09-28 01:00:00
5050,2013-09-27 21:00:00,1,train,5062,2013,9,27,21,278.0,310.0,41.0,174.0,2200.0,32.0,14.8,1005.1,14.0,0.0,E,0.8,Aotizhongxin,61.0,278.0,121.0,5010.86231884054,10.0,24.6,15.75,24.469565217389203,2013-09-27 21:00:00,281.0,2013-09-28 21:00:00
5067,2013-09-28 14:00:00,1,train,5079,2013,9,28,14,262.0,262.0,25.0,68.0,1500.0,101.0,20.2,1004.6,12.7,0.0,SSE,1.3,Aotizhongxin,174.0,290.0,238.0,943.7807971014041,12.0,23.7,15.15,11.525054347823925,2013-09-28 14:00:00,239.0,2013-09-29 14:00:00
5136,2013-10-01 11:00:00,0,train,5148,2013,10,1,11,19.0,3.0,6.0,63.0,,11.781,18.0,1011.2,16.3,0.0,NE,1.2,Aotizhongxin,19.0,240.0,136.0,3228.601449275304,16.9,21.3,17.5,2.0886231884040174,2013-10-01 11:00:00,4.0,2013-10-02 11:00:00
5151,2013-10-02 02:00:00,0,train,5163,2013,10,2,2,33.0,43.0,3.0,55.0,500.0,1.0,10.5,1016.5,10.3,0.0,SE,0.5,Aotizhongxin,3.0,171.0,35.0,2527.536231883998,10.5,22.3,17.35,10.798840579708044,2013-10-02 02:00:00,47.0,2013-10-03 02:00:00
5166,2013-10-02 17:00:00,0,train,5178,2013,10,2,17,9.0,36.0,5.0,29.0,200.0,98.0,19.8,1012.2,4.7,0.0,SW,2.3,Aotizhongxin,3.0,41.0,10.5,176.34057971008363,10.5,23.7,15.05,18.26128623188202,2013-10-02 17:00:00,79.0,2013-10-03 17:00:00
5205,2013-10-04 08:00:00,1,train,5217,2013,10,4,8,73.0,96.0,50.0,63.0,1800.0,2.0,16.8,1009.7,12.5,0.0,NE,1.2,Aotizhongxin,37.0,101.0,62.0,408.86231884052137,13.6,21.7,16.45,6.194710144925519,2013-10-04 08:00:00,250.0,2013-10-05 08:00:00
5246,2013-10-06 01:00:00,0,train,5258,2013,10,6,1,327.0,360.0,27.0,143.0,2300.0,1.0,14.0,1017.7,13.4,0.0,SW,0.0,Aotizhongxin,235.0,355.0,279.0,1056.3315217390727,13.7,23.3,15.95,10.503188405795136,2013-10-06 01:00:00,162.0,2013-10-07 01:00:00
5289,2013-10-07 20:00:00,0,train,5301,2013,10,7,20,15.0,18.0,39.0,94.0,400.0,6.0,18.3,1018.0,8.0,0.0,ENE,1.2,Aotizhongxin,3.0,202.0,111.5,5653.259057970943,13.4,25.7,17.5,20.18231884057803,2013-10-07 20:00:00,93.0,2013-10-08 20:00:00
5300,2013-10-08 07:00:00,0,train,5312,2013,10,8,7,38.0,65.0,16.0,67.0,300.0,6.0,15.3,1018.0,10.5,0.0,E,0.7,Aotizhongxin,3.0,147.0,34.5,1074.0416666665933,13.5,25.7,18.4,15.766884057969484,2013-10-08 07:00:00,98.0,2013-10-09 07:00:00
5343,2013-10-10 02:00:00,0,train,5355,2013,10,10,2,187.0,192.0,48.0,77.0,1500.0,6.0,13.6,1001.4,13.0,0.0,E,0.2,Aotizhongxin,98.0,219.0,149.5,1945.7318840579028,11.5,19.8,14.9,5.855579710142612,2013-10-10 02:00:00,11.0,2013-10-11 02:00:00
5355,2013-10-10 14:00:00,0,train,5367,2013,10,10,14,10.0,61.0,42.0,10.0,,45.0,19.8,1007.9,2.2,0.0,NNW,4.6,Aotizhongxin,10.0,219.0,165.5,5099.331521739063,13.3,20.4,15.25,7.275199275360235,2013-10-10 14:00:00,43.0,2013-10-11 14:00:00
5400,2013-10-12 11:00:00,0,train,5412,2013,10,12,11,62.0,66.0,3.9984,70.0,700.0,12.0,21.8,1013.9,6.1,0.0,NE,0.9,Aotizhongxin,28.0,134.0,58.5,776.3894927535491,8.8,22.9,13.350000000000001,24.71519927535999,2013-10-12 11:00:00,38.0,2013-10-13 11:00:00
5403,2013-10-12 14:00:00,0,train,5415,2013,10,12,14,45.0,51.0,2.5704,43.0,400.0,65.0,20.9,1011.2,7.8,0.0,NE,1.6,Aotizhongxin,45.0,134.0,58.5,687.499999999926,8.8,22.5,13.350000000000001,23.258677536229534,2013-10-12 14:00:00,51.0,2013-10-13 14:00:00
5432,2013-10-13 19:00:00,0,train,5444,2013,10,13,19,68.0,77.0,2.5704,84.0,900.0,1.0,13.7,1013.3,11.7,0.0,W,0.9,Aotizhongxin,19.0,103.0,47.0,649.47101449268,13.7,17.1,15.8,0.7397101449253102,2013-10-13 19:00:00,11.0,2013-10-14 19:00:00
5441,2013-10-14 04:00:00,0,train,5453,2013,10,14,4,83.0,96.0,6.5688,57.0,700.0,1.0,12.8,1015.6,12.0,0.0,SW,0.7,Aotizhongxin,19.0,87.0,56.0,464.5434782607958,12.8,16.3,14.8,1.4060144927512073,2013-10-14 04:00:00,4.0,2013-10-15 04:00:00
5547,2013-10-18 14:00:00,0,train,5559,2013,10,18,14,248.0,249.0,67.0,140.0,2100.0,8.0,17.1,1017.7,8.5,0.0,NW,1.0,Aotizhongxin,91.0,254.0,196.0,1761.809782608619,6.7,18.1,10.05,14.448532608692721,2013-10-18 14:00:00,13.0,2013-10-19 14:00:00
5672,2013-10-23 19:00:00,0,train,5684,2013,10,23,19,39.0,118.0,3.0,76.0,800.0,1.0,11.9,1018.7,-7.0,0.0,NNW,3.0,Aotizhongxin,15.0,89.0,27.0,582.5217391303438,3.0,16.0,9.0,18.60514492753301,2013-10-23 19:00:00,32.0,2013-10-24 19:00:00
5727,2013-10-26 02:00:00,0,train,5739,2013,10,26,2,36.0,44.0,8.0,65.0,500.0,1.0,3.0,1019.3,2.6,0.0,N,0.1,Aotizhongxin,24.0,74.0,37.5,290.07971014483746,3.0,18.5,6.6,33.22693840579384,2013-10-26 02:00:00,131.0,2013-10-27 02:00:00
5839,2013-10-30 18:00:00,0,train,5851,2013,10,30,18,102.0,155.0,20.0,98.0,1300.0,22.0,7.3,1020.3,4.9,0.0,SW,0.0,Aotizhongxin,23.0,104.0,53.5,932.4927536231196,2.0,15.3,6.45,21.65644927535883,2013-10-30 18:00:00,168.0,2013-10-31 18:00:00
5862,2013-10-31 17:00:00,1,train,5874,2013,10,31,17,144.0,191.0,19.0,134.0,1500.0,1.2852,9.6,1021.1,6.3,0.0,WSW,1.1,Aotizhongxin,102.0,161.0,126.0,276.46195652167086,2.7,14.3,6.15,15.479057971011036,2013-10-31 17:00:00,189.0,2013-11-01 17:00:00
5863,2013-10-31 18:00:00,0,train,5875,2013,10,31,18,168.0,191.0,19.0,135.0,1600.0,,8.4,1021.5,5.9,0.0,SE,0.0,Aotizhongxin,112.0,168.0,130.5,296.54891304341,2.7,14.3,6.15,15.482445652170465,2013-10-31 18:00:00,145.0,2013-11-01 18:00:00
5864,2013-10-31 19:00:00,0,train,5876,2013,10,31,19,207.0,261.0,15.0,158.0,2000.0,,7.3,1021.7,5.4,0.0,NNE,0.0,Aotizhongxin,112.0,207.0,130.5,525.67391304341,2.7,14.3,6.65,15.390416666663224,2013-10-31 19:00:00,155.0,2013-11-01 19:00:00
5867,2013-10-31 22:00:00,0,train,5879,2013,10,31,22,214.0,218.0,7.0,127.0,2500.0,,4.9,1022.2,4.5,0.0,E,0.8,Aotizhongxin,112.0,223.0,132.0,1286.253623188338,2.7,14.3,6.699999999999999,15.67499999999655,2013-10-31 22:00:00,151.0,2013-11-01 22:00:00
5884,2013-11-01 15:00:00,1,train,5896,2013,11,1,15,275.0,291.0,52.0,167.0,2000.0,,11.7,1018.6,4.7,0.0,SW,2.9,Aotizhongxin,121.0,275.0,186.5,1411.2971014492089,4.3,12.7,6.699999999999999,9.305634057967534,2013-11-01 15:00:00,321.0,2013-11-02 15:00:00
5902,2013-11-02 09:00:00,0,train,5914,2013,11,2,9,185.0,218.0,15.0,122.0,2400.0,,8.2,1017.8,7.1,0.0,WSW,0.8,Aotizhongxin,137.0,275.0,180.0,1006.0851449274704,3.3,12.7,6.8,8.607228260866112,2013-11-02 09:00:00,3.0,2013-11-03 09:00:00
5953,2013-11-04 12:00:00,0,train,5965,2013,11,4,12,31.0,34.0,20.0,49.0,600.0,28.4886,16.9,1021.8,-0.8,0.0,SW,2.2,Aotizhongxin,3.0,34.0,16.0,104.80978260856904,1.8,18.8,6.4,37.167228260866274,2013-11-04 12:00:00,174.0,2013-11-05 12:00:00
5989,2013-11-06 00:00:00,0,train,6001,2013,11,6,0,230.0,251.0,27.0,111.0,2600.0,,5.1,1012.5,3.1,0.0,E,0.6,Aotizhongxin,99.0,262.0,171.5,2553.0652173912285,5.1,14.2,7.85,8.103025362315574,2013-11-06 00:00:00,6.0,2013-11-07 00:00:00
6002,2013-11-06 13:00:00,0,train,6014,2013,11,6,13,37.0,96.0,18.0,20.0,2400.0,50.5512,17.9,1009.5,-8.3,0.0,N,5.1,Aotizhongxin,37.0,262.0,186.0,1940.8405797100736,2.0,17.9,6.6,25.44563405796764,2013-11-06 13:00:00,24.0,2013-11-07 13:00:00
6008,2013-11-06 19:00:00,0,train,6020,2013,11,6,19,10.0,75.0,3.0,16.0,2400.0,45.6246,11.8,1015.0,-8.7,0.0,N,3.6,Aotizhongxin,10.0,262.0,179.5,7790.72282608688,2.0,17.9,6.699999999999999,30.94927536231564,2013-11-06 19:00:00,61.0,2013-11-07 19:00:00
6040,2013-11-08 03:00:00,0,train,6052,2013,11,8,3,139.0,179.0,31.0,74.0,2100.0,,2.5,1014.9,-2.6,0.0,ENE,0.8,Aotizhongxin,3.0,162.0,24.5,2633.9981884057147,2.0,13.8,4.25,20.408967391300763,2013-11-08 03:00:00,156.0,2013-11-09 03:00:00
6081,2013-11-09 20:00:00,0,train,6093,2013,11,9,20,12.0,62.0,3.0,11.0,400.0,42.6258,9.0,1024.2,-6.1,0.0,NE,1.5,Aotizhongxin,8.0,181.0,157.0,4205.476449275284,4.4,15.4,8.4,17.613894927532964,2013-11-09 20:00:00,65.0,2013-11-10 20:00:00
6112,2013-11-11 03:00:00,0,train,6124,2013,11,11,3,26.0,43.0,17.0,56.0,600.0,,1.3,1024.9,-6.8,0.0,E,0.2,Aotizhongxin,5.0,69.0,11.0,369.0652173912269,-0.9,11.4,4.6,13.802590579706317,2013-11-11 03:00:00,109.0,2013-11-12 03:00:00
6148,2013-11-12 15:00:00,0,train,6160,2013,11,12,15,19.0,27.0,14.0,26.0,400.0,54.1926,15.3,1017.1,-4.1,0.0,ESE,1.3,Aotizhongxin,13.0,109.0,71.5,962.956521739051,-0.7,16.4,5.4,41.03036231883696,2013-11-12 15:00:00,179.0,2013-11-13 15:00:00
6166,2013-11-13 09:00:00,0,train,6178,2013,11,13,9,144.0,177.0,76.0,80.0,3400.0,,6.3,1016.9,0.2,0.0,ENE,0.8,Aotizhongxin,13.0,148.0,70.0,2000.4565217390507,2.3,16.4,6.05,25.137318840576285,2013-11-13 09:00:00,18.0,2013-11-14 09:00:00
6235,2013-11-16 06:00:00,0,train,6247,2013,11,16,6,42.0,118.0,8.0,16.0,400.0,53.9784,9.3,1011.6,-5.4,0.0,N,3.2,Aotizhongxin,42.0,159.0,104.0,972.6666666665725,-0.1,15.8,8.350000000000001,19.60722826086623,2013-11-16 06:00:00,9.0,2013-11-17 06:00:00
6261,2013-11-17 08:00:00,0,train,6273,2013,11,17,8,10.0,15.0,19.0,35.0,600.0,19.0638,7.1,1019.2,-12.2,0.0,N,3.3,Aotizhongxin,4.0,22.0,10.0,19.780797101354718,-1.9,12.0,6.1,25.079981884054206,2013-11-17 08:00:00,7.0,2013-11-18 08:00:00
6280,2013-11-18 03:00:00,0,train,6292,2013,11,18,3,10.0,15.0,8.0,38.0,500.0,7.2828,-3.2,1020.7,-7.2,0.0,ESE,0.4,Aotizhongxin,5.0,15.0,10.0,6.867753623093819,-3.2,9.9,6.1,21.228242753619273,2013-11-18 03:00:00,9.0,2013-11-19 03:00:00
6331,2013-11-20 06:00:00,0,train,6343,2013,11,20,6,72.0,83.0,44.0,55.0,2300.0,,-2.1,1017.9,-7.6,0.0,ENE,1.0,Aotizhongxin,12.0,101.0,65.5,1103.1721014491816,-3.4,7.9,-0.3,16.288242753618828,2013-11-20 06:00:00,98.0,2013-11-21 06:00:00
6452,2013-11-25 07:00:00,0,train,6464,2013,11,25,7,12.0,14.0,9.0,20.0,300.0,21.0,1.9,1013.5,-8.5,0.0,NE,1.8,Aotizhongxin,8.0,68.0,36.0,448.8695652172961,1.9,10.1,6.300000000000001,8.516793478257277,2013-11-25 07:00:00,11.0,2013-11-26 07:00:00
6502,2013-11-27 09:00:00,0,train,6514,2013,11,27,9,8.0,35.0,4.0,10.0,400.0,42.0,-3.0,1022.8,-22.9,0.0,NNW,4.9,Aotizhongxin,3.0,18.0,8.0,11.449275362224546,-4.3,6.7,-0.75,15.697373188401357,2013-11-27 09:00:00,11.0,2013-11-28 09:00:00
6563,2013-11-29 22:00:00,0,train,6575,2013,11,29,22,109.0,165.0,37.0,89.0,2100.0,1.0,-1.2,1011.7,-7.4,0.0,ENE,0.8,Aotizhongxin,18.0,121.0,42.5,1022.6068840578744,-5.3,13.5,0.65,46.110652173908846,2013-11-29 22:00:00,40.0,2013-11-30 22:00:00
6588,2013-11-30 23:00:00,0,train,6600,2013,11,30,23,32.0,45.0,31.0,64.0,1000.0,1.0,-3.2,1020.0,-8.1,0.0,WSW,0.4,Aotizhongxin,12.0,103.0,28.0,690.4057971013522,-3.2,10.9,5.6,24.701141304343942,2013-11-30 23:00:00,123.0,2013-12-01 23:00:00
6589,2013-12-01 00:00:00,0,train,6601,2013,12,1,0,37.0,84.0,33.0,67.0,1000.0,1.0,-3.7,1019.7,-8.8,0.0,WNW,0.0,Aotizhongxin,12.0,100.0,28.0,483.5579710143957,-3.7,10.9,5.6,25.36998188405408,2013-12-01 00:00:00,155.0,2013-12-02 00:00:00
6602,2013-12-01 13:00:00,0,train,6614,2013,12,1,13,46.0,45.0,35.0,46.0,1100.0,28.0,11.6,1015.6,-10.0,0.0,SSE,1.4,Aotizhongxin,12.0,69.0,43.0,305.81884057961275,-5.6,11.6,-0.75,40.39650362318411,2013-12-01 13:00:00,94.0,2013-12-02 13:00:00
6704,2013-12-05 19:00:00,0,train,6716,2013,12,5,19,30.0,87.0,14.0,61.0,1100.0,1.0,5.8,1017.0,-8.5,0.0,SW,1.6,Aotizhongxin,6.0,125.0,27.5,1716.4927536230828,1.0,10.9,5.55,8.213260869561564,2013-12-05 19:00:00,112.0,2013-12-06 19:00:00
6806,2013-12-10 01:00:00,0,train,6818,2013,12,10,1,20.0,21.0,25.0,52.0,900.0,1.0,-4.3,1015.4,-7.1,0.0,NE,1.4,Aotizhongxin,3.0,41.0,9.0,92.40579710124393,-4.3,6.7,1.4,13.926068840575363,2013-12-10 01:00:00,7.0,2013-12-11 01:00:00
6866,2013-12-12 13:00:00,0,train,6878,2013,12,12,13,6.0,7.0,2.0,7.0,400.0,53.0,0.3,1016.7,-22.7,0.0,N,5.6,Aotizhongxin,3.0,47.0,30.0,208.10869565197723,-5.5,6.0,0.2,6.855869565212887,2013-12-12 13:00:00,48.0,2013-12-13 13:00:00
6896,2013-12-13 19:00:00,0,train,6908,2013,12,13,19,97.0,127.0,49.0,72.0,1700.0,,-1.8,1019.1,-16.4,0.0,ENE,0.9,Aotizhongxin,11.0,97.0,41.0,484.51992753604407,-7.6,2.8,-3.85,12.316938405792133,2013-12-13 19:00:00,111.0,2013-12-14 19:00:00
6951,2013-12-16 02:00:00,1,train,6963,2013,12,16,2,183.0,229.0,80.0,78.0,,,-3.6,1026.8,-13.3,0.0,NE,1.6,Aotizhongxin,8.0,186.0,41.0,3080.1956521737366,-6.6,5.4,-2.6,14.584764492748914,2013-12-16 02:00:00,235.0,2013-12-17 02:00:00
6959,2013-12-16 10:00:00,0,train,6971,2013,12,16,10,50.0,35.0,40.0,48.0,,6.2118,0.1,1025.8,-14.7,0.0,ENE,1.6,Aotizhongxin,27.0,186.0,64.5,2843.476449275199,-6.8,5.4,-2.7,13.391721014488029,2013-12-16 10:00:00,24.0,2013-12-17 10:00:00
7008,2013-12-18 11:00:00,0,train,7020,2013,12,18,11,17.0,14.0,22.0,20.0,,41.3406,-1.4,1026.1,-18.0,0.0,SW,1.7,Aotizhongxin,9.0,27.0,15.0,39.97101449255605,-7.0,3.0,-2.9000000000000004,11.42650362318349,2013-12-18 11:00:00,29.0,2013-12-19 11:00:00
7015,2013-12-18 18:00:00,0,train,7027,2013,12,18,18,79.0,135.0,30.0,67.0,,2.5704,-3.0,1022.9,-13.0,0.0,WSW,0.0,Aotizhongxin,9.0,79.0,14.0,204.73731884038233,-7.0,0.4,-3.05,5.488623188400748,2013-12-18 18:00:00,32.0,2013-12-19 18:00:00
7016,2013-12-18 19:00:00,0,train,7028,2013,12,18,19,73.0,118.0,32.0,65.0,,2.5704,-5.4,1023.0,-10.8,0.0,NW,0.4,Aotizhongxin,9.0,79.0,14.0,330.66666666647035,-7.0,0.4,-3.5999999999999996,5.306956521734053,2013-12-18 19:00:00,32.0,2013-12-19 19:00:00
7099,2013-12-22 06:00:00,0,train,7111,2013,12,22,6,56.0,31.0,42.0,62.0,1300.0,1.0,-4.6,1027.5,-13.0,0.0,NE,0.9,Aotizhongxin,13.0,196.0,74.0,4730.695652173761,-7.8,3.4,-4.6,11.079927536226853,2013-12-22 06:00:00,183.0,2013-12-23 06:00:00
7139,2013-12-23 22:00:00,1,train,7151,2013,12,23,22,141.0,199.0,67.0,112.0,2700.0,1.0,-5.8,1029.3,-9.9,0.0,S,0.0,Aotizhongxin,34.0,253.0,136.5,5683.911231883925,-9.3,6.3,-5.25,29.792101449270362,2013-12-23 22:00:00,239.0,2013-12-24 22:00:00
7256,2013-12-28 19:00:00,0,train,7268,2013,12,28,19,15.0,30.0,,52.0,700.0,17.0,-2.1,1018.6,-19.5,0.0,SE,0.5,Aotizhongxin,8.0,76.0,11.5,396.201086956309,-5.0,3.1,-1.75,5.739547101444541,2013-12-28 19:00:00,82.0,2013-12-29 19:00:00
7279,2013-12-29 18:00:00,0,train,7291,2013,12,29,18,57.0,131.0,,93.0,1400.0,1.0,-2.5,1011.1,-15.2,0.0,W,1.0,Aotizhongxin,15.0,80.0,35.0,335.81884057951066,-9.2,6.9,-3.8,34.800706521734234,2013-12-29 18:00:00,19.0,2013-12-30 18:00:00
7302,2013-12-30 17:00:00,0,train,7314,2013,12,30,17,19.0,64.0,,21.0,600.0,49.0,1.5,1009.5,-16.0,0.0,W,0.5,Aotizhongxin,17.0,104.0,24.0,911.7373188403811,-4.2,8.3,3.7,16.339999999995836,2013-12-30 17:00:00,16.0,2013-12-31 17:00:00
7399,2014-01-03 18:00:00,0,train,7411,2014,1,3,18,33.0,85.0,20.0,73.0,800.0,3.0,0.1,1017.9,-9.9,0.0,W,0.9,Aotizhongxin,16.0,198.0,34.0,4670.592391304166,0.1,9.5,4.9,6.698242753619301,2014-01-03 18:00:00,177.0,2014-01-04 18:00:00
7469,2014-01-06 16:00:00,0,train,7481,2014,1,6,16,135.0,146.0,55.0,66.0,1600.0,7.0,-1.1,1018.2,-4.8,0.0,W,0.9,Aotizhongxin,31.0,137.0,107.0,1135.8242753621478,-2.0,1.1,-0.2,0.3411413043431792,2014-01-06 16:00:00,137.0,2014-01-07 16:00:00
7470,2014-01-06 17:00:00,0,train,7482,2014,1,6,17,134.0,147.0,52.0,75.0,1700.0,1.0,-2.9,1018.0,-5.5,0.0,WSW,0.8,Aotizhongxin,32.0,137.0,110.0,979.644927536064,-2.9,1.1,-0.2,0.6199818840533087,2014-01-06 17:00:00,40.0,2014-01-07 17:00:00
7501,2014-01-08 00:00:00,0,train,7513,2014,1,8,0,9.0,16.0,8.0,9.0,400.0,48.0,-1.6,1026.8,-19.6,0.0,ENE,1.6,Aotizhongxin,7.0,206.0,110.0,5831.992753623019,-1.9,5.8,1.7000000000000002,8.556449275357954,2014-01-08 00:00:00,103.0,2014-01-09 00:00:00
7529,2014-01-09 04:00:00,0,train,7541,2014,1,9,4,13.0,19.0,7.0,8.0,400.0,24.0,-4.6,1027.1,-24.2,0.0,NNW,2.0,Aotizhongxin,10.0,103.0,16.0,761.9112318838472,-4.6,0.5,-2.4,2.656449275357398,2014-01-09 04:00:00,43.0,2014-01-10 04:00:00
7590,2014-01-11 17:00:00,0,train,7602,2014,1,11,17,163.0,237.0,94.0,158.0,3400.0,1.0,0.4,1022.3,-14.0,0.0,WSW,2.6,Aotizhongxin,39.0,200.0,95.0,1755.0416666664926,-9.2,6.3,-3.95,24.19114130434283,2014-01-11 17:00:00,19.0,2014-01-12 17:00:00
7636,2014-01-13 15:00:00,0,train,7648,2014,1,13,15,50.0,53.0,53.0,60.0,1300.0,17.0,3.2,1022.9,-17.1,0.0,SW,2.4,Aotizhongxin,10.0,99.0,54.5,485.2391304345889,-10.2,4.0,-3.2,19.241086956516668,2014-01-13 15:00:00,58.0,2014-01-14 15:00:00
7648,2014-01-14 03:00:00,0,train,7660,2014,1,14,3,85.0,98.0,77.0,79.0,2200.0,1.0,-6.4,1027.7,-15.1,0.0,NNE,0.2,Aotizhongxin,35.0,153.0,76.0,1384.7753623186632,-10.2,4.0,-5.0,18.509275362313677,2014-01-14 03:00:00,176.0,2014-01-15 03:00:00
7707,2014-01-16 14:00:00,0,train,7719,2014,1,16,14,165.0,129.0,97.0,90.0,2400.0,16.0,6.9,1020.5,-15.2,0.0,NE,1.9,Aotizhongxin,47.0,538.0,420.0,26417.73188405798,-3.5,6.9,-1.35,9.643460144922908,2014-01-16 14:00:00,62.0,2014-01-17 14:00:00
7726,2014-01-17 09:00:00,0,train,7738,2014,1,17,9,71.0,55.0,71.0,61.0,1400.0,1.0,-0.9,1026.7,-5.9,0.0,NW,0.9,Aotizhongxin,71.0,422.0,238.5,12152.956521739075,-1.7,6.9,0.2,6.660851449270885,2014-01-17 09:00:00,36.0,2014-01-18 09:00:00
7750,2014-01-18 09:00:00,0,train,7762,2014,1,18,9,36.0,87.0,62.0,66.0,1300.0,1.0,2.9,1029.2,-14.8,0.0,N,2.1,Aotizhongxin,9.0,282.0,32.5,5399.8677536230625,-7.8,6.5,-3.3,21.67215579709655,2014-01-18 09:00:00,116.0,2014-01-19 09:00:00
7773,2014-01-19 08:00:00,0,train,7785,2014,1,19,8,116.0,139.0,86.0,80.0,3400.0,1.0,-1.9,1019.6,-6.1,0.0,NNE,1.3,Aotizhongxin,35.0,144.0,101.5,1155.8478260868405,-2.1,6.0,0.6,8.470271739125984,2014-01-19 08:00:00,7.0,2014-01-20 08:00:00
7800,2014-01-20 11:00:00,0,train,7812,2014,1,20,11,9.0,20.0,8.0,4.0,,53.0,1.5,1024.1,-17.4,0.0,NW,5.5,Aotizhongxin,3.0,182.0,16.0,5077.0144927534975,-1.8,5.2,0.9,4.033749999995519,2014-01-20 11:00:00,23.0,2014-01-21 11:00:00
7833,2014-01-21 20:00:00,0,train,7845,2014,1,21,20,80.0,114.0,49.0,88.0,1400.0,1.0,-3.0,1022.1,-17.0,0.0,SW,1.7,Aotizhongxin,7.0,80.0,18.5,388.8623188404446,-6.0,3.4,-1.9,8.975054347821299,2014-01-21 20:00:00,177.0,2014-01-22 20:00:00
7885,2014-01-24 00:00:00,0,train,7897,2014,1,24,0,286.0,331.0,197.0,145.0,5700.0,1.0,-1.4,1009.7,-11.0,0.0,ENE,1.6,Aotizhongxin,173.0,287.0,215.0,1498.6956521738234,-4.9,3.9,-1.9,8.673315217386518,2014-01-24 00:00:00,65.0,2014-01-25 00:00:00
7916,2014-01-25 08:00:00,0,train,7929,2014,1,25,8,8.0,15.0,12.0,10.0,300.0,58.0,4.7,1020.8,-17.0,0.0,NNE,3.5,Aotizhongxin,6.0,206.0,48.0,3655.4329710143966,-1.0,8.8,4.0,7.753840579706062,2014-01-25 08:00:00,18.0,2014-01-26 08:00:00
7928,2014-01-25 20:00:00,0,train,7941,2014,1,25,20,11.0,,,,,,1.9,1026.0,-20.6,0.0,NE,1.9,Aotizhongxin,5.0,65.0,12.0,375.2445652172913,-1.0,8.2,4.1,5.764184782604638,2014-01-25 20:00:00,85.0,2014-01-26 20:00:00
7931,2014-01-25 23:00:00,0,train,7944,2014,1,25,23,55.0,140.0,39.0,62.0,1000.0,5.0,-0.6,1027.7,-5.0,0.0,SW,2.3,Aotizhongxin,5.0,65.0,11.0,393.1581027666938,-1.0,8.2,4.1,7.004057971010401,2014-01-25 23:00:00,108.0,2014-01-26 23:00:00
8016,2014-01-29 12:00:00,0,train,8029,2014,1,29,12,109.0,123.0,121.0,62.0,1900.0,8.0,1.5,1006.2,-6.6,0.0,NE,1.8,Aotizhongxin,57.0,109.0,66.5,182.1449275361369,-4.6,5.1,-0.4,11.375362318835956,2014-01-29 12:00:00,13.0,2014-01-30 12:00:00
8057,2014-01-31 05:00:00,0,train,8070,2014,1,31,5,122.0,148.0,80.0,54.0,1800.0,6.0,-1.1,1014.0,-4.6,0.0,ENE,1.2,Aotizhongxin,11.0,333.0,27.5,8880.824275362225,-1.3,9.6,2.5,15.45201086956105,2014-01-31 05:00:00,153.0,2014-02-01 05:00:00
8137,2014-02-03 13:00:00,0,train,8150,2014,2,3,13,4.0,32.0,6.0,5.0,400.0,72.0,1.7,1020.1,-26.8,0.0,NW,4.2,Aotizhongxin,3.0,21.0,4.5,24.693840579583362,-3.5,9.2,1.4,11.83123188405354,2014-02-03 13:00:00,5.0,2014-02-04 13:00:00
8219,2014-02-06 23:00:00,0,train,8232,2014,2,6,23,84.0,88.0,43.0,59.0,1500.0,9.0,-0.8,1024.6,-5.2,0.0,SW,2.4,Aotizhongxin,84.0,167.0,119.0,508.31884057962293,-4.5,1.8,-0.65,4.3790579710097015,2014-02-06 23:00:00,79.0,2014-02-07 23:00:00
8279,2014-02-09 11:00:00,0,train,8292,2014,2,9,11,14.0,7.0,24.0,11.0,500.0,58.0,-3.3,1031.1,-20.1,0.0,N,3.9,Aotizhongxin,3.0,16.0,8.0,16.389492753495347,-9.3,1.7,-5.949999999999999,14.185199275357055,2014-02-09 11:00:00,16.0,2014-02-10 11:00:00
8303,2014-02-10 11:00:00,0,train,8316,2014,2,10,11,16.0,16.0,26.0,27.0,600.0,44.0,-2.5,1029.5,-18.1,0.0,N,0.8,Aotizhongxin,3.0,17.0,9.0,13.014492753495896,-12.2,-1.0,-4.75,11.894999999994644,2014-02-10 11:00:00,77.0,2014-02-11 11:00:00
8381,2014-02-13 17:00:00,0,train,8394,2014,2,13,17,188.0,187.0,63.0,86.0,2400.0,1.0,-2.9,1025.6,-5.9,0.0,NE,1.7,Aotizhongxin,114.0,222.0,163.0,560.9981884057225,-5.7,0.1,-3.0,1.8078260869515217,2014-02-13 17:00:00,114.0,2014-02-14 17:00:00
8398,2014-02-14 10:00:00,1,train,8411,2014,2,14,10,204.0,198.0,82.0,84.0,3000.0,1.0,-1.3,1021.6,-5.7,0.0,NE,1.4,Aotizhongxin,166.0,248.0,213.0,566.5144927535679,-5.9,-1.2,-2.9,2.4301449275311486,2014-02-14 10:00:00,314.0,2014-02-15 10:00:00
8399,2014-02-14 11:00:00,1,train,8412,2014,2,14,11,172.0,144.0,69.0,64.0,1900.0,11.0,0.2,1020.9,-5.4,0.0,NE,1.2,Aotizhongxin,166.0,248.0,213.0,587.17210144922,-5.9,0.2,-2.9,2.9765036231833384,2014-02-14 11:00:00,312.0,2014-02-15 11:00:00
8417,2014-02-15 05:00:00,1,train,8430,2014,2,15,5,328.0,314.0,40.0,,3800.0,1.0,-3.2,1018.4,-5.8,0.0,NE,1.2,Aotizhongxin,114.0,584.0,254.5,16660.1286231884,-5.9,3.2,-3.1,7.2847644927487405,2014-02-15 05:00:00,425.0,2014-02-16 05:00:00
8468,2014-02-17 08:00:00,0,train,8481,2014,2,17,8,59.0,50.0,101.0,86.0,2600.0,1.0,2.0,1030.5,-13.0,0.0,WSW,0.6,Aotizhongxin,42.0,379.0,206.0,11075.563405796967,-1.2,7.0,2.1,5.727753623184195,2014-02-17 08:00:00,56.0,2014-02-18 08:00:00
8511,2014-02-19 03:00:00,0,train,8524,2014,2,19,3,100.0,121.0,68.0,81.0,1700.0,1.0,-3.4,1022.1,-9.0,0.0,NE,1.2,Aotizhongxin,43.0,131.0,74.5,545.9057971012127,-5.0,1.7,0.30000000000000004,5.593315217386595,2014-02-19 03:00:00,140.0,2014-02-20 03:00:00
8751,2014-03-01 09:00:00,0,train,8770,2014,3,1,9,67.0,53.0,67.0,58.0,1300.0,11.0,7.5,1020.0,-14.7,0.0,E,1.7,Aotizhongxin,67.0,210.0,124.0,1972.8242753622458,0.1,7.5,2.6,4.209492753618992,2014-03-01 09:00:00,116.0,2014-03-02 09:00:00
8866,2014-03-06 04:00:00,0,train,8885,2014,3,6,4,10.0,12.0,5.0,17.0,300.0,62.0,0.2,1024.6,-20.2,0.0,NNE,1.9,Aotizhongxin,3.0,46.0,21.0,168.99818840569415,-5.4,8.3,3.2,14.35346014492333,2014-03-06 04:00:00,83.0,2014-03-07 04:00:00
8897,2014-03-07 11:00:00,0,train,8916,2014,3,7,11,42.0,53.0,28.0,40.0,900.0,38.0,7.6,1024.2,-17.5,0.0,E,1.5,Aotizhongxin,3.0,88.0,44.5,961.2753623187469,-3.2,8.8,3.6500000000000004,15.595652173908883,2014-03-07 11:00:00,171.0,2014-03-08 11:00:00
8932,2014-03-08 22:00:00,0,train,8951,2014,3,8,22,155.0,181.0,74.0,128.0,2700.0,2.0,0.6,1018.5,-9.4,0.0,SE,0.1,Aotizhongxin,65.0,188.0,156.0,1331.3025362318338,0.3,10.4,3.15,12.858840579706163,2014-03-08 22:00:00,74.0,2014-03-09 22:00:00
8956,2014-03-09 22:00:00,0,train,8975,2014,3,9,22,74.0,115.0,41.0,82.0,1300.0,10.0,3.4,1021.5,-3.6,0.0,S,3.3,Aotizhongxin,37.0,156.0,101.0,1157.5362318839877,-2.8,10.2,4.85,21.07210144927131,2014-03-09 22:00:00,158.0,2014-03-10 22:00:00
9080,2014-03-15 02:00:00,0,train,9099,2014,3,15,2,64.0,170.0,45.0,82.0,1400.0,2.0,4.3,1005.4,-5.8,0.0,ENE,1.0,Aotizhongxin,7.0,64.0,19.0,378.2318840578866,1.8,16.5,11.95,19.548405797098336,2014-03-15 02:00:00,138.0,2014-03-16 02:00:00
9087,2014-03-15 09:00:00,0,train,9106,2014,3,15,9,86.0,177.0,51.0,73.0,1500.0,2.0,9.8,1005.9,-7.9,0.0,E,1.4,Aotizhongxin,7.0,86.0,51.0,687.471014492674,1.9,16.5,11.100000000000001,24.076521739127237,2014-03-15 09:00:00,63.0,2014-03-16 09:00:00
9099,2014-03-15 21:00:00,0,train,9118,2014,3,15,21,162.0,302.0,49.0,147.0,2400.0,2.0,13.7,1006.6,-1.9,0.0,NNE,0.9,Aotizhongxin,52.0,162.0,84.5,900.5054347825414,1.9,22.1,10.5,44.08606884057668,2014-03-15 21:00:00,138.0,2014-03-16 21:00:00
9156,2014-03-18 06:00:00,0,train,9175,2014,3,18,6,15.0,75.0,6.0,50.0,300.0,33.0,6.8,1017.3,-1.4,0.0,NNE,0.8,Aotizhongxin,15.0,163.0,25.5,2398.6793478260142,6.8,20.7,14.7,18.366666666664045,2014-03-18 06:00:00,62.0,2014-03-19 06:00:00
9157,2014-03-18 07:00:00,0,train,9176,2014,3,18,7,15.0,68.0,7.0,63.0,400.0,24.0,12.0,1018.4,-5.5,0.0,NE,1.0,Aotizhongxin,15.0,163.0,24.5,2019.3913043477523,6.8,20.7,14.7,16.481666666664072,2014-03-18 07:00:00,63.0,2014-03-19 07:00:00
9208,2014-03-20 10:00:00,0,train,9227,2014,3,20,10,12.0,29.0,10.0,15.0,400.0,65.0,13.6,1022.9,-9.6,0.0,N,2.9,Aotizhongxin,6.0,77.0,15.5,666.2826086955757,6.5,13.7,10.25,5.297373188402547,2014-03-20 10:00:00,25.0,2014-03-21 10:00:00
9307,2014-03-24 13:00:00,0,train,9326,2014,3,24,13,228.0,258.0,64.0,110.0,2000.0,84.0,19.2,1006.1,3.8,0.0,SSW,1.4,Aotizhongxin,112.0,280.0,233.5,2668.4927536231517,7.5,19.2,13.6,17.941286231881204,2014-03-24 13:00:00,183.0,2014-03-25 13:00:00
9324,2014-03-25 06:00:00,1,train,9343,2014,3,25,6,233.0,245.0,38.0,132.0,1800.0,2.0,9.5,1006.0,4.1,0.0,NE,1.7,Aotizhongxin,157.0,280.0,244.0,1230.1739130434482,9.1,20.3,12.05,16.976938405794293,2014-03-25 06:00:00,254.0,2014-03-26 06:00:00
9348,2014-03-26 06:00:00,1,train,9367,2014,3,26,6,254.0,317.0,26.0,137.0,1900.0,2.0,10.7,1005.6,6.6,0.0,NE,1.5,Aotizhongxin,147.0,254.0,221.5,1272.5217391303972,8.6,22.3,15.600000000000001,23.568043478258346,2014-03-26 06:00:00,289.0,2014-03-27 06:00:00
9488,2014-04-01 02:00:00,0,train,9507,2014,4,1,2,128.0,132.0,11.0,89.0,1200.0,2.0,10.7,1009.4,9.5,0.0,ENE,1.3,Aotizhongxin,6.0,271.0,137.0,4130.418478260765,10.7,22.3,15.350000000000001,12.312590579707702,2014-04-01 02:00:00,108.0,2014-04-02 02:00:00
9549,2014-04-03 15:00:00,0,train,9568,2014,4,3,15,10.0,68.0,2.0,9.0,300.0,98.0,19.7,1015.4,-15.6,0.0,NE,4.0,Aotizhongxin,6.0,139.0,47.5,1734.4329710143334,8.7,20.2,15.350000000000001,14.3504347826061,2014-04-03 15:00:00,25.0,2014-04-04 15:00:00
9598,2014-04-05 16:00:00,0,train,9617,2014,4,5,16,16.0,50.0,7.0,12.0,500.0,97.0,19.0,1013.3,-5.2,0.0,SW,3.9,Aotizhongxin,6.0,39.0,17.5,114.49275362300972,4.8,21.3,14.649999999999999,25.788405797098697,2014-04-05 16:00:00,46.0,2014-04-06 16:00:00
9660,2014-04-08 06:00:00,0,train,9679,2014,4,8,6,168.0,255.0,19.0,104.0,1900.0,2.0,11.1,1010.0,6.8,0.0,NE,1.7,Aotizhongxin,85.0,192.0,114.0,1230.4057971013399,10.5,25.1,16.85,29.820797101447006,2014-04-08 06:00:00,179.0,2014-04-09 06:00:00
9716,2014-04-10 14:00:00,0,train,9735,2014,4,10,14,110.0,404.0,24.0,44.0,800.0,58.0,17.9,1015.3,0.1,0.0,S,1.6,Aotizhongxin,51.0,150.0,116.0,706.4329710143676,14.5,30.0,16.950000000000003,19.69606884057763,2014-04-10 14:00:00,96.0,2014-04-11 14:00:00
9742,2014-04-11 16:00:00,0,train,9761,2014,4,11,16,63.0,65.0,12.0,45.0,400.0,95.0,16.8,1010.6,-0.4,0.0,SW,1.0,Aotizhongxin,43.0,96.0,76.5,209.55797101434106,13.1,17.7,15.25,2.266956521736428,2014-04-11 16:00:00,93.0,2014-04-12 16:00:00
9764,2014-04-12 14:00:00,1,train,9783,2014,4,12,14,112.0,129.0,22.0,45.0,900.0,124.0,21.3,1008.3,2.0,0.0,S,1.8,Aotizhongxin,53.0,127.0,98.5,406.38949275348665,7.9,21.3,14.45,18.2904347826058,2014-04-12 14:00:00,214.0,2014-04-13 14:00:00
9831,2014-04-15 09:00:00,0,train,9850,2014,4,15,9,105.0,157.0,28.0,80.0,900.0,20.0,20.0,1015.8,12.7,0.0,SSW,1.0,Aotizhongxin,52.0,294.0,184.0,7182.548913043401,13.1,25.0,20.35,16.54514492753442,2014-04-15 09:00:00,86.0,2014-04-16 09:00:00
9837,2014-04-15 15:00:00,0,train,9856,2014,4,15,15,94.0,234.0,19.0,41.0,500.0,70.0,18.4,1012.9,2.2,0.0,SSW,2.7,Aotizhongxin,52.0,261.0,122.0,4715.884057970906,13.1,24.8,19.6,12.028405797099493,2014-04-15 15:00:00,62.0,2014-04-16 15:00:00
9880,2014-04-17 10:00:00,0,train,9899,2014,4,17,10,104.0,110.0,13.0,78.0,1500.0,29.0,12.2,1008.5,9.8,0.0,NNE,1.7,Aotizhongxin,19.0,109.0,79.0,483.3840579708568,11.1,22.2,13.8,14.303894927533676,2014-04-17 10:00:00,169.0,2014-04-18 10:00:00
9899,2014-04-18 05:00:00,0,train,9918,2014,4,18,5,125.0,154.0,11.0,68.0,1500.0,2.0,12.6,1013.2,11.3,0.0,N,1.2,Aotizhongxin,68.0,159.0,107.5,586.0416666665295,11.1,17.2,14.7,3.743315217388526,2014-04-18 05:00:00,69.0,2014-04-19 05:00:00
9920,2014-04-19 02:00:00,0,train,9939,2014,4,19,2,74.0,140.0,19.0,114.0,900.0,8.0,13.7,1016.3,2.6,0.0,WSW,1.5,Aotizhongxin,65.0,188.0,127.0,1510.8677536230648,12.6,21.0,15.45,7.986068840577326,2014-04-19 02:00:00,121.0,2014-04-20 02:00:00
9960,2014-04-20 18:00:00,0,train,9979,2014,4,20,18,61.0,114.0,8.0,57.0,400.0,106.0,19.4,1007.8,4.3,0.0,SW,2.8,Aotizhongxin,3.0,121.0,67.5,973.8840579708549,7.4,22.9,11.8,31.49188405796819,2014-04-20 18:00:00,39.0,2014-04-21 18:00:00
10022,2014-04-23 08:00:00,0,train,10041,2014,4,23,8,138.0,194.0,21.0,55.0,800.0,28.0,18.5,1006.3,12.3,0.0,SSE,1.4,Aotizhongxin,52.0,138.0,75.5,518.5634057969515,12.3,26.0,20.299999999999997,23.185634057969473,2014-04-23 08:00:00,114.0,2014-04-24 08:00:00
10041,2014-04-24 03:00:00,0,train,10060,2014,4,24,3,87.0,119.0,12.0,49.0,600.0,58.0,16.5,1006.9,11.4,0.0,SW,1.8,Aotizhongxin,72.0,205.0,132.0,1781.304347825974,12.3,24.3,20.35,12.119710144925914,2014-04-24 03:00:00,141.0,2014-04-25 03:00:00
10047,2014-04-24 09:00:00,0,train,10066,2014,4,24,9,114.0,149.0,16.0,61.0,700.0,47.0,18.2,1010.2,12.4,0.0,SSW,1.5,Aotizhongxin,72.0,205.0,115.0,1970.2318840578525,14.4,24.3,20.299999999999997,8.29971014492599,2014-04-24 09:00:00,152.0,2014-04-25 09:00:00
10254,2014-05-07 00:00:00,0,train,10369,2014,5,7,0,121.0,227.0,33.0,103.0,1900.0,12.0,12.9,998.1,12.0,0.0,SE,1.1,Aotizhongxin,54.0,179.0,106.0,973.2971014492708,8.9,21.8,17.0,19.877373188403087,2014-05-07 00:00:00,63.0,2014-05-08 00:00:00
10297,2014-05-08 19:00:00,0,train,10412,2014,5,8,19,64.0,129.0,18.0,42.0,800.0,139.0,19.9,1006.4,5.9,0.0,SSE,1.9,Aotizhongxin,33.0,146.0,82.5,1278.782608695647,10.3,22.2,18.45,18.811286231881752,2014-05-08 19:00:00,34.0,2014-05-09 19:00:00
10384,2014-05-12 10:00:00,0,train,10499,2014,5,12,10,43.0,48.0,8.0,85.0,1100.0,33.0,27.4,996.6,5.6,0.0,WNW,2.0,Aotizhongxin,9.0,60.0,24.0,270.4619565217219,9.9,27.4,12.35,21.79824275361977,2014-05-12 10:00:00,89.0,2014-05-13 10:00:00
10433,2014-05-14 11:00:00,0,train,10548,2014,5,14,11,91.0,214.0,,18.0,300.0,62.0,18.8,1002.0,1.3,0.0,WNW,2.1,Aotizhongxin,12.0,96.0,31.0,589.1721014492597,16.7,29.8,19.25,25.290434782607804,2014-05-14 11:00:00,42.0,2014-05-15 11:00:00
10443,2014-05-14 21:00:00,0,train,10558,2014,5,14,21,27.0,84.0,7.0,78.0,500.0,24.0,14.2,998.1,2.7,0.0,WSW,0.0,Aotizhongxin,10.0,91.0,19.0,291.73913043476296,13.8,23.2,18.1,5.317663043476316,2014-05-14 21:00:00,122.0,2014-05-15 21:00:00
10454,2014-05-15 08:00:00,0,train,10569,2014,5,15,8,45.0,118.0,10.0,76.0,600.0,2.0,18.6,996.6,6.1,0.0,E,1.3,Aotizhongxin,10.0,91.0,27.5,432.6304347825911,8.7,23.2,16.35,21.91449275362036,2014-05-15 08:00:00,98.0,2014-05-16 08:00:00
10490,2014-05-16 20:00:00,0,train,10605,2014,5,16,20,28.0,109.0,4.0,36.0,300.0,117.0,24.3,1005.2,7.4,0.0,SW,3.2,Aotizhongxin,14.0,158.0,75.0,1821.9547101449205,13.8,29.9,24.25,28.99650362318766,2014-05-16 20:00:00,49.0,2014-05-17 20:00:00
10695,2014-05-25 09:00:00,0,train,10810,2014,5,25,9,193.0,193.0,3.0,22.0,200.0,72.0,25.5,1001.8,4.6,0.0,N,2.9,Aotizhongxin,70.0,193.0,91.5,896.9275362318933,19.6,25.5,21.1,1.7773731884044726,2014-05-25 09:00:00,29.0,2014-05-26 09:00:00
10702,2014-05-25 16:00:00,0,train,10817,2014,5,25,16,16.0,52.0,2.0,9.0,200.0,102.0,27.8,999.5,2.0,0.0,NW,2.6,Aotizhongxin,16.0,198.0,96.0,2457.9927536231976,20.2,27.9,21.700000000000003,9.271884057970306,2014-05-25 16:00:00,39.0,2014-05-26 16:00:00
10787,2014-05-29 05:00:00,0,train,10902,2014,5,29,5,56.0,56.0,9.0,124.0,600.0,2.0,19.2,991.8,13.8,0.0,ENE,1.0,Aotizhongxin,19.0,65.0,41.5,155.24456521739978,19.2,36.2,29.799999999999997,35.93275362318943,2014-05-29 05:00:00,54.0,2014-05-30 05:00:00
10909,2014-06-03 07:00:00,0,train,11024,2014,6,3,7,32.0,60.0,2.0,74.0,400.0,28.0,22.7,1003.5,13.5,0.0,ENE,2.4,Aotizhongxin,19.0,51.0,30.5,91.47101449276603,16.2,26.3,20.7,12.520851449273657,2014-06-03 07:00:00,83.0,2014-06-04 07:00:00
10964,2014-06-05 14:00:00,0,train,11079,2014,6,5,14,42.0,42.0,13.0,19.0,400.0,189.0,33.7,997.0,17.4,0.0,ENE,0.7,Aotizhongxin,42.0,103.0,52.5,456.6503623188504,19.7,33.7,25.15,17.748043478260833,2014-06-05 14:00:00,7.0,2014-06-06 14:00:00
10994,2014-06-06 20:00:00,0,train,11109,2014,6,6,20,8.0,8.0,2.0,44.0,400.0,35.0,17.5,1000.0,16.7,0.0,NE,0.6,Aotizhongxin,5.0,121.0,85.0,1950.6304347826183,17.5,28.8,22.9,12.16983695652055,2014-06-06 20:00:00,15.0,2014-06-07 20:00:00
11001,2014-06-07 03:00:00,0,train,11116,2014,6,7,3,26.0,26.0,3.0,52.0,500.0,2.0,14.9,999.4,14.9,0.0,NNE,0.0,Aotizhongxin,5.0,121.0,23.5,2041.4492753623288,14.9,26.1,18.65,11.668967391302226,2014-06-07 03:00:00,30.0,2014-06-08 03:00:00
11039,2014-06-08 17:00:00,0,train,11154,2014,6,8,17,15.0,15.0,2.0,66.0,400.0,42.0,20.9,996.9,18.5,0.0,E,0.1,Aotizhongxin,5.0,56.0,25.0,244.73731884059112,17.5,29.3,21.0,15.278188405795884,2014-06-08 17:00:00,33.0,2014-06-09 17:00:00
11082,2014-06-10 12:00:00,0,train,11197,2014,6,10,12,105.0,105.0,21.0,79.0,1500.0,61.0,26.8,1001.8,17.0,0.0,SW,1.2,Aotizhongxin,19.0,105.0,48.5,646.1576086956618,17.4,29.6,22.95,18.23259057970922,2014-06-10 12:00:00,13.0,2014-06-11 12:00:00
11089,2014-06-10 19:00:00,0,train,11204,2014,6,10,19,94.0,94.0,5.0,59.0,1700.0,81.0,21.5,1003.5,18.3,0.0,ESE,0.2,Aotizhongxin,19.0,113.0,65.5,693.5362318840662,17.4,26.8,21.35,8.31954710144783,2014-06-10 19:00:00,19.0,2014-06-11 19:00:00
11099,2014-06-11 05:00:00,0,train,11214,2014,6,11,5,72.0,72.0,2.0,54.0,1800.0,2.0,17.3,1005.8,17.3,0.0,NNE,0.0,Aotizhongxin,49.0,113.0,89.0,313.04166666667334,17.3,26.8,20.85,8.125797101447759,2014-06-11 05:00:00,38.0,2014-06-12 05:00:00
11117,2014-06-11 23:00:00,0,train,11232,2014,6,11,23,40.0,40.0,2.0,103.0,400.0,61.0,21.9,1002.1,17.3,0.0,WSW,0.0,Aotizhongxin,13.0,109.0,33.5,1153.1521739130562,17.3,30.6,24.6,19.800797101448648,2014-06-11 23:00:00,33.0,2014-06-12 23:00:00
11209,2014-06-15 19:00:00,0,train,11324,2014,6,15,19,60.0,60.0,10.0,47.0,600.0,169.0,23.2,997.8,20.7,0.2,ESE,0.9,Aotizhongxin,57.0,163.0,113.5,852.6304347826069,22.7,31.7,26.05,9.407826086956645,2014-06-15 19:00:00,111.0,2014-06-16 19:00:00
11341,2014-06-21 07:00:00,0,train,11456,2014,6,21,7,90.0,90.0,3.0,73.0,700.0,9.0,22.0,1004.0,18.8,0.0,WSW,1.6,Aotizhongxin,15.0,97.0,62.5,930.3894927536309,19.9,28.4,23.0,7.777608695651464,2014-06-21 07:00:00,18.0,2014-06-22 07:00:00
11367,2014-06-22 09:00:00,0,train,11482,2014,6,22,9,32.0,32.0,2.0,49.0,400.0,38.0,24.2,1004.1,18.2,0.0,NNW,0.8,Aotizhongxin,13.0,96.0,29.0,866.9981884058058,16.9,26.6,18.950000000000003,13.695199275360615,2014-06-22 09:00:00,20.0,2014-06-23 09:00:00
11375,2014-06-22 17:00:00,0,train,11490,2014,6,22,17,41.0,41.0,3.0,23.0,500.0,165.0,26.6,1001.8,17.7,0.0,ENE,3.8,Aotizhongxin,13.0,69.0,29.0,243.47101449276317,16.9,28.6,18.950000000000003,19.456231884056464,2014-06-22 17:00:00,27.0,2014-06-23 17:00:00
11388,2014-06-23 06:00:00,0,train,11503,2014,6,23,6,27.0,27.0,2.0,60.0,300.0,3.0,19.9,1004.3,17.7,0.0,ENE,0.8,Aotizhongxin,18.0,58.0,33.5,93.54891304348769,17.3,28.6,21.85,15.062590579708994,2014-06-23 06:00:00,73.0,2014-06-24 06:00:00
11389,2014-06-23 07:00:00,0,train,11504,2014,6,23,7,21.0,21.0,2.0,43.0,400.0,24.0,22.5,1004.2,17.6,0.0,NE,1.8,Aotizhongxin,21.0,58.0,33.5,89.58695652174855,17.3,28.6,22.45,14.760797101448166,2014-06-23 07:00:00,55.0,2014-06-24 07:00:00
11403,2014-06-23 21:00:00,0,train,11518,2014,6,23,21,31.0,31.0,2.0,60.0,300.0,109.0,22.5,1000.5,18.9,0.0,WSW,0.8,Aotizhongxin,15.0,40.0,27.0,46.592391304358216,17.3,32.3,24.799999999999997,29.833623188405415,2014-06-23 21:00:00,67.0,2014-06-24 21:00:00
11475,2014-06-26 21:00:00,0,train,11590,2014,6,26,21,69.0,69.0,6.0,44.0,500.0,117.0,26.3,998.9,22.8,0.0,ENE,2.0,Aotizhongxin,50.0,190.0,138.5,1900.4184782608652,22.4,32.7,27.0,15.266068840580202,2014-06-26 21:00:00,25.0,2014-06-27 21:00:00
11482,2014-06-27 04:00:00,0,train,11597,2014,6,27,4,20.0,20.0,4.0,57.0,100.0,27.0,23.4,1001.1,15.7,0.0,NE,1.4,Aotizhongxin,20.0,177.0,89.5,2075.478260869567,21.7,32.7,27.0,14.000416666667236,2014-06-27 04:00:00,33.0,2014-06-28 04:00:00
11486,2014-06-27 08:00:00,0,train,11601,2014,6,27,8,14.0,14.0,4.0,23.0,100.0,51.0,29.9,1002.3,13.2,0.0,NE,3.6,Aotizhongxin,8.0,153.0,73.0,1779.5579710145,21.7,32.7,27.65,12.570144927536933,2014-06-27 08:00:00,23.0,2014-06-28 08:00:00
11560,2014-06-30 10:00:00,0,train,11675,2014,6,30,10,75.0,75.0,12.0,59.0,1800.0,136.0,31.8,1000.8,19.8,0.0,E,0.8,Aotizhongxin,32.0,100.0,66.0,274.8677536231944,24.0,34.3,28.65,13.688043478261902,2014-06-30 10:00:00,131.0,2014-07-01 10:00:00
11654,2014-07-04 08:00:00,0,train,11769,2014,7,4,8,174.0,174.0,2.0,74.0,900.0,33.0,27.8,999.2,24.2,0.0,E,1.8,Aotizhongxin,153.0,269.0,225.0,1350.9547101448761,23.3,30.8,26.15,5.02579710144952,2014-07-04 08:00:00,149.0,2014-07-05 08:00:00
11670,2014-07-05 00:00:00,1,train,11785,2014,7,5,0,159.0,159.0,2.0,90.0,1200.0,20.0,24.2,1001.3,23.5,0.0,SSE,0.1,Aotizhongxin,150.0,259.0,189.0,877.5923913043032,23.3,33.9,27.6,11.522826086957213,2014-07-05 00:00:00,190.0,2014-07-06 00:00:00
11671,2014-07-05 01:00:00,1,train,11786,2014,7,5,1,160.0,160.0,2.0,103.0,1200.0,2.0,23.7,1001.3,23.4,0.0,WSW,0.9,Aotizhongxin,150.0,244.0,184.0,725.3260869564781,23.3,33.9,27.6,11.766884057971694,2014-07-05 01:00:00,207.0,2014-07-06 01:00:00
11764,2014-07-08 22:00:00,0,train,11879,2014,7,8,22,47.0,47.0,7.0,122.0,900.0,2.0,24.1,998.2,19.2,0.0,SE,0.0,Aotizhongxin,8.0,261.0,98.0,8318.215579710146,24.1,33.9,27.45,13.02318840579821,2014-07-08 22:00:00,44.0,2014-07-09 22:00:00
11810,2014-07-10 20:00:00,0,train,11925,2014,7,10,20,30.0,30.0,5.0,35.0,300.0,139.0,30.2,992.5,16.6,0.0,WSW,3.1,Aotizhongxin,17.0,60.0,26.5,147.5362318841063,21.6,36.9,30.15,34.429275362320105,2014-07-10 20:00:00,26.0,2014-07-11 20:00:00
11821,2014-07-11 07:00:00,0,train,11936,2014,7,11,7,53.0,53.0,3.0,73.0,400.0,22.0,27.8,995.2,14.4,0.0,NE,2.4,Aotizhongxin,17.0,62.0,33.0,199.27536231888604,21.2,36.9,30.15,30.750416666668144,2014-07-11 07:00:00,14.0,2014-07-12 07:00:00
11844,2014-07-12 06:00:00,0,train,11959,2014,7,12,6,12.0,12.0,3.0,42.0,400.0,24.0,25.3,998.2,14.1,0.0,NE,1.6,Aotizhongxin,8.0,53.0,17.5,159.33152173918592,21.5,36.6,29.450000000000003,25.36282608695785,2014-07-12 06:00:00,8.0,2014-07-13 06:00:00
11882,2014-07-13 20:00:00,0,train,11997,2014,7,13,20,30.0,30.0,3.0,86.0,500.0,45.0,24.0,996.2,19.7,0.0,WNW,0.0,Aotizhongxin,5.0,39.0,14.0,106.95471014498526,21.3,36.1,26.55,22.07673913043544,2014-07-13 20:00:00,35.0,2014-07-14 20:00:00
11929,2014-07-15 19:00:00,0,train,12044,2014,7,15,19,48.0,48.0,6.0,33.0,400.0,162.0,29.3,997.3,19.3,0.0,WSW,2.9,Aotizhongxin,14.0,67.0,49.0,196.78079710148987,21.9,31.6,28.6,9.262318840580397,2014-07-15 19:00:00,77.0,2014-07-16 19:00:00
11930,2014-07-15 20:00:00,0,train,12045,2014,7,15,20,56.0,56.0,6.0,31.0,400.0,161.0,26.1,997.9,23.4,0.6,SW,1.2,Aotizhongxin,14.0,67.0,50.5,197.2753623188806,21.9,31.6,27.799999999999997,9.088405797102071,2014-07-15 20:00:00,63.0,2014-07-16 20:00:00
11937,2014-07-16 03:00:00,0,train,12052,2014,7,16,3,82.0,82.0,2.0,68.0,500.0,11.0,21.8,997.5,21.8,0.0,E,0.7,Aotizhongxin,36.0,100.0,54.0,299.29710144930743,21.8,31.6,27.0,14.39565217391331,2014-07-16 03:00:00,74.0,2014-07-17 03:00:00
11947,2014-07-16 13:00:00,0,train,12062,2014,7,16,13,181.0,181.0,2.0,70.0,1600.0,63.0,29.7,995.8,23.4,0.0,NNW,1.3,Aotizhongxin,48.0,181.0,69.5,1824.927536231898,21.8,31.6,25.75,11.773840579710116,2014-07-16 13:00:00,153.0,2014-07-17 13:00:00
11959,2014-07-17 01:00:00,1,train,12074,2014,7,17,1,45.0,45.0,2.0,52.0,400.0,35.0,21.2,999.7,21.2,0.0,ENE,0.9,Aotizhongxin,38.0,192.0,83.5,2910.8097826086982,20.8,31.2,23.5,13.88461956521694,2014-07-17 01:00:00,219.0,2014-07-18 01:00:00
11983,2014-07-18 01:00:00,0,train,12098,2014,7,18,1,219.0,219.0,2.0,89.0,2800.0,11.0,25.5,1000.8,24.3,0.0,NE,0.6,Aotizhongxin,65.0,219.0,157.5,1622.9565217391064,21.7,28.5,26.700000000000003,4.893043478260843,2014-07-18 01:00:00,86.0,2014-07-19 01:00:00
12007,2014-07-19 01:00:00,0,train,12122,2014,7,19,1,86.0,86.0,2.0,69.0,600.0,57.0,26.2,1001.7,25.5,0.0,SW,0.0,Aotizhongxin,86.0,182.0,120.0,729.1286231884035,24.7,33.1,29.700000000000003,8.949836956522928,2014-07-19 01:00:00,44.0,2014-07-20 01:00:00
12072,2014-07-21 18:00:00,0,train,12187,2014,7,21,18,10.0,10.0,6.0,19.0,500.0,105.0,32.1,996.8,15.1,0.0,NNE,1.6,Aotizhongxin,7.0,71.0,36.0,496.60688405802847,25.7,35.1,31.25,6.29188405797281,2014-07-21 18:00:00,9.0,2014-07-22 18:00:00
12096,2014-07-22 18:00:00,0,train,12211,2014,7,22,18,9.0,9.0,4.0,33.0,700.0,55.0,27.6,1000.2,16.9,0.0,NE,1.1,Aotizhongxin,5.0,21.0,11.0,12.476449275435977,26.0,31.3,27.25,2.1756521739137122,2014-07-22 18:00:00,25.0,2014-07-23 18:00:00
12115,2014-07-23 13:00:00,0,train,12230,2014,7,23,13,21.0,21.0,4.0,86.0,700.0,26.0,30.4,997.3,18.8,0.0,WSW,1.7,Aotizhongxin,9.0,47.0,21.0,53.73188405803777,22.2,30.4,24.65,6.004764492753385,2014-07-23 13:00:00,84.0,2014-07-24 13:00:00
12131,2014-07-24 05:00:00,0,train,12246,2014,7,24,5,83.0,83.0,7.0,123.0,1700.0,2.0,23.6,998.5,22.9,0.0,NE,0.0,Aotizhongxin,20.0,83.0,26.0,349.6449275362879,22.5,30.4,25.049999999999997,5.249492753623095,2014-07-24 05:00:00,101.0,2014-07-25 05:00:00
12282,2014-07-30 12:00:00,1,train,12397,2014,7,30,12,158.0,158.0,2.0,40.0,1500.0,67.0,25.5,1000.5,23.6,0.0,E,0.4,Aotizhongxin,35.0,158.0,98.0,946.9112318840714,23.0,33.1,24.5,14.746503623188701,2014-07-30 12:00:00,238.0,2014-07-31 12:00:00
12308,2014-07-31 14:00:00,0,train,12423,2014,7,31,14,236.0,236.0,3.0,37.0,1700.0,194.0,30.7,999.7,23.6,0.0,SW,1.5,Aotizhongxin,141.0,256.0,212.5,1183.6793478260413,24.9,30.8,26.45,3.7369384057976127,2014-07-31 14:00:00,159.0,2014-08-01 14:00:00
12404,2014-08-04 14:00:00,0,train,12519,2014,8,4,14,6.0,6.0,2.0,25.0,200.0,44.0,21.2,1000.5,21.0,1.1,ENE,0.7,Aotizhongxin,6.0,129.0,76.5,1351.2971014493037,21.2,30.7,26.9,7.194782608696026,2014-08-04 14:00:00,32.0,2014-08-05 14:00:00
12451,2014-08-06 13:00:00,0,train,12566,2014,8,6,13,14.0,14.0,2.0,15.0,200.0,86.0,33.6,1000.3,13.6,0.0,ESE,1.5,Aotizhongxin,14.0,77.0,39.0,338.99818840583896,21.7,34.4,26.85,17.988405797102097,2014-08-06 13:00:00,60.0,2014-08-07 13:00:00
12456,2014-08-06 18:00:00,0,train,12571,2014,8,6,18,15.0,15.0,3.0,29.0,200.0,79.0,29.4,1000.9,15.9,0.0,W,1.6,Aotizhongxin,3.0,77.0,36.0,560.0416666667114,21.7,34.4,26.85,22.423188405797962,2014-08-06 18:00:00,52.0,2014-08-07 18:00:00
12471,2014-08-07 09:00:00,0,train,12586,2014,8,7,9,76.0,76.0,4.0,81.0,800.0,35.0,29.0,1004.7,19.3,0.0,ENE,0.9,Aotizhongxin,3.0,131.0,36.0,1770.4275362319206,21.7,34.4,25.5,25.569275362319456,2014-08-07 09:00:00,106.0,2014-08-08 09:00:00
12473,2014-08-07 11:00:00,0,train,12588,2014,8,7,11,76.0,76.0,13.0,48.0,1400.0,125.0,31.2,1003.6,17.1,0.0,W,2.2,Aotizhongxin,3.0,131.0,63.0,1800.215579710179,21.7,34.4,25.5,22.959710144928067,2014-08-07 11:00:00,103.0,2014-08-08 11:00:00
12489,2014-08-08 03:00:00,0,train,12604,2014,8,8,3,54.0,54.0,4.0,53.0,600.0,50.0,21.3,1003.6,20.1,0.0,NE,0.4,Aotizhongxin,43.0,106.0,63.5,332.34057971017353,21.3,32.8,27.4,15.488967391305057,2014-08-08 03:00:00,99.0,2014-08-09 03:00:00
12501,2014-08-08 15:00:00,0,train,12616,2014,8,8,15,55.0,55.0,8.0,22.0,700.0,187.0,30.9,1000.9,16.5,0.0,SW,2.5,Aotizhongxin,43.0,106.0,61.5,435.12862318843344,21.0,31.9,27.4,13.616938405797702,2014-08-08 15:00:00,67.0,2014-08-09 15:00:00
12516,2014-08-09 06:00:00,0,train,12631,2014,8,9,6,117.0,117.0,3.0,62.0,1100.0,51.0,22.8,1001.9,20.0,0.0,ENE,1.8,Aotizhongxin,43.0,117.0,73.0,495.47644927538425,20.6,31.8,26.85,14.660851449275746,2014-08-09 06:00:00,23.0,2014-08-10 06:00:00
12520,2014-08-09 10:00:00,0,train,12635,2014,8,9,10,164.0,164.0,5.0,81.0,1400.0,73.0,29.0,1001.2,21.0,0.0,ESE,0.9,Aotizhongxin,43.0,177.0,73.0,1346.0271739130603,20.6,31.8,26.85,14.40369565217426,2014-08-09 10:00:00,33.0,2014-08-10 10:00:00
12639,2014-08-14 09:00:00,0,train,12754,2014,8,14,9,27.0,27.0,5.0,50.0,500.0,19.0,24.8,1002.8,18.7,0.0,SSW,0.5,Aotizhongxin,19.0,49.0,26.9,63.05710144932523,16.8,24.8,19.85,4.965144927534292,2014-08-14 09:00:00,127.0,2014-08-15 09:00:00
12648,2014-08-14 18:00:00,0,train,12763,2014,8,14,18,37.0,37.0,4.0,29.0,400.0,151.0,25.9,1000.5,17.3,0.0,W,2.0,Aotizhongxin,21.0,58.0,27.5,98.23536231888899,16.8,30.0,20.5,25.864329710143917,2014-08-14 18:00:00,25.0,2014-08-15 18:00:00
12717,2014-08-17 15:00:00,0,train,12832,2014,8,17,15,39.0,39.0,5.0,26.0,400.0,190.0,30.5,1003.3,17.6,0.0,SW,2.5,Aotizhongxin,31.0,183.0,45.5,1612.5144927536528,22.3,31.7,25.5,9.588043478261184,2014-08-17 15:00:00,93.0,2014-08-18 15:00:00
12751,2014-08-19 01:00:00,0,train,12866,2014,8,19,1,71.0,104.0,6.0,39.0,700.0,99.0,21.7,1005.8,20.0,0.0,W,0.0,Aotizhongxin,28.0,93.0,69.0,378.82427536234815,21.7,30.9,26.15,11.006793478261065,2014-08-19 01:00:00,85.0,2014-08-20 01:00:00
12755,2014-08-19 05:00:00,0,train,12870,2014,8,19,5,110.0,145.0,2.0,68.0,800.0,21.0,20.1,1006.6,20.1,0.0,N,0.1,Aotizhongxin,28.0,110.0,74.0,415.7971014493004,20.1,30.9,26.15,13.764275362318944,2014-08-19 05:00:00,108.0,2014-08-20 05:00:00
12838,2014-08-22 16:00:00,0,train,12953,2014,8,22,16,81.0,114.0,4.0,108.0,1400.0,46.0,27.2,1000.1,21.9,0.0,W,1.3,Aotizhongxin,20.0,157.0,28.0,2144.2155797101864,19.9,30.9,25.05,10.912590579709686,2014-08-22 16:00:00,131.0,2014-08-23 16:00:00
12937,2014-08-26 19:00:00,0,train,13052,2014,8,26,19,24.0,78.0,7.0,55.0,400.0,141.0,24.2,1006.4,15.4,0.0,SW,0.7,Aotizhongxin,8.0,45.0,25.5,109.69384057977486,16.4,35.5,25.55,44.78079710144942,2014-08-26 19:00:00,71.0,2014-08-27 19:00:00
12944,2014-08-27 02:00:00,0,train,13059,2014,8,27,2,51.0,146.0,5.0,132.0,800.0,2.0,19.3,1007.0,12.8,0.0,ENE,1.0,Aotizhongxin,8.0,51.0,25.5,132.4057971015131,16.4,35.5,23.5,47.761956521739094,2014-08-27 02:00:00,113.0,2014-08-28 02:00:00
12978,2014-08-28 12:00:00,0,train,13093,2014,8,28,12,68.0,94.0,,58.0,700.0,92.0,27.9,1008.8,16.8,0.0,W,1.8,Aotizhongxin,49.0,113.6,70.5,441.65884057973506,22.6,33.1,24.15,12.865923913043579,2014-08-28 12:00:00,56.0,2014-08-29 12:00:00
12992,2014-08-29 02:00:00,0,train,13107,2014,8,29,2,62.0,62.0,2.0,23.0,800.0,105.0,19.9,1009.5,18.7,0.0,NE,1.3,Aotizhongxin,56.0,113.6,78.15,267.47389492756037,19.9,28.3,23.25,6.164927536231219,2014-08-29 02:00:00,114.0,2014-08-30 02:00:00
13085,2014-09-01 23:00:00,0,train,13200,2014,9,1,23,23.0,23.0,2.0,36.0,800.0,72.0,19.9,1005.2,19.9,0.5,ESE,0.1,Aotizhongxin,23.0,153.0,112.0,1389.6073731884142,19.8,26.2,22.05,3.8017391304337353,2014-09-01 23:00:00,16.0,2014-09-02 23:00:00
13089,2014-09-02 03:00:00,0,train,13204,2014,9,2,3,45.0,45.0,3.0,23.0,600.0,51.0,19.6,1004.2,19.6,3.7,NE,1.4,Aotizhongxin,23.0,153.0,112.0,1994.1167934782745,19.6,26.2,22.05,4.5842753623177215,2014-09-02 03:00:00,16.0,2014-09-03 03:00:00
13173,2014-09-05 15:00:00,0,train,13288,2014,9,5,15,95.0,97.0,9.0,13.0,800.0,,30.4,1002.8,17.8,0.0,WSW,3.5,Aotizhongxin,25.0,137.0,75.5,1095.5489130435128,19.0,31.7,24.6,19.46737318840557,2014-09-05 15:00:00,161.0,2014-09-06 15:00:00
13203,2014-09-06 21:00:00,0,train,13318,2014,9,6,21,141.0,192.0,2.0,57.0,900.0,112.0,25.2,1003.4,20.0,0.0,SW,1.0,Aotizhongxin,105.0,165.0,146.5,297.2971014492553,20.3,28.7,25.15,7.770851449275139,2014-09-06 21:00:00,142.0,2014-09-07 21:00:00
13208,2014-09-07 02:00:00,0,train,13323,2014,9,7,2,144.0,181.0,3.0,95.0,800.0,40.0,22.7,1002.7,20.4,0.0,W,1.0,Aotizhongxin,105.0,165.0,141.5,279.38949275360443,20.3,28.7,25.15,6.843460144927399,2014-09-07 02:00:00,8.0,2014-09-08 02:00:00
13263,2014-09-09 09:00:00,0,train,13378,2014,9,9,9,18.0,60.0,4.0,44.0,1000.0,35.0,24.6,1005.4,11.2,0.0,ENE,1.8,Aotizhongxin,3.0,36.0,17.5,100.86231884070483,14.5,30.2,22.55,30.797807971013185,2014-09-09 09:00:00,114.0,2014-09-10 09:00:00
13304,2014-09-11 02:00:00,0,train,13419,2014,9,11,2,64.0,174.0,2.0,113.0,1200.0,18.0,19.4,1008.9,16.1,0.0,ENE,0.9,Aotizhongxin,35.0,124.0,69.5,742.8097826087526,18.1,29.4,22.049999999999997,16.629492753622163,2014-09-11 02:00:00,127.0,2014-09-12 02:00:00
13310,2014-09-11 08:00:00,0,train,13425,2014,9,11,8,88.0,165.0,6.0,93.0,1000.0,2.0,22.0,1009.5,16.5,0.0,NE,1.4,Aotizhongxin,35.0,124.0,70.5,677.6739130435361,18.1,29.4,21.85,16.004764492752617,2014-09-11 08:00:00,44.0,2014-09-12 08:00:00
13373,2014-09-13 23:00:00,0,train,13488,2014,9,13,23,79.0,119.0,7.0,49.0,500.0,91.0,20.5,1008.3,15.7,0.0,ENE,0.7,Aotizhongxin,42.0,111.0,66.0,279.08514492760116,18.9,27.6,22.7,9.892010869564226,2014-09-13 23:00:00,41.0,2014-09-14 23:00:00
13374,2014-09-14 00:00:00,0,train,13489,2014,9,14,0,79.0,117.0,6.0,54.0,500.0,74.0,19.5,1008.0,17.1,0.0,WSW,0.2,Aotizhongxin,42.0,111.0,66.5,283.53623188412223,18.9,27.6,22.7,9.800869565216404,2014-09-14 00:00:00,39.0,2014-09-15 00:00:00
13380,2014-09-14 06:00:00,0,train,13495,2014,9,14,6,94.0,138.0,5.0,99.0,700.0,2.0,19.9,1010.7,16.9,0.0,ENE,0.7,Aotizhongxin,42.0,111.0,75.5,338.5489130435382,19.5,27.6,22.7,8.604619565216472,2014-09-14 06:00:00,14.0,2014-09-15 06:00:00
13432,2014-09-16 10:00:00,0,train,13547,2014,9,16,10,22.0,64.0,3.0,54.0,400.0,16.0,20.7,1013.0,9.9,0.0,ESE,0.5,Aotizhongxin,3.0,45.0,20.0,121.99275362331012,13.1,28.7,19.950000000000003,29.79123188405577,2014-09-16 10:00:00,53.0,2014-09-17 10:00:00
13474,2014-09-18 04:00:00,0,train,13589,2014,9,18,4,94.0,123.0,,,,,12.3,1015.4,12.3,0.0,E,0.4,Aotizhongxin,17.0,101.0,52.5,731.73188405805,11.9,22.7,16.799999999999997,13.242590579706746,2014-09-18 04:00:00,101.0,2014-09-19 04:00:00
13513,2014-09-19 19:00:00,0,train,13628,2014,9,19,19,58.0,82.0,7.0,51.0,600.0,108.0,19.1,1004.8,16.7,0.4,E,0.1,Aotizhongxin,45.0,156.0,83.5,715.5923913043965,12.8,25.5,19.85,19.33302536231637,2014-09-19 19:00:00,156.0,2014-09-20 19:00:00
13529,2014-09-20 11:00:00,0,train,13644,2014,9,20,11,123.0,123.0,6.0,49.0,1000.0,78.0,25.3,1004.3,16.4,0.0,E,1.0,Aotizhongxin,58.0,156.0,112.0,597.4764492753818,16.9,25.5,18.75,10.907807971012515,2014-09-20 11:00:00,57.0,2014-09-21 11:00:00
13538,2014-09-20 20:00:00,0,train,13653,2014,9,20,20,161.0,222.0,5.0,85.0,1100.0,118.0,20.4,1005.9,18.9,0.0,SSW,0.4,Aotizhongxin,87.0,161.0,119.5,298.5634057971062,16.9,28.0,20.0,16.6860869565201,2014-09-20 20:00:00,91.0,2014-09-21 20:00:00
13560,2014-09-21 18:00:00,0,train,13675,2014,9,21,18,112.0,149.0,8.0,58.0,1600.0,101.0,23.0,1011.3,18.7,0.0,S,2.5,Aotizhongxin,55.0,219.0,110.0,2914.5434782608672,18.6,25.1,21.0,4.344927536230336,2014-09-21 18:00:00,99.0,2014-09-22 18:00:00
13581,2014-09-22 15:00:00,0,train,13696,2014,9,22,15,129.0,237.0,10.0,95.0,3200.0,3.0,20.8,1011.0,18.2,0.0,ENE,1.0,Aotizhongxin,73.0,137.0,96.0,341.29710144930954,20.2,24.3,21.05,1.1144927536215519,2014-09-22 15:00:00,26.0,2014-09-23 15:00:00
13734,2014-09-29 00:00:00,0,train,13849,2014,9,29,0,79.0,115.0,3.0,95.0,900.0,2.0,15.1,1008.3,14.9,0.0,N,0.0,Aotizhongxin,24.0,101.0,59.0,346.1666666667547,15.1,22.4,17.65,6.345434782605701,2014-09-29 00:00:00,21.0,2014-09-30 00:00:00
13764,2014-09-30 06:00:00,0,train,13879,2014,9,30,6,16.0,39.0,8.0,35.0,600.0,13.0,11.2,1023.3,1.7,0.0,W,2.0,Aotizhongxin,8.0,102.0,20.5,1043.259057971137,11.2,24.2,17.85,23.627663043475046,2014-09-30 06:00:00,49.0,2014-10-01 06:00:00
13771,2014-09-30 13:00:00,0,train,13886,2014,9,30,13,23.0,50.0,11.0,39.0,600.0,22.0,15.7,1018.7,2.5,0.0,WSW,1.2,Aotizhongxin,8.0,25.0,18.5,26.24456521753575,11.2,24.2,14.0,16.619347826082574,2014-09-30 13:00:00,68.0,2014-10-01 13:00:00
13813,2014-10-02 07:00:00,0,train,13928,2014,10,2,7,67.0,67.0,4.0,49.0,1000.0,2.0,11.3,1007.8,11.3,0.0,ENE,0.8,Aotizhongxin,59.0,93.0,71.0,105.82427536238583,8.2,13.9,10.6,2.2214492753558073,2014-10-02 07:00:00,54.0,2014-10-03 07:00:00
13844,2014-10-03 14:00:00,0,train,13959,2014,10,3,14,122.0,147.0,14.0,69.0,1900.0,5.0,17.8,1010.6,14.1,0.0,E,1.0,Aotizhongxin,23.0,122.0,62.0,739.7373188406604,10.9,20.9,13.55,7.474764492748875,2014-10-03 14:00:00,91.0,2014-10-04 14:00:00
13892,2014-10-05 14:00:00,0,train,14007,2014,10,5,14,10.0,10.0,2.0,9.0,200.0,71.0,21.7,1017.8,3.4,0.0,NE,3.3,Aotizhongxin,8.0,106.0,63.5,1089.679347826179,10.7,21.7,13.8,11.660797101444752,2014-10-05 14:00:00,20.0,2014-10-06 14:00:00
13960,2014-10-08 10:00:00,1,train,14075,2014,10,8,10,221.0,221.0,10.0,96.0,1600.0,10.0,16.5,1014.4,12.8,0.0,ENE,0.0,Aotizhongxin,82.0,258.0,211.0,2584.9981884056765,12.4,21.5,13.1,10.863188405792656,2014-10-08 10:00:00,335.0,2014-10-09 10:00:00
14030,2014-10-11 20:00:00,0,train,14157,2014,10,11,20,17.0,17.0,,,,,17.3,1020.4,6.5,0.0,NE,4.9,Aotizhongxin,17.0,354.0,292.5,7830.195652173686,13.5,19.2,16.200000000000003,3.8517210144888687,2014-10-11 20:00:00,11.0,2014-10-12 20:00:00
14162,2014-10-17 08:00:00,0,train,14289,2014,10,17,8,88.0,219.0,16.0,89.0,1000.0,2.0,14.1,1011.9,3.5,0.0,NE,1.0,Aotizhongxin,21.0,92.0,64.0,616.0851449275476,6.0,21.7,13.6,33.54318840579183,2014-10-17 08:00:00,102.0,2014-10-18 08:00:00
14223,2014-10-19 21:00:00,1,train,14350,2014,10,19,21,352.0,447.0,11.0,195.0,2900.0,2.0,17.0,1009.8,15.0,0.0,SW,1.0,Aotizhongxin,156.0,367.0,319.5,3924.4057971012003,12.9,20.2,15.5,5.584619565213255,2014-10-19 21:00:00,225.0,2014-10-20 21:00:00
14229,2014-10-20 03:00:00,0,train,14356,2014,10,20,3,159.0,159.0,3.0,67.0,800.0,2.0,13.8,1009.8,13.8,0.0,NE,1.2,Aotizhongxin,149.0,367.0,269.0,6948.840579709934,13.5,20.2,16.15,4.328677536227964,2014-10-20 03:00:00,34.0,2014-10-21 03:00:00
14231,2014-10-20 05:00:00,0,train,14358,2014,10,20,5,223.0,223.0,5.0,110.0,1500.0,2.0,13.1,1010.4,13.1,0.0,E,0.1,Aotizhongxin,149.0,367.0,223.5,6847.172101449076,13.1,20.2,16.15,4.50492753622795,2014-10-20 05:00:00,31.0,2014-10-21 05:00:00
14232,2014-10-20 06:00:00,0,train,14359,2014,10,20,6,234.0,234.0,7.0,112.0,1700.0,2.0,12.1,1010.8,12.1,0.0,E,0.0,Aotizhongxin,149.0,367.0,223.5,6525.8840579708185,12.1,20.2,16.15,4.929492753619227,2014-10-20 06:00:00,31.0,2014-10-21 06:00:00
14279,2014-10-22 05:00:00,0,train,14406,2014,10,22,5,83.0,165.0,10.0,82.0,1600.0,2.0,8.5,1018.1,3.7,0.0,NE,1.3,Aotizhongxin,31.0,107.0,42.0,527.5362318840407,6.7,16.1,11.2,10.479981884051615,2014-10-22 05:00:00,104.0,2014-10-23 05:00:00
14312,2014-10-23 14:00:00,1,train,14439,2014,10,23,14,142.0,186.0,17.0,91.0,1100.0,19.0,17.1,1006.6,9.8,0.0,S,0.7,Aotizhongxin,60.0,142.0,106.0,385.17210144920597,11.7,17.1,12.7,2.2925905797048034,2014-10-23 14:00:00,281.0,2014-10-24 14:00:00
14316,2014-10-23 18:00:00,1,train,14443,2014,10,23,18,151.0,209.0,20.0,148.0,1900.0,2.0,11.3,1007.2,10.5,0.0,SE,0.2,Aotizhongxin,93.0,155.0,113.0,414.34782608687556,11.3,17.1,12.5,2.8747101449222,2014-10-23 18:00:00,321.0,2014-10-24 18:00:00
14327,2014-10-24 05:00:00,1,train,14454,2014,10,24,5,164.0,201.0,6.0,102.0,1500.0,2.0,7.9,1006.2,7.9,0.0,ENE,0.5,Aotizhongxin,98.0,212.0,154.5,879.4710144926393,7.9,17.1,11.7,8.1764492753564,2014-10-24 05:00:00,278.0,2014-10-25 05:00:00
14351,2014-10-25 05:00:00,0,train,14478,2014,10,25,5,278.0,278.0,5.0,109.0,2100.0,2.0,10.1,1005.3,10.1,0.0,E,0.4,Aotizhongxin,164.0,333.0,280.5,3202.753623188185,8.1,18.9,12.1,10.82195652173375,2014-10-25 05:00:00,169.0,2014-10-26 05:00:00
14556,2014-11-02 18:00:00,0,train,14683,2014,11,2,18,8.0,27.0,6.0,31.0,400.0,35.0,12.5,1021.0,-9.3,0.0,N,1.4,Aotizhongxin,3.0,16.0,6.0,13.737318840570701,7.7,15.1,12.15,5.614492753617112,2014-11-02 18:00:00,12.0,2014-11-03 18:00:00
14625,2014-11-05 15:00:00,0,train,14752,2014,11,5,15,9.0,17.0,5.0,15.0,400.0,65.0,20.2,1020.0,-7.3,0.0,NNW,4.2,Aotizhongxin,6.0,349.0,146.0,7385.940217391203,3.1,20.9,6.15,41.03065217390601,2014-11-05 15:00:00,3.0,2014-11-06 15:00:00
14677,2014-11-07 19:00:00,0,train,14804,2014,11,7,19,56.0,,,,,,6.2,1019.0,0.9,0.0,WSW,1.3,Aotizhongxin,13.0,70.0,45.0,187.12862318837747,2.0,8.4,3.8,5.234764492744133,2014-11-07 19:00:00,72.0,2014-11-08 19:00:00
14799,2014-11-12 21:00:00,0,train,14926,2014,11,12,21,6.0,33.0,5.0,22.0,400.0,50.0,6.1,1019.0,-15.9,0.0,N,3.3,Aotizhongxin,3.0,10.0,5.0,3.449275362326028,4.5,9.0,6.550000000000001,1.3717210144841758,2014-11-12 21:00:00,38.0,2014-11-13 21:00:00
14821,2014-11-13 19:00:00,0,train,14948,2014,11,13,19,26.0,68.0,7.0,92.0,900.0,2.0,7.5,1017.0,-9.9,0.0,SW,1.9,Aotizhongxin,4.0,41.0,12.0,106.7826086956502,-2.9,13.1,6.05,28.944184782599347,2014-11-13 19:00:00,38.0,2014-11-14 19:00:00
14827,2014-11-14 01:00:00,0,train,14954,2014,11,14,1,34.0,62.0,11.0,84.0,1200.0,2.0,-0.8,1016.0,-3.2,0.0,NE,0.0,Aotizhongxin,7.0,41.0,24.5,128.43297101448462,-2.9,13.1,4.5,32.07418478259898,2014-11-14 01:00:00,127.0,2014-11-15 01:00:00
14828,2014-11-14 02:00:00,0,train,14955,2014,11,14,2,59.0,83.0,18.0,81.0,1600.0,2.0,-0.9,1019.0,-2.8,0.0,NE,0.6,Aotizhongxin,7.0,59.0,26.5,170.8242753623089,-2.9,13.1,4.5,32.68346014491779,2014-11-14 02:00:00,143.0,2014-11-15 02:00:00
14851,2014-11-15 01:00:00,0,train,14978,2014,11,15,1,127.0,201.0,28.0,103.0,3100.0,2.0,3.7,1012.0,-5.5,0.0,ENE,1.0,Aotizhongxin,18.0,127.0,32.5,690.318840579686,-1.9,13.6,4.0,29.34780797100513,2014-11-15 01:00:00,160.0,2014-11-16 01:00:00
14909,2014-11-17 11:00:00,0,train,15036,2014,11,17,11,11.0,16.0,19.0,28.0,500.0,37.0,10.0,1025.0,-7.7,0.0,ENE,1.8,Aotizhongxin,8.0,19.0,11.5,7.519927536247237,-1.7,12.6,7.85,22.66911231883185,2014-11-17 11:00:00,45.0,2014-11-18 11:00:00
14951,2014-11-19 05:00:00,1,train,15078,2014,11,19,5,183.0,218.0,29.0,178.0,3600.0,2.0,1.4,1008.0,-2.9,0.0,ENE,1.1,Aotizhongxin,38.0,248.0,67.5,4711.7971014492,-2.2,13.7,2.6,26.93693840578764,2014-11-19 05:00:00,306.0,2014-11-20 05:00:00
14969,2014-11-19 23:00:00,1,train,15096,2014,11,19,23,384.0,450.0,56.0,196.0,5200.0,2.0,2.1,1009.0,1.1,0.0,NE,1.1,Aotizhongxin,118.0,384.0,251.5,6884.2318840577445,0.8,8.7,3.05,6.3671739130336364,2014-11-19 23:00:00,464.0,2014-11-20 23:00:00
14977,2014-11-20 07:00:00,1,train,15104,2014,11,20,7,302.0,323.0,22.0,150.0,4100.0,2.0,1.4,1008.0,0.4,0.0,ENE,1.2,Aotizhongxin,160.0,384.0,304.0,3366.6068840576977,0.2,8.7,3.05,7.375579710134993,2014-11-20 07:00:00,307.0,2014-11-21 07:00:00
15006,2014-11-21 12:00:00,0,train,15133,2014,11,21,12,125.0,133.0,43.0,109.0,1700.0,10.0,10.6,1024.0,-4.3,0.0,E,0.1,Aotizhongxin,125.0,464.0,304.5,8102.231884057676,-0.7,10.6,3.25,13.595634057961306,2014-11-21 12:00:00,28.0,2014-11-22 12:00:00
15012,2014-11-21 18:00:00,0,train,15139,2014,11,21,18,17.0,51.0,14.0,78.0,800.0,11.0,10.8,1027.0,-12.6,0.0,N,1.5,Aotizhongxin,17.0,464.0,304.5,22557.992753622944,-0.7,14.6,3.25,27.98927536230969,2014-11-21 18:00:00,40.0,2014-11-22 18:00:00
15147,2014-11-27 09:00:00,0,train,15274,2014,11,27,9,15.0,46.0,2.0,40.0,600.0,27.0,5.9,1022.0,-11.7,0.0,ENE,1.7,Aotizhongxin,12.0,408.0,251.0,17659.99275362294,3.0,9.3,5.5,3.6501449275272297,2014-11-27 09:00:00,85.0,2014-11-28 09:00:00
15155,2014-11-27 17:00:00,0,train,15282,2014,11,27,17,18.0,36.0,4.0,49.0,500.0,21.0,6.2,1018.0,-11.9,0.0,NE,0.9,Aotizhongxin,10.0,408.0,52.0,28861.884057970838,3.0,7.4,5.65,1.650416666657461,2014-11-27 17:00:00,76.0,2014-11-28 17:00:00
15157,2014-11-27 19:00:00,0,train,15284,2014,11,27,19,28.0,59.0,13.0,72.0,800.0,2.0,5.4,1020.0,-11.7,0.0,NE,1.2,Aotizhongxin,10.0,408.0,23.0,27729.99818840565,3.0,6.9,5.5,1.4373731883965413,2014-11-27 19:00:00,111.0,2014-11-28 19:00:00
15188,2014-11-29 02:00:00,1,train,15315,2014,11,29,2,215.0,267.0,14.0,80.0,2800.0,2.0,-0.8,1024.0,-0.8,0.0,ENE,0.0,Aotizhongxin,40.0,215.0,84.5,2773.8840579709004,-1.0,10.2,4.35,15.172445652164106,2014-11-29 02:00:00,246.0,2014-11-30 02:00:00
15222,2014-11-30 12:00:00,0,train,15349,2014,11,30,12,17.0,47.0,9.0,17.0,400.0,50.0,6.4,1015.0,-16.9,0.0,NNW,5.2,Aotizhongxin,14.0,321.0,245.5,10451.644927536014,2.8,7.5,3.8499999999999996,1.7999275362221139,2014-11-30 12:00:00,11.0,2014-12-01 12:00:00
15264,2014-12-02 06:00:00,0,train,15391,2014,12,2,6,9.0,9.0,9.0,36.0,500.0,18.0,-8.5,1018.0,-19.7,0.0,NE,1.0,Aotizhongxin,5.0,18.0,9.0,8.80434782603888,-8.5,-0.3,-4.1,5.072101449261316,2014-12-02 06:00:00,13.0,2014-12-03 06:00:00
15267,2014-12-02 09:00:00,0,train,15394,2014,12,2,9,12.0,18.0,8.0,51.0,800.0,4.0,-6.2,1016.0,-19.2,0.0,E,0.4,Aotizhongxin,5.0,18.0,9.0,8.69565217386476,-10.1,-0.3,-4.1,7.817971014478477,2014-12-02 09:00:00,11.0,2014-12-03 09:00:00
15288,2014-12-03 06:00:00,0,train,15415,2014,12,3,6,13.0,23.0,9.0,22.0,500.0,30.0,-4.0,1029.0,-23.7,0.0,NNE,1.8,Aotizhongxin,8.0,131.0,42.0,1364.853260869482,-10.1,1.0,-3.95,9.708242753609213,2014-12-03 06:00:00,6.0,2014-12-04 06:00:00
15341,2014-12-05 11:00:00,0,train,15468,2014,12,5,11,21.0,31.0,11.0,30.0,600.0,37.0,1.4,1029.0,-21.8,0.0,N,2.6,Aotizhongxin,3.0,21.0,8.0,16.195652173864893,-5.8,2.1,-2.1500000000000004,6.7110144927407775,2014-12-05 11:00:00,26.0,2014-12-06 11:00:00
15480,2014-12-11 06:00:00,0,train,15607,2014,12,11,6,9.0,9.0,13.0,33.0,500.0,27.0,-3.2,1029.0,-15.5,0.0,NE,1.5,Aotizhongxin,9.0,275.0,12.5,5806.775362318747,-5.4,5.0,-0.09999999999999999,10.301449275350517,2014-12-11 06:00:00,5.0,2014-12-12 06:00:00
15517,2014-12-12 19:00:00,0,train,15644,2014,12,12,19,14.0,47.0,13.0,45.0,700.0,16.0,-0.9,1023.0,-18.0,0.0,WSW,1.6,Aotizhongxin,5.0,74.0,10.0,202.78079710138235,-1.8,3.6,-0.1,3.4057971014374795,2014-12-12 19:00:00,86.0,2014-12-13 19:00:00
15534,2014-12-13 12:00:00,0,train,15661,2014,12,13,12,32.0,97.0,21.0,51.0,900.0,22.0,3.7,1028.0,-17.9,0.0,W,3.0,Aotizhongxin,7.0,43.0,13.0,80.75362318833751,-3.9,3.7,1.05,4.015489130423219,2014-12-13 12:00:00,48.0,2014-12-14 12:00:00
15554,2014-12-14 08:00:00,0,train,15681,2014,12,14,8,43.0,81.0,39.0,66.0,1400.0,2.0,-4.6,1028.0,-12.7,0.0,W,1.4,Aotizhongxin,26.0,161.0,75.0,1851.563405796989,-8.1,5.0,-1.55,15.991884057958506,2014-12-14 08:00:00,13.0,2014-12-15 08:00:00
15568,2014-12-14 22:00:00,0,train,15695,2014,12,14,22,107.0,170.0,59.0,108.0,1900.0,2.0,-1.1,1027.0,-7.5,0.0,WSW,1.1,Aotizhongxin,43.0,161.0,82.0,1689.3894927535016,-8.1,7.0,-0.9500000000000001,20.269402173900836,2014-12-14 22:00:00,12.0,2014-12-15 22:00:00
15595,2014-12-16 03:00:00,0,train,15724,2014,12,16,3,7.0,22.0,2.0,21.0,400.0,39.0,-3.8,1021.0,-18.9,0.0,NNW,3.8,Aotizhongxin,6.0,273.0,8.0,6889.384057970929,-4.1,2.8,-1.35,6.872590579697711,2014-12-16 03:00:00,4.0,2014-12-17 03:00:00
15625,2015-01-02 00:00:00,0,train,16129,2015,1,2,0,109.0,134.0,49.0,100.0,2600.0,2.0,-7.0,1020.0,-18.1,0.0,ENE,1.5,Aotizhongxin,6.0,109.0,33.0,1214.144927536232,-7.0,3.0,-1.5,11.259057971001399,2015-01-02 00:00:00,141.0,2015-01-03 00:00:00
15637,2015-01-02 12:00:00,0,train,16141,2015,1,2,12,24.0,32.0,25.0,35.0,800.0,35.0,3.0,1024.0,-18.4,0.0,WSW,0.8,Aotizhongxin,13.0,111.0,49.5,1105.1231884057972,-8.0,3.0,-3.0,13.449275362305722,2015-01-02 12:00:00,145.0,2015-01-03 12:00:00
15640,2015-01-02 15:00:00,0,train,16144,2015,1,2,15,22.0,30.0,22.0,42.0,700.0,36.0,4.0,1024.0,-19.6,0.0,WSW,3.6,Aotizhongxin,13.0,111.0,44.0,1260.128623188406,-8.0,4.0,-3.0,15.362318840566667,2015-01-02 15:00:00,161.0,2015-01-03 15:00:00
15698,2015-01-05 01:00:00,0,train,16202,2015,1,5,1,195.0,230.0,109.0,131.0,4800.0,2.0,3.0,1009.0,-8.4,0.0,NW,1.0,Aotizhongxin,92.0,319.0,184.0,4527.6231884058025,-8.0,9.0,3.0,28.12862318839427,2015-01-05 01:00:00,9.0,2015-01-06 01:00:00
15718,2015-01-05 21:00:00,0,train,16222,2015,1,5,21,3.0,34.0,3.0,2.0,400.0,59.0,1.0,1023.0,-25.3,0.0,NE,2.6,Aotizhongxin,3.0,281.0,156.5,7898.753623188416,1.0,9.0,3.0,6.86775362317824,2015-01-05 21:00:00,85.0,2015-01-06 21:00:00
15719,2015-01-05 22:00:00,0,train,16223,2015,1,5,22,8.0,11.0,3.0,2.0,400.0,59.0,1.0,1021.0,-22.8,0.0,NNE,3.8,Aotizhongxin,3.0,214.0,152.5,7201.91123188407,1.0,9.0,3.0,7.172101449265155,2015-01-05 22:00:00,91.0,2015-01-06 22:00:00
15790,2015-01-08 21:00:00,0,train,16294,2015,1,8,21,250.0,347.0,81.0,174.0,5700.0,2.0,-1.0,1024.0,-10.6,0.0,NE,1.5,Aotizhongxin,59.0,250.0,104.5,2594.514492753632,-7.0,4.0,-3.0,16.71739130433471,2015-01-08 21:00:00,127.0,2015-01-09 21:00:00
15808,2015-01-09 15:00:00,0,train,16312,2015,1,9,15,9.0,10.0,10.0,8.0,600.0,64.0,8.0,1019.0,-18.0,0.0,NE,1.8,Aotizhongxin,6.0,274.0,148.0,7926.91123188407,-4.0,8.0,0.5,11.244565217379835,2015-01-09 15:00:00,39.0,2015-01-10 15:00:00
15862,2015-01-11 21:00:00,1,train,16366,2015,1,11,21,75.0,113.0,29.0,70.0,1400.0,16.0,2.0,1031.0,-7.4,0.0,SW,1.5,Aotizhongxin,4.0,116.0,16.0,960.0797101449707,-4.0,6.0,2.5,5.940217391293385,2015-01-11 21:00:00,197.0,2015-01-12 21:00:00
15889,2015-01-13 00:00:00,1,train,16393,2015,1,13,0,213.0,250.0,77.0,120.0,4600.0,3.0,-4.2,1030.2,-10.2,0.0,E,1.4,Aotizhongxin,52.0,213.0,109.5,2500.840579710156,-7.0,3.0,-2.0,10.034710144914623,2015-01-13 00:00:00,215.0,2015-01-14 00:00:00
15891,2015-01-13 02:00:00,1,train,16395,2015,1,13,2,182.0,216.0,69.0,104.0,4300.0,2.0,-3.4,1030.1,-8.5,0.0,NE,0.9,Aotizhongxin,52.0,213.0,124.5,2645.1884057971088,-7.0,3.0,-2.7,10.139836956508756,2015-01-13 02:00:00,235.0,2015-01-14 02:00:00
15923,2015-01-14 10:00:00,0,train,16427,2015,1,14,10,158.0,186.0,68.0,96.0,2800.0,2.0,-2.6,1027.6,-9.1,0.0,ENE,1.6,Aotizhongxin,49.0,235.0,172.5,2162.057971014491,-5.8,1.5,-3.05,5.142536231870779,2015-01-14 10:00:00,161.0,2015-01-15 10:00:00
15953,2015-01-15 16:00:00,0,train,16457,2015,1,15,16,469.0,536.0,50.0,190.0,6800.0,2.0,2.0,1017.0,-6.8,0.0,N,1.0,Aotizhongxin,155.0,497.0,233.5,7170.766304347811,-7.4,2.0,-3.45,8.42282608694296,2015-01-15 16:00:00,10.0,2015-01-16 16:00:00
15955,2015-01-15 18:00:00,0,train,16459,2015,1,15,18,412.0,435.0,40.0,174.0,5900.0,2.0,0.0,1021.0,-5.6,0.0,W,1.2,Aotizhongxin,155.0,497.0,241.5,9511.797101449258,-7.4,2.0,-3.45,9.042318840566193,2015-01-15 18:00:00,11.0,2015-01-16 18:00:00
16012,2015-01-18 03:00:00,0,train,16516,2015,1,18,3,100.0,105.0,74.0,90.0,2400.0,2.0,0.0,1017.0,-14.0,0.0,NE,0.9,Aotizhongxin,14.0,150.0,90.0,2465.391721014529,-10.0,3.0,-1.0,15.81884057969714,2015-01-18 03:00:00,9.0,2015-01-19 03:00:00
16048,2015-01-19 15:00:00,0,train,16552,2015,1,19,15,42.0,80.0,23.0,45.0,1300.0,48.0,6.0,1018.0,-15.9,0.0,WSW,2.7,Aotizhongxin,6.0,49.0,15.0,173.8840579710627,-4.0,6.0,3.0,7.123188405786112,2015-01-19 15:00:00,70.0,2015-01-20 15:00:00
16170,2015-01-24 17:00:00,0,train,16674,2015,1,24,17,78.0,89.0,28.0,68.0,1900.0,19.0,3.0,1018.0,-10.3,0.0,NW,1.0,Aotizhongxin,23.0,232.0,86.0,4739.302536231907,-5.0,3.0,-1.0,10.215579710132573,2015-01-24 17:00:00,123.0,2015-01-25 17:00:00
16184,2015-01-25 07:00:00,0,train,16688,2015,1,25,7,67.0,67.0,13.0,49.0,1300.0,4.0,0.0,1020.0,-2.9,0.0,W,1.1,Aotizhongxin,23.0,88.0,78.0,170.82427536234863,-4.0,3.0,0.5,3.4329710144812458,2015-01-25 07:00:00,169.0,2015-01-26 07:00:00
16188,2015-01-25 11:00:00,0,train,16692,2015,1,25,11,88.0,88.0,24.0,44.0,1400.0,12.0,2.0,1021.0,-3.5,0.0,SSW,1.9,Aotizhongxin,66.0,88.0,79.5,43.18840579713048,-1.0,3.0,0.5,1.9402173912928808,2015-01-25 11:00:00,20.0,2015-01-26 11:00:00
16194,2015-01-25 17:00:00,0,train,16698,2015,1,25,17,123.0,124.0,25.0,64.0,1600.0,23.0,3.0,1018.0,-3.8,0.0,WSW,2.1,Aotizhongxin,66.0,123.0,80.0,296.60869565220094,-1.0,4.0,0.5,2.2350543478146507,2015-01-25 17:00:00,6.0,2015-01-26 17:00:00
16210,2015-01-26 09:00:00,0,train,16714,2015,1,26,9,126.0,126.0,28.0,68.0,2400.0,2.0,3.0,1018.0,-8.1,0.0,N,3.5,Aotizhongxin,84.0,218.0,165.0,1556.6938405797175,-5.0,4.0,0.5,9.760416666654525,2015-01-26 09:00:00,14.0,2015-01-27 09:00:00
16282,2015-01-29 09:00:00,0,train,16786,2015,1,29,9,75.0,84.0,22.0,59.0,1600.0,4.0,-2.0,1022.0,-7.1,0.0,W,0.5,Aotizhongxin,13.0,126.0,48.5,1189.7101449275654,-3.0,2.0,-0.5,1.62318840578476,2015-01-29 09:00:00,13.0,2015-01-30 09:00:00
16301,2015-01-30 05:00:00,0,train,16806,2015,1,30,5,11.0,19.0,24.0,21.0,800.0,41.0,-5.0,1027.0,-20.7,0.0,NNE,1.9,Aotizhongxin,6.0,95.0,11.5,1177.8967391304689,-5.0,4.0,-1.0,9.123188405784802,2015-01-30 05:00:00,9.0,2015-01-31 05:00:00
16309,2015-01-30 13:00:00,0,train,16814,2015,1,30,13,14.0,,9.0,10.0,600.0,47.0,0.6,1031.7,-21.7,0.0,N,4.3,Aotizhongxin,6.0,14.0,11.0,6.282608695690977,-7.0,4.0,-1.0,11.113913043465592,2015-01-30 13:00:00,24.0,2015-01-31 13:00:00
16340,2015-01-31 20:00:00,0,train,16845,2015,1,31,20,67.0,100.0,28.0,70.0,1200.0,11.0,-1.0,1030.0,-19.6,0.0,WSW,1.5,Aotizhongxin,9.0,67.0,13.0,168.56340579713884,-8.0,4.0,-2.0,15.764619565204464,2015-01-31 20:00:00,114.0,2015-02-01 20:00:00
16476,2015-02-06 12:00:00,0,train,16981,2015,2,6,12,46.0,,,,,,8.0,1018.0,-14.3,0.0,E,1.6,Aotizhongxin,13.0,79.0,51.0,299.809782608724,-7.0,8.0,1.5,30.492753623176558,2015-02-06 12:00:00,15.0,2015-02-07 12:00:00
16562,2015-02-10 02:00:00,0,train,17067,2015,2,10,2,173.0,196.0,86.0,117.0,3700.0,29.0,-4.0,1015.0,-17.2,0.0,ENE,0.7,Aotizhongxin,61.0,193.0,86.5,1811.7663043478458,-8.0,7.0,-1.5,24.497228260856946,2015-02-10 02:00:00,42.0,2015-02-11 02:00:00
16764,2015-02-18 12:00:00,1,train,17269,2015,2,18,12,12.0,12.0,7.0,10.0,300.0,84.0,8.0,1025.0,-13.6,0.0,E,1.7,Aotizhongxin,12.0,78.0,16.5,310.666666666739,-2.0,11.0,2.25,19.32427536230863,2015-02-18 12:00:00,193.0,2015-02-19 12:00:00
16815,2015-02-20 15:00:00,1,train,17320,2015,2,20,15,120.0,120.0,13.0,50.0,1700.0,10.0,1.0,1011.0,-0.6,0.0,WNW,0.9,Aotizhongxin,76.0,134.0,109.0,240.7373188406307,0.0,3.0,2.0,0.43297101448145886,2015-02-20 15:00:00,288.0,2015-02-21 15:00:00
16831,2015-02-21 07:00:00,0,train,17336,2015,2,21,7,159.0,159.0,22.0,41.0,1800.0,16.0,1.0,1010.0,-0.8,0.0,W,1.3,Aotizhongxin,83.0,177.0,152.0,954.6068840580119,0.0,2.0,1.0,0.20867753622030066,2015-02-21 07:00:00,51.0,2015-02-22 07:00:00
16841,2015-02-21 17:00:00,0,train,17346,2015,2,21,17,40.0,40.0,3.0,9.0,400.0,76.0,3.0,1009.0,-16.2,0.0,N,11.2,Aotizhongxin,40.0,288.0,163.0,2424.666666666698,0.0,4.0,1.0,0.8713043478146268,2015-02-21 17:00:00,18.0,2015-02-22 17:00:00
16861,2015-02-22 13:00:00,0,train,17366,2015,2,22,13,18.0,111.0,6.0,6.0,300.0,76.0,3.0,1015.0,-19.7,0.0,NNE,4.0,Aotizhongxin,18.0,288.0,41.5,4921.37500000006,-5.0,4.0,0.0,8.41471014491515,2015-02-22 13:00:00,35.0,2015-02-23 13:00:00
16950,2015-02-26 06:00:00,0,train,17455,2015,2,26,6,9.0,10.0,3.0,15.0,300.0,59.0,-1.0,1021.0,-21.2,0.0,NNE,1.4,Aotizhongxin,7.0,44.0,13.0,55.983695652262185,-2.0,7.0,2.8,8.114710144916552,2015-02-26 06:00:00,7.0,2015-02-27 06:00:00
17080,2015-03-03 16:00:00,0,train,17585,2015,3,3,16,8.0,44.0,2.0,6.0,300.0,78.0,3.5,1019.1,-26.5,0.0,NNW,4.3,Aotizhongxin,3.0,22.0,9.0,21.9402173913956,-2.3,12.8,3.45,19.580579710134977,2015-03-03 16:00:00,24.0,2015-03-04 16:00:00
17121,2015-03-05 09:00:00,0,train,17626,2015,3,5,9,133.0,147.0,67.0,82.0,2900.0,23.0,-0.8,1024.5,-14.7,0.0,E,1.4,Aotizhongxin,11.0,133.0,52.0,1989.1721014493492,-5.4,5.6,2.0,11.421398953289701,2015-03-05 09:00:00,162.0,2015-03-06 09:00:00
17131,2015-03-05 19:00:00,1,train,17636,2015,3,5,19,85.0,118.0,62.0,61.0,1100.0,62.0,5.7,1018.3,-16.8,0.0,S,1.4,Aotizhongxin,42.0,147.0,98.0,1031.1884057971656,-5.4,7.6,2.0,17.444619565206334,2015-03-05 19:00:00,247.0,2015-03-06 19:00:00
17133,2015-03-05 21:00:00,1,train,17638,2015,3,5,21,176.0,247.0,89.0,91.0,1100.0,30.0,5.2,1018.9,-16.6,0.0,SW,3.2,Aotizhongxin,42.0,176.0,108.5,1033.3315217391917,-5.4,7.6,2.0,18.255652173902078,2015-03-05 21:00:00,265.0,2015-03-06 21:00:00
17187,2015-03-08 03:00:00,0,train,17692,2015,3,8,3,221.0,221.0,56.0,105.0,2300.0,12.0,1.5,1014.5,-2.6,0.0,NE,1.1,Aotizhongxin,186.0,276.0,220.0,621.8188405797301,-2.6,11.9,5.0,22.317964441805845,2015-03-08 03:00:00,8.0,2015-03-09 03:00:00
17214,2015-03-09 06:00:00,0,train,17719,2015,3,9,6,4.0,18.0,2.0,9.0,200.0,82.0,-2.2,1031.4,-27.0,0.0,NNE,3.4,Aotizhongxin,4.0,261.0,13.5,9030.753623188468,-2.2,12.0,5.8,22.328405797091996,2015-03-09 06:00:00,14.0,2015-03-10 06:00:00
17218,2015-03-09 10:00:00,0,train,17723,2015,3,9,10,7.0,20.0,2.0,10.0,200.0,82.0,-1.0,1034.0,-26.9,0.0,NNE,5.1,Aotizhongxin,3.0,206.0,11.0,1981.6231884058693,-3.0,12.0,4.35,29.262445652164057,2015-03-09 10:00:00,34.0,2015-03-10 10:00:00
17238,2015-03-10 06:00:00,0,train,17743,2015,3,10,6,14.0,14.0,8.0,68.0,500.0,17.0,-7.3,1030.8,-22.3,0.0,ESE,0.3,Aotizhongxin,3.0,20.0,10.0,15.471014492829411,-7.3,3.8,-0.15,9.68688405795865,2015-03-10 06:00:00,71.0,2015-03-11 06:00:00
17365,2015-03-15 16:00:00,1,train,17873,2015,3,15,16,85.0,238.0,17.0,36.0,900.0,110.0,16.4,1009.9,-13.1,0.0,SW,3.6,Aotizhongxin,48.0,170.0,131.5,1848.000000000043,-0.8,16.4,6.0,35.095579710136384,2015-03-15 16:00:00,275.0,2015-03-16 16:00:00
17378,2015-03-16 05:00:00,1,train,17886,2015,3,16,5,112.0,221.0,42.0,97.0,2200.0,4.0,7.4,1006.9,-2.9,0.0,SE,0.9,Aotizhongxin,48.0,154.0,88.5,1222.231884058019,-0.8,16.4,12.350000000000001,25.39461956521077,2015-03-16 05:00:00,312.0,2015-03-17 05:00:00
17389,2015-03-16 16:00:00,0,train,17897,2015,3,16,16,275.0,341.0,31.0,89.0,1900.0,31.0,13.5,1005.5,5.6,0.0,ESE,2.7,Aotizhongxin,71.0,275.0,128.0,3295.9057971014845,6.2,16.4,10.75,9.638677536225149,2015-03-16 16:00:00,106.0,2015-03-17 16:00:00
17391,2015-03-16 18:00:00,0,train,17899,2015,3,16,18,310.0,381.0,25.0,94.0,1800.0,19.0,12.1,1006.1,5.7,0.0,E,1.7,Aotizhongxin,82.0,310.0,143.5,4602.476449275393,6.2,14.6,10.75,7.517373188398928,2015-03-16 18:00:00,162.0,2015-03-17 18:00:00
17468,2015-03-19 23:00:00,0,train,17976,2015,3,19,23,119.0,315.0,17.0,108.0,1200.0,31.0,11.2,1013.3,-5.3,0.0,W,0.8,Aotizhongxin,55.0,131.0,87.5,471.5199275363173,2.3,18.7,12.55,35.813260869558746,2015-03-19 23:00:00,59.0,2015-03-20 23:00:00
17506,2015-03-21 13:00:00,0,train,18014,2015,3,21,13,12.0,70.0,2.0,8.0,300.0,96.0,16.9,1014.9,-21.0,0.0,NW,5.2,Aotizhongxin,6.0,62.0,38.5,277.21739130445883,11.0,19.2,14.85,6.248967391299727,2015-03-21 13:00:00,12.0,2015-03-22 13:00:00
17552,2015-03-23 11:00:00,0,train,18060,2015,3,23,11,36.0,36.0,15.0,56.0,900.0,51.0,14.6,1026.1,-16.8,0.0,NW,2.1,Aotizhongxin,12.0,73.0,42.0,331.91304347836916,-0.3,14.6,8.75,24.860416666658544,2015-03-23 11:00:00,65.0,2015-03-24 11:00:00
17553,2015-03-23 12:00:00,0,train,18061,2015,3,23,12,24.0,24.0,8.0,38.0,600.0,70.0,15.9,1025.2,-17.0,0.0,WNW,2.3,Aotizhongxin,12.0,73.0,42.0,309.2173913044559,-0.3,15.9,8.75,27.30998188404996,2015-03-23 12:00:00,72.0,2015-03-24 12:00:00
17603,2015-03-25 14:00:00,0,train,18111,2015,3,25,14,157.0,238.0,68.0,89.0,2900.0,102.0,16.8,1025.2,-0.9,0.0,S,2.4,Aotizhongxin,66.0,163.0,122.0,766.1449275363043,1.2,16.8,9.75,22.580851449268078,2015-03-25 14:00:00,85.0,2015-03-26 14:00:00
17638,2015-03-27 01:00:00,0,train,18146,2015,3,27,1,56.0,102.0,14.0,30.0,600.0,100.0,14.0,1021.1,0.6,0.0,WSW,4.3,Aotizhongxin,56.0,154.0,94.5,898.0869565218206,6.1,20.1,15.15,23.127536231879027,2015-03-27 01:00:00,89.0,2015-03-28 01:00:00
17723,2015-03-30 14:00:00,0,train,18231,2015,3,30,14,182.0,380.0,40.0,45.0,1500.0,141.0,20.9,1003.2,8.5,0.0,S,2.4,Aotizhongxin,59.0,182.0,128.5,1594.722826087023,10.7,22.7,16.25,15.11014492753238,2015-03-30 14:00:00,132.0,2015-03-31 14:00:00
17744,2015-03-31 12:00:00,0,train,18253,2015,3,31,12,144.0,144.0,13.0,78.0,3400.0,18.0,10.8,1012.4,9.2,0.1,ENE,1.3,Aotizhongxin,144.0,189.0,161.5,176.9275362319232,10.8,22.0,16.75,14.217608695648204,2015-03-31 12:00:00,31.0,2015-04-01 12:00:00
17752,2015-03-31 20:00:00,0,train,18261,2015,3,31,20,,,,,,,10.4,1016.2,3.9,0.0,W,0.9,Aotizhongxin,59.0,185.0,155.0,1722.067193675948,10.3,18.7,12.25,7.508405797095939,2015-03-31 20:00:00,43.0,2015-04-01 20:00:00
17838,2015-04-04 10:00:00,0,train,18347,2015,4,4,10,72.0,92.0,10.0,40.0,700.0,105.0,11.7,1009.1,0.7,0.0,SW,2.8,Aotizhongxin,13.0,76.0,38.0,264.6666666667885,8.6,16.1,11.399999999999999,7.463695652167852,2015-04-04 10:00:00,25.0,2015-04-05 10:00:00
17843,2015-04-04 15:00:00,0,train,18352,2015,4,4,15,74.0,74.0,8.0,26.0,600.0,175.0,16.0,1006.7,1.3,0.0,WSW,2.0,Aotizhongxin,31.0,78.0,45.0,300.17210144939065,8.6,16.0,11.399999999999999,6.726358695646047,2015-04-04 15:00:00,23.0,2015-04-05 15:00:00
17863,2015-04-05 11:00:00,0,train,18372,2015,4,5,11,27.0,142.0,2.0,10.0,200.0,90.0,15.3,1013.3,-12.1,0.0,NW,7.6,Aotizhongxin,20.0,143.0,87.5,1228.563405797194,10.6,16.7,14.25,3.6807971014441216,2015-04-05 11:00:00,22.0,2015-04-06 11:00:00
17885,2015-04-06 09:00:00,0,train,18394,2015,4,6,9,19.0,20.0,2.0,18.0,200.0,67.0,5.1,1029.1,-13.4,0.0,ENE,3.9,Aotizhongxin,13.0,27.0,19.0,14.978260869702057,4.2,16.0,8.75,21.668043478253807,2015-04-06 09:00:00,12.0,2015-04-07 09:00:00
17910,2015-04-07 10:00:00,0,train,18419,2015,4,7,10,12.0,,,,,,8.8,1029.8,-15.7,0.0,SW,1.7,Aotizhongxin,8.0,47.0,20.0,153.9710144928881,1.7,11.7,7.7,7.249112318832334,2015-04-07 10:00:00,100.0,2015-04-08 10:00:00
17937,2015-04-08 13:00:00,1,train,18446,2015,4,8,13,72.0,101.0,23.0,22.0,700.0,100.0,14.0,1019.0,-2.9,0.0,WSW,3.6,Aotizhongxin,12.0,104.0,71.5,897.8242753624269,3.4,14.0,9.8,8.364275362311563,2015-04-08 13:00:00,185.0,2015-04-09 13:00:00
18078,2015-04-14 10:00:00,0,train,18587,2015,4,14,10,59.0,59.0,9.0,75.0,900.0,42.0,17.3,1006.2,0.9,0.0,N,1.0,Aotizhongxin,20.0,85.0,52.5,360.0851449276381,4.5,18.5,13.55,20.00405797100867,2015-04-14 10:00:00,154.0,2015-04-15 10:00:00
18085,2015-04-14 17:00:00,0,train,18594,2015,4,14,17,50.0,118.0,7.0,37.0,500.0,141.0,24.9,998.9,1.1,0.0,SW,4.8,Aotizhongxin,38.0,85.0,53.5,164.5144927537217,4.5,25.5,13.9,49.639927536227106,2015-04-14 17:00:00,119.0,2015-04-15 17:00:00
18102,2015-04-15 10:00:00,0,train,18611,2015,4,15,10,154.0,206.0,28.0,134.0,1600.0,16.0,18.1,995.7,5.0,0.0,NE,1.0,Aotizhongxin,40.0,169.0,54.0,1370.2608695653073,9.3,25.5,19.3,32.09650362318526,2015-04-15 10:00:00,17.0,2015-04-16 10:00:00
18115,2015-04-15 23:00:00,0,train,18624,2015,4,15,23,83.0,576.0,2.0,9.0,,96.0,17.6,1001.6,-7.0,0.0,N,4.0,Aotizhongxin,58.0,243.0,112.0,2449.3460144928163,9.3,24.7,17.950000000000003,25.310416666663134,2015-04-15 23:00:00,48.0,2015-04-16 23:00:00
18201,2015-04-19 13:00:00,0,train,18710,2015,4,19,13,40.0,91.0,2.0,12.0,200.0,111.0,19.9,1011.0,-11.5,0.0,NNW,2.5,Aotizhongxin,27.0,184.0,66.5,2923.7318840580474,14.2,21.2,17.700000000000003,4.920271739127177,2015-04-19 13:00:00,170.0,2015-04-20 13:00:00
18224,2015-04-21 21:00:00,0,train,18766,2015,4,21,21,22.0,50.0,2.0,32.0,200.0,75.0,19.9,1010.3,-5.2,0.0,ENE,1.8,Aotizhongxin,11.0,120.0,38.0,1490.5681818183666,10.5,26.5,19.15,25.51536231883805,2015-04-21 21:00:00,42.0,2015-04-22 21:00:00
18240,2015-04-22 13:00:00,0,train,18782,2015,4,22,13,27.0,77.0,5.0,16.0,300.0,130.0,24.8,1012.4,-1.9,0.0,SSW,3.3,Aotizhongxin,11.0,91.0,35.0,448.8405797102379,8.2,25.7,19.15,37.28346014492442,2015-04-22 13:00:00,80.0,2015-04-23 13:00:00
18288,2015-04-24 13:00:00,0,train,18830,2015,4,24,13,38.0,145.0,8.0,23.0,500.0,136.0,24.9,1015.7,-2.7,0.0,SSW,2.9,Aotizhongxin,13.0,109.0,49.5,896.7536231884943,8.9,28.5,20.200000000000003,44.07563405796846,2015-04-24 13:00:00,106.0,2015-04-25 13:00:00
18366,2015-04-27 19:00:00,0,train,18908,2015,4,27,19,32.0,57.0,2.0,60.0,700.0,76.0,21.5,998.6,15.6,0.2,NNE,1.6,Aotizhongxin,32.0,122.0,84.5,843.9710144928298,17.2,27.5,22.95,9.42085144927501,2015-04-27 19:00:00,48.0,2015-04-28 19:00:00
18390,2015-04-28 19:00:00,0,train,18932,2015,4,28,19,48.0,94.0,4.0,47.0,600.0,147.0,23.0,1007.6,10.1,0.0,SE,0.6,Aotizhongxin,25.0,65.0,43.5,69.7971014493692,16.7,24.6,19.65,8.454184782606687,2015-04-28 19:00:00,131.0,2015-04-29 19:00:00
18429,2015-04-30 10:00:00,1,train,18971,2015,4,30,10,158.0,193.0,14.0,101.0,1700.0,53.0,23.2,1008.6,15.0,0.0,ESE,1.2,Aotizhongxin,94.0,164.0,117.0,347.4764492754211,16.7,26.6,22.9,8.913043478260121,2015-04-30 10:00:00,192.0,2015-05-01 10:00:00
18430,2015-04-30 11:00:00,1,train,18972,2015,4,30,11,166.0,198.0,15.0,94.0,1700.0,90.0,24.6,1008.3,15.2,0.0,SSE,2.1,Aotizhongxin,94.0,166.0,117.0,412.6014492754207,16.7,26.6,23.2,9.105923913042774,2015-04-30 11:00:00,198.0,2015-05-01 11:00:00
18437,2015-04-30 18:00:00,0,train,18979,2015,4,30,18,65.0,125.0,8.0,34.0,600.0,210.0,28.7,1003.7,10.8,0.0,SW,3.5,Aotizhongxin,65.0,166.0,113.5,961.2880434783226,16.7,29.3,23.2,15.78775362318811,2015-04-30 18:00:00,25.0,2015-05-01 18:00:00
18532,2015-05-04 17:00:00,0,train,19074,2015,5,4,17,38.0,161.0,10.0,30.0,400.0,124.0,22.6,1006.2,-0.9,0.0,WSW,5.1,Aotizhongxin,6.0,38.0,11.0,45.82427536242156,13.3,22.9,17.799999999999997,10.367753623185333,2015-05-04 17:00:00,18.0,2015-05-05 17:00:00
18602,2015-05-07 15:00:00,0,train,19144,2015,5,7,15,50.0,200.0,6.0,41.0,600.0,139.0,24.1,1004.9,2.3,0.0,SSW,3.4,Aotizhongxin,20.0,50.0,36.0,64.04166666675812,10.1,24.1,17.0,15.690706521735681,2015-05-07 15:00:00,32.0,2015-05-08 15:00:00
18605,2015-05-07 18:00:00,0,train,19147,2015,5,7,18,41.0,176.0,14.0,30.0,500.0,135.0,22.6,1005.2,2.6,0.0,SW,5.0,Aotizhongxin,25.0,50.0,39.0,54.10869565226458,10.1,24.1,17.0,19.041721014489532,2015-05-07 18:00:00,54.0,2015-05-08 18:00:00
18607,2015-05-07 20:00:00,0,train,19149,2015,5,7,20,49.0,171.0,13.0,33.0,700.0,136.0,21.7,1006.6,5.6,0.0,SW,4.0,Aotizhongxin,25.0,50.0,40.5,50.840579710234785,10.1,24.1,17.0,20.29992753622884,2015-05-07 20:00:00,80.0,2015-05-08 20:00:00
18676,2015-05-10 17:00:00,0,train,19218,2015,5,10,17,30.0,30.0,3.0,53.0,1500.0,42.0,9.0,1010.0,8.1,3.2,N,2.3,Aotizhongxin,22.0,53.0,36.0,56.69384057980142,8.2,13.2,11.9,2.749981884050969,2015-05-10 17:00:00,9.0,2015-05-11 17:00:00
18746,2015-05-13 15:00:00,0,train,19288,2015,5,13,15,91.0,177.0,10.0,97.0,800.0,185.0,30.0,987.8,10.0,0.0,SE,1.9,Aotizhongxin,24.0,91.0,48.0,545.2101449276201,10.6,30.0,19.1,42.278677536229665,2015-05-13 15:00:00,13.0,2015-05-14 15:00:00
18833,2015-05-17 06:00:00,0,train,19375,2015,5,17,6,124.0,177.0,11.0,34.0,1000.0,91.0,19.1,997.0,14.6,0.0,SSW,1.1,Aotizhongxin,22.0,124.0,56.5,824.4275362319656,16.5,28.6,24.25,12.790434782608852,2015-05-17 06:00:00,106.0,2015-05-18 06:00:00
18836,2015-05-17 09:00:00,0,train,19378,2015,5,17,9,127.0,184.0,11.0,38.0,900.0,81.0,21.8,996.1,15.2,0.0,S,2.3,Aotizhongxin,22.0,127.0,70.5,1252.6014492754387,19.1,28.6,24.25,10.441141304348097,2015-05-17 09:00:00,25.0,2015-05-18 09:00:00
18840,2015-05-17 13:00:00,0,train,19382,2015,5,17,13,139.0,201.0,24.0,28.0,1200.0,212.0,26.0,993.2,15.1,0.0,SW,1.6,Aotizhongxin,22.0,142.0,78.5,1292.9112318841253,19.1,28.6,23.95,9.429112318840724,2015-05-17 13:00:00,13.0,2015-05-18 13:00:00
18889,2015-05-19 14:00:00,0,train,19431,2015,5,19,14,10.0,110.0,2.0,8.0,200.0,103.0,25.6,1003.0,-0.5,0.0,NNE,6.0,Aotizhongxin,4.0,53.0,11.0,134.08514492762902,19.3,27.0,22.9,5.8205797101447265,2015-05-19 14:00:00,14.0,2015-05-20 14:00:00
18891,2015-05-19 16:00:00,0,train,19433,2015,5,19,16,15.0,114.0,2.0,7.0,200.0,102.0,24.5,1004.0,0.7,0.0,NNE,5.1,Aotizhongxin,4.0,53.0,11.0,134.08514492762902,19.3,26.7,22.9,4.806938405796814,2015-05-19 16:00:00,55.0,2015-05-20 16:00:00
18961,2015-05-22 14:00:00,0,train,19503,2015,5,22,14,98.0,98.0,18.0,53.0,900.0,201.0,28.2,1003.9,8.0,0.0,S,2.4,Aotizhongxin,27.0,107.0,46.5,591.9836956522504,15.7,28.2,22.4,15.281449275361785,2015-05-22 14:00:00,96.0,2015-05-23 14:00:00
19003,2015-05-24 08:00:00,0,train,19545,2015,5,24,8,193.0,279.0,14.0,98.0,1800.0,32.0,22.1,1004.0,14.2,0.0,E,1.2,Aotizhongxin,72.0,193.0,122.0,1137.8242753623692,18.0,30.6,23.700000000000003,19.58911231884091,2015-05-24 08:00:00,131.0,2015-05-25 08:00:00
19033,2015-05-25 14:00:00,0,train,19575,2015,5,25,14,101.0,188.0,37.0,23.0,1300.0,288.0,32.6,1000.5,11.7,0.0,SW,5.1,Aotizhongxin,68.0,145.0,89.5,524.041666666726,19.7,32.6,27.8,16.400271739131778,2015-05-25 14:00:00,104.0,2015-05-26 14:00:00
19044,2015-05-26 01:00:00,0,train,19586,2015,5,26,1,70.0,145.0,11.0,47.0,700.0,128.0,26.7,1001.9,13.8,0.0,SSW,2.6,Aotizhongxin,69.0,145.0,97.0,498.9565217391884,19.7,33.0,28.6,18.843460144929033,2015-05-26 01:00:00,73.0,2015-05-27 01:00:00
19175,2015-05-31 12:00:00,0,train,19717,2015,5,31,12,65.0,96.0,19.0,31.0,800.0,186.0,28.9,996.9,12.7,0.0,WSW,4.1,Aotizhongxin,34.0,80.0,57.5,184.3405797102134,17.6,29.8,25.049999999999997,16.01737318840614,2015-05-31 12:00:00,129.0,2015-06-01 12:00:00
19208,2015-06-01 21:00:00,0,train,19750,2015,6,1,21,79.0,173.0,9.0,112.0,1200.0,114.0,28.6,997.3,19.5,0.0,SE,2.7,Aotizhongxin,51.0,134.0,91.0,644.4347826087549,23.3,32.2,28.4,6.244329710146738,2015-06-01 21:00:00,14.0,2015-06-02 21:00:00
19283,2015-06-05 00:00:00,0,train,19825,2015,6,5,0,39.0,39.0,2.0,39.0,6000.0,72.0,19.1,996.0,13.7,0.1,W,1.8,Aotizhongxin,29.0,75.0,48.0,187.7373188406506,17.8,25.3,20.6,4.597101449274623,2015-06-05 00:00:00,52.0,2015-06-06 00:00:00
19343,2015-06-07 12:00:00,0,train,19885,2015,6,7,12,9.0,11.0,3.0,22.0,3000.0,88.0,27.4,1004.1,3.1,0.0,SW,2.0,Aotizhongxin,9.0,51.0,16.0,114.17210144935234,14.4,28.7,21.200000000000003,22.057318840579114,2015-06-07 12:00:00,13.0,2015-06-08 12:00:00
19367,2015-06-08 12:00:00,0,train,19909,2015,6,8,12,13.0,15.0,5.0,8.0,300.0,100.0,27.9,1000.3,5.5,0.0,NW,3.6,Aotizhongxin,4.0,21.0,11.5,16.302536231962687,14.5,28.1,21.35,15.929547101448836,2015-06-08 12:00:00,85.0,2015-06-09 12:00:00
19425,2015-06-11 14:00:00,0,train,19983,2015,6,11,14,3.0,12.0,6.0,12.0,100.0,,27.4,992.7,8.3,0.0,NW,5.4,Aotizhongxin,3.0,121.0,17.5,1166.3750000000734,17.2,27.4,22.65,10.432173913043025,2015-06-11 14:00:00,5.0,2015-06-12 14:00:00
19559,2015-06-17 20:00:00,0,train,20133,2015,6,17,20,45.0,87.0,2.0,84.0,1200.0,85.0,25.4,998.7,21.5,0.0,NE,0.2,Aotizhongxin,26.0,72.0,40.5,197.73188405804154,21.2,33.1,24.700000000000003,11.513025362319759,2015-06-17 20:00:00,10.0,2015-06-18 20:00:00
19571,2015-06-18 08:00:00,0,train,20145,2015,6,18,8,10.0,18.0,2.0,35.0,200.0,58.0,26.2,1004.0,7.2,0.0,NNW,3.2,Aotizhongxin,10.0,70.0,37.0,308.8967391305063,18.8,33.1,25.0,15.391141304348624,2015-06-18 08:00:00,9.0,2015-06-19 08:00:00
19589,2015-06-19 02:00:00,0,train,20163,2015,6,19,2,8.0,50.0,6.0,42.0,100.0,60.0,24.4,1001.8,7.5,0.0,NE,1.3,Aotizhongxin,6.0,70.0,9.5,247.91123188413488,18.8,32.3,27.8,15.837663043479791,2015-06-19 02:00:00,33.0,2015-06-20 02:00:00
19610,2015-06-19 23:00:00,0,train,20184,2015,6,19,23,40.0,92.0,2.0,89.0,1200.0,2.0,18.0,1008.5,16.3,0.0,E,0.4,Aotizhongxin,7.0,43.0,15.0,124.51449275369926,16.5,27.3,20.700000000000003,8.085797101448135,2015-06-19 23:00:00,28.0,2015-06-20 23:00:00
19634,2015-06-20 23:00:00,0,train,20208,2015,6,20,23,28.0,57.0,2.0,44.0,400.0,131.0,27.0,1005.8,12.6,0.0,SW,2.3,Aotizhongxin,10.0,45.0,19.5,93.85326086964045,17.1,31.0,26.85,26.167807971014906,2015-06-20 23:00:00,59.0,2015-06-21 23:00:00
19655,2015-06-21 20:00:00,0,train,20229,2015,6,21,20,36.0,75.0,3.0,34.0,300.0,204.0,28.9,1001.6,13.2,0.0,S,1.8,Aotizhongxin,23.0,76.0,39.5,255.5362318841281,20.3,31.9,27.0,12.31128623188547,2015-06-21 20:00:00,95.0,2015-06-22 20:00:00
19683,2015-06-23 00:00:00,0,train,20257,2015,6,23,0,138.0,223.0,14.0,75.0,1200.0,118.0,25.2,1002.4,17.1,0.0,ESE,1.6,Aotizhongxin,60.0,161.0,90.5,837.7318840580276,21.2,30.7,26.4,9.917807971015598,2015-06-23 00:00:00,163.0,2015-06-24 00:00:00
19756,2015-06-26 01:00:00,0,train,20330,2015,6,26,1,121.0,121.0,2.0,20.0,600.0,148.0,23.7,995.6,18.3,0.0,W,2.7,Aotizhongxin,75.0,184.0,122.0,1097.1576086957023,22.1,27.3,24.65,2.825199275362725,2015-06-26 01:00:00,24.0,2015-06-27 01:00:00
19773,2015-06-26 18:00:00,0,train,20347,2015,6,26,18,120.0,120.0,2.0,26.0,600.0,218.0,28.3,995.1,19.2,0.0,SE,1.4,Aotizhongxin,85.0,140.0,112.5,193.20108695657171,20.3,28.7,24.25,8.173025362319185,2015-06-26 18:00:00,159.0,2015-06-27 18:00:00
19801,2015-06-27 22:00:00,1,train,20375,2015,6,27,22,134.0,134.0,7.0,37.0,700.0,155.0,26.4,1002.8,20.3,0.0,SE,1.9,Aotizhongxin,14.0,167.0,74.5,3387.04347826092,20.9,29.1,24.75,10.281721014493241,2015-06-27 22:00:00,195.0,2015-06-28 22:00:00
19810,2015-06-28 07:00:00,0,train,20384,2015,6,28,7,140.0,140.0,5.0,28.0,700.0,66.0,24.1,1004.0,21.0,0.0,E,1.8,Aotizhongxin,30.0,167.0,116.0,1345.9927536232408,22.2,29.1,25.45,4.646666666667582,2015-06-28 07:00:00,182.0,2015-06-29 07:00:00
19842,2015-06-29 15:00:00,0,train,20416,2015,6,29,15,205.0,,,,,,20.1,1002.5,17.9,0.8,ESE,3.3,Aotizhongxin,122.0,207.0,185.0,556.2445652174503,20.1,31.2,25.75,8.669112318841515,2015-06-29 15:00:00,5.0,2015-06-30 15:00:00
19994,2015-07-05 23:00:00,0,train,20568,2015,7,5,23,55.0,72.0,8.0,37.0,600.0,130.0,23.9,1006.8,16.9,0.0,ESE,1.7,Aotizhongxin,50.0,94.0,66.0,109.65036231888956,17.5,29.1,24.7,19.448695652174035,2015-07-05 23:00:00,64.0,2015-07-06 23:00:00
20035,2015-07-07 16:00:00,0,train,20609,2015,7,7,16,60.0,94.0,6.0,23.0,600.0,265.0,32.0,1002.7,15.9,0.0,SW,2.1,Aotizhongxin,44.0,90.0,68.0,187.34601449280308,20.2,32.0,26.8,13.266956521740239,2015-07-07 16:00:00,118.0,2015-07-08 16:00:00
20081,2015-07-09 14:00:00,0,train,20655,2015,7,9,14,90.0,109.0,15.0,27.0,1000.0,281.0,31.9,1007.6,16.2,0.0,ESE,3.5,Aotizhongxin,59.0,121.0,96.0,385.1521739130979,22.4,32.7,28.1,13.28608695652341,2015-07-09 14:00:00,52.0,2015-07-10 14:00:00
20087,2015-07-09 20:00:00,0,train,20661,2015,7,9,20,46.0,46.0,5.0,45.0,500.0,215.0,29.8,1007.2,12.7,0.0,SE,2.2,Aotizhongxin,46.0,107.0,82.0,306.2155797101996,22.4,32.5,28.1,12.483025362320475,2015-07-09 20:00:00,71.0,2015-07-10 20:00:00
20175,2015-07-13 12:00:00,0,train,20749,2015,7,13,12,45.0,5.0,3.0,27.0,400.0,240.0,36.1,994.2,11.0,0.0,ESE,1.9,Aotizhongxin,44.0,137.0,67.5,547.9130434783203,25.4,38.4,30.65,18.57391304348111,2015-07-13 12:00:00,30.0,2015-07-14 12:00:00
20224,2015-07-15 13:00:00,0,train,20798,2015,7,15,13,43.0,247.0,4.0,101.0,1000.0,59.0,28.2,1002.3,17.7,0.0,WNW,1.6,Aotizhongxin,21.0,58.0,30.0,115.08514492759831,24.8,35.0,28.15,8.724619565219571,2015-07-15 13:00:00,40.0,2015-07-16 13:00:00
20293,2015-07-18 10:00:00,0,train,20867,2015,7,18,10,34.0,34.0,2.0,42.0,700.0,81.0,23.1,1003.3,20.1,0.0,NE,1.7,Aotizhongxin,26.0,92.0,48.5,478.172101449337,20.5,26.3,22.75,3.2951992753621164,2015-07-18 10:00:00,72.0,2015-07-19 10:00:00
20383,2015-07-22 04:00:00,0,train,20957,2015,7,22,4,68.0,68.0,2.0,69.0,800.0,,21.6,999.9,20.4,0.0,ESE,1.0,Aotizhongxin,58.0,196.0,139.0,2875.259057971077,21.6,29.6,24.200000000000003,7.79673913043557,2015-07-22 04:00:00,35.0,2015-07-23 04:00:00
20390,2015-07-22 11:00:00,0,train,20964,2015,7,22,11,96.0,96.0,3.0,91.0,1100.0,78.0,27.2,1000.4,20.8,0.0,SSW,1.1,Aotizhongxin,58.0,196.0,96.5,2748.9547101449916,21.3,29.6,24.55,8.705434782609462,2015-07-22 11:00:00,48.0,2015-07-23 11:00:00
20429,2015-07-24 02:00:00,0,train,21003,2015,7,24,2,47.0,80.0,2.0,123.0,900.0,2.0,22.8,998.0,20.9,0.0,E,1.2,Aotizhongxin,27.0,87.0,41.0,265.99818840587085,21.2,30.8,24.85,9.6371014492762,2015-07-24 02:00:00,76.0,2015-07-25 02:00:00
20458,2015-07-25 07:00:00,0,train,21032,2015,7,25,7,75.0,78.0,6.0,73.0,700.0,13.0,23.8,997.3,21.1,0.0,E,1.0,Aotizhongxin,39.0,103.0,74.5,247.2101449276053,22.1,32.5,25.799999999999997,9.75101449275482,2015-07-25 07:00:00,165.0,2015-07-26 07:00:00
20473,2015-07-25 22:00:00,0,train,21047,2015,7,25,22,136.0,147.0,8.0,45.0,1000.0,153.0,29.9,997.0,22.6,0.0,SSW,2.5,Aotizhongxin,65.0,148.0,77.0,613.3025362319502,22.1,32.8,28.4,14.917318840581428,2015-07-25 22:00:00,89.0,2015-07-26 22:00:00
20501,2015-07-27 02:00:00,0,train,21075,2015,7,27,2,94.0,94.0,8.0,99.0,1000.0,39.0,26.8,1000.1,21.8,0.0,ENE,1.4,Aotizhongxin,77.0,168.0,111.0,1039.5199275362932,24.6,34.2,29.3,10.073315217393754,2015-07-27 02:00:00,46.0,2015-07-28 02:00:00
