seed,model,family,y_true,y_hat,y_prob,timestamp,angular_scaler,reps
42,dummy,classical,0,0,0.1,2016-05-23 07:00:00,,
42,dummy,classical,0,0,0.1,2016-05-25 20:00:00,,
42,dummy,classical,0,0,0.1,2016-05-26 01:00:00,,
42,dummy,classical,0,0,0.1,2016-05-30 18:00:00,,
42,dummy,classical,0,0,0.1,2016-06-01 17:00:00,,
42,dummy,classical,0,0,0.1,2016-06-02 01:00:00,,
42,dummy,classical,0,0,0.1,2016-06-02 10:00:00,,
42,dummy,classical,0,0,0.1,2016-06-14 12:00:00,,
42,dummy,classical,0,0,0.1,2016-06-14 22:00:00,,
42,dummy,classical,0,0,0.1,2016-06-18 03:00:00,,
42,dummy,classical,0,0,0.1,2016-06-19 08:00:00,,
42,dummy,classical,0,0,0.1,2016-06-24 02:00:00,,
42,dummy,classical,0,0,0.1,2016-06-25 16:00:00,,
42,dummy,classical,0,0,0.1,2016-06-29 02:00:00,,
42,dummy,classical,0,0,0.1,2016-06-30 18:00:00,,
42,dummy,classical,0,0,0.1,2016-07-01 00:00:00,,
42,dummy,classical,0,0,0.1,2016-07-03 02:00:00,,
42,dummy,classical,1,0,0.1,2016-07-03 04:00:00,,
42,dummy,classical,0,0,0.1,2016-07-04 10:00:00,,
42,dummy,classical,0,0,0.1,2016-07-06 11:00:00,,
42,dummy,classical,0,0,0.1,2016-07-08 07:00:00,,
42,dummy,classical,0,0,0.1,2016-07-22 21:00:00,,
42,dummy,classical,0,0,0.1,2016-08-01 03:00:00,,
42,dummy,classical,0,0,0.1,2016-08-02 17:00:00,,
42,dummy,classical,0,0,0.1,2016-08-05 22:00:00,,
42,dummy,classical,0,0,0.1,2016-08-12 02:00:00,,
42,dummy,classical,0,0,0.1,2016-08-14 04:00:00,,
42,dummy,classical,0,0,0.1,2016-08-15 03:00:00,,
42,dummy,classical,0,0,0.1,2016-08-17 18:00:00,,
42,dummy,classical,0,0,0.1,2016-08-21 05:00:00,,
42,dummy,classical,0,0,0.1,2016-08-22 20:00:00,,
42,dummy,classical,0,0,0.1,2016-08-31 17:00:00,,
42,dummy,classical,0,0,0.1,2016-09-03 04:00:00,,
42,dummy,classical,0,0,0.1,2016-09-03 07:00:00,,
42,dummy,classical,0,0,0.1,2016-09-03 08:00:00,,
42,dummy,classical,0,0,0.1,2016-09-12 19:00:00,,
42,dummy,classical,0,0,0.1,2016-09-13 19:00:00,,
42,dummy,classical,0,0,0.1,2016-09-13 21:00:00,,
42,dummy,classical,0,0,0.1,2016-09-18 07:00:00,,
42,dummy,classical,0,0,0.1,2016-09-20 09:00:00,,
42,dummy,classical,0,0,0.1,2016-09-25 23:00:00,,
42,dummy,classical,0,0,0.1,2016-09-27 08:00:00,,
42,dummy,classical,0,0,0.1,2016-09-28 22:00:00,,
42,dummy,classical,0,0,0.1,2016-10-06 06:00:00,,
42,dummy,classical,0,0,0.1,2016-10-06 07:00:00,,
42,dummy,classical,0,0,0.1,2016-10-14 10:00:00,,
42,dummy,classical,0,0,0.1,2016-10-16 11:00:00,,
42,dummy,classical,0,0,0.1,2016-10-19 09:00:00,,
42,dummy,classical,0,0,0.1,2016-10-21 18:00:00,,
42,dummy,classical,0,0,0.1,2016-10-23 10:00:00,,
42,dummy,classical,0,0,0.1,2016-10-29 08:00:00,,
42,dummy,classical,0,0,0.1,2016-10-31 21:00:00,,
42,dummy,classical,0,0,0.1,2016-11-01 23:00:00,,
42,dummy,classical,0,0,0.1,2016-11-02 01:00:00,,
42,dummy,classical,1,0,0.1,2016-11-02 15:00:00,,
42,dummy,classical,1,0,0.1,2016-11-04 18:00:00,,
42,dummy,classical,0,0,0.1,2016-11-06 13:00:00,,
42,dummy,classical,0,0,0.1,2016-11-19 03:00:00,,
42,dummy,classical,0,0,0.1,2016-11-22 19:00:00,,
42,dummy,classical,0,0,0.1,2016-11-26 08:00:00,,
42,dummy,classical,0,0,0.1,2016-11-27 15:00:00,,
42,dummy,classical,0,0,0.1,2016-11-30 02:00:00,,
42,dummy,classical,0,0,0.1,2016-12-07 15:00:00,,
42,dummy,classical,0,0,0.1,2016-12-09 22:00:00,,
42,dummy,classical,0,0,0.1,2016-12-16 00:00:00,,
42,dummy,classical,0,0,0.1,2016-12-21 14:00:00,,
42,dummy,classical,0,0,0.1,2016-12-22 19:00:00,,
42,dummy,classical,1,0,0.1,2016-12-29 01:00:00,,
42,dummy,classical,1,0,0.1,2016-12-31 17:00:00,,
42,dummy,classical,1,0,0.1,2017-01-03 05:00:00,,
42,dummy,classical,0,0,0.1,2017-01-08 22:00:00,,
42,dummy,classical,0,0,0.1,2017-01-22 10:00:00,,
42,dummy,classical,0,0,0.1,2017-01-25 23:00:00,,
42,dummy,classical,1,0,0.1,2017-01-27 23:00:00,,
42,dummy,classical,0,0,0.1,2017-01-30 19:00:00,,
42,dummy,classical,0,0,0.1,2017-02-04 22:00:00,,
42,dummy,classical,0,0,0.1,2017-02-06 08:00:00,,
42,dummy,classical,1,0,0.1,2017-02-15 06:00:00,,
42,dummy,classical,0,0,0.1,2017-02-19 10:00:00,,
42,dummy,classical,0,0,0.1,2017-02-21 18:00:00,,
42,logistic,classical,0,0,0.2467204608245364,2016-05-23 07:00:00,,
42,logistic,classical,0,0,0.08815840716896475,2016-05-25 20:00:00,,
42,logistic,classical,0,0,0.11104758896314493,2016-05-26 01:00:00,,
42,logistic,classical,0,0,0.4172206663474025,2016-05-30 18:00:00,,
42,logistic,classical,0,0,0.12810161900474237,2016-06-01 17:00:00,,
42,logistic,classical,0,0,0.13911373753561368,2016-06-02 01:00:00,,
42,logistic,classical,0,0,0.21001000452623347,2016-06-02 10:00:00,,
42,logistic,classical,0,0,0.14079735553935394,2016-06-14 12:00:00,,
42,logistic,classical,0,0,0.14355035078644424,2016-06-14 22:00:00,,
42,logistic,classical,0,0,0.10472299566643037,2016-06-18 03:00:00,,
42,logistic,classical,0,0,0.3780055088743567,2016-06-19 08:00:00,,
42,logistic,classical,0,0,0.3466986385582789,2016-06-24 02:00:00,,
42,logistic,classical,0,0,0.1287260052735705,2016-06-25 16:00:00,,
42,logistic,classical,0,0,0.27599603975729825,2016-06-29 02:00:00,,
42,logistic,classical,0,0,0.4064107057404184,2016-06-30 18:00:00,,
42,logistic,classical,0,0,0.26365394642545603,2016-07-01 00:00:00,,
42,logistic,classical,0,0,0.3312092522850077,2016-07-03 02:00:00,,
42,logistic,classical,1,0,0.3130543983513328,2016-07-03 04:00:00,,
42,logistic,classical,0,1,0.6500585945293069,2016-07-04 10:00:00,,
42,logistic,classical,0,0,0.28379875012732664,2016-07-06 11:00:00,,
42,logistic,classical,0,0,0.33160751706588426,2016-07-08 07:00:00,,
42,logistic,classical,0,0,0.28241242658852495,2016-07-22 21:00:00,,
42,logistic,classical,0,0,0.1973779147566626,2016-08-01 03:00:00,,
42,logistic,classical,0,0,0.3680567127302816,2016-08-02 17:00:00,,
42,logistic,classical,0,0,0.29968560769624575,2016-08-05 22:00:00,,
42,logistic,classical,0,0,0.32365631406723394,2016-08-12 02:00:00,,
42,logistic,classical,0,0,0.11194666842855233,2016-08-14 04:00:00,,
42,logistic,classical,0,0,0.20059076627581834,2016-08-15 03:00:00,,
42,logistic,classical,0,0,0.189028041377796,2016-08-17 18:00:00,,
42,logistic,classical,0,0,0.22433831808834512,2016-08-21 05:00:00,,
42,logistic,classical,0,0,0.2075694753212344,2016-08-22 20:00:00,,
42,logistic,classical,0,0,0.19446960038871028,2016-08-31 17:00:00,,
42,logistic,classical,0,0,0.08793705801107227,2016-09-03 04:00:00,,
42,logistic,classical,0,0,0.08809862876042372,2016-09-03 07:00:00,,
42,logistic,classical,0,0,0.08902902532197716,2016-09-03 08:00:00,,
42,logistic,classical,0,0,0.13329841085611857,2016-09-12 19:00:00,,
42,logistic,classical,0,0,0.39743131431856793,2016-09-13 19:00:00,,
42,logistic,classical,0,0,0.4154810206208656,2016-09-13 21:00:00,,
42,logistic,classical,0,0,0.10923469014482307,2016-09-18 07:00:00,,
42,logistic,classical,0,0,0.10249650687997341,2016-09-20 09:00:00,,
42,logistic,classical,0,1,0.694517531348115,2016-09-25 23:00:00,,
42,logistic,classical,0,0,0.16781296037720272,2016-09-27 08:00:00,,
42,logistic,classical,0,0,0.11342758139590547,2016-09-28 22:00:00,,
42,logistic,classical,0,0,0.22094217942259575,2016-10-06 06:00:00,,
42,logistic,classical,0,0,0.21393843746792887,2016-10-06 07:00:00,,
42,logistic,classical,0,1,0.8031123153171951,2016-10-14 10:00:00,,
42,logistic,classical,0,1,0.5238839442113425,2016-10-16 11:00:00,,
42,logistic,classical,0,1,0.5151895150617641,2016-10-19 09:00:00,,
42,logistic,classical,0,0,0.15596894073401765,2016-10-21 18:00:00,,
42,logistic,classical,0,0,0.08430006696077846,2016-10-23 10:00:00,,
42,logistic,classical,0,0,0.10269594593411341,2016-10-29 08:00:00,,
42,logistic,classical,0,0,0.0674498633700542,2016-10-31 21:00:00,,
42,logistic,classical,0,0,0.17216353922799038,2016-11-01 23:00:00,,
42,logistic,classical,0,0,0.22369624100816715,2016-11-02 01:00:00,,
42,logistic,classical,1,0,0.3104418781216033,2016-11-02 15:00:00,,
42,logistic,classical,1,1,0.9232082636504623,2016-11-04 18:00:00,,
42,logistic,classical,0,0,0.31673024419990375,2016-11-06 13:00:00,,
42,logistic,classical,0,1,0.7750191552952973,2016-11-19 03:00:00,,
42,logistic,classical,0,0,0.05889874534059102,2016-11-22 19:00:00,,
42,logistic,classical,0,0,0.2882603664144781,2016-11-26 08:00:00,,
42,logistic,classical,0,0,0.09391523664229037,2016-11-27 15:00:00,,
42,logistic,classical,0,0,0.3278906116595605,2016-11-30 02:00:00,,
42,logistic,classical,0,0,0.4012650517332416,2016-12-07 15:00:00,,
42,logistic,classical,0,0,0.10808936645647356,2016-12-09 22:00:00,,
42,logistic,classical,0,0,0.27987359479544666,2016-12-16 00:00:00,,
42,logistic,classical,0,1,0.9802768694899691,2016-12-21 14:00:00,,
42,logistic,classical,0,0,0.001823397702150009,2016-12-22 19:00:00,,
42,logistic,classical,1,0,0.25207223890868835,2016-12-29 01:00:00,,
42,logistic,classical,1,1,0.8228447807920027,2016-12-31 17:00:00,,
42,logistic,classical,1,0,0.2665915629005865,2017-01-03 05:00:00,,
42,logistic,classical,0,0,0.1632424534634919,2017-01-08 22:00:00,,
42,logistic,classical,0,0,0.0650207094781555,2017-01-22 10:00:00,,
42,logistic,classical,0,1,0.7629349874247037,2017-01-25 23:00:00,,
42,logistic,classical,1,1,0.5911767347004562,2017-01-27 23:00:00,,
42,logistic,classical,0,0,0.2986230581152412,2017-01-30 19:00:00,,
42,logistic,classical,0,0,0.3522114721181739,2017-02-04 22:00:00,,
42,logistic,classical,0,0,0.07618701076344352,2017-02-06 08:00:00,,
42,logistic,classical,1,1,0.7769085321289094,2017-02-15 06:00:00,,
42,logistic,classical,0,0,0.40681513405429026,2017-02-19 10:00:00,,
42,logistic,classical,0,0,0.17438257000999907,2017-02-21 18:00:00,,
42,svm_linear,classical,0,0,0.05356844537148817,2016-05-23 07:00:00,,
42,svm_linear,classical,0,0,0.02676628410468704,2016-05-25 20:00:00,,
42,svm_linear,classical,0,0,0.030816385812031884,2016-05-26 01:00:00,,
42,svm_linear,classical,0,0,0.09033319288306763,2016-05-30 18:00:00,,
42,svm_linear,classical,0,0,0.0342137200816301,2016-06-01 17:00:00,,
42,svm_linear,classical,0,0,0.03674772170872038,2016-06-02 01:00:00,,
42,svm_linear,classical,0,0,0.04954359291299848,2016-06-02 10:00:00,,
42,svm_linear,classical,0,0,0.03741152686790517,2016-06-14 12:00:00,,
42,svm_linear,classical,0,0,0.03672247841643955,2016-06-14 22:00:00,,
42,svm_linear,classical,0,0,0.029982846452685483,2016-06-18 03:00:00,,
42,svm_linear,classical,0,0,0.07604445786830223,2016-06-19 08:00:00,,
42,svm_linear,classical,0,0,0.07480781116561877,2016-06-24 02:00:00,,
42,svm_linear,classical,0,0,0.03390189212839848,2016-06-25 16:00:00,,
42,svm_linear,classical,0,0,0.06043439876042178,2016-06-29 02:00:00,,
42,svm_linear,classical,0,0,0.08104056810764736,2016-06-30 18:00:00,,
42,svm_linear,classical,0,0,0.05962381695256309,2016-07-01 00:00:00,,
42,svm_linear,classical,0,0,0.07121704240957843,2016-07-03 02:00:00,,
42,svm_linear,classical,1,0,0.06825461154658939,2016-07-03 04:00:00,,
42,svm_linear,classical,0,0,0.14855341535371797,2016-07-04 10:00:00,,
42,svm_linear,classical,0,0,0.06555155358690398,2016-07-06 11:00:00,,
42,svm_linear,classical,0,0,0.07395147888804028,2016-07-08 07:00:00,,
42,svm_linear,classical,0,0,0.0626376335463481,2016-07-22 21:00:00,,
42,svm_linear,classical,0,0,0.04719906688974676,2016-08-01 03:00:00,,
42,svm_linear,classical,0,0,0.07711790089115476,2016-08-02 17:00:00,,
42,svm_linear,classical,0,0,0.06262145434087533,2016-08-05 22:00:00,,
42,svm_linear,classical,0,0,0.06844826925388049,2016-08-12 02:00:00,,
42,svm_linear,classical,0,0,0.031401182009334956,2016-08-14 04:00:00,,
42,svm_linear,classical,0,0,0.04566886886646054,2016-08-15 03:00:00,,
42,svm_linear,classical,0,0,0.044172047651291346,2016-08-17 18:00:00,,
42,svm_linear,classical,0,0,0.051248296873245634,2016-08-21 05:00:00,,
42,svm_linear,classical,0,0,0.04804415974155322,2016-08-22 20:00:00,,
42,svm_linear,classical,0,0,0.04778738012293881,2016-08-31 17:00:00,,
42,svm_linear,classical,0,0,0.02676479693895865,2016-09-03 04:00:00,,
42,svm_linear,classical,0,0,0.02700784182780039,2016-09-03 07:00:00,,
42,svm_linear,classical,0,0,0.027239471746848487,2016-09-03 08:00:00,,
42,svm_linear,classical,0,0,0.034387460936206066,2016-09-12 19:00:00,,
42,svm_linear,classical,0,0,0.08094457367320378,2016-09-13 19:00:00,,
42,svm_linear,classical,0,0,0.08460081872562036,2016-09-13 21:00:00,,
42,svm_linear,classical,0,0,0.031232773739453924,2016-09-18 07:00:00,,
42,svm_linear,classical,0,0,0.029156890441179018,2016-09-20 09:00:00,,
42,svm_linear,classical,0,0,0.17836103737973696,2016-09-25 23:00:00,,
42,svm_linear,classical,0,0,0.044488071948681325,2016-09-27 08:00:00,,
42,svm_linear,classical,0,0,0.030757745044830555,2016-09-28 22:00:00,,
42,svm_linear,classical,0,0,0.051412976816517346,2016-10-06 06:00:00,,
42,svm_linear,classical,0,0,0.05095153619463185,2016-10-06 07:00:00,,
42,svm_linear,classical,0,0,0.27314917901976005,2016-10-14 10:00:00,,
42,svm_linear,classical,0,0,0.11942195625314728,2016-10-16 11:00:00,,
42,svm_linear,classical,0,0,0.11643286392717862,2016-10-19 09:00:00,,
42,svm_linear,classical,0,0,0.03880287291603772,2016-10-21 18:00:00,,
42,svm_linear,classical,0,0,0.026585247724772377,2016-10-23 10:00:00,,
42,svm_linear,classical,0,0,0.028944229602411917,2016-10-29 08:00:00,,
42,svm_linear,classical,0,0,0.022870374992466604,2016-10-31 21:00:00,,
42,svm_linear,classical,0,0,0.04235950971846978,2016-11-01 23:00:00,,
42,svm_linear,classical,0,0,0.05256454336067914,2016-11-02 01:00:00,,
42,svm_linear,classical,1,0,0.07174558051078735,2016-11-02 15:00:00,,
42,svm_linear,classical,1,0,0.4620790307866914,2016-11-04 18:00:00,,
42,svm_linear,classical,0,0,0.06987788632311707,2016-11-06 13:00:00,,
42,svm_linear,classical,0,0,0.24886160948896344,2016-11-19 03:00:00,,
42,svm_linear,classical,0,0,0.021380026355891837,2016-11-22 19:00:00,,
42,svm_linear,classical,0,0,0.08029641319932303,2016-11-26 08:00:00,,
42,svm_linear,classical,0,0,0.03389656287201993,2016-11-27 15:00:00,,
42,svm_linear,classical,0,0,0.07615854597228197,2016-11-30 02:00:00,,
42,svm_linear,classical,0,0,0.09309743951387944,2016-12-07 15:00:00,,
42,svm_linear,classical,0,0,0.030147358813484033,2016-12-09 22:00:00,,
42,svm_linear,classical,0,0,0.058094214961965436,2016-12-16 00:00:00,,
42,svm_linear,classical,0,1,0.6420408562722241,2016-12-21 14:00:00,,
42,svm_linear,classical,0,0,0.00977999077673319,2016-12-22 19:00:00,,
42,svm_linear,classical,1,0,0.05054504765754051,2016-12-29 01:00:00,,
42,svm_linear,classical,1,0,0.3067954249066125,2016-12-31 17:00:00,,
42,svm_linear,classical,1,0,0.06302550958935395,2017-01-03 05:00:00,,
42,svm_linear,classical,0,0,0.038805567685757,2017-01-08 22:00:00,,
42,svm_linear,classical,0,0,0.022478057478809765,2017-01-22 10:00:00,,
42,svm_linear,classical,0,0,0.2482727121882904,2017-01-25 23:00:00,,
42,svm_linear,classical,1,0,0.11828053181805516,2017-01-27 23:00:00,,
42,svm_linear,classical,0,0,0.05904551979890732,2017-01-30 19:00:00,,
42,svm_linear,classical,0,0,0.11251114958867253,2017-02-04 22:00:00,,
42,svm_linear,classical,0,0,0.024445407949899772,2017-02-06 08:00:00,,
42,svm_linear,classical,1,0,0.2601584664478305,2017-02-15 06:00:00,,
42,svm_linear,classical,0,0,0.09311832298487972,2017-02-19 10:00:00,,
42,svm_linear,classical,0,0,0.04184668587184145,2017-02-21 18:00:00,,
42,svm_rbf,classical,0,0,0.06713148472310662,2016-05-23 07:00:00,,
42,svm_rbf,classical,0,0,0.05365456186455133,2016-05-25 20:00:00,,
42,svm_rbf,classical,0,0,0.05381728928971599,2016-05-26 01:00:00,,
42,svm_rbf,classical,0,0,0.0777721088560689,2016-05-30 18:00:00,,
42,svm_rbf,classical,0,0,0.05647072516686676,2016-06-01 17:00:00,,
42,svm_rbf,classical,0,0,0.05866997500764138,2016-06-02 01:00:00,,
42,svm_rbf,classical,0,0,0.06163086907008978,2016-06-02 10:00:00,,
42,svm_rbf,classical,0,0,0.054004859502167886,2016-06-14 12:00:00,,
42,svm_rbf,classical,0,0,0.05290201999332622,2016-06-14 22:00:00,,
42,svm_rbf,classical,0,0,0.06047310928056824,2016-06-18 03:00:00,,
42,svm_rbf,classical,0,0,0.0923858689900192,2016-06-19 08:00:00,,
42,svm_rbf,classical,0,0,0.09672528434138394,2016-06-24 02:00:00,,
42,svm_rbf,classical,0,0,0.0673573111492105,2016-06-25 16:00:00,,
42,svm_rbf,classical,0,0,0.06792119173886511,2016-06-29 02:00:00,,
42,svm_rbf,classical,0,0,0.0877833730242093,2016-06-30 18:00:00,,
42,svm_rbf,classical,0,0,0.07528894968413892,2016-07-01 00:00:00,,
42,svm_rbf,classical,0,0,0.08975316827512148,2016-07-03 02:00:00,,
42,svm_rbf,classical,1,0,0.09019932729159834,2016-07-03 04:00:00,,
42,svm_rbf,classical,0,0,0.19352463930264438,2016-07-04 10:00:00,,
42,svm_rbf,classical,0,0,0.0926765043234296,2016-07-06 11:00:00,,
42,svm_rbf,classical,0,0,0.10766706406842785,2016-07-08 07:00:00,,
42,svm_rbf,classical,0,0,0.08839341384342218,2016-07-22 21:00:00,,
42,svm_rbf,classical,0,0,0.07382431411764974,2016-08-01 03:00:00,,
42,svm_rbf,classical,0,0,0.11424127240008335,2016-08-02 17:00:00,,
42,svm_rbf,classical,0,0,0.09613655023034373,2016-08-05 22:00:00,,
42,svm_rbf,classical,0,0,0.10430335220244054,2016-08-12 02:00:00,,
42,svm_rbf,classical,0,0,0.07180036087914825,2016-08-14 04:00:00,,
42,svm_rbf,classical,0,0,0.07803427907942402,2016-08-15 03:00:00,,
42,svm_rbf,classical,0,0,0.07488916450548909,2016-08-17 18:00:00,,
42,svm_rbf,classical,0,0,0.07867041707764816,2016-08-21 05:00:00,,
42,svm_rbf,classical,0,0,0.08341702705861186,2016-08-22 20:00:00,,
42,svm_rbf,classical,0,0,0.06223470938842871,2016-08-31 17:00:00,,
42,svm_rbf,classical,0,0,0.058069527590050164,2016-09-03 04:00:00,,
42,svm_rbf,classical,0,0,0.05620126615044523,2016-09-03 07:00:00,,
42,svm_rbf,classical,0,0,0.05656476487291257,2016-09-03 08:00:00,,
42,svm_rbf,classical,0,0,0.0525051155048706,2016-09-12 19:00:00,,
42,svm_rbf,classical,0,0,0.08462773600941348,2016-09-13 19:00:00,,
42,svm_rbf,classical,0,0,0.08445976065491197,2016-09-13 21:00:00,,
42,svm_rbf,classical,0,0,0.05281469712835801,2016-09-18 07:00:00,,
42,svm_rbf,classical,0,0,0.0478610798621254,2016-09-20 09:00:00,,
42,svm_rbf,classical,0,0,0.1275917221002046,2016-09-25 23:00:00,,
42,svm_rbf,classical,0,0,0.05376441265137322,2016-09-27 08:00:00,,
42,svm_rbf,classical,0,0,0.04414545577051689,2016-09-28 22:00:00,,
42,svm_rbf,classical,0,0,0.05378723028820457,2016-10-06 06:00:00,,
42,svm_rbf,classical,0,0,0.054517055580588246,2016-10-06 07:00:00,,
42,svm_rbf,classical,0,0,0.1325126436175883,2016-10-14 10:00:00,,
42,svm_rbf,classical,0,0,0.10912038042168071,2016-10-16 11:00:00,,
42,svm_rbf,classical,0,0,0.10203783185272798,2016-10-19 09:00:00,,
42,svm_rbf,classical,0,0,0.04608612878274654,2016-10-21 18:00:00,,
42,svm_rbf,classical,0,0,0.04183198124821666,2016-10-23 10:00:00,,
42,svm_rbf,classical,0,0,0.04787874138658759,2016-10-29 08:00:00,,
42,svm_rbf,classical,0,0,0.04447327711019389,2016-10-31 21:00:00,,
42,svm_rbf,classical,0,0,0.05062800054322192,2016-11-01 23:00:00,,
42,svm_rbf,classical,0,0,0.06003582776700017,2016-11-02 01:00:00,,
42,svm_rbf,classical,1,0,0.12840716567311766,2016-11-02 15:00:00,,
42,svm_rbf,classical,1,0,0.16469008899592258,2016-11-04 18:00:00,,
42,svm_rbf,classical,0,0,0.0969046431487361,2016-11-06 13:00:00,,
42,svm_rbf,classical,0,0,0.21613721613085848,2016-11-19 03:00:00,,
42,svm_rbf,classical,0,0,0.05050491741349377,2016-11-22 19:00:00,,
42,svm_rbf,classical,0,0,0.09881031835464198,2016-11-26 08:00:00,,
42,svm_rbf,classical,0,0,0.09674944115677798,2016-11-27 15:00:00,,
42,svm_rbf,classical,0,0,0.09347212548173535,2016-11-30 02:00:00,,
42,svm_rbf,classical,0,0,0.17948600805153117,2016-12-07 15:00:00,,
42,svm_rbf,classical,0,0,0.04491353400094377,2016-12-09 22:00:00,,
42,svm_rbf,classical,0,0,0.05257457336825308,2016-12-16 00:00:00,,
42,svm_rbf,classical,0,0,0.10201387048906212,2016-12-21 14:00:00,,
42,svm_rbf,classical,0,0,0.09665626146967286,2016-12-22 19:00:00,,
42,svm_rbf,classical,1,0,0.06306378877891812,2016-12-29 01:00:00,,
42,svm_rbf,classical,1,0,0.16398799521198137,2016-12-31 17:00:00,,
42,svm_rbf,classical,1,0,0.09751189976583076,2017-01-03 05:00:00,,
42,svm_rbf,classical,0,0,0.04446730075083669,2017-01-08 22:00:00,,
42,svm_rbf,classical,0,0,0.05106884453281219,2017-01-22 10:00:00,,
42,svm_rbf,classical,0,0,0.269961890429139,2017-01-25 23:00:00,,
42,svm_rbf,classical,1,0,0.09969529076255369,2017-01-27 23:00:00,,
42,svm_rbf,classical,0,0,0.05197223661276947,2017-01-30 19:00:00,,
42,svm_rbf,classical,0,0,0.07161701358521964,2017-02-04 22:00:00,,
42,svm_rbf,classical,0,0,0.04410771974955046,2017-02-06 08:00:00,,
42,svm_rbf,classical,1,0,0.2792584660843486,2017-02-15 06:00:00,,
42,svm_rbf,classical,0,0,0.16430046628935813,2017-02-19 10:00:00,,
42,svm_rbf,classical,0,0,0.049805577210561086,2017-02-21 18:00:00,,
42,Q_farooq_pipeline,qsvm,0,0,0.287653396344591,2016-05-23 07:00:00,minmax_0_1,1.0
42,Q_farooq_pipeline,qsvm,0,0,0.2819901673618515,2016-05-25 20:00:00,minmax_0_1,1.0
42,Q_farooq_pipeline,qsvm,0,0,0.19565859038944913,2016-05-26 01:00:00,minmax_0_1,1.0
42,Q_farooq_pipeline,qsvm,0,0,0.260690286775969,2016-05-30 18:00:00,minmax_0_1,1.0
42,Q_farooq_pipeline,qsvm,0,0,0.18554907816442737,2016-06-01 17:00:00,minmax_0_1,1.0
42,Q_farooq_pipeline,qsvm,0,0,0.24408958703015657,2016-06-02 01:00:00,minmax_0_1,1.0
42,Q_farooq_pipeline,qsvm,0,0,0.23774801610169002,2016-06-02 10:00:00,minmax_0_1,1.0
42,Q_farooq_pipeline,qsvm,0,0,0.27313147618474226,2016-06-14 12:00:00,minmax_0_1,1.0
42,Q_farooq_pipeline,qsvm,0,0,0.27832970320209305,2016-06-14 22:00:00,minmax_0_1,1.0
42,Q_farooq_pipeline,qsvm,0,0,0.20175794734480285,2016-06-18 03:00:00,minmax_0_1,1.0
42,Q_farooq_pipeline,qsvm,0,0,0.36528483479542195,2016-06-19 08:00:00,minmax_0_1,1.0
42,Q_farooq_pipeline,qsvm,0,0,0.3762130477296939,2016-06-24 02:00:00,minmax_0_1,1.0
42,Q_farooq_pipeline,qsvm,0,0,0.32674040322914033,2016-06-25 16:00:00,minmax_0_1,1.0
42,Q_farooq_pipeline,qsvm,0,0,0.345046850913124,2016-06-29 02:00:00,minmax_0_1,1.0
42,Q_farooq_pipeline,qsvm,0,0,0.345325692651675,2016-06-30 18:00:00,minmax_0_1,1.0
42,Q_farooq_pipeline,qsvm,0,0,0.4027904198375668,2016-07-01 00:00:00,minmax_0_1,1.0
42,Q_farooq_pipeline,qsvm,0,0,0.4089705013375486,2016-07-03 02:00:00,minmax_0_1,1.0
42,Q_farooq_pipeline,qsvm,1,0,0.41204339699102877,2016-07-03 04:00:00,minmax_0_1,1.0
42,Q_farooq_pipeline,qsvm,0,1,0.6014174258537309,2016-07-04 10:00:00,minmax_0_1,1.0
42,Q_farooq_pipeline,qsvm,0,0,0.41333475255087304,2016-07-06 11:00:00,minmax_0_1,1.0
42,Q_farooq_pipeline,qsvm,0,1,0.5045421051220964,2016-07-08 07:00:00,minmax_0_1,1.0
42,Q_farooq_pipeline,qsvm,0,0,0.43822933742602427,2016-07-22 21:00:00,minmax_0_1,1.0
42,Q_farooq_pipeline,qsvm,0,0,0.40520320467327015,2016-08-01 03:00:00,minmax_0_1,1.0
42,Q_farooq_pipeline,qsvm,0,1,0.504916748367712,2016-08-02 17:00:00,minmax_0_1,1.0
42,Q_farooq_pipeline,qsvm,0,0,0.4466381476298529,2016-08-05 22:00:00,minmax_0_1,1.0
42,Q_farooq_pipeline,qsvm,0,1,0.7370653503289122,2016-08-12 02:00:00,minmax_0_1,1.0
42,Q_farooq_pipeline,qsvm,0,0,0.3277154905919943,2016-08-14 04:00:00,minmax_0_1,1.0
42,Q_farooq_pipeline,qsvm,0,0,0.31510428501866833,2016-08-15 03:00:00,minmax_0_1,1.0
42,Q_farooq_pipeline,qsvm,0,0,0.3031779361906524,2016-08-17 18:00:00,minmax_0_1,1.0
42,Q_farooq_pipeline,qsvm,0,0,0.3474527802052965,2016-08-21 05:00:00,minmax_0_1,1.0
42,Q_farooq_pipeline,qsvm,0,0,0.41095294557231304,2016-08-22 20:00:00,minmax_0_1,1.0
42,Q_farooq_pipeline,qsvm,0,0,0.1982258451705754,2016-08-31 17:00:00,minmax_0_1,1.0
42,Q_farooq_pipeline,qsvm,0,0,0.28844514194545107,2016-09-03 04:00:00,minmax_0_1,1.0
42,Q_farooq_pipeline,qsvm,0,0,0.21144920003988896,2016-09-03 07:00:00,minmax_0_1,1.0
42,Q_farooq_pipeline,qsvm,0,0,0.24586785435762298,2016-09-03 08:00:00,minmax_0_1,1.0
42,Q_farooq_pipeline,qsvm,0,0,0.2411219577005995,2016-09-12 19:00:00,minmax_0_1,1.0
42,Q_farooq_pipeline,qsvm,0,0,0.32863819769081776,2016-09-13 19:00:00,minmax_0_1,1.0
42,Q_farooq_pipeline,qsvm,0,0,0.3353594092008774,2016-09-13 21:00:00,minmax_0_1,1.0
42,Q_farooq_pipeline,qsvm,0,0,0.2492660566129074,2016-09-18 07:00:00,minmax_0_1,1.0
42,Q_farooq_pipeline,qsvm,0,0,0.250905277096122,2016-09-20 09:00:00,minmax_0_1,1.0
42,Q_farooq_pipeline,qsvm,0,1,0.5634343441895249,2016-09-25 23:00:00,minmax_0_1,1.0
42,Q_farooq_pipeline,qsvm,0,0,0.26263033198765345,2016-09-27 08:00:00,minmax_0_1,1.0
42,Q_farooq_pipeline,qsvm,0,0,0.24813337191307722,2016-09-28 22:00:00,minmax_0_1,1.0
42,Q_farooq_pipeline,qsvm,0,0,0.3848125051319248,2016-10-06 06:00:00,minmax_0_1,1.0
42,Q_farooq_pipeline,qsvm,0,0,0.34393436229272767,2016-10-06 07:00:00,minmax_0_1,1.0
42,Q_farooq_pipeline,qsvm,0,0,0.42785480005365845,2016-10-14 10:00:00,minmax_0_1,1.0
42,Q_farooq_pipeline,qsvm,0,0,0.44685959655425284,2016-10-16 11:00:00,minmax_0_1,1.0
42,Q_farooq_pipeline,qsvm,0,0,0.4521139605450705,2016-10-19 09:00:00,minmax_0_1,1.0
42,Q_farooq_pipeline,qsvm,0,0,0.3367851081381532,2016-10-21 18:00:00,minmax_0_1,1.0
42,Q_farooq_pipeline,qsvm,0,0,0.3258912526847922,2016-10-23 10:00:00,minmax_0_1,1.0
42,Q_farooq_pipeline,qsvm,0,0,0.2648531522422871,2016-10-29 08:00:00,minmax_0_1,1.0
42,Q_farooq_pipeline,qsvm,0,0,0.27206392994721973,2016-10-31 21:00:00,minmax_0_1,1.0
42,Q_farooq_pipeline,qsvm,0,0,0.324238450392495,2016-11-01 23:00:00,minmax_0_1,1.0
42,Q_farooq_pipeline,qsvm,0,0,0.357400254093298,2016-11-02 01:00:00,minmax_0_1,1.0
42,Q_farooq_pipeline,qsvm,1,0,0.4760696738724412,2016-11-02 15:00:00,minmax_0_1,1.0
42,Q_farooq_pipeline,qsvm,1,1,0.6775752322543628,2016-11-04 18:00:00,minmax_0_1,1.0
42,Q_farooq_pipeline,qsvm,0,1,0.5455772465964768,2016-11-06 13:00:00,minmax_0_1,1.0
42,Q_farooq_pipeline,qsvm,0,1,0.7847986472027051,2016-11-19 03:00:00,minmax_0_1,1.0
42,Q_farooq_pipeline,qsvm,0,0,0.11687655829727862,2016-11-22 19:00:00,minmax_0_1,1.0
42,Q_farooq_pipeline,qsvm,0,1,0.819185712017699,2016-11-26 08:00:00,minmax_0_1,1.0
42,Q_farooq_pipeline,qsvm,0,1,0.7769819812277913,2016-11-27 15:00:00,minmax_0_1,1.0
42,Q_farooq_pipeline,qsvm,0,1,0.5430835028899756,2016-11-30 02:00:00,minmax_0_1,1.0
42,Q_farooq_pipeline,qsvm,0,1,0.5110513170648265,2016-12-07 15:00:00,minmax_0_1,1.0
42,Q_farooq_pipeline,qsvm,0,0,0.27532490513173813,2016-12-09 22:00:00,minmax_0_1,1.0
42,Q_farooq_pipeline,qsvm,0,0,0.2425399227905598,2016-12-16 00:00:00,minmax_0_1,1.0
42,Q_farooq_pipeline,qsvm,0,1,0.60745032793449,2016-12-21 14:00:00,minmax_0_1,1.0
42,Q_farooq_pipeline,qsvm,0,1,0.805842092375337,2016-12-22 19:00:00,minmax_0_1,1.0
42,Q_farooq_pipeline,qsvm,1,0,0.3296220977410274,2016-12-29 01:00:00,minmax_0_1,1.0
42,Q_farooq_pipeline,qsvm,1,1,0.7488365276285848,2016-12-31 17:00:00,minmax_0_1,1.0
42,Q_farooq_pipeline,qsvm,1,1,0.6692916294109313,2017-01-03 05:00:00,minmax_0_1,1.0
42,Q_farooq_pipeline,qsvm,0,0,0.37391860749950595,2017-01-08 22:00:00,minmax_0_1,1.0
42,Q_farooq_pipeline,qsvm,0,0,0.13771124680162158,2017-01-22 10:00:00,minmax_0_1,1.0
42,Q_farooq_pipeline,qsvm,0,1,0.7103942361052052,2017-01-25 23:00:00,minmax_0_1,1.0
42,Q_farooq_pipeline,qsvm,1,1,0.5010056652742034,2017-01-27 23:00:00,minmax_0_1,1.0
42,Q_farooq_pipeline,qsvm,0,0,0.21719124713681187,2017-01-30 19:00:00,minmax_0_1,1.0
42,Q_farooq_pipeline,qsvm,0,1,0.8027344330795833,2017-02-04 22:00:00,minmax_0_1,1.0
42,Q_farooq_pipeline,qsvm,0,0,0.2681449866274148,2017-02-06 08:00:00,minmax_0_1,1.0
42,Q_farooq_pipeline,qsvm,1,1,0.7627667557988886,2017-02-15 06:00:00,minmax_0_1,1.0
42,Q_farooq_pipeline,qsvm,0,1,0.6367222327318741,2017-02-19 10:00:00,minmax_0_1,1.0
42,Q_farooq_pipeline,qsvm,0,0,0.35460314963123657,2017-02-21 18:00:00,minmax_0_1,1.0
42,Q_farooq_0pi,qsvm,0,0,0.19614714122036325,2016-05-23 07:00:00,minmax_0_pi,2.0
42,Q_farooq_0pi,qsvm,0,0,0.2457383953670693,2016-05-25 20:00:00,minmax_0_pi,2.0
42,Q_farooq_0pi,qsvm,0,0,0.17374130040899893,2016-05-26 01:00:00,minmax_0_pi,2.0
42,Q_farooq_0pi,qsvm,0,0,0.29668754414647686,2016-05-30 18:00:00,minmax_0_pi,2.0
42,Q_farooq_0pi,qsvm,0,0,0.2511287072911222,2016-06-01 17:00:00,minmax_0_pi,2.0
42,Q_farooq_0pi,qsvm,0,0,0.16229619672813814,2016-06-02 01:00:00,minmax_0_pi,2.0
42,Q_farooq_0pi,qsvm,0,0,0.19595949578213473,2016-06-02 10:00:00,minmax_0_pi,2.0
42,Q_farooq_0pi,qsvm,0,0,0.11197906320586974,2016-06-14 12:00:00,minmax_0_pi,2.0
42,Q_farooq_0pi,qsvm,0,0,0.10907718570581845,2016-06-14 22:00:00,minmax_0_pi,2.0
42,Q_farooq_0pi,qsvm,0,0,0.1583272745952417,2016-06-18 03:00:00,minmax_0_pi,2.0
42,Q_farooq_0pi,qsvm,0,0,0.4579746615545377,2016-06-19 08:00:00,minmax_0_pi,2.0
42,Q_farooq_0pi,qsvm,0,1,0.5315712345221169,2016-06-24 02:00:00,minmax_0_pi,2.0
42,Q_farooq_0pi,qsvm,0,0,0.22435140531843306,2016-06-25 16:00:00,minmax_0_pi,2.0
42,Q_farooq_0pi,qsvm,0,0,0.10739648281702001,2016-06-29 02:00:00,minmax_0_pi,2.0
42,Q_farooq_0pi,qsvm,0,0,0.2598587808325852,2016-06-30 18:00:00,minmax_0_pi,2.0
42,Q_farooq_0pi,qsvm,0,0,0.2965852381247439,2016-07-01 00:00:00,minmax_0_pi,2.0
42,Q_farooq_0pi,qsvm,0,0,0.47073944906327325,2016-07-03 02:00:00,minmax_0_pi,2.0
42,Q_farooq_0pi,qsvm,1,0,0.34781393553163353,2016-07-03 04:00:00,minmax_0_pi,2.0
42,Q_farooq_0pi,qsvm,0,1,0.6412334956705773,2016-07-04 10:00:00,minmax_0_pi,2.0
42,Q_farooq_0pi,qsvm,0,0,0.4285096158691072,2016-07-06 11:00:00,minmax_0_pi,2.0
42,Q_farooq_0pi,qsvm,0,1,0.59993241525087,2016-07-08 07:00:00,minmax_0_pi,2.0
42,Q_farooq_0pi,qsvm,0,1,0.5398703552703858,2016-07-22 21:00:00,minmax_0_pi,2.0
42,Q_farooq_0pi,qsvm,0,0,0.32043003982592744,2016-08-01 03:00:00,minmax_0_pi,2.0
42,Q_farooq_0pi,qsvm,0,0,0.4204226183395379,2016-08-02 17:00:00,minmax_0_pi,2.0
42,Q_farooq_0pi,qsvm,0,0,0.41794667913767486,2016-08-05 22:00:00,minmax_0_pi,2.0
42,Q_farooq_0pi,qsvm,0,0,0.43401881641945633,2016-08-12 02:00:00,minmax_0_pi,2.0
42,Q_farooq_0pi,qsvm,0,0,0.24954057356674897,2016-08-14 04:00:00,minmax_0_pi,2.0
42,Q_farooq_0pi,qsvm,0,0,0.3126116144594117,2016-08-15 03:00:00,minmax_0_pi,2.0
42,Q_farooq_0pi,qsvm,0,0,0.4501886176928749,2016-08-17 18:00:00,minmax_0_pi,2.0
42,Q_farooq_0pi,qsvm,0,1,0.5634846256959668,2016-08-21 05:00:00,minmax_0_pi,2.0
42,Q_farooq_0pi,qsvm,0,0,0.35515548102699074,2016-08-22 20:00:00,minmax_0_pi,2.0
42,Q_farooq_0pi,qsvm,0,0,0.3076850264589735,2016-08-31 17:00:00,minmax_0_pi,2.0
42,Q_farooq_0pi,qsvm,0,0,0.23629489890703426,2016-09-03 04:00:00,minmax_0_pi,2.0
42,Q_farooq_0pi,qsvm,0,0,0.2551508823598164,2016-09-03 07:00:00,minmax_0_pi,2.0
42,Q_farooq_0pi,qsvm,0,0,0.20771964059450773,2016-09-03 08:00:00,minmax_0_pi,2.0
42,Q_farooq_0pi,qsvm,0,0,0.129800411078515,2016-09-12 19:00:00,minmax_0_pi,2.0
42,Q_farooq_0pi,qsvm,0,0,0.435338889958221,2016-09-13 19:00:00,minmax_0_pi,2.0
42,Q_farooq_0pi,qsvm,0,0,0.4235802916475312,2016-09-13 21:00:00,minmax_0_pi,2.0
42,Q_farooq_0pi,qsvm,0,0,0.12094681928914194,2016-09-18 07:00:00,minmax_0_pi,2.0
42,Q_farooq_0pi,qsvm,0,0,0.16198556369109113,2016-09-20 09:00:00,minmax_0_pi,2.0
42,Q_farooq_0pi,qsvm,0,1,0.5414306979131644,2016-09-25 23:00:00,minmax_0_pi,2.0
42,Q_farooq_0pi,qsvm,0,0,0.12480474242120579,2016-09-27 08:00:00,minmax_0_pi,2.0
42,Q_farooq_0pi,qsvm,0,0,0.44758472594623366,2016-09-28 22:00:00,minmax_0_pi,2.0
42,Q_farooq_0pi,qsvm,0,0,0.18059955187020166,2016-10-06 06:00:00,minmax_0_pi,2.0
42,Q_farooq_0pi,qsvm,0,0,0.2670975689666564,2016-10-06 07:00:00,minmax_0_pi,2.0
42,Q_farooq_0pi,qsvm,0,0,0.28430034063675325,2016-10-14 10:00:00,minmax_0_pi,2.0
42,Q_farooq_0pi,qsvm,0,0,0.41182009998173597,2016-10-16 11:00:00,minmax_0_pi,2.0
42,Q_farooq_0pi,qsvm,0,0,0.4026388711599426,2016-10-19 09:00:00,minmax_0_pi,2.0
42,Q_farooq_0pi,qsvm,0,0,0.4221721253141839,2016-10-21 18:00:00,minmax_0_pi,2.0
42,Q_farooq_0pi,qsvm,0,0,0.44635305515271806,2016-10-23 10:00:00,minmax_0_pi,2.0
42,Q_farooq_0pi,qsvm,0,0,0.35648022273104896,2016-10-29 08:00:00,minmax_0_pi,2.0
42,Q_farooq_0pi,qsvm,0,1,0.5551246204504402,2016-10-31 21:00:00,minmax_0_pi,2.0
42,Q_farooq_0pi,qsvm,0,0,0.4881485097023971,2016-11-01 23:00:00,minmax_0_pi,2.0
42,Q_farooq_0pi,qsvm,0,0,0.3909895385494428,2016-11-02 01:00:00,minmax_0_pi,2.0
42,Q_farooq_0pi,qsvm,1,1,0.7883762964580744,2016-11-02 15:00:00,minmax_0_pi,2.0
42,Q_farooq_0pi,qsvm,1,0,0.3441002663758964,2016-11-04 18:00:00,minmax_0_pi,2.0
42,Q_farooq_0pi,qsvm,0,1,0.5161660324616196,2016-11-06 13:00:00,minmax_0_pi,2.0
42,Q_farooq_0pi,qsvm,0,1,0.5904312574500294,2016-11-19 03:00:00,minmax_0_pi,2.0
42,Q_farooq_0pi,qsvm,0,0,0.29500351153341287,2016-11-22 19:00:00,minmax_0_pi,2.0
42,Q_farooq_0pi,qsvm,0,1,0.6205054579672472,2016-11-26 08:00:00,minmax_0_pi,2.0
42,Q_farooq_0pi,qsvm,0,1,0.6012096294688738,2016-11-27 15:00:00,minmax_0_pi,2.0
42,Q_farooq_0pi,qsvm,0,1,0.6591824945469936,2016-11-30 02:00:00,minmax_0_pi,2.0
42,Q_farooq_0pi,qsvm,0,1,0.7690664554041194,2016-12-07 15:00:00,minmax_0_pi,2.0
42,Q_farooq_0pi,qsvm,0,0,0.3538689686231142,2016-12-09 22:00:00,minmax_0_pi,2.0
42,Q_farooq_0pi,qsvm,0,0,0.18127909987342644,2016-12-16 00:00:00,minmax_0_pi,2.0
42,Q_farooq_0pi,qsvm,0,1,0.5725750831587972,2016-12-21 14:00:00,minmax_0_pi,2.0
42,Q_farooq_0pi,qsvm,0,1,0.6900442173345367,2016-12-22 19:00:00,minmax_0_pi,2.0
42,Q_farooq_0pi,qsvm,1,0,0.30282665643198364,2016-12-29 01:00:00,minmax_0_pi,2.0
42,Q_farooq_0pi,qsvm,1,0,0.3047776063516495,2016-12-31 17:00:00,minmax_0_pi,2.0
42,Q_farooq_0pi,qsvm,1,1,0.8191912558542388,2017-01-03 05:00:00,minmax_0_pi,2.0
42,Q_farooq_0pi,qsvm,0,1,0.7371612747965154,2017-01-08 22:00:00,minmax_0_pi,2.0
42,Q_farooq_0pi,qsvm,0,0,0.27496822287289474,2017-01-22 10:00:00,minmax_0_pi,2.0
42,Q_farooq_0pi,qsvm,0,1,0.7785421373763649,2017-01-25 23:00:00,minmax_0_pi,2.0
42,Q_farooq_0pi,qsvm,1,0,0.45237587213319685,2017-01-27 23:00:00,minmax_0_pi,2.0
42,Q_farooq_0pi,qsvm,0,0,0.1630974566320704,2017-01-30 19:00:00,minmax_0_pi,2.0
42,Q_farooq_0pi,qsvm,0,1,0.5366772726669551,2017-02-04 22:00:00,minmax_0_pi,2.0
42,Q_farooq_0pi,qsvm,0,1,0.7036661677277342,2017-02-06 08:00:00,minmax_0_pi,2.0
42,Q_farooq_0pi,qsvm,1,1,0.6077016683704252,2017-02-15 06:00:00,minmax_0_pi,2.0
42,Q_farooq_0pi,qsvm,0,1,0.8365866215152505,2017-02-19 10:00:00,minmax_0_pi,2.0
42,Q_farooq_0pi,qsvm,0,0,0.15941103736393109,2017-02-21 18:00:00,minmax_0_pi,2.0
7,dummy,classical,0,0,0.1,2016-05-18 19:00:00,,
7,dummy,classical,0,0,0.1,2016-05-26 12:00:00,,
7,dummy,classical,0,0,0.1,2016-05-26 14:00:00,,
7,dummy,classical,0,0,0.1,2016-05-27 20:00:00,,
7,dummy,classical,0,0,0.1,2016-06-02 19:00:00,,
7,dummy,classical,0,0,0.1,2016-06-03 21:00:00,,
7,dummy,classical,0,0,0.1,2016-06-06 04:00:00,,
7,dummy,classical,0,0,0.1,2016-06-11 03:00:00,,
7,dummy,classical,0,0,0.1,2016-06-14 22:00:00,,
7,dummy,classical,0,0,0.1,2016-06-16 05:00:00,,
7,dummy,classical,0,0,0.1,2016-06-19 03:00:00,,
7,dummy,classical,0,0,0.1,2016-06-20 12:00:00,,
7,dummy,classical,0,0,0.1,2016-06-22 16:00:00,,
7,dummy,classical,0,0,0.1,2016-06-25 23:00:00,,
7,dummy,classical,0,0,0.1,2016-06-26 02:00:00,,
7,dummy,classical,0,0,0.1,2016-06-28 03:00:00,,
7,dummy,classical,0,0,0.1,2016-07-07 14:00:00,,
7,dummy,classical,0,0,0.1,2016-07-08 23:00:00,,
7,dummy,classical,0,0,0.1,2016-07-12 02:00:00,,
7,dummy,classical,0,0,0.1,2016-07-14 07:00:00,,
7,dummy,classical,0,0,0.1,2016-07-17 11:00:00,,
7,dummy,classical,0,0,0.1,2016-07-19 08:00:00,,
7,dummy,classical,0,0,0.1,2016-07-23 19:00:00,,
7,dummy,classical,0,0,0.1,2016-07-24 09:00:00,,
7,dummy,classical,0,0,0.1,2016-07-24 10:00:00,,
7,dummy,classical,0,0,0.1,2016-07-27 06:00:00,,
7,dummy,classical,0,0,0.1,2016-07-28 12:00:00,,
7,dummy,classical,0,0,0.1,2016-07-31 10:00:00,,
7,dummy,classical,0,0,0.1,2016-08-04 23:00:00,,
7,dummy,classical,0,0,0.1,2016-08-11 07:00:00,,
7,dummy,classical,0,0,0.1,2016-08-26 02:00:00,,
7,dummy,classical,0,0,0.1,2016-09-02 20:00:00,,
7,dummy,classical,0,0,0.1,2016-09-03 15:00:00,,
7,dummy,classical,0,0,0.1,2016-09-08 09:00:00,,
7,dummy,classical,0,0,0.1,2016-09-09 02:00:00,,
7,dummy,classical,0,0,0.1,2016-09-11 11:00:00,,
7,dummy,classical,0,0,0.1,2016-09-12 21:00:00,,
7,dummy,classical,0,0,0.1,2016-09-15 14:00:00,,
7,dummy,classical,0,0,0.1,2016-09-16 11:00:00,,
7,dummy,classical,0,0,0.1,2016-09-16 22:00:00,,
7,dummy,classical,0,0,0.1,2016-09-19 16:00:00,,
7,dummy,classical,0,0,0.1,2016-09-20 23:00:00,,
7,dummy,classical,0,0,0.1,2016-09-23 12:00:00,,
7,dummy,classical,0,0,0.1,2016-09-28 20:00:00,,
7,dummy,classical,1,0,0.1,2016-10-01 19:00:00,,
7,dummy,classical,0,0,0.1,2016-10-05 20:00:00,,
7,dummy,classical,0,0,0.1,2016-10-08 01:00:00,,
7,dummy,classical,1,0,0.1,2016-10-13 04:00:00,,
7,dummy,classical,0,0,0.1,2016-10-20 15:00:00,,
7,dummy,classical,0,0,0.1,2016-10-21 03:00:00,,
7,dummy,classical,0,0,0.1,2016-10-26 21:00:00,,
7,dummy,classical,0,0,0.1,2016-10-27 09:00:00,,
7,dummy,classical,0,0,0.1,2016-10-31 00:00:00,,
7,dummy,classical,0,0,0.1,2016-11-04 12:00:00,,
7,dummy,classical,0,0,0.1,2016-11-05 19:00:00,,
7,dummy,classical,0,0,0.1,2016-11-09 17:00:00,,
7,dummy,classical,0,0,0.1,2016-11-09 21:00:00,,
7,dummy,classical,0,0,0.1,2016-11-27 09:00:00,,
7,dummy,classical,0,0,0.1,2016-11-27 21:00:00,,
7,dummy,classical,0,0,0.1,2016-12-04 03:00:00,,
7,dummy,classical,0,0,0.1,2016-12-04 16:00:00,,
7,dummy,classical,1,0,0.1,2016-12-11 19:00:00,,
7,dummy,classical,0,0,0.1,2016-12-25 19:00:00,,
7,dummy,classical,1,0,0.1,2016-12-30 03:00:00,,
7,dummy,classical,1,0,0.1,2016-12-30 21:00:00,,
7,dummy,classical,1,0,0.1,2016-12-31 10:00:00,,
7,dummy,classical,0,0,0.1,2017-01-01 22:00:00,,
7,dummy,classical,0,0,0.1,2017-01-08 01:00:00,,
7,dummy,classical,0,0,0.1,2017-01-09 04:00:00,,
7,dummy,classical,0,0,0.1,2017-01-14 23:00:00,,
7,dummy,classical,0,0,0.1,2017-01-23 01:00:00,,
7,dummy,classical,0,0,0.1,2017-01-28 12:00:00,,
7,dummy,classical,0,0,0.1,2017-01-30 19:00:00,,
7,dummy,classical,0,0,0.1,2017-01-31 07:00:00,,
7,dummy,classical,0,0,0.1,2017-02-06 15:00:00,,
7,dummy,classical,0,0,0.1,2017-02-13 03:00:00,,
7,dummy,classical,1,0,0.1,2017-02-14 02:00:00,,
7,dummy,classical,1,0,0.1,2017-02-14 20:00:00,,
7,dummy,classical,0,0,0.1,2017-02-15 12:00:00,,
7,dummy,classical,0,0,0.1,2017-02-23 22:00:00,,
7,logistic,classical,0,0,0.11136514032602114,2016-05-18 19:00:00,,
7,logistic,classical,0,0,0.10832295815405886,2016-05-26 12:00:00,,
7,logistic,classical,0,0,0.11389952107478109,2016-05-26 14:00:00,,
7,logistic,classical,0,0,0.14025899926527333,2016-05-27 20:00:00,,
7,logistic,classical,0,0,0.14335803844934672,2016-06-02 19:00:00,,
7,logistic,classical,0,0,0.1849626499451934,2016-06-03 21:00:00,,
7,logistic,classical,0,0,0.16792150714358017,2016-06-06 04:00:00,,
7,logistic,classical,0,0,0.1854118857992259,2016-06-11 03:00:00,,
7,logistic,classical,0,0,0.11427058532963844,2016-06-14 22:00:00,,
7,logistic,classical,0,0,0.22270111553315114,2016-06-16 05:00:00,,
7,logistic,classical,0,0,0.14419302440613557,2016-06-19 03:00:00,,
7,logistic,classical,0,0,0.17867944439831346,2016-06-20 12:00:00,,
7,logistic,classical,0,0,0.15143041915885685,2016-06-22 16:00:00,,
7,logistic,classical,0,0,0.07641888819056503,2016-06-25 23:00:00,,
7,logistic,classical,0,0,0.09533455477485607,2016-06-26 02:00:00,,
7,logistic,classical,0,0,0.112496269329732,2016-06-28 03:00:00,,
7,logistic,classical,0,0,0.18714060921278153,2016-07-07 14:00:00,,
7,logistic,classical,0,0,0.1567591589104123,2016-07-08 23:00:00,,
7,logistic,classical,0,0,0.1372262089445887,2016-07-12 02:00:00,,
7,logistic,classical,0,0,0.06180475835613931,2016-07-14 07:00:00,,
7,logistic,classical,0,0,0.10452673235143782,2016-07-17 11:00:00,,
7,logistic,classical,0,0,0.19294195752177873,2016-07-19 08:00:00,,
7,logistic,classical,0,0,0.2624208953474467,2016-07-23 19:00:00,,
7,logistic,classical,0,0,0.14985351923374218,2016-07-24 09:00:00,,
7,logistic,classical,0,0,0.12462045459392139,2016-07-24 10:00:00,,
7,logistic,classical,0,0,0.08694008964737195,2016-07-27 06:00:00,,
7,logistic,classical,0,0,0.19246446673222753,2016-07-28 12:00:00,,
7,logistic,classical,0,0,0.10334269717979369,2016-07-31 10:00:00,,
7,logistic,classical,0,0,0.13212362506776695,2016-08-04 23:00:00,,
7,logistic,classical,0,0,0.07273505630740466,2016-08-11 07:00:00,,
7,logistic,classical,0,0,0.0668901673857933,2016-08-26 02:00:00,,
7,logistic,classical,0,0,0.07512457695392934,2016-09-02 20:00:00,,
7,logistic,classical,0,0,0.08752922284515538,2016-09-03 15:00:00,,
7,logistic,classical,0,0,0.17248138370400298,2016-09-08 09:00:00,,
7,logistic,classical,0,0,0.1466539742000085,2016-09-09 02:00:00,,
7,logistic,classical,0,0,0.22781845129362743,2016-09-11 11:00:00,,
7,logistic,classical,0,0,0.10517178962761065,2016-09-12 21:00:00,,
7,logistic,classical,0,0,0.14544471071705306,2016-09-15 14:00:00,,
7,logistic,classical,0,0,0.34979265485948724,2016-09-16 11:00:00,,
7,logistic,classical,0,0,0.43940696645852423,2016-09-16 22:00:00,,
7,logistic,classical,0,0,0.10938282124879274,2016-09-19 16:00:00,,
7,logistic,classical,0,0,0.16108707794010366,2016-09-20 23:00:00,,
7,logistic,classical,0,0,0.21155129549525617,2016-09-23 12:00:00,,
7,logistic,classical,0,0,0.11886537767714499,2016-09-28 20:00:00,,
7,logistic,classical,1,0,0.3926511223846564,2016-10-01 19:00:00,,
7,logistic,classical,0,0,0.224439659738034,2016-10-05 20:00:00,,
7,logistic,classical,0,0,0.18969214165013507,2016-10-08 01:00:00,,
7,logistic,classical,1,0,0.275450889167048,2016-10-13 04:00:00,,
7,logistic,classical,0,0,0.3587412699083664,2016-10-20 15:00:00,,
7,logistic,classical,0,0,0.4074645998441394,2016-10-21 03:00:00,,
7,logistic,classical,0,0,0.24501600419584965,2016-10-26 21:00:00,,
7,logistic,classical,0,0,0.187183593397885,2016-10-27 09:00:00,,
7,logistic,classical,0,0,0.4033247948902684,2016-10-31 00:00:00,,
7,logistic,classical,0,1,0.8133645411422087,2016-11-04 12:00:00,,
7,logistic,classical,0,1,0.626526733061021,2016-11-05 19:00:00,,
7,logistic,classical,0,1,0.5742891881771321,2016-11-09 17:00:00,,
7,logistic,classical,0,1,0.5941844874823845,2016-11-09 21:00:00,,
7,logistic,classical,0,1,0.7440877210808233,2016-11-27 09:00:00,,
7,logistic,classical,0,0,0.21014519844244645,2016-11-27 21:00:00,,
7,logistic,classical,0,0,0.06088371996417533,2016-12-04 03:00:00,,
7,logistic,classical,0,1,0.8827561495655663,2016-12-04 16:00:00,,
7,logistic,classical,1,1,0.7811970013095744,2016-12-11 19:00:00,,
7,logistic,classical,0,1,0.6066438752978252,2016-12-25 19:00:00,,
7,logistic,classical,1,0,0.3513838906128651,2016-12-30 03:00:00,,
7,logistic,classical,1,1,0.6687045882417221,2016-12-30 21:00:00,,
7,logistic,classical,1,1,0.790715434119406,2016-12-31 10:00:00,,
7,logistic,classical,0,1,0.9588240123139783,2017-01-01 22:00:00,,
7,logistic,classical,0,1,0.6444272537196065,2017-01-08 01:00:00,,
7,logistic,classical,0,0,0.2424468577031708,2017-01-09 04:00:00,,
7,logistic,classical,0,0,0.35486247757917344,2017-01-14 23:00:00,,
7,logistic,classical,0,0,0.48458801671856994,2017-01-23 01:00:00,,
7,logistic,classical,0,0,0.0007908441968677238,2017-01-28 12:00:00,,
7,logistic,classical,0,1,0.5546907615852931,2017-01-30 19:00:00,,
7,logistic,classical,0,1,0.5702835301391936,2017-01-31 07:00:00,,
7,logistic,classical,0,0,0.2417459222424288,2017-02-06 15:00:00,,
7,logistic,classical,0,1,0.8084973156231485,2017-02-13 03:00:00,,
7,logistic,classical,1,1,0.7065556373337052,2017-02-14 02:00:00,,
7,logistic,classical,1,1,0.6996457927351758,2017-02-14 20:00:00,,
7,logistic,classical,0,1,0.738004239785835,2017-02-15 12:00:00,,
7,logistic,classical,0,0,0.2743164398073115,2017-02-23 22:00:00,,
7,svm_linear,classical,0,0,0.048108679736316516,2016-05-18 19:00:00,,
7,svm_linear,classical,0,0,0.046401196002240325,2016-05-26 12:00:00,,
7,svm_linear,classical,0,0,0.048713555223468645,2016-05-26 14:00:00,,
7,svm_linear,classical,0,0,0.053944552726671736,2016-05-27 20:00:00,,
7,svm_linear,classical,0,0,0.05508578712899045,2016-06-02 19:00:00,,
7,svm_linear,classical,0,0,0.06490270212265732,2016-06-03 21:00:00,,
7,svm_linear,classical,0,0,0.06123732964420841,2016-06-06 04:00:00,,
7,svm_linear,classical,0,0,0.06476914349369557,2016-06-11 03:00:00,,
7,svm_linear,classical,0,0,0.04717862747199327,2016-06-14 22:00:00,,
7,svm_linear,classical,0,0,0.07463448691920405,2016-06-16 05:00:00,,
7,svm_linear,classical,0,0,0.053875815085565444,2016-06-19 03:00:00,,
7,svm_linear,classical,0,0,0.0661957976891793,2016-06-20 12:00:00,,
7,svm_linear,classical,0,0,0.06034416535539754,2016-06-22 16:00:00,,
7,svm_linear,classical,0,0,0.037878652050671306,2016-06-25 23:00:00,,
7,svm_linear,classical,0,0,0.042521848525479494,2016-06-26 02:00:00,,
7,svm_linear,classical,0,0,0.049136171746326084,2016-06-28 03:00:00,,
7,svm_linear,classical,0,0,0.06623995433450734,2016-07-07 14:00:00,,
7,svm_linear,classical,0,0,0.058418648944565936,2016-07-08 23:00:00,,
7,svm_linear,classical,0,0,0.055210874982292026,2016-07-12 02:00:00,,
7,svm_linear,classical,0,0,0.03639623596521198,2016-07-14 07:00:00,,
7,svm_linear,classical,0,0,0.04745684471530354,2016-07-17 11:00:00,,
7,svm_linear,classical,0,0,0.06916450638309755,2016-07-19 08:00:00,,
7,svm_linear,classical,0,0,0.07967076451776182,2016-07-23 19:00:00,,
7,svm_linear,classical,0,0,0.060341229439396064,2016-07-24 09:00:00,,
7,svm_linear,classical,0,0,0.05669392541370555,2016-07-24 10:00:00,,
7,svm_linear,classical,0,0,0.04370177160256649,2016-07-27 06:00:00,,
7,svm_linear,classical,0,0,0.06710620813754807,2016-07-28 12:00:00,,
7,svm_linear,classical,0,0,0.05075050423261563,2016-07-31 10:00:00,,
7,svm_linear,classical,0,0,0.05583932535554159,2016-08-04 23:00:00,,
7,svm_linear,classical,0,0,0.040157659000609,2016-08-11 07:00:00,,
7,svm_linear,classical,0,0,0.03439360059964328,2016-08-26 02:00:00,,
7,svm_linear,classical,0,0,0.03742005131052342,2016-09-02 20:00:00,,
7,svm_linear,classical,0,0,0.04189231364947952,2016-09-03 15:00:00,,
7,svm_linear,classical,0,0,0.05963878556947643,2016-09-08 09:00:00,,
7,svm_linear,classical,0,0,0.05225655356644506,2016-09-09 02:00:00,,
7,svm_linear,classical,0,0,0.0783607331054477,2016-09-11 11:00:00,,
7,svm_linear,classical,0,0,0.04405564439193666,2016-09-12 21:00:00,,
7,svm_linear,classical,0,0,0.05672923720347637,2016-09-15 14:00:00,,
7,svm_linear,classical,0,0,0.09407478888954662,2016-09-16 11:00:00,,
7,svm_linear,classical,0,0,0.11054949683350358,2016-09-16 22:00:00,,
7,svm_linear,classical,0,0,0.04624458161469112,2016-09-19 16:00:00,,
7,svm_linear,classical,0,0,0.05548246007984822,2016-09-20 23:00:00,,
7,svm_linear,classical,0,0,0.0752135715440488,2016-09-23 12:00:00,,
7,svm_linear,classical,0,0,0.04733673626907672,2016-09-28 20:00:00,,
7,svm_linear,classical,1,0,0.12620909285878537,2016-10-01 19:00:00,,
7,svm_linear,classical,0,0,0.07007844830732102,2016-10-05 20:00:00,,
7,svm_linear,classical,0,0,0.05902953938049856,2016-10-08 01:00:00,,
7,svm_linear,classical,1,0,0.07922611301841087,2016-10-13 04:00:00,,
7,svm_linear,classical,0,0,0.08577146405136672,2016-10-20 15:00:00,,
7,svm_linear,classical,0,0,0.12267171208235295,2016-10-21 03:00:00,,
7,svm_linear,classical,0,0,0.07767366631586953,2016-10-26 21:00:00,,
7,svm_linear,classical,0,0,0.06053910921489195,2016-10-27 09:00:00,,
7,svm_linear,classical,0,0,0.1007341183172626,2016-10-31 00:00:00,,
7,svm_linear,classical,0,0,0.27165927329399675,2016-11-04 12:00:00,,
7,svm_linear,classical,0,0,0.18358895596382893,2016-11-05 19:00:00,,
7,svm_linear,classical,0,0,0.15397242488188242,2016-11-09 17:00:00,,
7,svm_linear,classical,0,0,0.15379700062668844,2016-11-09 21:00:00,,
7,svm_linear,classical,0,0,0.17534653324747795,2016-11-27 09:00:00,,
7,svm_linear,classical,0,0,0.07865446214598514,2016-11-27 21:00:00,,
7,svm_linear,classical,0,0,0.027136701579589112,2016-12-04 03:00:00,,
7,svm_linear,classical,0,0,0.24496337016855527,2016-12-04 16:00:00,,
7,svm_linear,classical,1,0,0.21352086241275278,2016-12-11 19:00:00,,
7,svm_linear,classical,0,0,0.1847474257895504,2016-12-25 19:00:00,,
7,svm_linear,classical,1,0,0.11100653066724324,2016-12-30 03:00:00,,
7,svm_linear,classical,1,0,0.19161190593511637,2016-12-30 21:00:00,,
7,svm_linear,classical,1,0,0.21063142127847312,2016-12-31 10:00:00,,
7,svm_linear,classical,0,1,0.5012596314217866,2017-01-01 22:00:00,,
7,svm_linear,classical,0,0,0.15927632909514333,2017-01-08 01:00:00,,
7,svm_linear,classical,0,0,0.06973890213967147,2017-01-09 04:00:00,,
7,svm_linear,classical,0,0,0.09200717842601915,2017-01-14 23:00:00,,
7,svm_linear,classical,0,0,0.12213904081738308,2017-01-23 01:00:00,,
7,svm_linear,classical,0,0,0.0023433906825704788,2017-01-28 12:00:00,,
7,svm_linear,classical,0,0,0.1513102215755756,2017-01-30 19:00:00,,
7,svm_linear,classical,0,0,0.14097370786216754,2017-01-31 07:00:00,,
7,svm_linear,classical,0,0,0.0706286913498334,2017-02-06 15:00:00,,
7,svm_linear,classical,0,0,0.22287184166755428,2017-02-13 03:00:00,,
7,svm_linear,classical,1,0,0.17242485061996993,2017-02-14 02:00:00,,
7,svm_linear,classical,1,0,0.20520852286514515,2017-02-14 20:00:00,,
7,svm_linear,classical,0,0,0.2687012069347961,2017-02-15 12:00:00,,
7,svm_linear,classical,0,0,0.07527862476189708,2017-02-23 22:00:00,,
7,svm_rbf,classical,0,0,0.04887265416428258,2016-05-18 19:00:00,,
7,svm_rbf,classical,0,0,0.048970501214194107,2016-05-26 12:00:00,,
7,svm_rbf,classical,0,0,0.04988704592952398,2016-05-26 14:00:00,,
7,svm_rbf,classical,0,0,0.05249023100279379,2016-05-27 20:00:00,,
7,svm_rbf,classical,0,0,0.05541585155456583,2016-06-02 19:00:00,,
7,svm_rbf,classical,0,0,0.05268951333381403,2016-06-03 21:00:00,,
7,svm_rbf,classical,0,0,0.05472884699221676,2016-06-06 04:00:00,,
7,svm_rbf,classical,0,0,0.06504920386108777,2016-06-11 03:00:00,,
7,svm_rbf,classical,0,0,0.045569198921952214,2016-06-14 22:00:00,,
7,svm_rbf,classical,0,0,0.06009003250263508,2016-06-16 05:00:00,,
7,svm_rbf,classical,0,0,0.060515186051702745,2016-06-19 03:00:00,,
7,svm_rbf,classical,0,0,0.08354534866366746,2016-06-20 12:00:00,,
7,svm_rbf,classical,0,0,0.06520069614444747,2016-06-22 16:00:00,,
7,svm_rbf,classical,0,0,0.06468855829660679,2016-06-25 23:00:00,,
7,svm_rbf,classical,0,0,0.06604400526984842,2016-06-26 02:00:00,,
7,svm_rbf,classical,0,0,0.047922318429155474,2016-06-28 03:00:00,,
7,svm_rbf,classical,0,0,0.06363808544825218,2016-07-07 14:00:00,,
7,svm_rbf,classical,0,0,0.05680926213746743,2016-07-08 23:00:00,,
7,svm_rbf,classical,0,0,0.06887913385510568,2016-07-12 02:00:00,,
7,svm_rbf,classical,0,0,0.06699002758029135,2016-07-14 07:00:00,,
7,svm_rbf,classical,0,0,0.04687616566705898,2016-07-17 11:00:00,,
7,svm_rbf,classical,0,0,0.04762951180460934,2016-07-19 08:00:00,,
7,svm_rbf,classical,0,0,0.06096296431017434,2016-07-23 19:00:00,,
7,svm_rbf,classical,0,0,0.08539134254995774,2016-07-24 09:00:00,,
7,svm_rbf,classical,0,0,0.08268853167619734,2016-07-24 10:00:00,,
7,svm_rbf,classical,0,0,0.06197585795386932,2016-07-27 06:00:00,,
7,svm_rbf,classical,0,0,0.06782554120313648,2016-07-28 12:00:00,,
7,svm_rbf,classical,0,0,0.09899252529375802,2016-07-31 10:00:00,,
7,svm_rbf,classical,0,0,0.054409034338076055,2016-08-04 23:00:00,,
7,svm_rbf,classical,0,0,0.05471728589041688,2016-08-11 07:00:00,,
7,svm_rbf,classical,0,0,0.05275002924498371,2016-08-26 02:00:00,,
7,svm_rbf,classical,0,0,0.051108986316042306,2016-09-02 20:00:00,,
7,svm_rbf,classical,0,0,0.052064105685014996,2016-09-03 15:00:00,,
7,svm_rbf,classical,0,0,0.054824378330359747,2016-09-08 09:00:00,,
7,svm_rbf,classical,0,0,0.054355731300953496,2016-09-09 02:00:00,,
7,svm_rbf,classical,0,0,0.06416467799821542,2016-09-11 11:00:00,,
7,svm_rbf,classical,0,0,0.04845049811578136,2016-09-12 21:00:00,,
7,svm_rbf,classical,0,0,0.0514661213372914,2016-09-15 14:00:00,,
7,svm_rbf,classical,0,0,0.08319782333719752,2016-09-16 11:00:00,,
7,svm_rbf,classical,0,0,0.08794442996603373,2016-09-16 22:00:00,,
7,svm_rbf,classical,0,0,0.046703045971634216,2016-09-19 16:00:00,,
7,svm_rbf,classical,0,0,0.048347768678799495,2016-09-20 23:00:00,,
7,svm_rbf,classical,0,0,0.0455486551394285,2016-09-23 12:00:00,,
7,svm_rbf,classical,0,0,0.046279578153905036,2016-09-28 20:00:00,,
7,svm_rbf,classical,1,0,0.09354663267918518,2016-10-01 19:00:00,,
7,svm_rbf,classical,0,0,0.049314456817375944,2016-10-05 20:00:00,,
7,svm_rbf,classical,0,0,0.05053724936016459,2016-10-08 01:00:00,,
7,svm_rbf,classical,1,0,0.053369826604723315,2016-10-13 04:00:00,,
7,svm_rbf,classical,0,0,0.12120806115118148,2016-10-20 15:00:00,,
7,svm_rbf,classical,0,0,0.08740999363556284,2016-10-21 03:00:00,,
7,svm_rbf,classical,0,0,0.06951971971455172,2016-10-26 21:00:00,,
7,svm_rbf,classical,0,0,0.05169692463031394,2016-10-27 09:00:00,,
7,svm_rbf,classical,0,0,0.10443210494717796,2016-10-31 00:00:00,,
7,svm_rbf,classical,0,0,0.2733960220368759,2016-11-04 12:00:00,,
7,svm_rbf,classical,0,0,0.23036588168816793,2016-11-05 19:00:00,,
7,svm_rbf,classical,0,0,0.22707489945834503,2016-11-09 17:00:00,,
7,svm_rbf,classical,0,0,0.22800728539188295,2016-11-09 21:00:00,,
7,svm_rbf,classical,0,0,0.10193754486480422,2016-11-27 09:00:00,,
7,svm_rbf,classical,0,0,0.06423505480903632,2016-11-27 21:00:00,,
7,svm_rbf,classical,0,0,0.0702114475678021,2016-12-04 03:00:00,,
7,svm_rbf,classical,0,0,0.06481170728535077,2016-12-04 16:00:00,,
7,svm_rbf,classical,1,0,0.29857612640431325,2016-12-11 19:00:00,,
7,svm_rbf,classical,0,0,0.1936525898191023,2016-12-25 19:00:00,,
7,svm_rbf,classical,1,0,0.0580509675517551,2016-12-30 03:00:00,,
7,svm_rbf,classical,1,0,0.07348266281130865,2016-12-30 21:00:00,,
7,svm_rbf,classical,1,0,0.11966186113519528,2016-12-31 10:00:00,,
7,svm_rbf,classical,0,0,0.06812057118014966,2017-01-01 22:00:00,,
7,svm_rbf,classical,0,0,0.1557715101134437,2017-01-08 01:00:00,,
7,svm_rbf,classical,0,0,0.0709676568039554,2017-01-09 04:00:00,,
7,svm_rbf,classical,0,0,0.08195656086958986,2017-01-14 23:00:00,,
7,svm_rbf,classical,0,0,0.08502616925708938,2017-01-23 01:00:00,,
7,svm_rbf,classical,0,0,0.07618080800539075,2017-01-28 12:00:00,,
7,svm_rbf,classical,0,0,0.10162047969023234,2017-01-30 19:00:00,,
7,svm_rbf,classical,0,0,0.12473068041467432,2017-01-31 07:00:00,,
7,svm_rbf,classical,0,0,0.06698416094549485,2017-02-06 15:00:00,,
7,svm_rbf,classical,0,0,0.2953126649092215,2017-02-13 03:00:00,,
7,svm_rbf,classical,1,0,0.19152051971371606,2017-02-14 02:00:00,,
7,svm_rbf,classical,1,0,0.26315649566677607,2017-02-14 20:00:00,,
7,svm_rbf,classical,0,0,0.23239534950192944,2017-02-15 12:00:00,,
7,svm_rbf,classical,0,0,0.06782268987879274,2017-02-23 22:00:00,,
7,Q_farooq_pipeline,qsvm,0,0,0.2855379297683216,2016-05-18 19:00:00,minmax_0_1,1.0
7,Q_farooq_pipeline,qsvm,0,0,0.2192263073067621,2016-05-26 12:00:00,minmax_0_1,1.0
7,Q_farooq_pipeline,qsvm,0,0,0.1682909367880804,2016-05-26 14:00:00,minmax_0_1,1.0
7,Q_farooq_pipeline,qsvm,0,0,0.21048765056616567,2016-05-27 20:00:00,minmax_0_1,1.0
7,Q_farooq_pipeline,qsvm,0,0,0.25050218314368145,2016-06-02 19:00:00,minmax_0_1,1.0
7,Q_farooq_pipeline,qsvm,0,0,0.3006293822684259,2016-06-03 21:00:00,minmax_0_1,1.0
7,Q_farooq_pipeline,qsvm,0,0,0.21675131025713854,2016-06-06 04:00:00,minmax_0_1,1.0
7,Q_farooq_pipeline,qsvm,0,0,0.23132649974623132,2016-06-11 03:00:00,minmax_0_1,1.0
7,Q_farooq_pipeline,qsvm,0,0,0.22588282505091034,2016-06-14 22:00:00,minmax_0_1,1.0
7,Q_farooq_pipeline,qsvm,0,0,0.18957248839440588,2016-06-16 05:00:00,minmax_0_1,1.0
7,Q_farooq_pipeline,qsvm,0,0,0.2294746132867357,2016-06-19 03:00:00,minmax_0_1,1.0
7,Q_farooq_pipeline,qsvm,0,0,0.2884748929032478,2016-06-20 12:00:00,minmax_0_1,1.0
7,Q_farooq_pipeline,qsvm,0,0,0.2907142773343918,2016-06-22 16:00:00,minmax_0_1,1.0
7,Q_farooq_pipeline,qsvm,0,0,0.28997496003807444,2016-06-25 23:00:00,minmax_0_1,1.0
7,Q_farooq_pipeline,qsvm,0,0,0.3379433549021145,2016-06-26 02:00:00,minmax_0_1,1.0
7,Q_farooq_pipeline,qsvm,0,0,0.22652177289826833,2016-06-28 03:00:00,minmax_0_1,1.0
7,Q_farooq_pipeline,qsvm,0,0,0.3708457875525122,2016-07-07 14:00:00,minmax_0_1,1.0
7,Q_farooq_pipeline,qsvm,0,0,0.2985586071327771,2016-07-08 23:00:00,minmax_0_1,1.0
7,Q_farooq_pipeline,qsvm,0,0,0.2858713768578289,2016-07-12 02:00:00,minmax_0_1,1.0
7,Q_farooq_pipeline,qsvm,0,0,0.30331400140670395,2016-07-14 07:00:00,minmax_0_1,1.0
7,Q_farooq_pipeline,qsvm,0,0,0.25510293602005013,2016-07-17 11:00:00,minmax_0_1,1.0
7,Q_farooq_pipeline,qsvm,0,0,0.2682809296630984,2016-07-19 08:00:00,minmax_0_1,1.0
7,Q_farooq_pipeline,qsvm,0,0,0.21789588380679834,2016-07-23 19:00:00,minmax_0_1,1.0
7,Q_farooq_pipeline,qsvm,0,0,0.20844037325105993,2016-07-24 09:00:00,minmax_0_1,1.0
7,Q_farooq_pipeline,qsvm,0,0,0.24212238719825452,2016-07-24 10:00:00,minmax_0_1,1.0
7,Q_farooq_pipeline,qsvm,0,0,0.2655838390287828,2016-07-27 06:00:00,minmax_0_1,1.0
7,Q_farooq_pipeline,qsvm,0,0,0.3194155339863087,2016-07-28 12:00:00,minmax_0_1,1.0
7,Q_farooq_pipeline,qsvm,0,0,0.27286457045060775,2016-07-31 10:00:00,minmax_0_1,1.0
7,Q_farooq_pipeline,qsvm,0,0,0.3075325426889925,2016-08-04 23:00:00,minmax_0_1,1.0
7,Q_farooq_pipeline,qsvm,0,0,0.26925846754250365,2016-08-11 07:00:00,minmax_0_1,1.0
7,Q_farooq_pipeline,qsvm,0,0,0.17630633558181763,2016-08-26 02:00:00,minmax_0_1,1.0
7,Q_farooq_pipeline,qsvm,0,0,0.22499125571385956,2016-09-02 20:00:00,minmax_0_1,1.0
7,Q_farooq_pipeline,qsvm,0,0,0.1959885203105215,2016-09-03 15:00:00,minmax_0_1,1.0
7,Q_farooq_pipeline,qsvm,0,0,0.19432749538134506,2016-09-08 09:00:00,minmax_0_1,1.0
7,Q_farooq_pipeline,qsvm,0,0,0.20265647839709175,2016-09-09 02:00:00,minmax_0_1,1.0
7,Q_farooq_pipeline,qsvm,0,0,0.22363277526371386,2016-09-11 11:00:00,minmax_0_1,1.0
7,Q_farooq_pipeline,qsvm,0,0,0.20122569960276915,2016-09-12 21:00:00,minmax_0_1,1.0
7,Q_farooq_pipeline,qsvm,0,0,0.27455029152688376,2016-09-15 14:00:00,minmax_0_1,1.0
7,Q_farooq_pipeline,qsvm,0,0,0.26239054113733556,2016-09-16 11:00:00,minmax_0_1,1.0
7,Q_farooq_pipeline,qsvm,0,0,0.23779981301461336,2016-09-16 22:00:00,minmax_0_1,1.0
7,Q_farooq_pipeline,qsvm,0,0,0.16739186097353928,2016-09-19 16:00:00,minmax_0_1,1.0
7,Q_farooq_pipeline,qsvm,0,0,0.2602318357742684,2016-09-20 23:00:00,minmax_0_1,1.0
7,Q_farooq_pipeline,qsvm,0,0,0.29836091083441313,2016-09-23 12:00:00,minmax_0_1,1.0
7,Q_farooq_pipeline,qsvm,0,0,0.25045134181421075,2016-09-28 20:00:00,minmax_0_1,1.0
7,Q_farooq_pipeline,qsvm,1,0,0.3701042521122625,2016-10-01 19:00:00,minmax_0_1,1.0
7,Q_farooq_pipeline,qsvm,0,0,0.35370356155048926,2016-10-05 20:00:00,minmax_0_1,1.0
7,Q_farooq_pipeline,qsvm,0,0,0.29194837172395816,2016-10-08 01:00:00,minmax_0_1,1.0
7,Q_farooq_pipeline,qsvm,1,0,0.3790329638822755,2016-10-13 04:00:00,minmax_0_1,1.0
7,Q_farooq_pipeline,qsvm,0,0,0.4884339600474778,2016-10-20 15:00:00,minmax_0_1,1.0
7,Q_farooq_pipeline,qsvm,0,0,0.3076146023269275,2016-10-21 03:00:00,minmax_0_1,1.0
7,Q_farooq_pipeline,qsvm,0,0,0.3469151560914477,2016-10-26 21:00:00,minmax_0_1,1.0
7,Q_farooq_pipeline,qsvm,0,0,0.3351391813823027,2016-10-27 09:00:00,minmax_0_1,1.0
7,Q_farooq_pipeline,qsvm,0,0,0.4328855939479117,2016-10-31 00:00:00,minmax_0_1,1.0
7,Q_farooq_pipeline,qsvm,0,1,0.8235826169497882,2016-11-04 12:00:00,minmax_0_1,1.0
7,Q_farooq_pipeline,qsvm,0,1,0.6079582192978233,2016-11-05 19:00:00,minmax_0_1,1.0
7,Q_farooq_pipeline,qsvm,0,1,0.7054482960678792,2016-11-09 17:00:00,minmax_0_1,1.0
7,Q_farooq_pipeline,qsvm,0,1,0.7245170869357824,2016-11-09 21:00:00,minmax_0_1,1.0
7,Q_farooq_pipeline,qsvm,0,1,0.7440720526455422,2016-11-27 09:00:00,minmax_0_1,1.0
7,Q_farooq_pipeline,qsvm,0,1,0.7698132049950442,2016-11-27 21:00:00,minmax_0_1,1.0
7,Q_farooq_pipeline,qsvm,0,1,0.7046741052269802,2016-12-04 03:00:00,minmax_0_1,1.0
7,Q_farooq_pipeline,qsvm,0,1,0.7038638892290452,2016-12-04 16:00:00,minmax_0_1,1.0
7,Q_farooq_pipeline,qsvm,1,1,0.7486753766591159,2016-12-11 19:00:00,minmax_0_1,1.0
7,Q_farooq_pipeline,qsvm,0,1,0.7062005116845079,2016-12-25 19:00:00,minmax_0_1,1.0
7,Q_farooq_pipeline,qsvm,1,1,0.7582428050925317,2016-12-30 03:00:00,minmax_0_1,1.0
7,Q_farooq_pipeline,qsvm,1,1,0.7019126633365012,2016-12-30 21:00:00,minmax_0_1,1.0
7,Q_farooq_pipeline,qsvm,1,1,0.6641079590539992,2016-12-31 10:00:00,minmax_0_1,1.0
7,Q_farooq_pipeline,qsvm,0,1,0.7662999199541054,2017-01-01 22:00:00,minmax_0_1,1.0
7,Q_farooq_pipeline,qsvm,0,1,0.7325292074657868,2017-01-08 01:00:00,minmax_0_1,1.0
7,Q_farooq_pipeline,qsvm,0,1,0.5008685018953748,2017-01-09 04:00:00,minmax_0_1,1.0
7,Q_farooq_pipeline,qsvm,0,1,0.6071506420327976,2017-01-14 23:00:00,minmax_0_1,1.0
7,Q_farooq_pipeline,qsvm,0,1,0.6802402549298303,2017-01-23 01:00:00,minmax_0_1,1.0
7,Q_farooq_pipeline,qsvm,0,0,0.33903130786224556,2017-01-28 12:00:00,minmax_0_1,1.0
7,Q_farooq_pipeline,qsvm,0,1,0.6026513660000888,2017-01-30 19:00:00,minmax_0_1,1.0
7,Q_farooq_pipeline,qsvm,0,1,0.7017831216659154,2017-01-31 07:00:00,minmax_0_1,1.0
7,Q_farooq_pipeline,qsvm,0,0,0.41854308506290866,2017-02-06 15:00:00,minmax_0_1,1.0
7,Q_farooq_pipeline,qsvm,0,1,0.6778336249212453,2017-02-13 03:00:00,minmax_0_1,1.0
7,Q_farooq_pipeline,qsvm,1,1,0.6233140664667989,2017-02-14 02:00:00,minmax_0_1,1.0
7,Q_farooq_pipeline,qsvm,1,1,0.7049657456009261,2017-02-14 20:00:00,minmax_0_1,1.0
7,Q_farooq_pipeline,qsvm,0,1,0.810710242054869,2017-02-15 12:00:00,minmax_0_1,1.0
7,Q_farooq_pipeline,qsvm,0,0,0.4225524898510942,2017-02-23 22:00:00,minmax_0_1,1.0
7,Q_farooq_0pi,qsvm,0,0,0.18758577146210473,2016-05-18 19:00:00,minmax_0_pi,2.0
7,Q_farooq_0pi,qsvm,0,0,0.24353678108477933,2016-05-26 12:00:00,minmax_0_pi,2.0
7,Q_farooq_0pi,qsvm,0,0,0.13453203087687046,2016-05-26 14:00:00,minmax_0_pi,2.0
7,Q_farooq_0pi,qsvm,0,0,0.21179859834178202,2016-05-27 20:00:00,minmax_0_pi,2.0
7,Q_farooq_0pi,qsvm,0,0,0.15689637203161727,2016-06-02 19:00:00,minmax_0_pi,2.0
7,Q_farooq_0pi,qsvm,0,0,0.21953717782856513,2016-06-03 21:00:00,minmax_0_pi,2.0
7,Q_farooq_0pi,qsvm,0,0,0.23038140311126348,2016-06-06 04:00:00,minmax_0_pi,2.0
7,Q_farooq_0pi,qsvm,0,0,0.21827769696064261,2016-06-11 03:00:00,minmax_0_pi,2.0
7,Q_farooq_0pi,qsvm,0,0,0.3076270754073779,2016-06-14 22:00:00,minmax_0_pi,2.0
7,Q_farooq_0pi,qsvm,0,0,0.21061525680590265,2016-06-16 05:00:00,minmax_0_pi,2.0
7,Q_farooq_0pi,qsvm,0,0,0.28226606136072285,2016-06-19 03:00:00,minmax_0_pi,2.0
7,Q_farooq_0pi,qsvm,0,0,0.2887148748366775,2016-06-20 12:00:00,minmax_0_pi,2.0
7,Q_farooq_0pi,qsvm,0,0,0.21888461647541074,2016-06-22 16:00:00,minmax_0_pi,2.0
7,Q_farooq_0pi,qsvm,0,0,0.37415194026266796,2016-06-25 23:00:00,minmax_0_pi,2.0
7,Q_farooq_0pi,qsvm,0,0,0.30520237434979797,2016-06-26 02:00:00,minmax_0_pi,2.0
7,Q_farooq_0pi,qsvm,0,0,0.2614621426629158,2016-06-28 03:00:00,minmax_0_pi,2.0
7,Q_farooq_0pi,qsvm,0,0,0.2946616075445799,2016-07-07 14:00:00,minmax_0_pi,2.0
7,Q_farooq_0pi,qsvm,0,0,0.3544858242188969,2016-07-08 23:00:00,minmax_0_pi,2.0
7,Q_farooq_0pi,qsvm,0,0,0.29676590368215183,2016-07-12 02:00:00,minmax_0_pi,2.0
7,Q_farooq_0pi,qsvm,0,0,0.27657167702963825,2016-07-14 07:00:00,minmax_0_pi,2.0
7,Q_farooq_0pi,qsvm,0,0,0.21286652935473135,2016-07-17 11:00:00,minmax_0_pi,2.0
7,Q_farooq_0pi,qsvm,0,0,0.31949480993696866,2016-07-19 08:00:00,minmax_0_pi,2.0
7,Q_farooq_0pi,qsvm,0,0,0.44022330777335894,2016-07-23 19:00:00,minmax_0_pi,2.0
7,Q_farooq_0pi,qsvm,0,0,0.34876623022759823,2016-07-24 09:00:00,minmax_0_pi,2.0
7,Q_farooq_0pi,qsvm,0,0,0.36453035423197866,2016-07-24 10:00:00,minmax_0_pi,2.0
7,Q_farooq_0pi,qsvm,0,0,0.2513442774359789,2016-07-27 06:00:00,minmax_0_pi,2.0
7,Q_farooq_0pi,qsvm,0,0,0.3089700775367378,2016-07-28 12:00:00,minmax_0_pi,2.0
7,Q_farooq_0pi,qsvm,0,0,0.3282743098320844,2016-07-31 10:00:00,minmax_0_pi,2.0
7,Q_farooq_0pi,qsvm,0,0,0.4229089594116723,2016-08-04 23:00:00,minmax_0_pi,2.0
7,Q_farooq_0pi,qsvm,0,0,0.34233172871683676,2016-08-11 07:00:00,minmax_0_pi,2.0
7,Q_farooq_0pi,qsvm,0,0,0.33961342067121986,2016-08-26 02:00:00,minmax_0_pi,2.0
7,Q_farooq_0pi,qsvm,0,0,0.26125104341599936,2016-09-02 20:00:00,minmax_0_pi,2.0
7,Q_farooq_0pi,qsvm,0,0,0.3555543595705459,2016-09-03 15:00:00,minmax_0_pi,2.0
7,Q_farooq_0pi,qsvm,0,0,0.1911894275993239,2016-09-08 09:00:00,minmax_0_pi,2.0
7,Q_farooq_0pi,qsvm,0,0,0.3042730364674666,2016-09-09 02:00:00,minmax_0_pi,2.0
7,Q_farooq_0pi,qsvm,0,0,0.13854240960353983,2016-09-11 11:00:00,minmax_0_pi,2.0
7,Q_farooq_0pi,qsvm,0,0,0.22398405832806723,2016-09-12 21:00:00,minmax_0_pi,2.0
7,Q_farooq_0pi,qsvm,0,0,0.22073007183603327,2016-09-15 14:00:00,minmax_0_pi,2.0
7,Q_farooq_0pi,qsvm,0,0,0.2242303467913076,2016-09-16 11:00:00,minmax_0_pi,2.0
7,Q_farooq_0pi,qsvm,0,0,0.3150196164180869,2016-09-16 22:00:00,minmax_0_pi,2.0
7,Q_farooq_0pi,qsvm,0,0,0.16719326826636433,2016-09-19 16:00:00,minmax_0_pi,2.0
7,Q_farooq_0pi,qsvm,0,0,0.24292802837954555,2016-09-20 23:00:00,minmax_0_pi,2.0
7,Q_farooq_0pi,qsvm,0,0,0.24247600181119439,2016-09-23 12:00:00,minmax_0_pi,2.0
7,Q_farooq_0pi,qsvm,0,0,0.4809250453511444,2016-09-28 20:00:00,minmax_0_pi,2.0
7,Q_farooq_0pi,qsvm,1,0,0.16516352945816015,2016-10-01 19:00:00,minmax_0_pi,2.0
7,Q_farooq_0pi,qsvm,0,0,0.48107079887350185,2016-10-05 20:00:00,minmax_0_pi,2.0
7,Q_farooq_0pi,qsvm,0,1,0.5760361928888453,2016-10-08 01:00:00,minmax_0_pi,2.0
7,Q_farooq_0pi,qsvm,1,0,0.22366952793300154,2016-10-13 04:00:00,minmax_0_pi,2.0
7,Q_farooq_0pi,qsvm,0,0,0.4689233215209783,2016-10-20 15:00:00,minmax_0_pi,2.0
7,Q_farooq_0pi,qsvm,0,1,0.5666912593484209,2016-10-21 03:00:00,minmax_0_pi,2.0
7,Q_farooq_0pi,qsvm,0,0,0.31436258320122007,2016-10-26 21:00:00,minmax_0_pi,2.0
7,Q_farooq_0pi,qsvm,0,0,0.4479592291252967,2016-10-27 09:00:00,minmax_0_pi,2.0
7,Q_farooq_0pi,qsvm,0,0,0.34458712317843465,2016-10-31 00:00:00,minmax_0_pi,2.0
7,Q_farooq_0pi,qsvm,0,1,0.6187035033796748,2016-11-04 12:00:00,minmax_0_pi,2.0
7,Q_farooq_0pi,qsvm,0,1,0.5898057423657552,2016-11-05 19:00:00,minmax_0_pi,2.0
7,Q_farooq_0pi,qsvm,0,1,0.6500076152188179,2016-11-09 17:00:00,minmax_0_pi,2.0
7,Q_farooq_0pi,qsvm,0,1,0.6793051121722955,2016-11-09 21:00:00,minmax_0_pi,2.0
7,Q_farooq_0pi,qsvm,0,0,0.3077905836276452,2016-11-27 09:00:00,minmax_0_pi,2.0
7,Q_farooq_0pi,qsvm,0,1,0.6223105715845222,2016-11-27 21:00:00,minmax_0_pi,2.0
7,Q_farooq_0pi,qsvm,0,0,0.27697235570605394,2016-12-04 03:00:00,minmax_0_pi,2.0
7,Q_farooq_0pi,qsvm,0,0,0.33285962718002293,2016-12-04 16:00:00,minmax_0_pi,2.0
7,Q_farooq_0pi,qsvm,1,1,0.6906602516547086,2016-12-11 19:00:00,minmax_0_pi,2.0
7,Q_farooq_0pi,qsvm,0,1,0.6325944515997644,2016-12-25 19:00:00,minmax_0_pi,2.0
7,Q_farooq_0pi,qsvm,1,0,0.4394002270042854,2016-12-30 03:00:00,minmax_0_pi,2.0
7,Q_farooq_0pi,qsvm,1,0,0.3924431913453765,2016-12-30 21:00:00,minmax_0_pi,2.0
7,Q_farooq_0pi,qsvm,1,0,0.23145554737283297,2016-12-31 10:00:00,minmax_0_pi,2.0
7,Q_farooq_0pi,qsvm,0,0,0.463668841210137,2017-01-01 22:00:00,minmax_0_pi,2.0
7,Q_farooq_0pi,qsvm,0,1,0.7741329186244787,2017-01-08 01:00:00,minmax_0_pi,2.0
7,Q_farooq_0pi,qsvm,0,0,0.25611669682747434,2017-01-09 04:00:00,minmax_0_pi,2.0
7,Q_farooq_0pi,qsvm,0,0,0.33348467548490407,2017-01-14 23:00:00,minmax_0_pi,2.0
7,Q_farooq_0pi,qsvm,0,0,0.3120623309692154,2017-01-23 01:00:00,minmax_0_pi,2.0
7,Q_farooq_0pi,qsvm,0,0,0.38129122547319866,2017-01-28 12:00:00,minmax_0_pi,2.0
7,Q_farooq_0pi,qsvm,0,0,0.31499527112094977,2017-01-30 19:00:00,minmax_0_pi,2.0
7,Q_farooq_0pi,qsvm,0,1,0.5871519905916643,2017-01-31 07:00:00,minmax_0_pi,2.0
7,Q_farooq_0pi,qsvm,0,0,0.19614984704312788,2017-02-06 15:00:00,minmax_0_pi,2.0
7,Q_farooq_0pi,qsvm,0,1,0.7523917123619818,2017-02-13 03:00:00,minmax_0_pi,2.0
7,Q_farooq_0pi,qsvm,1,1,0.6000552607575252,2017-02-14 02:00:00,minmax_0_pi,2.0
7,Q_farooq_0pi,qsvm,1,1,0.6969827785771009,2017-02-14 20:00:00,minmax_0_pi,2.0
7,Q_farooq_0pi,qsvm,0,1,0.6102482290811447,2017-02-15 12:00:00,minmax_0_pi,2.0
7,Q_farooq_0pi,qsvm,0,0,0.2917880387432194,2017-02-23 22:00:00,minmax_0_pi,2.0
11,dummy,classical,0,0,0.1,2016-05-16 09:00:00,,
11,dummy,classical,0,0,0.1,2016-05-18 13:00:00,,
11,dummy,classical,0,0,0.1,2016-05-23 18:00:00,,
11,dummy,classical,0,0,0.1,2016-05-30 15:00:00,,
11,dummy,classical,0,0,0.1,2016-05-30 18:00:00,,
11,dummy,classical,0,0,0.1,2016-06-02 20:00:00,,
11,dummy,classical,0,0,0.1,2016-06-04 15:00:00,,
11,dummy,classical,0,0,0.1,2016-06-06 07:00:00,,
11,dummy,classical,0,0,0.1,2016-06-22 19:00:00,,
11,dummy,classical,0,0,0.1,2016-06-25 02:00:00,,
11,dummy,classical,0,0,0.1,2016-06-27 09:00:00,,
11,dummy,classical,0,0,0.1,2016-06-27 21:00:00,,
11,dummy,classical,0,0,0.1,2016-06-28 11:00:00,,
11,dummy,classical,0,0,0.1,2016-07-01 00:00:00,,
11,dummy,classical,0,0,0.1,2016-07-01 08:00:00,,
11,dummy,classical,0,0,0.1,2016-07-09 10:00:00,,
11,dummy,classical,0,0,0.1,2016-07-10 19:00:00,,
11,dummy,classical,0,0,0.1,2016-07-11 18:00:00,,
11,dummy,classical,0,0,0.1,2016-07-15 02:00:00,,
11,dummy,classical,0,0,0.1,2016-07-19 02:00:00,,
11,dummy,classical,0,0,0.1,2016-07-31 13:00:00,,
11,dummy,classical,0,0,0.1,2016-07-31 23:00:00,,
11,dummy,classical,0,0,0.1,2016-08-05 07:00:00,,
11,dummy,classical,0,0,0.1,2016-08-07 13:00:00,,
11,dummy,classical,0,0,0.1,2016-08-07 19:00:00,,
11,dummy,classical,0,0,0.1,2016-08-14 09:00:00,,
11,dummy,classical,0,0,0.1,2016-08-14 18:00:00,,
11,dummy,classical,0,0,0.1,2016-08-17 00:00:00,,
11,dummy,classical,0,0,0.1,2016-08-26 09:00:00,,
11,dummy,classical,0,0,0.1,2016-08-31 04:00:00,,
11,dummy,classical,0,0,0.1,2016-09-06 21:00:00,,
11,dummy,classical,0,0,0.1,2016-09-14 00:00:00,,
11,dummy,classical,0,0,0.1,2016-09-17 04:00:00,,
11,dummy,classical,0,0,0.1,2016-09-18 10:00:00,,
11,dummy,classical,0,0,0.1,2016-09-20 20:00:00,,
11,dummy,classical,0,0,0.1,2016-09-22 08:00:00,,
11,dummy,classical,0,0,0.1,2016-09-30 14:00:00,,
11,dummy,classical,0,0,0.1,2016-10-08 00:00:00,,
11,dummy,classical,0,0,0.1,2016-10-14 10:00:00,,
11,dummy,classical,0,0,0.1,2016-10-20 17:00:00,,
11,dummy,classical,0,0,0.1,2016-10-29 16:00:00,,
11,dummy,classical,0,0,0.1,2016-10-30 14:00:00,,
11,dummy,classical,0,0,0.1,2016-11-02 05:00:00,,
11,dummy,classical,1,0,0.1,2016-11-02 15:00:00,,
11,dummy,classical,1,0,0.1,2016-11-03 04:00:00,,
11,dummy,classical,0,0,0.1,2016-11-06 22:00:00,,
11,dummy,classical,1,0,0.1,2016-11-09 10:00:00,,
11,dummy,classical,0,0,0.1,2016-11-11 20:00:00,,
11,dummy,classical,0,0,0.1,2016-11-21 16:00:00,,
11,dummy,classical,0,0,0.1,2016-11-22 02:00:00,,
11,dummy,classical,0,0,0.1,2016-11-27 22:00:00,,
11,dummy,classical,0,0,0.1,2016-11-28 07:00:00,,
11,dummy,classical,1,0,0.1,2016-12-02 21:00:00,,
11,dummy,classical,0,0,0.1,2016-12-05 13:00:00,,
11,dummy,classical,0,0,0.1,2016-12-06 13:00:00,,
11,dummy,classical,0,0,0.1,2016-12-08 07:00:00,,
11,dummy,classical,0,0,0.1,2016-12-08 22:00:00,,
11,dummy,classical,0,0,0.1,2016-12-11 22:00:00,,
11,dummy,classical,0,0,0.1,2016-12-13 04:00:00,,
11,dummy,classical,0,0,0.1,2016-12-15 13:00:00,,
11,dummy,classical,1,0,0.1,2016-12-15 19:00:00,,
11,dummy,classical,1,0,0.1,2016-12-18 03:00:00,,
11,dummy,classical,0,0,0.1,2016-12-24 12:00:00,,
11,dummy,classical,1,0,0.1,2016-12-31 08:00:00,,
11,dummy,classical,1,0,0.1,2016-12-31 11:00:00,,
11,dummy,classical,0,0,0.1,2017-01-01 07:00:00,,
11,dummy,classical,0,0,0.1,2017-01-09 12:00:00,,
11,dummy,classical,0,0,0.1,2017-01-20 06:00:00,,
11,dummy,classical,0,0,0.1,2017-01-22 10:00:00,,
11,dummy,classical,0,0,0.1,2017-01-31 17:00:00,,
11,dummy,classical,0,0,0.1,2017-02-01 21:00:00,,
11,dummy,classical,0,0,0.1,2017-02-06 04:00:00,,
11,dummy,classical,0,0,0.1,2017-02-08 01:00:00,,
11,dummy,classical,0,0,0.1,2017-02-10 01:00:00,,
11,dummy,classical,0,0,0.1,2017-02-11 12:00:00,,
11,dummy,classical,0,0,0.1,2017-02-17 09:00:00,,
11,dummy,classical,0,0,0.1,2017-02-19 01:00:00,,
11,dummy,classical,0,0,0.1,2017-02-20 14:00:00,,
11,dummy,classical,0,0,0.1,2017-02-25 20:00:00,,
11,dummy,classical,0,0,0.1,2017-02-26 19:00:00,,
11,logistic,classical,0,0,0.2533617527299756,2016-05-16 09:00:00,,
11,logistic,classical,0,0,0.23834192456604184,2016-05-18 13:00:00,,
11,logistic,classical,0,0,0.25641603063918245,2016-05-23 18:00:00,,
11,logistic,classical,0,0,0.21958826018491862,2016-05-30 15:00:00,,
11,logistic,classical,0,0,0.246030929408629,2016-05-30 18:00:00,,
11,logistic,classical,0,0,0.2335288436808281,2016-06-02 20:00:00,,
11,logistic,classical,0,0,0.3042636652674405,2016-06-04 15:00:00,,
11,logistic,classical,0,0,0.25629839424467393,2016-06-06 07:00:00,,
11,logistic,classical,0,0,0.19121476015764577,2016-06-22 19:00:00,,
11,logistic,classical,0,0,0.1405113821352535,2016-06-25 02:00:00,,
11,logistic,classical,0,0,0.15891361633569423,2016-06-27 09:00:00,,
11,logistic,classical,0,0,0.20851494498818426,2016-06-27 21:00:00,,
11,logistic,classical,0,0,0.2426229476018249,2016-06-28 11:00:00,,
11,logistic,classical,0,0,0.1807689866532726,2016-07-01 00:00:00,,
11,logistic,classical,0,0,0.15818338587511122,2016-07-01 08:00:00,,
11,logistic,classical,0,0,0.22520109064323146,2016-07-09 10:00:00,,
11,logistic,classical,0,0,0.21501135327088416,2016-07-10 19:00:00,,
11,logistic,classical,0,0,0.17235537831009962,2016-07-11 18:00:00,,
11,logistic,classical,0,0,0.1732548732463669,2016-07-15 02:00:00,,
11,logistic,classical,0,0,0.30395559442194564,2016-07-19 02:00:00,,
11,logistic,classical,0,0,0.19724952053761471,2016-07-31 13:00:00,,
11,logistic,classical,0,0,0.17769430419960391,2016-07-31 23:00:00,,
11,logistic,classical,0,0,0.21090285553015395,2016-08-05 07:00:00,,
11,logistic,classical,0,0,0.14551022419720652,2016-08-07 13:00:00,,
11,logistic,classical,0,0,0.16357316775159722,2016-08-07 19:00:00,,
11,logistic,classical,0,0,0.12723883311825224,2016-08-14 09:00:00,,
11,logistic,classical,0,0,0.12434102757139905,2016-08-14 18:00:00,,
11,logistic,classical,0,0,0.14776405574382484,2016-08-17 00:00:00,,
11,logistic,classical,0,0,0.14198355114916725,2016-08-26 09:00:00,,
11,logistic,classical,0,0,0.16352844261973923,2016-08-31 04:00:00,,
11,logistic,classical,0,0,0.13556806412831868,2016-09-06 21:00:00,,
11,logistic,classical,0,0,0.34146724254971983,2016-09-14 00:00:00,,
11,logistic,classical,0,0,0.2782126094317497,2016-09-17 04:00:00,,
11,logistic,classical,0,0,0.19452590574464515,2016-09-18 10:00:00,,
11,logistic,classical,0,0,0.21193009865466794,2016-09-20 20:00:00,,
11,logistic,classical,0,0,0.3717226923383531,2016-09-22 08:00:00,,
11,logistic,classical,0,0,0.4492136223767704,2016-09-30 14:00:00,,
11,logistic,classical,0,0,0.2606217346585331,2016-10-08 00:00:00,,
11,logistic,classical,0,1,0.8015897399954102,2016-10-14 10:00:00,,
11,logistic,classical,0,0,0.13476620848407625,2016-10-20 17:00:00,,
11,logistic,classical,0,0,0.3731832682957542,2016-10-29 16:00:00,,
11,logistic,classical,0,0,0.4593295443666437,2016-10-30 14:00:00,,
11,logistic,classical,0,1,0.5145488697369524,2016-11-02 05:00:00,,
11,logistic,classical,1,1,0.6468671694404486,2016-11-02 15:00:00,,
11,logistic,classical,1,1,0.6592783633517696,2016-11-03 04:00:00,,
11,logistic,classical,0,0,0.4679540580406289,2016-11-06 22:00:00,,
11,logistic,classical,1,1,0.5610871825588694,2016-11-09 10:00:00,,
11,logistic,classical,0,1,0.5084441634377359,2016-11-11 20:00:00,,
11,logistic,classical,0,0,0.41746834941600275,2016-11-21 16:00:00,,
11,logistic,classical,0,0,0.44472091329069885,2016-11-22 02:00:00,,
11,logistic,classical,0,0,0.2893263144413158,2016-11-27 22:00:00,,
11,logistic,classical,0,0,0.4657285654178267,2016-11-28 07:00:00,,
11,logistic,classical,1,1,0.5662860450507067,2016-12-02 21:00:00,,
11,logistic,classical,0,0,0.4174099676232968,2016-12-05 13:00:00,,
11,logistic,classical,0,1,0.5176433212919439,2016-12-06 13:00:00,,
11,logistic,classical,0,1,0.7063556575360124,2016-12-08 07:00:00,,
11,logistic,classical,0,0,0.24291427395544293,2016-12-08 22:00:00,,
11,logistic,classical,0,1,0.7857963196366933,2016-12-11 22:00:00,,
11,logistic,classical,0,1,0.9147357552322305,2016-12-13 04:00:00,,
11,logistic,classical,0,1,0.54098672130927,2016-12-15 13:00:00,,
11,logistic,classical,1,1,0.5288564614175801,2016-12-15 19:00:00,,
11,logistic,classical,1,1,0.7815208511055939,2016-12-18 03:00:00,,
11,logistic,classical,0,1,0.5921698149988008,2016-12-24 12:00:00,,
11,logistic,classical,1,1,0.5843017142159683,2016-12-31 08:00:00,,
11,logistic,classical,1,1,0.7499957653778875,2016-12-31 11:00:00,,
11,logistic,classical,0,1,0.750871716763824,2017-01-01 07:00:00,,
11,logistic,classical,0,0,0.42003580142862895,2017-01-09 12:00:00,,
11,logistic,classical,0,1,0.5835521972957227,2017-01-20 06:00:00,,
11,logistic,classical,0,1,0.5113144338046567,2017-01-22 10:00:00,,
11,logistic,classical,0,1,0.6867408645091169,2017-01-31 17:00:00,,
11,logistic,classical,0,1,0.543404469282586,2017-02-01 21:00:00,,
11,logistic,classical,0,0,0.38018592348450897,2017-02-06 04:00:00,,
11,logistic,classical,0,1,0.6217138378272359,2017-02-08 01:00:00,,
11,logistic,classical,0,0,0.4360299015825768,2017-02-10 01:00:00,,
11,logistic,classical,0,0,0.43806836739171945,2017-02-11 12:00:00,,
11,logistic,classical,0,0,0.46225796185993145,2017-02-17 09:00:00,,
11,logistic,classical,0,1,0.6890651125297662,2017-02-19 01:00:00,,
11,logistic,classical,0,1,0.5259550836068211,2017-02-20 14:00:00,,
11,logistic,classical,0,0,0.35528937324737403,2017-02-25 20:00:00,,
11,logistic,classical,0,0,0.3805101301461336,2017-02-26 19:00:00,,
11,svm_linear,classical,0,0,0.0892750020322542,2016-05-16 09:00:00,,
11,svm_linear,classical,0,0,0.08454072234802755,2016-05-18 13:00:00,,
11,svm_linear,classical,0,0,0.08773572733087219,2016-05-23 18:00:00,,
11,svm_linear,classical,0,0,0.08537248980320748,2016-05-30 15:00:00,,
11,svm_linear,classical,0,0,0.08735141449389716,2016-05-30 18:00:00,,
11,svm_linear,classical,0,0,0.08755988668087474,2016-06-02 20:00:00,,
11,svm_linear,classical,0,0,0.09340028257695215,2016-06-04 15:00:00,,
11,svm_linear,classical,0,0,0.0863136633387806,2016-06-06 07:00:00,,
11,svm_linear,classical,0,0,0.07715933358524506,2016-06-22 19:00:00,,
11,svm_linear,classical,0,0,0.0783123652354764,2016-06-25 02:00:00,,
11,svm_linear,classical,0,0,0.08341836639464399,2016-06-27 09:00:00,,
11,svm_linear,classical,0,0,0.0829894170136536,2016-06-27 21:00:00,,
11,svm_linear,classical,0,0,0.08009964040251964,2016-06-28 11:00:00,,
11,svm_linear,classical,0,0,0.08202620802121961,2016-07-01 00:00:00,,
11,svm_linear,classical,0,0,0.07628702039536885,2016-07-01 08:00:00,,
11,svm_linear,classical,0,0,0.08650472758979429,2016-07-09 10:00:00,,
11,svm_linear,classical,0,0,0.0925514123840274,2016-07-10 19:00:00,,
11,svm_linear,classical,0,0,0.08176780877106708,2016-07-11 18:00:00,,
11,svm_linear,classical,0,0,0.08011790673366287,2016-07-15 02:00:00,,
11,svm_linear,classical,0,0,0.08828508072939546,2016-07-19 02:00:00,,
11,svm_linear,classical,0,0,0.07508072932873246,2016-07-31 13:00:00,,
11,svm_linear,classical,0,0,0.07740378476581515,2016-07-31 23:00:00,,
11,svm_linear,classical,0,0,0.08841431087514241,2016-08-05 07:00:00,,
11,svm_linear,classical,0,0,0.06959912173108458,2016-08-07 13:00:00,,
11,svm_linear,classical,0,0,0.07614317648138232,2016-08-07 19:00:00,,
11,svm_linear,classical,0,0,0.06984897646601933,2016-08-14 09:00:00,,
11,svm_linear,classical,0,0,0.06790102383304479,2016-08-14 18:00:00,,
11,svm_linear,classical,0,0,0.07423665565887104,2016-08-17 00:00:00,,
11,svm_linear,classical,0,0,0.07071141715348081,2016-08-26 09:00:00,,
11,svm_linear,classical,0,0,0.0755177382330235,2016-08-31 04:00:00,,
11,svm_linear,classical,0,0,0.07440810110588227,2016-09-06 21:00:00,,
11,svm_linear,classical,0,0,0.09783238043012799,2016-09-14 00:00:00,,
11,svm_linear,classical,0,0,0.08371201869163973,2016-09-17 04:00:00,,
11,svm_linear,classical,0,0,0.06971760063029107,2016-09-18 10:00:00,,
11,svm_linear,classical,0,0,0.07188950050462961,2016-09-20 20:00:00,,
11,svm_linear,classical,0,0,0.09700960950000777,2016-09-22 08:00:00,,
11,svm_linear,classical,0,0,0.10108505053115124,2016-09-30 14:00:00,,
11,svm_linear,classical,0,0,0.07805102042669854,2016-10-08 00:00:00,,
11,svm_linear,classical,0,0,0.17304354699914623,2016-10-14 10:00:00,,
11,svm_linear,classical,0,0,0.052694648079458305,2016-10-20 17:00:00,,
11,svm_linear,classical,0,0,0.08666934083724827,2016-10-29 16:00:00,,
11,svm_linear,classical,0,0,0.10746999994900602,2016-10-30 14:00:00,,
11,svm_linear,classical,0,0,0.11349575603259658,2016-11-02 05:00:00,,
11,svm_linear,classical,1,0,0.12033187338781189,2016-11-02 15:00:00,,
11,svm_linear,classical,1,0,0.13951143189386353,2016-11-03 04:00:00,,
11,svm_linear,classical,0,0,0.1003400169351854,2016-11-06 22:00:00,,
11,svm_linear,classical,1,0,0.10975941241910199,2016-11-09 10:00:00,,
11,svm_linear,classical,0,0,0.11224730022834994,2016-11-11 20:00:00,,
11,svm_linear,classical,0,0,0.08490757112553955,2016-11-21 16:00:00,,
11,svm_linear,classical,0,0,0.08811027507080099,2016-11-22 02:00:00,,
11,svm_linear,classical,0,0,0.06374122830867555,2016-11-27 22:00:00,,
11,svm_linear,classical,0,0,0.10209875939185613,2016-11-28 07:00:00,,
11,svm_linear,classical,1,0,0.11211569559293137,2016-12-02 21:00:00,,
11,svm_linear,classical,0,0,0.08723254224961301,2016-12-05 13:00:00,,
11,svm_linear,classical,0,0,0.09708917618647923,2016-12-06 13:00:00,,
11,svm_linear,classical,0,0,0.1706077098920692,2016-12-08 07:00:00,,
11,svm_linear,classical,0,0,0.06069988783532038,2016-12-08 22:00:00,,
11,svm_linear,classical,0,0,0.1621656924842335,2016-12-11 22:00:00,,
11,svm_linear,classical,0,0,0.22423107256747013,2016-12-13 04:00:00,,
11,svm_linear,classical,0,0,0.12170513512675,2016-12-15 13:00:00,,
11,svm_linear,classical,1,0,0.1177630248537528,2016-12-15 19:00:00,,
11,svm_linear,classical,1,0,0.12426019715805092,2016-12-18 03:00:00,,
11,svm_linear,classical,0,0,0.1229896426154463,2016-12-24 12:00:00,,
11,svm_linear,classical,1,0,0.07952877762650408,2016-12-31 08:00:00,,
11,svm_linear,classical,1,0,0.10923277176287714,2016-12-31 11:00:00,,
11,svm_linear,classical,0,0,0.10869028633023842,2017-01-01 07:00:00,,
11,svm_linear,classical,0,0,0.08632209193256048,2017-01-09 12:00:00,,
11,svm_linear,classical,0,0,0.10673849060106104,2017-01-20 06:00:00,,
11,svm_linear,classical,0,0,0.0900347144628668,2017-01-22 10:00:00,,
11,svm_linear,classical,0,0,0.12842993134552516,2017-01-31 17:00:00,,
11,svm_linear,classical,0,0,0.12403232086995346,2017-02-01 21:00:00,,
11,svm_linear,classical,0,0,0.08411120730003792,2017-02-06 04:00:00,,
11,svm_linear,classical,0,0,0.11677726721280986,2017-02-08 01:00:00,,
11,svm_linear,classical,0,0,0.08506263163858914,2017-02-10 01:00:00,,
11,svm_linear,classical,0,0,0.09477021314245015,2017-02-11 12:00:00,,
11,svm_linear,classical,0,0,0.10451618061870262,2017-02-17 09:00:00,,
11,svm_linear,classical,0,0,0.142462011308865,2017-02-19 01:00:00,,
11,svm_linear,classical,0,0,0.10593660181580981,2017-02-20 14:00:00,,
11,svm_linear,classical,0,0,0.08684515727201347,2017-02-25 20:00:00,,
11,svm_linear,classical,0,0,0.09168354701251447,2017-02-26 19:00:00,,
11,svm_rbf,classical,0,0,0.09428562140627073,2016-05-16 09:00:00,,
11,svm_rbf,classical,0,0,0.09468200916396569,2016-05-18 13:00:00,,
11,svm_rbf,classical,0,0,0.08450827902696818,2016-05-23 18:00:00,,
11,svm_rbf,classical,0,0,0.1044431162963504,2016-05-30 15:00:00,,
11,svm_rbf,classical,0,0,0.11732935834650403,2016-05-30 18:00:00,,
11,svm_rbf,classical,0,0,0.10015442455515737,2016-06-02 20:00:00,,
11,svm_rbf,classical,0,0,0.1052829963449718,2016-06-04 15:00:00,,
11,svm_rbf,classical,0,0,0.09893937107241561,2016-06-06 07:00:00,,
11,svm_rbf,classical,0,0,0.09318425241447958,2016-06-22 19:00:00,,
11,svm_rbf,classical,0,0,0.0854313610828411,2016-06-25 02:00:00,,
11,svm_rbf,classical,0,0,0.08953030846664611,2016-06-27 09:00:00,,
11,svm_rbf,classical,0,0,0.0860354328955183,2016-06-27 21:00:00,,
11,svm_rbf,classical,0,0,0.08693064364778758,2016-06-28 11:00:00,,
11,svm_rbf,classical,0,0,0.09416403858016353,2016-07-01 00:00:00,,
11,svm_rbf,classical,0,0,0.0895266872455695,2016-07-01 08:00:00,,
11,svm_rbf,classical,0,0,0.11068997708127999,2016-07-09 10:00:00,,
11,svm_rbf,classical,0,0,0.12772036666956008,2016-07-10 19:00:00,,
11,svm_rbf,classical,0,0,0.10509568974893363,2016-07-11 18:00:00,,
11,svm_rbf,classical,0,0,0.09167968377527268,2016-07-15 02:00:00,,
11,svm_rbf,classical,0,0,0.09377893737393661,2016-07-19 02:00:00,,
11,svm_rbf,classical,0,0,0.14125654965451862,2016-07-31 13:00:00,,
11,svm_rbf,classical,0,0,0.08066887625630013,2016-07-31 23:00:00,,
11,svm_rbf,classical,0,0,0.12742462666502652,2016-08-05 07:00:00,,
11,svm_rbf,classical,0,0,0.10268430338204489,2016-08-07 13:00:00,,
11,svm_rbf,classical,0,0,0.09700049414834071,2016-08-07 19:00:00,,
11,svm_rbf,classical,0,0,0.07899314960514235,2016-08-14 09:00:00,,
11,svm_rbf,classical,0,0,0.08020940770781253,2016-08-14 18:00:00,,
11,svm_rbf,classical,0,0,0.0838263876846471,2016-08-17 00:00:00,,
11,svm_rbf,classical,0,0,0.08037162555781244,2016-08-26 09:00:00,,
11,svm_rbf,classical,0,0,0.08642438441309042,2016-08-31 04:00:00,,
11,svm_rbf,classical,0,0,0.08352053083607826,2016-09-06 21:00:00,,
11,svm_rbf,classical,0,0,0.10790902453987812,2016-09-14 00:00:00,,
11,svm_rbf,classical,0,0,0.1298548515289481,2016-09-17 04:00:00,,
11,svm_rbf,classical,0,0,0.07689679502542679,2016-09-18 10:00:00,,
11,svm_rbf,classical,0,0,0.0872100650482734,2016-09-20 20:00:00,,
11,svm_rbf,classical,0,0,0.08665199137767704,2016-09-22 08:00:00,,
11,svm_rbf,classical,0,0,0.09611250716392417,2016-09-30 14:00:00,,
11,svm_rbf,classical,0,0,0.08196861770573967,2016-10-08 00:00:00,,
11,svm_rbf,classical,0,0,0.13635104663891862,2016-10-14 10:00:00,,
11,svm_rbf,classical,0,0,0.10875784426288787,2016-10-20 17:00:00,,
11,svm_rbf,classical,0,0,0.11148056333828626,2016-10-29 16:00:00,,
11,svm_rbf,classical,0,0,0.11128418179617089,2016-10-30 14:00:00,,
11,svm_rbf,classical,0,0,0.14585160138408462,2016-11-02 05:00:00,,
11,svm_rbf,classical,1,0,0.12643398062392427,2016-11-02 15:00:00,,
11,svm_rbf,classical,1,0,0.12491943873728022,2016-11-03 04:00:00,,
11,svm_rbf,classical,0,0,0.10048349160602162,2016-11-06 22:00:00,,
11,svm_rbf,classical,1,0,0.11192712538697584,2016-11-09 10:00:00,,
11,svm_rbf,classical,0,0,0.11054639428212443,2016-11-11 20:00:00,,
11,svm_rbf,classical,0,0,0.1981687896603297,2016-11-21 16:00:00,,
11,svm_rbf,classical,0,0,0.2242231664367187,2016-11-22 02:00:00,,
11,svm_rbf,classical,0,0,0.11201909948057091,2016-11-27 22:00:00,,
11,svm_rbf,classical,0,0,0.14056045600923237,2016-11-28 07:00:00,,
11,svm_rbf,classical,1,0,0.10193101481999704,2016-12-02 21:00:00,,
11,svm_rbf,classical,0,0,0.08612190989072765,2016-12-05 13:00:00,,
11,svm_rbf,classical,0,0,0.16858872862239446,2016-12-06 13:00:00,,
11,svm_rbf,classical,0,0,0.14745083391350874,2016-12-08 07:00:00,,
11,svm_rbf,classical,0,0,0.09243979544972074,2016-12-08 22:00:00,,
11,svm_rbf,classical,0,0,0.19283524405356992,2016-12-11 22:00:00,,
11,svm_rbf,classical,0,0,0.19920461617186072,2016-12-13 04:00:00,,
11,svm_rbf,classical,0,0,0.1858731051808824,2016-12-15 13:00:00,,
11,svm_rbf,classical,1,0,0.17326571379715716,2016-12-15 19:00:00,,
11,svm_rbf,classical,1,0,0.14087580421126875,2016-12-18 03:00:00,,
11,svm_rbf,classical,0,0,0.1628666384847287,2016-12-24 12:00:00,,
11,svm_rbf,classical,1,0,0.12309598818482707,2016-12-31 08:00:00,,
11,svm_rbf,classical,1,0,0.13540212884120365,2016-12-31 11:00:00,,
11,svm_rbf,classical,0,0,0.12870099412884128,2017-01-01 07:00:00,,
11,svm_rbf,classical,0,0,0.15438626688773924,2017-01-09 12:00:00,,
11,svm_rbf,classical,0,0,0.21600728800744962,2017-01-20 06:00:00,,
11,svm_rbf,classical,0,0,0.2170351782999811,2017-01-22 10:00:00,,
11,svm_rbf,classical,0,0,0.17014231287034084,2017-01-31 17:00:00,,
11,svm_rbf,classical,0,0,0.17502395839713122,2017-02-01 21:00:00,,
11,svm_rbf,classical,0,0,0.1365494129176351,2017-02-06 04:00:00,,
11,svm_rbf,classical,0,0,0.1873334756130929,2017-02-08 01:00:00,,
11,svm_rbf,classical,0,0,0.20631293474255685,2017-02-10 01:00:00,,
11,svm_rbf,classical,0,0,0.17728679050268528,2017-02-11 12:00:00,,
11,svm_rbf,classical,0,0,0.13713600726354194,2017-02-17 09:00:00,,
11,svm_rbf,classical,0,0,0.1425389180927009,2017-02-19 01:00:00,,
11,svm_rbf,classical,0,0,0.11948732767916782,2017-02-20 14:00:00,,
11,svm_rbf,classical,0,0,0.10952761430536613,2017-02-25 20:00:00,,
11,svm_rbf,classical,0,0,0.10886644590074478,2017-02-26 19:00:00,,
11,Q_farooq_pipeline,qsvm,0,0,0.24915197674257522,2016-05-16 09:00:00,minmax_0_1,1.0
11,Q_farooq_pipeline,qsvm,0,0,0.18590438413692395,2016-05-18 13:00:00,minmax_0_1,1.0
11,Q_farooq_pipeline,qsvm,0,0,0.27988498924553945,2016-05-23 18:00:00,minmax_0_1,1.0
11,Q_farooq_pipeline,qsvm,0,0,0.16012223324092137,2016-05-30 15:00:00,minmax_0_1,1.0
11,Q_farooq_pipeline,qsvm,0,0,0.20644136103650457,2016-05-30 18:00:00,minmax_0_1,1.0
11,Q_farooq_pipeline,qsvm,0,0,0.22452897380412215,2016-06-02 20:00:00,minmax_0_1,1.0
11,Q_farooq_pipeline,qsvm,0,0,0.2517911595262925,2016-06-04 15:00:00,minmax_0_1,1.0
11,Q_farooq_pipeline,qsvm,0,0,0.24632485106891422,2016-06-06 07:00:00,minmax_0_1,1.0
11,Q_farooq_pipeline,qsvm,0,0,0.2040499634607227,2016-06-22 19:00:00,minmax_0_1,1.0
11,Q_farooq_pipeline,qsvm,0,0,0.2738582810872968,2016-06-25 02:00:00,minmax_0_1,1.0
11,Q_farooq_pipeline,qsvm,0,0,0.1856313745650997,2016-06-27 09:00:00,minmax_0_1,1.0
11,Q_farooq_pipeline,qsvm,0,0,0.20120465359247897,2016-06-27 21:00:00,minmax_0_1,1.0
11,Q_farooq_pipeline,qsvm,0,0,0.26344377460773166,2016-06-28 11:00:00,minmax_0_1,1.0
11,Q_farooq_pipeline,qsvm,0,0,0.19231111753889532,2016-07-01 00:00:00,minmax_0_1,1.0
11,Q_farooq_pipeline,qsvm,0,0,0.16362387475537343,2016-07-01 08:00:00,minmax_0_1,1.0
11,Q_farooq_pipeline,qsvm,0,0,0.2799191647249974,2016-07-09 10:00:00,minmax_0_1,1.0
11,Q_farooq_pipeline,qsvm,0,0,0.2171971701787885,2016-07-10 19:00:00,minmax_0_1,1.0
11,Q_farooq_pipeline,qsvm,0,0,0.29706930581205565,2016-07-11 18:00:00,minmax_0_1,1.0
11,Q_farooq_pipeline,qsvm,0,0,0.26032784583976565,2016-07-15 02:00:00,minmax_0_1,1.0
11,Q_farooq_pipeline,qsvm,0,0,0.2886978688548348,2016-07-19 02:00:00,minmax_0_1,1.0
11,Q_farooq_pipeline,qsvm,0,0,0.38809529609720467,2016-07-31 13:00:00,minmax_0_1,1.0
11,Q_farooq_pipeline,qsvm,0,0,0.23935233329813665,2016-07-31 23:00:00,minmax_0_1,1.0
11,Q_farooq_pipeline,qsvm,0,0,0.3007011718111163,2016-08-05 07:00:00,minmax_0_1,1.0
11,Q_farooq_pipeline,qsvm,0,0,0.19430304680592844,2016-08-07 13:00:00,minmax_0_1,1.0
11,Q_farooq_pipeline,qsvm,0,0,0.23862176952601027,2016-08-07 19:00:00,minmax_0_1,1.0
11,Q_farooq_pipeline,qsvm,0,0,0.14271745656418292,2016-08-14 09:00:00,minmax_0_1,1.0
11,Q_farooq_pipeline,qsvm,0,0,0.22624704880701094,2016-08-14 18:00:00,minmax_0_1,1.0
11,Q_farooq_pipeline,qsvm,0,0,0.17594340648149617,2016-08-17 00:00:00,minmax_0_1,1.0
11,Q_farooq_pipeline,qsvm,0,0,0.15693239634409312,2016-08-26 09:00:00,minmax_0_1,1.0
11,Q_farooq_pipeline,qsvm,0,0,0.2949352424607468,2016-08-31 04:00:00,minmax_0_1,1.0
11,Q_farooq_pipeline,qsvm,0,0,0.2278544536726604,2016-09-06 21:00:00,minmax_0_1,1.0
11,Q_farooq_pipeline,qsvm,0,0,0.31439556727597784,2016-09-14 00:00:00,minmax_0_1,1.0
11,Q_farooq_pipeline,qsvm,0,0,0.35680002216686396,2016-09-17 04:00:00,minmax_0_1,1.0
11,Q_farooq_pipeline,qsvm,0,0,0.368711932781762,2016-09-18 10:00:00,minmax_0_1,1.0
11,Q_farooq_pipeline,qsvm,0,0,0.3397234437549615,2016-09-20 20:00:00,minmax_0_1,1.0
11,Q_farooq_pipeline,qsvm,0,0,0.305904765952918,2016-09-22 08:00:00,minmax_0_1,1.0
11,Q_farooq_pipeline,qsvm,0,0,0.3111378246572465,2016-09-30 14:00:00,minmax_0_1,1.0
11,Q_farooq_pipeline,qsvm,0,0,0.44939476535241796,2016-10-08 00:00:00,minmax_0_1,1.0
11,Q_farooq_pipeline,qsvm,0,1,0.5453289329067169,2016-10-14 10:00:00,minmax_0_1,1.0
11,Q_farooq_pipeline,qsvm,0,1,0.7573845088482903,2016-10-20 17:00:00,minmax_0_1,1.0
11,Q_farooq_pipeline,qsvm,0,1,0.5489340124385299,2016-10-29 16:00:00,minmax_0_1,1.0
11,Q_farooq_pipeline,qsvm,0,1,0.5289801384578604,2016-10-30 14:00:00,minmax_0_1,1.0
11,Q_farooq_pipeline,qsvm,0,1,0.7283350033289469,2016-11-02 05:00:00,minmax_0_1,1.0
11,Q_farooq_pipeline,qsvm,1,1,0.6516780745280576,2016-11-02 15:00:00,minmax_0_1,1.0
11,Q_farooq_pipeline,qsvm,1,1,0.5833477673277673,2016-11-03 04:00:00,minmax_0_1,1.0
11,Q_farooq_pipeline,qsvm,0,1,0.5848486814042765,2016-11-06 22:00:00,minmax_0_1,1.0
11,Q_farooq_pipeline,qsvm,1,1,0.5012617058921784,2016-11-09 10:00:00,minmax_0_1,1.0
11,Q_farooq_pipeline,qsvm,0,1,0.6795046810983776,2016-11-11 20:00:00,minmax_0_1,1.0
11,Q_farooq_pipeline,qsvm,0,0,0.4796028824348852,2016-11-21 16:00:00,minmax_0_1,1.0
11,Q_farooq_pipeline,qsvm,0,1,0.5990578032607382,2016-11-22 02:00:00,minmax_0_1,1.0
11,Q_farooq_pipeline,qsvm,0,1,0.6036850508572486,2016-11-27 22:00:00,minmax_0_1,1.0
11,Q_farooq_pipeline,qsvm,0,1,0.6049038959478769,2016-11-28 07:00:00,minmax_0_1,1.0
11,Q_farooq_pipeline,qsvm,1,1,0.6250922821437184,2016-12-02 21:00:00,minmax_0_1,1.0
11,Q_farooq_pipeline,qsvm,0,1,0.5643713758228004,2016-12-05 13:00:00,minmax_0_1,1.0
11,Q_farooq_pipeline,qsvm,0,1,0.6470121910860368,2016-12-06 13:00:00,minmax_0_1,1.0
11,Q_farooq_pipeline,qsvm,0,1,0.6505605767854069,2016-12-08 07:00:00,minmax_0_1,1.0
11,Q_farooq_pipeline,qsvm,0,1,0.5056452964217645,2016-12-08 22:00:00,minmax_0_1,1.0
11,Q_farooq_pipeline,qsvm,0,1,0.5612202980624617,2016-12-11 22:00:00,minmax_0_1,1.0
11,Q_farooq_pipeline,qsvm,0,1,0.7186554837391727,2016-12-13 04:00:00,minmax_0_1,1.0
11,Q_farooq_pipeline,qsvm,0,1,0.7483066726916355,2016-12-15 13:00:00,minmax_0_1,1.0
11,Q_farooq_pipeline,qsvm,1,1,0.66969830117335,2016-12-15 19:00:00,minmax_0_1,1.0
11,Q_farooq_pipeline,qsvm,1,1,0.8397646402698653,2016-12-18 03:00:00,minmax_0_1,1.0
11,Q_farooq_pipeline,qsvm,0,1,0.7482282574360652,2016-12-24 12:00:00,minmax_0_1,1.0
11,Q_farooq_pipeline,qsvm,1,1,0.8573127404784913,2016-12-31 08:00:00,minmax_0_1,1.0
11,Q_farooq_pipeline,qsvm,1,1,0.8005809408497523,2016-12-31 11:00:00,minmax_0_1,1.0
11,Q_farooq_pipeline,qsvm,0,1,0.7929675922089334,2017-01-01 07:00:00,minmax_0_1,1.0
11,Q_farooq_pipeline,qsvm,0,1,0.6189407532838922,2017-01-09 12:00:00,minmax_0_1,1.0
11,Q_farooq_pipeline,qsvm,0,1,0.7176366438432257,2017-01-20 06:00:00,minmax_0_1,1.0
11,Q_farooq_pipeline,qsvm,0,1,0.6807538984606475,2017-01-22 10:00:00,minmax_0_1,1.0
11,Q_farooq_pipeline,qsvm,0,1,0.6713842909659633,2017-01-31 17:00:00,minmax_0_1,1.0
11,Q_farooq_pipeline,qsvm,0,1,0.7410467721884282,2017-02-01 21:00:00,minmax_0_1,1.0
11,Q_farooq_pipeline,qsvm,0,1,0.5030353886202842,2017-02-06 04:00:00,minmax_0_1,1.0
11,Q_farooq_pipeline,qsvm,0,1,0.6660636720318812,2017-02-08 01:00:00,minmax_0_1,1.0
11,Q_farooq_pipeline,qsvm,0,1,0.6551522422314303,2017-02-10 01:00:00,minmax_0_1,1.0
11,Q_farooq_pipeline,qsvm,0,1,0.5961340881972833,2017-02-11 12:00:00,minmax_0_1,1.0
11,Q_farooq_pipeline,qsvm,0,1,0.6118718308980519,2017-02-17 09:00:00,minmax_0_1,1.0
11,Q_farooq_pipeline,qsvm,0,1,0.570225174763216,2017-02-19 01:00:00,minmax_0_1,1.0
11,Q_farooq_pipeline,qsvm,0,1,0.5505639934025087,2017-02-20 14:00:00,minmax_0_1,1.0
11,Q_farooq_pipeline,qsvm,0,1,0.5265868076862525,2017-02-25 20:00:00,minmax_0_1,1.0
11,Q_farooq_pipeline,qsvm,0,1,0.5601316015065101,2017-02-26 19:00:00,minmax_0_1,1.0
11,Q_farooq_0pi,qsvm,0,0,0.48757911426976686,2016-05-16 09:00:00,minmax_0_pi,2.0
11,Q_farooq_0pi,qsvm,0,0,0.14094647336054114,2016-05-18 13:00:00,minmax_0_pi,2.0
11,Q_farooq_0pi,qsvm,0,0,0.08797276457939941,2016-05-23 18:00:00,minmax_0_pi,2.0
11,Q_farooq_0pi,qsvm,0,0,0.2624204098316402,2016-05-30 15:00:00,minmax_0_pi,2.0
11,Q_farooq_0pi,qsvm,0,0,0.13848561041178437,2016-05-30 18:00:00,minmax_0_pi,2.0
11,Q_farooq_0pi,qsvm,0,0,0.2761573295860701,2016-06-02 20:00:00,minmax_0_pi,2.0
11,Q_farooq_0pi,qsvm,0,1,0.5112764022709017,2016-06-04 15:00:00,minmax_0_pi,2.0
11,Q_farooq_0pi,qsvm,0,0,0.10209090981822995,2016-06-06 07:00:00,minmax_0_pi,2.0
11,Q_farooq_0pi,qsvm,0,0,0.13227278597243533,2016-06-22 19:00:00,minmax_0_pi,2.0
11,Q_farooq_0pi,qsvm,0,0,0.28060527260229684,2016-06-25 02:00:00,minmax_0_pi,2.0
11,Q_farooq_0pi,qsvm,0,0,0.33547498738597453,2016-06-27 09:00:00,minmax_0_pi,2.0
11,Q_farooq_0pi,qsvm,0,0,0.1238335192245871,2016-06-27 21:00:00,minmax_0_pi,2.0
11,Q_farooq_0pi,qsvm,0,0,0.17384361540987978,2016-06-28 11:00:00,minmax_0_pi,2.0
11,Q_farooq_0pi,qsvm,0,0,0.17357098062823437,2016-07-01 00:00:00,minmax_0_pi,2.0
11,Q_farooq_0pi,qsvm,0,0,0.14511410216995937,2016-07-01 08:00:00,minmax_0_pi,2.0
11,Q_farooq_0pi,qsvm,0,0,0.24680245681879132,2016-07-09 10:00:00,minmax_0_pi,2.0
11,Q_farooq_0pi,qsvm,0,0,0.43306558232705655,2016-07-10 19:00:00,minmax_0_pi,2.0
11,Q_farooq_0pi,qsvm,0,0,0.41968046735359343,2016-07-11 18:00:00,minmax_0_pi,2.0
11,Q_farooq_0pi,qsvm,0,0,0.20662013086942885,2016-07-15 02:00:00,minmax_0_pi,2.0
11,Q_farooq_0pi,qsvm,0,0,0.47731035824517437,2016-07-19 02:00:00,minmax_0_pi,2.0
11,Q_farooq_0pi,qsvm,0,0,0.20828666401884344,2016-07-31 13:00:00,minmax_0_pi,2.0
11,Q_farooq_0pi,qsvm,0,0,0.1197431474840708,2016-07-31 23:00:00,minmax_0_pi,2.0
11,Q_farooq_0pi,qsvm,0,0,0.36841615849999654,2016-08-05 07:00:00,minmax_0_pi,2.0
11,Q_farooq_0pi,qsvm,0,0,0.166671681606015,2016-08-07 13:00:00,minmax_0_pi,2.0
11,Q_farooq_0pi,qsvm,0,0,0.12646597078005298,2016-08-07 19:00:00,minmax_0_pi,2.0
11,Q_farooq_0pi,qsvm,0,0,0.2949527594195646,2016-08-14 09:00:00,minmax_0_pi,2.0
11,Q_farooq_0pi,qsvm,0,0,0.3060004239515332,2016-08-14 18:00:00,minmax_0_pi,2.0
11,Q_farooq_0pi,qsvm,0,0,0.2519400795621582,2016-08-17 00:00:00,minmax_0_pi,2.0
11,Q_farooq_0pi,qsvm,0,0,0.4088087762203632,2016-08-26 09:00:00,minmax_0_pi,2.0
11,Q_farooq_0pi,qsvm,0,0,0.21470496460712493,2016-08-31 04:00:00,minmax_0_pi,2.0
11,Q_farooq_0pi,qsvm,0,0,0.24960144095018774,2016-09-06 21:00:00,minmax_0_pi,2.0
11,Q_farooq_0pi,qsvm,0,0,0.414708401705778,2016-09-14 00:00:00,minmax_0_pi,2.0
11,Q_farooq_0pi,qsvm,0,0,0.14495919126337023,2016-09-17 04:00:00,minmax_0_pi,2.0
11,Q_farooq_0pi,qsvm,0,0,0.3916273248468638,2016-09-18 10:00:00,minmax_0_pi,2.0
11,Q_farooq_0pi,qsvm,0,0,0.3559628456377016,2016-09-20 20:00:00,minmax_0_pi,2.0
11,Q_farooq_0pi,qsvm,0,0,0.10761185354391842,2016-09-22 08:00:00,minmax_0_pi,2.0
11,Q_farooq_0pi,qsvm,0,0,0.1786974461254759,2016-09-30 14:00:00,minmax_0_pi,2.0
11,Q_farooq_0pi,qsvm,0,0,0.486259600434332,2016-10-08 00:00:00,minmax_0_pi,2.0
11,Q_farooq_0pi,qsvm,0,0,0.4545228172240097,2016-10-14 10:00:00,minmax_0_pi,2.0
11,Q_farooq_0pi,qsvm,0,1,0.7050678525899525,2016-10-20 17:00:00,minmax_0_pi,2.0
11,Q_farooq_0pi,qsvm,0,1,0.6421949520356097,2016-10-29 16:00:00,minmax_0_pi,2.0
11,Q_farooq_0pi,qsvm,0,1,0.5015865085695161,2016-10-30 14:00:00,minmax_0_pi,2.0
11,Q_farooq_0pi,qsvm,0,1,0.5642368495919355,2016-11-02 05:00:00,minmax_0_pi,2.0
11,Q_farooq_0pi,qsvm,1,1,0.6605976235810893,2016-11-02 15:00:00,minmax_0_pi,2.0
11,Q_farooq_0pi,qsvm,1,1,0.7396264109175624,2016-11-03 04:00:00,minmax_0_pi,2.0
11,Q_farooq_0pi,qsvm,0,1,0.6474751771179414,2016-11-06 22:00:00,minmax_0_pi,2.0
11,Q_farooq_0pi,qsvm,1,1,0.7167075068200331,2016-11-09 10:00:00,minmax_0_pi,2.0
11,Q_farooq_0pi,qsvm,0,1,0.7475773844754143,2016-11-11 20:00:00,minmax_0_pi,2.0
11,Q_farooq_0pi,qsvm,0,1,0.6830302941687295,2016-11-21 16:00:00,minmax_0_pi,2.0
11,Q_farooq_0pi,qsvm,0,1,0.6307246939420508,2016-11-22 02:00:00,minmax_0_pi,2.0
11,Q_farooq_0pi,qsvm,0,1,0.5611147184328963,2016-11-27 22:00:00,minmax_0_pi,2.0
11,Q_farooq_0pi,qsvm,0,1,0.7325163600553805,2016-11-28 07:00:00,minmax_0_pi,2.0
11,Q_farooq_0pi,qsvm,1,1,0.7193723158598643,2016-12-02 21:00:00,minmax_0_pi,2.0
11,Q_farooq_0pi,qsvm,0,0,0.22820904542424983,2016-12-05 13:00:00,minmax_0_pi,2.0
11,Q_farooq_0pi,qsvm,0,1,0.5969148553852334,2016-12-06 13:00:00,minmax_0_pi,2.0
11,Q_farooq_0pi,qsvm,0,0,0.2487126449409916,2016-12-08 07:00:00,minmax_0_pi,2.0
11,Q_farooq_0pi,qsvm,0,0,0.26135977280750433,2016-12-08 22:00:00,minmax_0_pi,2.0
11,Q_farooq_0pi,qsvm,0,0,0.19098680211981783,2016-12-11 22:00:00,minmax_0_pi,2.0
11,Q_farooq_0pi,qsvm,0,1,0.6156534976185596,2016-12-13 04:00:00,minmax_0_pi,2.0
11,Q_farooq_0pi,qsvm,0,1,0.5469971779705842,2016-12-15 13:00:00,minmax_0_pi,2.0
11,Q_farooq_0pi,qsvm,1,1,0.6060781048023737,2016-12-15 19:00:00,minmax_0_pi,2.0
11,Q_farooq_0pi,qsvm,1,1,0.6639354555103525,2016-12-18 03:00:00,minmax_0_pi,2.0
11,Q_farooq_0pi,qsvm,0,1,0.6407933250575616,2016-12-24 12:00:00,minmax_0_pi,2.0
11,Q_farooq_0pi,qsvm,1,1,0.7241037638519974,2016-12-31 08:00:00,minmax_0_pi,2.0
11,Q_farooq_0pi,qsvm,1,1,0.7093559446455581,2016-12-31 11:00:00,minmax_0_pi,2.0
11,Q_farooq_0pi,qsvm,0,0,0.45124848329382083,2017-01-01 07:00:00,minmax_0_pi,2.0
11,Q_farooq_0pi,qsvm,0,1,0.8399878635473114,2017-01-09 12:00:00,minmax_0_pi,2.0
11,Q_farooq_0pi,qsvm,0,0,0.4734755313701168,2017-01-20 06:00:00,minmax_0_pi,2.0
11,Q_farooq_0pi,qsvm,0,1,0.5051710611373759,2017-01-22 10:00:00,minmax_0_pi,2.0
11,Q_farooq_0pi,qsvm,0,1,0.7329517349579214,2017-01-31 17:00:00,minmax_0_pi,2.0
11,Q_farooq_0pi,qsvm,0,0,0.4826293454065873,2017-02-01 21:00:00,minmax_0_pi,2.0
11,Q_farooq_0pi,qsvm,0,1,0.7972078248262767,2017-02-06 04:00:00,minmax_0_pi,2.0
11,Q_farooq_0pi,qsvm,0,1,0.6800115519283884,2017-02-08 01:00:00,minmax_0_pi,2.0
11,Q_farooq_0pi,qsvm,0,1,0.64338513149016,2017-02-10 01:00:00,minmax_0_pi,2.0
11,Q_farooq_0pi,qsvm,0,1,0.7219211327289352,2017-02-11 12:00:00,minmax_0_pi,2.0
11,Q_farooq_0pi,qsvm,0,1,0.6670648357893633,2017-02-17 09:00:00,minmax_0_pi,2.0
11,Q_farooq_0pi,qsvm,0,1,0.6403731630213838,2017-02-19 01:00:00,minmax_0_pi,2.0
11,Q_farooq_0pi,qsvm,0,1,0.6872576891422952,2017-02-20 14:00:00,minmax_0_pi,2.0
11,Q_farooq_0pi,qsvm,0,1,0.7510149094826422,2017-02-25 20:00:00,minmax_0_pi,2.0
11,Q_farooq_0pi,qsvm,0,1,0.734077714636875,2017-02-26 19:00:00,minmax_0_pi,2.0
13,dummy,classical,0,0,0.1,2016-05-17 03:00:00,,
13,dummy,classical,0,0,0.1,2016-05-17 08:00:00,,
13,dummy,classical,0,0,0.1,2016-05-23 08:00:00,,
13,dummy,classical,0,0,0.1,2016-05-24 11:00:00,,
13,dummy,classical,0,0,0.1,2016-06-04 05:00:00,,
13,dummy,classical,0,0,0.1,2016-06-05 02:00:00,,
13,dummy,classical,0,0,0.1,2016-06-07 01:00:00,,
13,dummy,classical,0,0,0.1,2016-06-15 23:00:00,,
13,dummy,classical,0,0,0.1,2016-06-23 15:00:00,,
13,dummy,classical,0,0,0.1,2016-06-27 13:00:00,,
13,dummy,classical,0,0,0.1,2016-06-30 10:00:00,,
13,dummy,classical,0,0,0.1,2016-07-07 22:00:00,,
13,dummy,classical,0,0,0.1,2016-07-19 07:00:00,,
13,dummy,classical,0,0,0.1,2016-07-20 12:00:00,,
13,dummy,classical,0,0,0.1,2016-07-21 19:00:00,,
13,dummy,classical,0,0,0.1,2016-07-22 17:00:00,,
13,dummy,classical,0,0,0.1,2016-07-23 16:00:00,,
13,dummy,classical,0,0,0.1,2016-07-27 10:00:00,,
13,dummy,classical,0,0,0.1,2016-07-31 12:00:00,,
13,dummy,classical,0,0,0.1,2016-07-31 17:00:00,,
13,dummy,classical,0,0,0.1,2016-08-06 06:00:00,,
13,dummy,classical,0,0,0.1,2016-08-08 00:00:00,,
13,dummy,classical,0,0,0.1,2016-08-09 02:00:00,,
13,dummy,classical,0,0,0.1,2016-08-09 22:00:00,,
13,dummy,classical,0,0,0.1,2016-08-10 21:00:00,,
13,dummy,classical,0,0,0.1,2016-08-12 20:00:00,,
13,dummy,classical,0,0,0.1,2016-08-13 21:00:00,,
13,dummy,classical,0,0,0.1,2016-08-14 10:00:00,,
13,dummy,classical,0,0,0.1,2016-08-15 03:00:00,,
13,dummy,classical,0,0,0.1,2016-08-15 15:00:00,,
13,dummy,classical,0,0,0.1,2016-08-16 16:00:00,,
13,dummy,classical,0,0,0.1,2016-08-22 11:00:00,,
13,dummy,classical,0,0,0.1,2016-08-31 10:00:00,,
13,dummy,classical,0,0,0.1,2016-09-11 01:00:00,,
13,dummy,classical,0,0,0.1,2016-09-12 17:00:00,,
13,dummy,classical,0,0,0.1,2016-09-15 19:00:00,,
13,dummy,classical,0,0,0.1,2016-09-21 02:00:00,,
13,dummy,classical,0,0,0.1,2016-09-22 01:00:00,,
13,dummy,classical,0,0,0.1,2016-09-24 07:00:00,,
13,dummy,classical,0,0,0.1,2016-09-27 12:00:00,,
13,dummy,classical,0,0,0.1,2016-10-06 03:00:00,,
13,dummy,classical,0,0,0.1,2016-10-11 19:00:00,,
13,dummy,classical,1,0,0.1,2016-10-12 23:00:00,,
13,dummy,classical,0,0,0.1,2016-10-17 06:00:00,,
13,dummy,classical,0,0,0.1,2016-10-20 05:00:00,,
13,dummy,classical,0,0,0.1,2016-10-20 14:00:00,,
13,dummy,classical,0,0,0.1,2016-10-28 21:00:00,,
13,dummy,classical,0,0,0.1,2016-10-30 19:00:00,,
13,dummy,classical,0,0,0.1,2016-10-31 05:00:00,,
13,dummy,classical,1,0,0.1,2016-11-02 20:00:00,,
13,dummy,classical,1,0,0.1,2016-11-02 23:00:00,,
13,dummy,classical,1,0,0.1,2016-11-03 02:00:00,,
13,dummy,classical,0,0,0.1,2016-11-06 12:00:00,,
13,dummy,classical,0,0,0.1,2016-11-08 00:00:00,,
13,dummy,classical,0,0,0.1,2016-11-09 20:00:00,,
13,dummy,classical,0,0,0.1,2016-11-09 21:00:00,,
13,dummy,classical,0,0,0.1,2016-11-29 03:00:00,,
13,dummy,classical,0,0,0.1,2016-12-05 20:00:00,,
13,dummy,classical,1,0,0.1,2016-12-18 08:00:00,,
13,dummy,classical,0,0,0.1,2016-12-26 02:00:00,,
13,dummy,classical,0,0,0.1,2016-12-27 23:00:00,,
13,dummy,classical,0,0,0.1,2016-12-29 12:00:00,,
13,dummy,classical,1,0,0.1,2017-01-06 00:00:00,,
13,dummy,classical,0,0,0.1,2017-01-11 07:00:00,,
13,dummy,classical,0,0,0.1,2017-01-17 06:00:00,,
13,dummy,classical,0,0,0.1,2017-01-19 20:00:00,,
13,dummy,classical,0,0,0.1,2017-01-20 10:00:00,,
13,dummy,classical,0,0,0.1,2017-01-20 14:00:00,,
13,dummy,classical,0,0,0.1,2017-01-23 18:00:00,,
13,dummy,classical,1,0,0.1,2017-01-25 07:00:00,,
13,dummy,classical,0,0,0.1,2017-01-25 21:00:00,,
13,dummy,classical,1,0,0.1,2017-01-27 16:00:00,,
13,dummy,classical,0,0,0.1,2017-02-01 17:00:00,,
13,dummy,classical,0,0,0.1,2017-02-07 08:00:00,,
13,dummy,classical,0,0,0.1,2017-02-08 10:00:00,,
13,dummy,classical,0,0,0.1,2017-02-08 13:00:00,,
13,dummy,classical,0,0,0.1,2017-02-17 09:00:00,,
13,dummy,classical,0,0,0.1,2017-02-23 07:00:00,,
13,dummy,classical,0,0,0.1,2017-02-24 10:00:00,,
13,dummy,classical,0,0,0.1,2017-02-27 13:00:00,,
13,logistic,classical,0,1,0.5192552999728922,2016-05-17 03:00:00,,
13,logistic,classical,0,0,0.33167603461853845,2016-05-17 08:00:00,,
13,logistic,classical,0,0,0.20962739099534863,2016-05-23 08:00:00,,
13,logistic,classical,0,0,0.2400109512904334,2016-05-24 11:00:00,,
13,logistic,classical,0,0,0.3073680576885436,2016-06-04 05:00:00,,
13,logistic,classical,0,0,0.3450086432760392,2016-06-05 02:00:00,,
13,logistic,classical,0,0,0.45041011756846466,2016-06-07 01:00:00,,
13,logistic,classical,0,0,0.19286281102049393,2016-06-15 23:00:00,,
13,logistic,classical,0,0,0.25800905141902525,2016-06-23 15:00:00,,
13,logistic,classical,0,0,0.2167227873143751,2016-06-27 13:00:00,,
13,logistic,classical,0,0,0.3252021040887106,2016-06-30 10:00:00,,
13,logistic,classical,0,0,0.4807542164510314,2016-07-07 22:00:00,,
13,logistic,classical,0,0,0.34594627674909095,2016-07-19 07:00:00,,
13,logistic,classical,0,0,0.1739309118570462,2016-07-20 12:00:00,,
13,logistic,classical,0,0,0.08970929515733007,2016-07-21 19:00:00,,
13,logistic,classical,0,0,0.29837322170508446,2016-07-22 17:00:00,,
13,logistic,classical,0,0,0.43294468931932584,2016-07-23 16:00:00,,
13,logistic,classical,0,0,0.16020970137237006,2016-07-27 10:00:00,,
13,logistic,classical,0,0,0.26688587135130626,2016-07-31 12:00:00,,
13,logistic,classical,0,0,0.16768523289212917,2016-07-31 17:00:00,,
13,logistic,classical,0,0,0.2713836735668315,2016-08-06 06:00:00,,
13,logistic,classical,0,0,0.10900519189761629,2016-08-08 00:00:00,,
13,logistic,classical,0,0,0.14933920584426244,2016-08-09 02:00:00,,
13,logistic,classical,0,0,0.21718846514056206,2016-08-09 22:00:00,,
13,logistic,classical,0,0,0.2541879921688233,2016-08-10 21:00:00,,
13,logistic,classical,0,0,0.20044068747886618,2016-08-12 20:00:00,,
13,logistic,classical,0,0,0.11023994799603813,2016-08-13 21:00:00,,
13,logistic,classical,0,0,0.0976099722165742,2016-08-14 10:00:00,,
13,logistic,classical,0,0,0.12675505712069507,2016-08-15 03:00:00,,
13,logistic,classical,0,0,0.12449851620450075,2016-08-15 15:00:00,,
13,logistic,classical,0,0,0.15964052461060924,2016-08-16 16:00:00,,
13,logistic,classical,0,0,0.21761534017197923,2016-08-22 11:00:00,,
13,logistic,classical,0,0,0.24130931599618688,2016-08-31 10:00:00,,
13,logistic,classical,0,0,0.13707662357427347,2016-09-11 01:00:00,,
13,logistic,classical,0,0,0.15415290773940352,2016-09-12 17:00:00,,
13,logistic,classical,0,0,0.2537170515239435,2016-09-15 19:00:00,,
13,logistic,classical,0,0,0.1855611556499067,2016-09-21 02:00:00,,
13,logistic,classical,0,0,0.2506290255432037,2016-09-22 01:00:00,,
13,logistic,classical,0,0,0.44948047199633756,2016-09-24 07:00:00,,
13,logistic,classical,0,0,0.16071998049175343,2016-09-27 12:00:00,,
13,logistic,classical,0,0,0.20217427022057902,2016-10-06 03:00:00,,
13,logistic,classical,0,1,0.5478099989859953,2016-10-11 19:00:00,,
13,logistic,classical,1,0,0.25820314078474277,2016-10-12 23:00:00,,
13,logistic,classical,0,0,0.4165717397343917,2016-10-17 06:00:00,,
13,logistic,classical,0,1,0.88838784142656,2016-10-20 05:00:00,,
13,logistic,classical,0,1,0.7578452491139602,2016-10-20 14:00:00,,
13,logistic,classical,0,0,0.08233847650566664,2016-10-28 21:00:00,,
13,logistic,classical,0,0,0.18652689736609007,2016-10-30 19:00:00,,
13,logistic,classical,0,0,0.1369110265630287,2016-10-31 05:00:00,,
13,logistic,classical,1,1,0.5757494248021372,2016-11-02 20:00:00,,
13,logistic,classical,1,1,0.615115599271108,2016-11-02 23:00:00,,
13,logistic,classical,1,1,0.5786652558644191,2016-11-03 02:00:00,,
13,logistic,classical,0,0,0.4190158260467887,2016-11-06 12:00:00,,
13,logistic,classical,0,0,0.12473184874107794,2016-11-08 00:00:00,,
13,logistic,classical,0,1,0.5588167892043756,2016-11-09 20:00:00,,
13,logistic,classical,0,1,0.5875316173971524,2016-11-09 21:00:00,,
13,logistic,classical,0,0,0.3201386911687063,2016-11-29 03:00:00,,
13,logistic,classical,0,0,0.21369581651543348,2016-12-05 20:00:00,,
13,logistic,classical,1,1,0.9025508483546217,2016-12-18 08:00:00,,
13,logistic,classical,0,1,0.6485949009754015,2016-12-26 02:00:00,,
13,logistic,classical,0,0,0.12087588165770201,2016-12-27 23:00:00,,
13,logistic,classical,0,0,0.09020665136567123,2016-12-29 12:00:00,,
13,logistic,classical,1,1,0.8481016836061809,2017-01-06 00:00:00,,
13,logistic,classical,0,0,0.15213059066802964,2017-01-11 07:00:00,,
13,logistic,classical,0,0,0.3815443940966872,2017-01-17 06:00:00,,
13,logistic,classical,0,0,0.16091689306479756,2017-01-19 20:00:00,,
13,logistic,classical,0,0,0.09593087686615036,2017-01-20 10:00:00,,
13,logistic,classical,0,0,0.08976261497672026,2017-01-20 14:00:00,,
13,logistic,classical,0,0,0.14746862712149986,2017-01-23 18:00:00,,
13,logistic,classical,1,0,0.4827114853323643,2017-01-25 07:00:00,,
13,logistic,classical,0,1,0.7298753654597137,2017-01-25 21:00:00,,
13,logistic,classical,1,0,0.11130649120022897,2017-01-27 16:00:00,,
13,logistic,classical,0,0,0.1158923521733952,2017-02-01 17:00:00,,
13,logistic,classical,0,0,0.11618637149116458,2017-02-07 08:00:00,,
13,logistic,classical,0,0,0.26519726677565975,2017-02-08 10:00:00,,
13,logistic,classical,0,0,0.27031460507352956,2017-02-08 13:00:00,,
13,logistic,classical,0,0,0.11835419105668757,2017-02-17 09:00:00,,
13,logistic,classical,0,0,0.1409844201591899,2017-02-23 07:00:00,,
13,logistic,classical,0,0,0.1581113331759691,2017-02-24 10:00:00,,
13,logistic,classical,0,0,0.3718721526232522,2017-02-27 13:00:00,,
13,svm_linear,classical,0,0,0.10434148374778414,2016-05-17 03:00:00,,
13,svm_linear,classical,0,0,0.08481537852033756,2016-05-17 08:00:00,,
13,svm_linear,classical,0,0,0.07197595152663559,2016-05-23 08:00:00,,
13,svm_linear,classical,0,0,0.07642988918735545,2016-05-24 11:00:00,,
13,svm_linear,classical,0,0,0.08102359677096806,2016-06-04 05:00:00,,
13,svm_linear,classical,0,0,0.08231338786201309,2016-06-05 02:00:00,,
13,svm_linear,classical,0,0,0.09431509322879111,2016-06-07 01:00:00,,
13,svm_linear,classical,0,0,0.07251917238690506,2016-06-15 23:00:00,,
13,svm_linear,classical,0,0,0.07560542059294452,2016-06-23 15:00:00,,
13,svm_linear,classical,0,0,0.07330249217482959,2016-06-27 13:00:00,,
13,svm_linear,classical,0,0,0.08202539471610458,2016-06-30 10:00:00,,
13,svm_linear,classical,0,0,0.09268344898531111,2016-07-07 22:00:00,,
13,svm_linear,classical,0,0,0.08109466791146387,2016-07-19 07:00:00,,
13,svm_linear,classical,0,0,0.06977502870065674,2016-07-20 12:00:00,,
13,svm_linear,classical,0,0,0.06134834033188664,2016-07-21 19:00:00,,
13,svm_linear,classical,0,0,0.07793152943051541,2016-07-22 17:00:00,,
13,svm_linear,classical,0,0,0.09320675863709345,2016-07-23 16:00:00,,
13,svm_linear,classical,0,0,0.06829200469806482,2016-07-27 10:00:00,,
13,svm_linear,classical,0,0,0.07893746179591458,2016-07-31 12:00:00,,
13,svm_linear,classical,0,0,0.06786095024913817,2016-07-31 17:00:00,,
13,svm_linear,classical,0,0,0.07607307313125682,2016-08-06 06:00:00,,
13,svm_linear,classical,0,0,0.06339649761202304,2016-08-08 00:00:00,,
13,svm_linear,classical,0,0,0.06786312546552792,2016-08-09 02:00:00,,
13,svm_linear,classical,0,0,0.07387084714475795,2016-08-09 22:00:00,,
13,svm_linear,classical,0,0,0.07485366347981769,2016-08-10 21:00:00,,
13,svm_linear,classical,0,0,0.07294421452023396,2016-08-12 20:00:00,,
13,svm_linear,classical,0,0,0.06368036670407452,2016-08-13 21:00:00,,
13,svm_linear,classical,0,0,0.06323996958930564,2016-08-14 10:00:00,,
13,svm_linear,classical,0,0,0.06581831943437079,2016-08-15 03:00:00,,
13,svm_linear,classical,0,0,0.06606247732196784,2016-08-15 15:00:00,,
13,svm_linear,classical,0,0,0.06857705949588508,2016-08-16 16:00:00,,
13,svm_linear,classical,0,0,0.07302375798642828,2016-08-22 11:00:00,,
13,svm_linear,classical,0,0,0.07728112320033524,2016-08-31 10:00:00,,
13,svm_linear,classical,0,0,0.06746991459240904,2016-09-11 01:00:00,,
13,svm_linear,classical,0,0,0.06754020344931379,2016-09-12 17:00:00,,
13,svm_linear,classical,0,0,0.07608271306319865,2016-09-15 19:00:00,,
13,svm_linear,classical,0,0,0.07108771773908137,2016-09-21 02:00:00,,
13,svm_linear,classical,0,0,0.07636500579511066,2016-09-22 01:00:00,,
13,svm_linear,classical,0,0,0.10501821847150113,2016-09-24 07:00:00,,
13,svm_linear,classical,0,0,0.07063496542161636,2016-09-27 12:00:00,,
13,svm_linear,classical,0,0,0.0728266258962783,2016-10-06 03:00:00,,
13,svm_linear,classical,0,0,0.1103668230865375,2016-10-11 19:00:00,,
13,svm_linear,classical,1,0,0.07720738438491755,2016-10-12 23:00:00,,
13,svm_linear,classical,0,0,0.0924422374983332,2016-10-17 06:00:00,,
13,svm_linear,classical,0,0,0.18974794235216694,2016-10-20 05:00:00,,
13,svm_linear,classical,0,0,0.22796999095901682,2016-10-20 14:00:00,,
13,svm_linear,classical,0,0,0.06266779263306017,2016-10-28 21:00:00,,
13,svm_linear,classical,0,0,0.07535222707419433,2016-10-30 19:00:00,,
13,svm_linear,classical,0,0,0.0695637432216895,2016-10-31 05:00:00,,
13,svm_linear,classical,1,0,0.11330114080167654,2016-11-02 20:00:00,,
13,svm_linear,classical,1,0,0.11883582505054902,2016-11-02 23:00:00,,
13,svm_linear,classical,1,0,0.11566420293264927,2016-11-03 02:00:00,,
13,svm_linear,classical,0,0,0.1038060988749282,2016-11-06 12:00:00,,
13,svm_linear,classical,0,0,0.06761223626458708,2016-11-08 00:00:00,,
13,svm_linear,classical,0,0,0.11849553261148615,2016-11-09 20:00:00,,
13,svm_linear,classical,0,0,0.12510650184694072,2016-11-09 21:00:00,,
13,svm_linear,classical,0,0,0.08950734542350268,2016-11-29 03:00:00,,
13,svm_linear,classical,0,0,0.08339966370009781,2016-12-05 20:00:00,,
13,svm_linear,classical,1,0,0.27015832456705186,2016-12-18 08:00:00,,
13,svm_linear,classical,0,0,0.12341143411780157,2016-12-26 02:00:00,,
13,svm_linear,classical,0,0,0.068546279605062,2016-12-27 23:00:00,,
13,svm_linear,classical,0,0,0.06457417089943755,2016-12-29 12:00:00,,
13,svm_linear,classical,1,0,0.17474473969397475,2017-01-06 00:00:00,,
13,svm_linear,classical,0,0,0.07262688121717821,2017-01-11 07:00:00,,
13,svm_linear,classical,0,0,0.09954999062390023,2017-01-17 06:00:00,,
13,svm_linear,classical,0,0,0.07556997159594092,2017-01-19 20:00:00,,
13,svm_linear,classical,0,0,0.06524095175232807,2017-01-20 10:00:00,,
13,svm_linear,classical,0,0,0.06458890962246296,2017-01-20 14:00:00,,
13,svm_linear,classical,0,0,0.07124103764218463,2017-01-23 18:00:00,,
13,svm_linear,classical,1,0,0.12403403874447266,2017-01-25 07:00:00,,
13,svm_linear,classical,0,0,0.14441148111971758,2017-01-25 21:00:00,,
13,svm_linear,classical,1,0,0.06715026896940586,2017-01-27 16:00:00,,
13,svm_linear,classical,0,0,0.06753201887777198,2017-02-01 17:00:00,,
13,svm_linear,classical,0,0,0.06760251012964232,2017-02-07 08:00:00,,
13,svm_linear,classical,0,0,0.09325669699917973,2017-02-08 10:00:00,,
13,svm_linear,classical,0,0,0.09442159708769778,2017-02-08 13:00:00,,
13,svm_linear,classical,0,0,0.06673130026844372,2017-02-17 09:00:00,,
13,svm_linear,classical,0,0,0.07193064291380116,2017-02-23 07:00:00,,
13,svm_linear,classical,0,0,0.07183116883203673,2017-02-24 10:00:00,,
13,svm_linear,classical,0,0,0.0915233699738857,2017-02-27 13:00:00,,
13,svm_rbf,classical,0,0,0.0748527235518358,2016-05-17 03:00:00,,
13,svm_rbf,classical,0,0,0.05623426567139944,2016-05-17 08:00:00,,
13,svm_rbf,classical,0,0,0.06001937357080082,2016-05-23 08:00:00,,
13,svm_rbf,classical,0,0,0.05801237430711228,2016-05-24 11:00:00,,
13,svm_rbf,classical,0,0,0.10707416896337107,2016-06-04 05:00:00,,
13,svm_rbf,classical,0,0,0.10315510576470503,2016-06-05 02:00:00,,
13,svm_rbf,classical,0,0,0.10014953497966646,2016-06-07 01:00:00,,
13,svm_rbf,classical,0,0,0.04815375779011586,2016-06-15 23:00:00,,
13,svm_rbf,classical,0,0,0.0700902911040187,2016-06-23 15:00:00,,
13,svm_rbf,classical,0,0,0.0552846503224394,2016-06-27 13:00:00,,
13,svm_rbf,classical,0,0,0.09189717010493752,2016-06-30 10:00:00,,
13,svm_rbf,classical,0,0,0.14735276787390875,2016-07-07 22:00:00,,
13,svm_rbf,classical,0,0,0.10116192326975411,2016-07-19 07:00:00,,
13,svm_rbf,classical,0,0,0.057618521253095335,2016-07-20 12:00:00,,
13,svm_rbf,classical,0,0,0.048885834630678006,2016-07-21 19:00:00,,
13,svm_rbf,classical,0,0,0.08424161787682077,2016-07-22 17:00:00,,
13,svm_rbf,classical,0,0,0.11582775824400897,2016-07-23 16:00:00,,
13,svm_rbf,classical,0,0,0.04936335811368766,2016-07-27 10:00:00,,
13,svm_rbf,classical,0,0,0.05989807671590427,2016-07-31 12:00:00,,
13,svm_rbf,classical,0,0,0.05540788223347894,2016-07-31 17:00:00,,
13,svm_rbf,classical,0,0,0.07418787115595775,2016-08-06 06:00:00,,
13,svm_rbf,classical,0,0,0.04760389048655714,2016-08-08 00:00:00,,
13,svm_rbf,classical,0,0,0.04794730508121218,2016-08-09 02:00:00,,
13,svm_rbf,classical,0,0,0.05488283983142639,2016-08-09 22:00:00,,
13,svm_rbf,classical,0,0,0.06720930320691937,2016-08-10 21:00:00,,
13,svm_rbf,classical,0,0,0.05796709152056847,2016-08-12 20:00:00,,
13,svm_rbf,classical,0,0,0.048808957720110645,2016-08-13 21:00:00,,
13,svm_rbf,classical,0,0,0.047608974461717524,2016-08-14 10:00:00,,
13,svm_rbf,classical,0,0,0.04587203082976135,2016-08-15 03:00:00,,
13,svm_rbf,classical,0,0,0.0453266218775723,2016-08-15 15:00:00,,
13,svm_rbf,classical,0,0,0.046285202895684795,2016-08-16 16:00:00,,
13,svm_rbf,classical,0,0,0.057809147795826965,2016-08-22 11:00:00,,
13,svm_rbf,classical,0,0,0.04965078621832286,2016-08-31 10:00:00,,
13,svm_rbf,classical,0,0,0.04442132613676018,2016-09-11 01:00:00,,
13,svm_rbf,classical,0,0,0.05273002711693753,2016-09-12 17:00:00,,
13,svm_rbf,classical,0,0,0.06414062053063266,2016-09-15 19:00:00,,
13,svm_rbf,classical,0,0,0.05377425349448193,2016-09-21 02:00:00,,
13,svm_rbf,classical,0,0,0.09020869306726133,2016-09-22 01:00:00,,
13,svm_rbf,classical,0,0,0.10066937302051447,2016-09-24 07:00:00,,
13,svm_rbf,classical,0,0,0.05965286010435076,2016-09-27 12:00:00,,
13,svm_rbf,classical,0,0,0.07873426358046516,2016-10-06 03:00:00,,
13,svm_rbf,classical,0,0,0.2435112451593313,2016-10-11 19:00:00,,
13,svm_rbf,classical,1,0,0.11202760617569911,2016-10-12 23:00:00,,
13,svm_rbf,classical,0,0,0.19494489659551692,2016-10-17 06:00:00,,
13,svm_rbf,classical,0,0,0.1407156740034,2016-10-20 05:00:00,,
13,svm_rbf,classical,0,0,0.07840672531267993,2016-10-20 14:00:00,,
13,svm_rbf,classical,0,0,0.06806781409426499,2016-10-28 21:00:00,,
13,svm_rbf,classical,0,0,0.07584832027512628,2016-10-30 19:00:00,,
13,svm_rbf,classical,0,0,0.06605839432557953,2016-10-31 05:00:00,,
13,svm_rbf,classical,1,0,0.1962072417901596,2016-11-02 20:00:00,,
13,svm_rbf,classical,1,0,0.21979039339470005,2016-11-02 23:00:00,,
13,svm_rbf,classical,1,0,0.2145418544455492,2016-11-03 02:00:00,,
13,svm_rbf,classical,0,0,0.1318520376136575,2016-11-06 12:00:00,,
13,svm_rbf,classical,0,0,0.06708447887631262,2016-11-08 00:00:00,,
13,svm_rbf,classical,0,0,0.16830850530570318,2016-11-09 20:00:00,,
13,svm_rbf,classical,0,0,0.17016608533363642,2016-11-09 21:00:00,,
13,svm_rbf,classical,0,0,0.08902419590846762,2016-11-29 03:00:00,,
13,svm_rbf,classical,0,0,0.06301572575811194,2016-12-05 20:00:00,,
13,svm_rbf,classical,1,0,0.13106333465027312,2016-12-18 08:00:00,,
13,svm_rbf,classical,0,0,0.14800112672900573,2016-12-26 02:00:00,,
13,svm_rbf,classical,0,0,0.058423316928431446,2016-12-27 23:00:00,,
13,svm_rbf,classical,0,0,0.060619078599142014,2016-12-29 12:00:00,,
13,svm_rbf,classical,1,0,0.17419796370268023,2017-01-06 00:00:00,,
13,svm_rbf,classical,0,0,0.05927538005608335,2017-01-11 07:00:00,,
13,svm_rbf,classical,0,0,0.0936810752152074,2017-01-17 06:00:00,,
13,svm_rbf,classical,0,0,0.060102777262024364,2017-01-19 20:00:00,,
13,svm_rbf,classical,0,0,0.05764999307766,2017-01-20 10:00:00,,
13,svm_rbf,classical,0,0,0.05775342658822464,2017-01-20 14:00:00,,
13,svm_rbf,classical,0,0,0.05560371811751569,2017-01-23 18:00:00,,
13,svm_rbf,classical,1,0,0.0891714504460344,2017-01-25 07:00:00,,
13,svm_rbf,classical,0,0,0.14640148621982751,2017-01-25 21:00:00,,
13,svm_rbf,classical,1,0,0.06292995210088227,2017-01-27 16:00:00,,
13,svm_rbf,classical,0,0,0.060136946488930844,2017-02-01 17:00:00,,
13,svm_rbf,classical,0,0,0.06351577000431635,2017-02-07 08:00:00,,
13,svm_rbf,classical,0,0,0.07124912726375117,2017-02-08 10:00:00,,
13,svm_rbf,classical,0,0,0.07146037362275787,2017-02-08 13:00:00,,
13,svm_rbf,classical,0,0,0.06560073702015214,2017-02-17 09:00:00,,
13,svm_rbf,classical,0,0,0.0617660081929566,2017-02-23 07:00:00,,
13,svm_rbf,classical,0,0,0.07080161833243533,2017-02-24 10:00:00,,
13,svm_rbf,classical,0,0,0.11994252775981114,2017-02-27 13:00:00,,
13,Q_farooq_pipeline,qsvm,0,0,0.18369700731868746,2016-05-17 03:00:00,minmax_0_1,1.0
13,Q_farooq_pipeline,qsvm,0,0,0.2226283642711851,2016-05-17 08:00:00,minmax_0_1,1.0
13,Q_farooq_pipeline,qsvm,0,0,0.23206217408159321,2016-05-23 08:00:00,minmax_0_1,1.0
13,Q_farooq_pipeline,qsvm,0,0,0.36094155742195205,2016-05-24 11:00:00,minmax_0_1,1.0
13,Q_farooq_pipeline,qsvm,0,0,0.30004437118244465,2016-06-04 05:00:00,minmax_0_1,1.0
13,Q_farooq_pipeline,qsvm,0,0,0.22830110693034367,2016-06-05 02:00:00,minmax_0_1,1.0
13,Q_farooq_pipeline,qsvm,0,0,0.2885565410911508,2016-06-07 01:00:00,minmax_0_1,1.0
13,Q_farooq_pipeline,qsvm,0,0,0.1888922936599005,2016-06-15 23:00:00,minmax_0_1,1.0
13,Q_farooq_pipeline,qsvm,0,0,0.34493671243393914,2016-06-23 15:00:00,minmax_0_1,1.0
13,Q_farooq_pipeline,qsvm,0,0,0.3176664483189042,2016-06-27 13:00:00,minmax_0_1,1.0
13,Q_farooq_pipeline,qsvm,0,0,0.23565002075928648,2016-06-30 10:00:00,minmax_0_1,1.0
13,Q_farooq_pipeline,qsvm,0,1,0.5145468925958204,2016-07-07 22:00:00,minmax_0_1,1.0
13,Q_farooq_pipeline,qsvm,0,0,0.3427509173897941,2016-07-19 07:00:00,minmax_0_1,1.0
13,Q_farooq_pipeline,qsvm,0,0,0.26955551480982337,2016-07-20 12:00:00,minmax_0_1,1.0
13,Q_farooq_pipeline,qsvm,0,0,0.1873546328539163,2016-07-21 19:00:00,minmax_0_1,1.0
13,Q_farooq_pipeline,qsvm,0,0,0.36079641959996883,2016-07-22 17:00:00,minmax_0_1,1.0
13,Q_farooq_pipeline,qsvm,0,0,0.49137151376994953,2016-07-23 16:00:00,minmax_0_1,1.0
13,Q_farooq_pipeline,qsvm,0,0,0.23982929837460096,2016-07-27 10:00:00,minmax_0_1,1.0
13,Q_farooq_pipeline,qsvm,0,0,0.3951591338626824,2016-07-31 12:00:00,minmax_0_1,1.0
13,Q_farooq_pipeline,qsvm,0,0,0.27501085860054925,2016-07-31 17:00:00,minmax_0_1,1.0
13,Q_farooq_pipeline,qsvm,0,0,0.36210112341247047,2016-08-06 06:00:00,minmax_0_1,1.0
13,Q_farooq_pipeline,qsvm,0,0,0.1673039157615735,2016-08-08 00:00:00,minmax_0_1,1.0
13,Q_farooq_pipeline,qsvm,0,0,0.23729390547870363,2016-08-09 02:00:00,minmax_0_1,1.0
13,Q_farooq_pipeline,qsvm,0,0,0.271337758809673,2016-08-09 22:00:00,minmax_0_1,1.0
13,Q_farooq_pipeline,qsvm,0,0,0.4244057498893276,2016-08-10 21:00:00,minmax_0_1,1.0
13,Q_farooq_pipeline,qsvm,0,0,0.37451800955717646,2016-08-12 20:00:00,minmax_0_1,1.0
13,Q_farooq_pipeline,qsvm,0,0,0.18691151383288113,2016-08-13 21:00:00,minmax_0_1,1.0
13,Q_farooq_pipeline,qsvm,0,0,0.18876116469433202,2016-08-14 10:00:00,minmax_0_1,1.0
13,Q_farooq_pipeline,qsvm,0,0,0.1694490971913713,2016-08-15 03:00:00,minmax_0_1,1.0
13,Q_farooq_pipeline,qsvm,0,0,0.20378454363483714,2016-08-15 15:00:00,minmax_0_1,1.0
13,Q_farooq_pipeline,qsvm,0,0,0.10827356641198146,2016-08-16 16:00:00,minmax_0_1,1.0
13,Q_farooq_pipeline,qsvm,0,0,0.26932424359134205,2016-08-22 11:00:00,minmax_0_1,1.0
13,Q_farooq_pipeline,qsvm,0,0,0.12337081256843938,2016-08-31 10:00:00,minmax_0_1,1.0
13,Q_farooq_pipeline,qsvm,0,0,0.16355883411816877,2016-09-11 01:00:00,minmax_0_1,1.0
13,Q_farooq_pipeline,qsvm,0,0,0.19080417693829282,2016-09-12 17:00:00,minmax_0_1,1.0
13,Q_farooq_pipeline,qsvm,0,0,0.2783714532707564,2016-09-15 19:00:00,minmax_0_1,1.0
13,Q_farooq_pipeline,qsvm,0,0,0.38866218797018076,2016-09-21 02:00:00,minmax_0_1,1.0
13,Q_farooq_pipeline,qsvm,0,0,0.31902238702436425,2016-09-22 01:00:00,minmax_0_1,1.0
13,Q_farooq_pipeline,qsvm,0,0,0.38547128924865315,2016-09-24 07:00:00,minmax_0_1,1.0
13,Q_farooq_pipeline,qsvm,0,0,0.34197653875075096,2016-09-27 12:00:00,minmax_0_1,1.0
13,Q_farooq_pipeline,qsvm,0,0,0.4355975243126801,2016-10-06 03:00:00,minmax_0_1,1.0
13,Q_farooq_pipeline,qsvm,0,1,0.7306025233400387,2016-10-11 19:00:00,minmax_0_1,1.0
13,Q_farooq_pipeline,qsvm,1,1,0.6259468709546034,2016-10-12 23:00:00,minmax_0_1,1.0
13,Q_farooq_pipeline,qsvm,0,1,0.520729615605475,2016-10-17 06:00:00,minmax_0_1,1.0
13,Q_farooq_pipeline,qsvm,0,1,0.6883794844489373,2016-10-20 05:00:00,minmax_0_1,1.0
13,Q_farooq_pipeline,qsvm,0,1,0.56291814983918,2016-10-20 14:00:00,minmax_0_1,1.0
13,Q_farooq_pipeline,qsvm,0,1,0.6991134818972334,2016-10-28 21:00:00,minmax_0_1,1.0
13,Q_farooq_pipeline,qsvm,0,1,0.6618037527453744,2016-10-30 19:00:00,minmax_0_1,1.0
13,Q_farooq_pipeline,qsvm,0,1,0.6172521538229101,2016-10-31 05:00:00,minmax_0_1,1.0
13,Q_farooq_pipeline,qsvm,1,1,0.6489348493117961,2016-11-02 20:00:00,minmax_0_1,1.0
13,Q_farooq_pipeline,qsvm,1,1,0.7246132474188579,2016-11-02 23:00:00,minmax_0_1,1.0
13,Q_farooq_pipeline,qsvm,1,1,0.7140335833225658,2016-11-03 02:00:00,minmax_0_1,1.0
13,Q_farooq_pipeline,qsvm,0,1,0.7298027614146161,2016-11-06 12:00:00,minmax_0_1,1.0
13,Q_farooq_pipeline,qsvm,0,1,0.7163792071229667,2016-11-08 00:00:00,minmax_0_1,1.0
13,Q_farooq_pipeline,qsvm,0,1,0.7299021035279118,2016-11-09 20:00:00,minmax_0_1,1.0
13,Q_farooq_pipeline,qsvm,0,1,0.6557677966833146,2016-11-09 21:00:00,minmax_0_1,1.0
13,Q_farooq_pipeline,qsvm,0,0,0.41174505775148706,2016-11-29 03:00:00,minmax_0_1,1.0
13,Q_farooq_pipeline,qsvm,0,1,0.668064013623966,2016-12-05 20:00:00,minmax_0_1,1.0
13,Q_farooq_pipeline,qsvm,1,1,0.5911700103001992,2016-12-18 08:00:00,minmax_0_1,1.0
13,Q_farooq_pipeline,qsvm,0,0,0.407346552835087,2016-12-26 02:00:00,minmax_0_1,1.0
13,Q_farooq_pipeline,qsvm,0,0,0.23478516158877533,2016-12-27 23:00:00,minmax_0_1,1.0
13,Q_farooq_pipeline,qsvm,0,0,0.11951024558290628,2016-12-29 12:00:00,minmax_0_1,1.0
13,Q_farooq_pipeline,qsvm,1,1,0.6182388409408927,2017-01-06 00:00:00,minmax_0_1,1.0
13,Q_farooq_pipeline,qsvm,0,0,0.3062629702016438,2017-01-11 07:00:00,minmax_0_1,1.0
13,Q_farooq_pipeline,qsvm,0,0,0.3573039107308421,2017-01-17 06:00:00,minmax_0_1,1.0
13,Q_farooq_pipeline,qsvm,0,0,0.16029281887146907,2017-01-19 20:00:00,minmax_0_1,1.0
13,Q_farooq_pipeline,qsvm,0,0,0.07589403944339566,2017-01-20 10:00:00,minmax_0_1,1.0
13,Q_farooq_pipeline,qsvm,0,0,0.07930066073787786,2017-01-20 14:00:00,minmax_0_1,1.0
13,Q_farooq_pipeline,qsvm,0,0,0.08090741876693691,2017-01-23 18:00:00,minmax_0_1,1.0
13,Q_farooq_pipeline,qsvm,1,0,0.3098543699653347,2017-01-25 07:00:00,minmax_0_1,1.0
13,Q_farooq_pipeline,qsvm,0,0,0.4532660106311795,2017-01-25 21:00:00,minmax_0_1,1.0
13,Q_farooq_pipeline,qsvm,1,0,0.2355267132531651,2017-01-27 16:00:00,minmax_0_1,1.0
13,Q_farooq_pipeline,qsvm,0,0,0.20591912435211013,2017-02-01 17:00:00,minmax_0_1,1.0
13,Q_farooq_pipeline,qsvm,0,0,0.34752966649606987,2017-02-07 08:00:00,minmax_0_1,1.0
13,Q_farooq_pipeline,qsvm,0,0,0.39572537814035563,2017-02-08 10:00:00,minmax_0_1,1.0
13,Q_farooq_pipeline,qsvm,0,0,0.331621613238812,2017-02-08 13:00:00,minmax_0_1,1.0
13,Q_farooq_pipeline,qsvm,0,1,0.5183643342406742,2017-02-17 09:00:00,minmax_0_1,1.0
13,Q_farooq_pipeline,qsvm,0,0,0.4939966162890487,2017-02-23 07:00:00,minmax_0_1,1.0
13,Q_farooq_pipeline,qsvm,0,0,0.4103608512786517,2017-02-24 10:00:00,minmax_0_1,1.0
13,Q_farooq_pipeline,qsvm,0,1,0.6429015803306102,2017-02-27 13:00:00,minmax_0_1,1.0
13,Q_farooq_0pi,qsvm,0,0,0.21356524602356705,2016-05-17 03:00:00,minmax_0_pi,2.0
13,Q_farooq_0pi,qsvm,0,0,0.18686553212398296,2016-05-17 08:00:00,minmax_0_pi,2.0
13,Q_farooq_0pi,qsvm,0,0,0.2757454335943493,2016-05-23 08:00:00,minmax_0_pi,2.0
13,Q_farooq_0pi,qsvm,0,0,0.15447434360591306,2016-05-24 11:00:00,minmax_0_pi,2.0
13,Q_farooq_0pi,qsvm,0,1,0.5367116192582178,2016-06-04 05:00:00,minmax_0_pi,2.0
13,Q_farooq_0pi,qsvm,0,0,0.4182907564286602,2016-06-05 02:00:00,minmax_0_pi,2.0
13,Q_farooq_0pi,qsvm,0,0,0.42846530043919584,2016-06-07 01:00:00,minmax_0_pi,2.0
13,Q_farooq_0pi,qsvm,0,0,0.17647470452657207,2016-06-15 23:00:00,minmax_0_pi,2.0
13,Q_farooq_0pi,qsvm,0,0,0.1922919838923101,2016-06-23 15:00:00,minmax_0_pi,2.0
13,Q_farooq_0pi,qsvm,0,0,0.23758307490080888,2016-06-27 13:00:00,minmax_0_pi,2.0
13,Q_farooq_0pi,qsvm,0,1,0.5094120229555753,2016-06-30 10:00:00,minmax_0_pi,2.0
13,Q_farooq_0pi,qsvm,0,1,0.5890596147054106,2016-07-07 22:00:00,minmax_0_pi,2.0
13,Q_farooq_0pi,qsvm,0,1,0.5740577206501486,2016-07-19 07:00:00,minmax_0_pi,2.0
13,Q_farooq_0pi,qsvm,0,0,0.4186738473181245,2016-07-20 12:00:00,minmax_0_pi,2.0
13,Q_farooq_0pi,qsvm,0,0,0.15177403852054838,2016-07-21 19:00:00,minmax_0_pi,2.0
13,Q_farooq_0pi,qsvm,0,0,0.38090117102685594,2016-07-22 17:00:00,minmax_0_pi,2.0
13,Q_farooq_0pi,qsvm,0,1,0.6129561178107833,2016-07-23 16:00:00,minmax_0_pi,2.0
13,Q_farooq_0pi,qsvm,0,0,0.3435831966513348,2016-07-27 10:00:00,minmax_0_pi,2.0
13,Q_farooq_0pi,qsvm,0,1,0.6148115982769826,2016-07-31 12:00:00,minmax_0_pi,2.0
13,Q_farooq_0pi,qsvm,0,0,0.24010828754480726,2016-07-31 17:00:00,minmax_0_pi,2.0
13,Q_farooq_0pi,qsvm,0,0,0.20530413046100318,2016-08-06 06:00:00,minmax_0_pi,2.0
13,Q_farooq_0pi,qsvm,0,0,0.4514792603286728,2016-08-08 00:00:00,minmax_0_pi,2.0
13,Q_farooq_0pi,qsvm,0,0,0.28101231289833395,2016-08-09 02:00:00,minmax_0_pi,2.0
13,Q_farooq_0pi,qsvm,0,0,0.13933376770716183,2016-08-09 22:00:00,minmax_0_pi,2.0
13,Q_farooq_0pi,qsvm,0,0,0.20249428829066007,2016-08-10 21:00:00,minmax_0_pi,2.0
13,Q_farooq_0pi,qsvm,0,0,0.20234068842853045,2016-08-12 20:00:00,minmax_0_pi,2.0
13,Q_farooq_0pi,qsvm,0,0,0.4137647274403752,2016-08-13 21:00:00,minmax_0_pi,2.0
13,Q_farooq_0pi,qsvm,0,1,0.607133308454935,2016-08-14 10:00:00,minmax_0_pi,2.0
13,Q_farooq_0pi,qsvm,0,0,0.416335828613311,2016-08-15 03:00:00,minmax_0_pi,2.0
13,Q_farooq_0pi,qsvm,0,0,0.2293199644315323,2016-08-15 15:00:00,minmax_0_pi,2.0
13,Q_farooq_0pi,qsvm,0,0,0.240983109338601,2016-08-16 16:00:00,minmax_0_pi,2.0
13,Q_farooq_0pi,qsvm,0,0,0.20915893502734065,2016-08-22 11:00:00,minmax_0_pi,2.0
13,Q_farooq_0pi,qsvm,0,0,0.21360525151692256,2016-08-31 10:00:00,minmax_0_pi,2.0
13,Q_farooq_0pi,qsvm,0,0,0.15970690652507427,2016-09-11 01:00:00,minmax_0_pi,2.0
13,Q_farooq_0pi,qsvm,0,0,0.15554021826973127,2016-09-12 17:00:00,minmax_0_pi,2.0
13,Q_farooq_0pi,qsvm,0,0,0.2173702883968851,2016-09-15 19:00:00,minmax_0_pi,2.0
13,Q_farooq_0pi,qsvm,0,0,0.3707016465714386,2016-09-21 02:00:00,minmax_0_pi,2.0
13,Q_farooq_0pi,qsvm,0,0,0.3106361637414996,2016-09-22 01:00:00,minmax_0_pi,2.0
13,Q_farooq_0pi,qsvm,0,1,0.5241455279646478,2016-09-24 07:00:00,minmax_0_pi,2.0
13,Q_farooq_0pi,qsvm,0,0,0.21305260984163324,2016-09-27 12:00:00,minmax_0_pi,2.0
13,Q_farooq_0pi,qsvm,0,0,0.08583572036222224,2016-10-06 03:00:00,minmax_0_pi,2.0
13,Q_farooq_0pi,qsvm,0,1,0.7163057822923815,2016-10-11 19:00:00,minmax_0_pi,2.0
13,Q_farooq_0pi,qsvm,1,0,0.3995491179771939,2016-10-12 23:00:00,minmax_0_pi,2.0
13,Q_farooq_0pi,qsvm,0,1,0.6300872506363702,2016-10-17 06:00:00,minmax_0_pi,2.0
13,Q_farooq_0pi,qsvm,0,1,0.5205297774641494,2016-10-20 05:00:00,minmax_0_pi,2.0
13,Q_farooq_0pi,qsvm,0,1,0.8233330931323213,2016-10-20 14:00:00,minmax_0_pi,2.0
13,Q_farooq_0pi,qsvm,0,0,0.35853946396276404,2016-10-28 21:00:00,minmax_0_pi,2.0
13,Q_farooq_0pi,qsvm,0,1,0.6541776799766962,2016-10-30 19:00:00,minmax_0_pi,2.0
13,Q_farooq_0pi,qsvm,0,1,0.7088310281612039,2016-10-31 05:00:00,minmax_0_pi,2.0
13,Q_farooq_0pi,qsvm,1,0,0.4681563456579488,2016-11-02 20:00:00,minmax_0_pi,2.0
13,Q_farooq_0pi,qsvm,1,1,0.5679112723131279,2016-11-02 23:00:00,minmax_0_pi,2.0
13,Q_farooq_0pi,qsvm,1,0,0.3230992482752297,2016-11-03 02:00:00,minmax_0_pi,2.0
13,Q_farooq_0pi,qsvm,0,0,0.44476845965558565,2016-11-06 12:00:00,minmax_0_pi,2.0
13,Q_farooq_0pi,qsvm,0,0,0.37471815382814455,2016-11-08 00:00:00,minmax_0_pi,2.0
13,Q_farooq_0pi,qsvm,0,1,0.5764717129520697,2016-11-09 20:00:00,minmax_0_pi,2.0
13,Q_farooq_0pi,qsvm,0,1,0.6816588043883859,2016-11-09 21:00:00,minmax_0_pi,2.0
13,Q_farooq_0pi,qsvm,0,1,0.5123883697476845,2016-11-29 03:00:00,minmax_0_pi,2.0
13,Q_farooq_0pi,qsvm,0,0,0.2988029786117527,2016-12-05 20:00:00,minmax_0_pi,2.0
13,Q_farooq_0pi,qsvm,1,0,0.4340025483481103,2016-12-18 08:00:00,minmax_0_pi,2.0
13,Q_farooq_0pi,qsvm,0,0,0.41375165510452283,2016-12-26 02:00:00,minmax_0_pi,2.0
13,Q_farooq_0pi,qsvm,0,0,0.30541888602016504,2016-12-27 23:00:00,minmax_0_pi,2.0
13,Q_farooq_0pi,qsvm,0,0,0.26507178443795243,2016-12-29 12:00:00,minmax_0_pi,2.0
13,Q_farooq_0pi,qsvm,1,1,0.7685327738475767,2017-01-06 00:00:00,minmax_0_pi,2.0
13,Q_farooq_0pi,qsvm,0,0,0.275914732144337,2017-01-11 07:00:00,minmax_0_pi,2.0
13,Q_farooq_0pi,qsvm,0,0,0.4124654972107664,2017-01-17 06:00:00,minmax_0_pi,2.0
13,Q_farooq_0pi,qsvm,0,0,0.29587312240907143,2017-01-19 20:00:00,minmax_0_pi,2.0
13,Q_farooq_0pi,qsvm,0,0,0.3450022070714742,2017-01-20 10:00:00,minmax_0_pi,2.0
13,Q_farooq_0pi,qsvm,0,0,0.36725939050313844,2017-01-20 14:00:00,minmax_0_pi,2.0
13,Q_farooq_0pi,qsvm,0,0,0.2914128660555548,2017-01-23 18:00:00,minmax_0_pi,2.0
13,Q_farooq_0pi,qsvm,1,1,0.7078955539658959,2017-01-25 07:00:00,minmax_0_pi,2.0
13,Q_farooq_0pi,qsvm,0,0,0.3438512400733768,2017-01-25 21:00:00,minmax_0_pi,2.0
13,Q_farooq_0pi,qsvm,1,0,0.16805137457898786,2017-01-27 16:00:00,minmax_0_pi,2.0
13,Q_farooq_0pi,qsvm,0,0,0.38243877042036106,2017-02-01 17:00:00,minmax_0_pi,2.0
13,Q_farooq_0pi,qsvm,0,0,0.22739376821651172,2017-02-07 08:00:00,minmax_0_pi,2.0
13,Q_farooq_0pi,qsvm,0,0,0.3544645822720098,2017-02-08 10:00:00,minmax_0_pi,2.0
13,Q_farooq_0pi,qsvm,0,0,0.4757410723472834,2017-02-08 13:00:00,minmax_0_pi,2.0
13,Q_farooq_0pi,qsvm,0,0,0.47648395700339913,2017-02-17 09:00:00,minmax_0_pi,2.0
13,Q_farooq_0pi,qsvm,0,0,0.4730475561544294,2017-02-23 07:00:00,minmax_0_pi,2.0
13,Q_farooq_0pi,qsvm,0,0,0.3074892967096602,2017-02-24 10:00:00,minmax_0_pi,2.0
13,Q_farooq_0pi,qsvm,0,1,0.6291664773760743,2017-02-27 13:00:00,minmax_0_pi,2.0
21,dummy,classical,0,0,0.1,2016-05-16 08:00:00,,
21,dummy,classical,0,0,0.1,2016-05-22 11:00:00,,
21,dummy,classical,0,0,0.1,2016-05-24 03:00:00,,
21,dummy,classical,0,0,0.1,2016-05-26 18:00:00,,
21,dummy,classical,0,0,0.1,2016-06-02 16:00:00,,
21,dummy,classical,0,0,0.1,2016-06-05 21:00:00,,
21,dummy,classical,0,0,0.1,2016-06-10 21:00:00,,
21,dummy,classical,0,0,0.1,2016-06-10 22:00:00,,
21,dummy,classical,0,0,0.1,2016-06-16 22:00:00,,
21,dummy,classical,0,0,0.1,2016-06-19 07:00:00,,
21,dummy,classical,0,0,0.1,2016-06-21 15:00:00,,
21,dummy,classical,0,0,0.1,2016-06-23 21:00:00,,
21,dummy,classical,0,0,0.1,2016-06-26 11:00:00,,
21,dummy,classical,0,0,0.1,2016-06-30 14:00:00,,
21,dummy,classical,0,0,0.1,2016-07-07 17:00:00,,
21,dummy,classical,0,0,0.1,2016-07-10 04:00:00,,
21,dummy,classical,0,0,0.1,2016-07-16 02:00:00,,
21,dummy,classical,0,0,0.1,2016-07-16 12:00:00,,
21,dummy,classical,0,0,0.1,2016-07-17 21:00:00,,
21,dummy,classical,0,0,0.1,2016-07-20 11:00:00,,
21,dummy,classical,0,0,0.1,2016-07-24 00:00:00,,
21,dummy,classical,0,0,0.1,2016-07-24 04:00:00,,
21,dummy,classical,0,0,0.1,2016-07-24 17:00:00,,
21,dummy,classical,0,0,0.1,2016-07-25 18:00:00,,
21,dummy,classical,0,0,0.1,2016-08-03 17:00:00,,
21,dummy,classical,0,0,0.1,2016-08-05 10:00:00,,
21,dummy,classical,0,0,0.1,2016-08-13 02:00:00,,
21,dummy,classical,0,0,0.1,2016-08-15 01:00:00,,
21,dummy,classical,0,0,0.1,2016-08-30 15:00:00,,
21,dummy,classical,0,0,0.1,2016-08-30 22:00:00,,
21,dummy,classical,0,0,0.1,2016-09-02 05:00:00,,
21,dummy,classical,0,0,0.1,2016-09-04 12:00:00,,
21,dummy,classical,0,0,0.1,2016-09-20 07:00:00,,
21,dummy,classical,0,0,0.1,2016-09-21 09:00:00,,
21,dummy,classical,1,0,0.1,2016-09-23 18:00:00,,
21,dummy,classical,0,0,0.1,2016-09-30 14:00:00,,
21,dummy,classical,0,0,0.1,2016-10-03 14:00:00,,
21,dummy,classical,0,0,0.1,2016-10-07 04:00:00,,
21,dummy,classical,0,0,0.1,2016-10-11 19:00:00,,
21,dummy,classical,0,0,0.1,2016-10-12 01:00:00,,
21,dummy,classical,1,0,0.1,2016-10-14 07:00:00,,
21,dummy,classical,0,0,0.1,2016-10-16 10:00:00,,
21,dummy,classical,1,0,0.1,2016-10-18 11:00:00,,
21,dummy,classical,0,0,0.1,2016-10-20 23:00:00,,
21,dummy,classical,0,0,0.1,2016-10-25 04:00:00,,
21,dummy,classical,0,0,0.1,2016-10-25 15:00:00,,
21,dummy,classical,0,0,0.1,2016-10-27 01:00:00,,
21,dummy,classical,0,0,0.1,2016-10-29 14:00:00,,
21,dummy,classical,0,0,0.1,2016-11-02 01:00:00,,
21,dummy,classical,0,0,0.1,2016-11-02 03:00:00,,
21,dummy,classical,0,0,0.1,2016-11-05 04:00:00,,
21,dummy,classical,0,0,0.1,2016-11-05 07:00:00,,
21,dummy,classical,0,0,0.1,2016-11-15 15:00:00,,
21,dummy,classical,1,0,0.1,2016-11-18 01:00:00,,
21,dummy,classical,1,0,0.1,2016-11-18 03:00:00,,
21,dummy,classical,0,0,0.1,2016-11-19 01:00:00,,
21,dummy,classical,0,0,0.1,2016-11-20 13:00:00,,
21,dummy,classical,0,0,0.1,2016-11-28 19:00:00,,
21,dummy,classical,0,0,0.1,2016-11-28 20:00:00,,
21,dummy,classical,0,0,0.1,2016-11-29 16:00:00,,
21,dummy,classical,0,0,0.1,2016-12-04 18:00:00,,
21,dummy,classical,0,0,0.1,2016-12-05 02:00:00,,
21,dummy,classical,0,0,0.1,2016-12-13 10:00:00,,
21,dummy,classical,0,0,0.1,2016-12-14 22:00:00,,
21,dummy,classical,0,0,0.1,2016-12-15 08:00:00,,
21,dummy,classical,1,0,0.1,2016-12-20 07:00:00,,
21,dummy,classical,0,0,0.1,2016-12-22 01:00:00,,
21,dummy,classical,0,0,0.1,2016-12-27 08:00:00,,
21,dummy,classical,1,0,0.1,2016-12-30 18:00:00,,
21,dummy,classical,0,0,0.1,2017-01-08 01:00:00,,
21,dummy,classical,0,0,0.1,2017-01-11 20:00:00,,
21,dummy,classical,0,0,0.1,2017-01-20 13:00:00,,
21,dummy,classical,0,0,0.1,2017-01-28 03:00:00,,
21,dummy,classical,0,0,0.1,2017-01-30 14:00:00,,
21,dummy,classical,1,0,0.1,2017-02-03 02:00:00,,
21,dummy,classical,0,0,0.1,2017-02-09 06:00:00,,
21,dummy,classical,0,0,0.1,2017-02-19 00:00:00,,
21,dummy,classical,0,0,0.1,2017-02-20 01:00:00,,
21,dummy,classical,0,0,0.1,2017-02-25 05:00:00,,
21,dummy,classical,0,0,0.1,2017-02-27 14:00:00,,
21,logistic,classical,0,0,0.25510090091390053,2016-05-16 08:00:00,,
21,logistic,classical,0,0,0.3611372356879707,2016-05-22 11:00:00,,
21,logistic,classical,0,0,0.297435167523974,2016-05-24 03:00:00,,
21,logistic,classical,0,0,0.21175102375391774,2016-05-26 18:00:00,,
21,logistic,classical,0,0,0.28402536304708226,2016-06-02 16:00:00,,
21,logistic,classical,0,0,0.3932048931524325,2016-06-05 21:00:00,,
21,logistic,classical,0,0,0.4057073002319342,2016-06-10 21:00:00,,
21,logistic,classical,0,0,0.3915474111521578,2016-06-10 22:00:00,,
21,logistic,classical,0,0,0.4660105280636626,2016-06-16 22:00:00,,
21,logistic,classical,0,0,0.3196730089613206,2016-06-19 07:00:00,,
21,logistic,classical,0,0,0.49665273696478357,2016-06-21 15:00:00,,
21,logistic,classical,0,0,0.45233919828336555,2016-06-23 21:00:00,,
21,logistic,classical,0,0,0.2638307943630512,2016-06-26 11:00:00,,
21,logistic,classical,0,0,0.4211242992820816,2016-06-30 14:00:00,,
21,logistic,classical,0,1,0.5077142790718533,2016-07-07 17:00:00,,
21,logistic,classical,0,0,0.3929910558119392,2016-07-10 04:00:00,,
21,logistic,classical,0,0,0.2683383139887916,2016-07-16 02:00:00,,
21,logistic,classical,0,0,0.25353787145395157,2016-07-16 12:00:00,,
21,logistic,classical,0,0,0.4510684139561155,2016-07-17 21:00:00,,
21,logistic,classical,0,0,0.3900154476551111,2016-07-20 11:00:00,,
21,logistic,classical,0,1,0.6526890728936507,2016-07-24 00:00:00,,
21,logistic,classical,0,1,0.5615049603219663,2016-07-24 04:00:00,,
21,logistic,classical,0,1,0.5128608562064121,2016-07-24 17:00:00,,
21,logistic,classical,0,0,0.4455920018777581,2016-07-25 18:00:00,,
21,logistic,classical,0,0,0.35244251427688406,2016-08-03 17:00:00,,
21,logistic,classical,0,1,0.5029092242917396,2016-08-05 10:00:00,,
21,logistic,classical,0,0,0.30032685552962446,2016-08-13 02:00:00,,
21,logistic,classical,0,0,0.2635191007338605,2016-08-15 01:00:00,,
21,logistic,classical,0,0,0.23052978074987307,2016-08-30 15:00:00,,
21,logistic,classical,0,0,0.24475461738513207,2016-08-30 22:00:00,,
21,logistic,classical,0,0,0.15360424678519824,2016-09-02 05:00:00,,
21,logistic,classical,0,0,0.36685552269876937,2016-09-04 12:00:00,,
21,logistic,classical,0,0,0.18757923725272108,2016-09-20 07:00:00,,
21,logistic,classical,0,0,0.275600252035078,2016-09-21 09:00:00,,
21,logistic,classical,1,1,0.5570657943974173,2016-09-23 18:00:00,,
21,logistic,classical,0,0,0.41229336581762016,2016-09-30 14:00:00,,
21,logistic,classical,0,1,0.7245181437118084,2016-10-03 14:00:00,,
21,logistic,classical,0,0,0.33054899258558734,2016-10-07 04:00:00,,
21,logistic,classical,0,1,0.5851639212733568,2016-10-11 19:00:00,,
21,logistic,classical,0,0,0.49937730730566393,2016-10-12 01:00:00,,
21,logistic,classical,1,1,0.80471550061343,2016-10-14 07:00:00,,
21,logistic,classical,0,1,0.6613239760811284,2016-10-16 10:00:00,,
21,logistic,classical,1,0,0.3848406397325919,2016-10-18 11:00:00,,
21,logistic,classical,0,0,0.21296835040814532,2016-10-20 23:00:00,,
21,logistic,classical,0,0,0.3689033848873816,2016-10-25 04:00:00,,
21,logistic,classical,0,1,0.5367878265284033,2016-10-25 15:00:00,,
21,logistic,classical,0,0,0.35029151581735163,2016-10-27 01:00:00,,
21,logistic,classical,0,0,0.19335139938067766,2016-10-29 14:00:00,,
21,logistic,classical,0,0,0.3297643207119945,2016-11-02 01:00:00,,
21,logistic,classical,0,0,0.33167980515524714,2016-11-02 03:00:00,,
21,logistic,classical,0,1,0.8664840033423736,2016-11-05 04:00:00,,
21,logistic,classical,0,1,0.853003878847317,2016-11-05 07:00:00,,
21,logistic,classical,0,0,0.21123191508228498,2016-11-15 15:00:00,,
21,logistic,classical,1,0,0.4979015057302386,2016-11-18 01:00:00,,
21,logistic,classical,1,1,0.5416850814760583,2016-11-18 03:00:00,,
21,logistic,classical,0,1,0.7834150715126499,2016-11-19 01:00:00,,
21,logistic,classical,0,1,0.5172526741232416,2016-11-20 13:00:00,,
21,logistic,classical,0,0,0.30564949139484615,2016-11-28 19:00:00,,
21,logistic,classical,0,0,0.3092557846363914,2016-11-28 20:00:00,,
21,logistic,classical,0,1,0.5105986834702139,2016-11-29 16:00:00,,
21,logistic,classical,0,0,0.19244784154077454,2016-12-04 18:00:00,,
21,logistic,classical,0,0,0.29109437360917023,2016-12-05 02:00:00,,
21,logistic,classical,0,0,0.4142793933311345,2016-12-13 10:00:00,,
21,logistic,classical,0,0,0.2226837223522492,2016-12-14 22:00:00,,
21,logistic,classical,0,0,0.3030051634524681,2016-12-15 08:00:00,,
21,logistic,classical,1,1,0.8591745354976857,2016-12-20 07:00:00,,
21,logistic,classical,0,1,0.9710733388047417,2016-12-22 01:00:00,,
21,logistic,classical,0,0,0.1929294314881355,2016-12-27 08:00:00,,
21,logistic,classical,1,1,0.5914951761280688,2016-12-30 18:00:00,,
21,logistic,classical,0,1,0.6384815050923788,2017-01-08 01:00:00,,
21,logistic,classical,0,0,0.3681916413400005,2017-01-11 20:00:00,,
21,logistic,classical,0,0,0.15679252027627222,2017-01-20 13:00:00,,
21,logistic,classical,0,0,0.0005130000807802529,2017-01-28 03:00:00,,
21,logistic,classical,0,0,0.13244800838100618,2017-01-30 14:00:00,,
21,logistic,classical,1,0,0.4095819118179676,2017-02-03 02:00:00,,
21,logistic,classical,0,0,0.14541937716731787,2017-02-09 06:00:00,,
21,logistic,classical,0,0,0.4286264248477142,2017-02-19 00:00:00,,
21,logistic,classical,0,0,0.31739835983936066,2017-02-20 01:00:00,,
21,logistic,classical,0,0,0.15952169822877574,2017-02-25 05:00:00,,
21,logistic,classical,0,0,0.38075164599231875,2017-02-27 14:00:00,,
21,svm_linear,classical,0,0,0.08384922630261434,2016-05-16 08:00:00,,
21,svm_linear,classical,0,0,0.09385971481960349,2016-05-22 11:00:00,,
21,svm_linear,classical,0,0,0.08948585786084096,2016-05-24 03:00:00,,
21,svm_linear,classical,0,0,0.08056357982035278,2016-05-26 18:00:00,,
21,svm_linear,classical,0,0,0.08745026752914954,2016-06-02 16:00:00,,
21,svm_linear,classical,0,0,0.09962694710585292,2016-06-05 21:00:00,,
21,svm_linear,classical,0,0,0.09991249163964733,2016-06-10 21:00:00,,
21,svm_linear,classical,0,0,0.09864897262110324,2016-06-10 22:00:00,,
21,svm_linear,classical,0,0,0.09605998284942287,2016-06-16 22:00:00,,
21,svm_linear,classical,0,0,0.0927568103968364,2016-06-19 07:00:00,,
21,svm_linear,classical,0,0,0.10846773914066771,2016-06-21 15:00:00,,
21,svm_linear,classical,0,0,0.10724202469100029,2016-06-23 21:00:00,,
21,svm_linear,classical,0,0,0.08355445912703711,2016-06-26 11:00:00,,
21,svm_linear,classical,0,0,0.1014613072608312,2016-06-30 14:00:00,,
21,svm_linear,classical,0,0,0.11273344949602133,2016-07-07 17:00:00,,
21,svm_linear,classical,0,0,0.10129784611211844,2016-07-10 04:00:00,,
21,svm_linear,classical,0,0,0.0881823816708766,2016-07-16 02:00:00,,
21,svm_linear,classical,0,0,0.08721731055934052,2016-07-16 12:00:00,,
21,svm_linear,classical,0,0,0.10526549674830447,2016-07-17 21:00:00,,
21,svm_linear,classical,0,0,0.10037996328885625,2016-07-20 11:00:00,,
21,svm_linear,classical,0,0,0.13119763158461586,2016-07-24 00:00:00,,
21,svm_linear,classical,0,0,0.11712524805845452,2016-07-24 04:00:00,,
21,svm_linear,classical,0,0,0.1075717623924442,2016-07-24 17:00:00,,
21,svm_linear,classical,0,0,0.10544914882525201,2016-07-25 18:00:00,,
21,svm_linear,classical,0,0,0.0959195622858063,2016-08-03 17:00:00,,
21,svm_linear,classical,0,0,0.11177878168970261,2016-08-05 10:00:00,,
21,svm_linear,classical,0,0,0.09051399372101378,2016-08-13 02:00:00,,
21,svm_linear,classical,0,0,0.08662333252692371,2016-08-15 01:00:00,,
21,svm_linear,classical,0,0,0.0825569569647701,2016-08-30 15:00:00,,
21,svm_linear,classical,0,0,0.08325965064110047,2016-08-30 22:00:00,,
21,svm_linear,classical,0,0,0.07519999416763373,2016-09-02 05:00:00,,
21,svm_linear,classical,0,0,0.09578054529095337,2016-09-04 12:00:00,,
21,svm_linear,classical,0,0,0.07758220534587244,2016-09-20 07:00:00,,
21,svm_linear,classical,0,0,0.08597441177979824,2016-09-21 09:00:00,,
21,svm_linear,classical,1,0,0.11729390310486494,2016-09-23 18:00:00,,
21,svm_linear,classical,0,0,0.10126307893107196,2016-09-30 14:00:00,,
21,svm_linear,classical,0,0,0.14044701265540738,2016-10-03 14:00:00,,
21,svm_linear,classical,0,0,0.09430549197620204,2016-10-07 04:00:00,,
21,svm_linear,classical,0,0,0.11850940744631634,2016-10-11 19:00:00,,
21,svm_linear,classical,0,0,0.11021370607691243,2016-10-12 01:00:00,,
21,svm_linear,classical,1,0,0.15342684483550376,2016-10-14 07:00:00,,
21,svm_linear,classical,0,0,0.13013719877162608,2016-10-16 10:00:00,,
21,svm_linear,classical,1,0,0.09902030584927886,2016-10-18 11:00:00,,
21,svm_linear,classical,0,0,0.07705161360044016,2016-10-20 23:00:00,,
21,svm_linear,classical,0,0,0.09792974208248391,2016-10-25 04:00:00,,
21,svm_linear,classical,0,0,0.11247467844044412,2016-10-25 15:00:00,,
21,svm_linear,classical,0,0,0.09487387678824101,2016-10-27 01:00:00,,
21,svm_linear,classical,0,0,0.07755136701539113,2016-10-29 14:00:00,,
21,svm_linear,classical,0,0,0.09150257168612179,2016-11-02 01:00:00,,
21,svm_linear,classical,0,0,0.09214894462880063,2016-11-02 03:00:00,,
21,svm_linear,classical,0,0,0.16885637586397362,2016-11-05 04:00:00,,
21,svm_linear,classical,0,0,0.1666980351265724,2016-11-05 07:00:00,,
21,svm_linear,classical,0,0,0.0794137651084667,2016-11-15 15:00:00,,
21,svm_linear,classical,1,0,0.10905039705540337,2016-11-18 01:00:00,,
21,svm_linear,classical,1,0,0.1121927313751081,2016-11-18 03:00:00,,
21,svm_linear,classical,0,0,0.14961682443623267,2016-11-19 01:00:00,,
21,svm_linear,classical,0,0,0.10917378656187275,2016-11-20 13:00:00,,
21,svm_linear,classical,0,0,0.08903193102781252,2016-11-28 19:00:00,,
21,svm_linear,classical,0,0,0.08947213171627431,2016-11-28 20:00:00,,
21,svm_linear,classical,0,0,0.1107449098747079,2016-11-29 16:00:00,,
21,svm_linear,classical,0,0,0.07756654888940091,2016-12-04 18:00:00,,
21,svm_linear,classical,0,0,0.08614759419521001,2016-12-05 02:00:00,,
21,svm_linear,classical,0,0,0.1047175540474073,2016-12-13 10:00:00,,
21,svm_linear,classical,0,0,0.0822794154590784,2016-12-14 22:00:00,,
21,svm_linear,classical,0,0,0.0910010541460432,2016-12-15 08:00:00,,
21,svm_linear,classical,1,0,0.15682489155049628,2016-12-20 07:00:00,,
21,svm_linear,classical,0,0,0.24353905554567445,2016-12-22 01:00:00,,
21,svm_linear,classical,0,0,0.07862407797270916,2016-12-27 08:00:00,,
21,svm_linear,classical,1,0,0.11509898817517387,2016-12-30 18:00:00,,
21,svm_linear,classical,0,0,0.12405267770284505,2017-01-08 01:00:00,,
21,svm_linear,classical,0,0,0.09495124278809215,2017-01-11 20:00:00,,
21,svm_linear,classical,0,0,0.07527916003663164,2017-01-20 13:00:00,,
21,svm_linear,classical,0,0,0.02183079773185342,2017-01-28 03:00:00,,
21,svm_linear,classical,0,0,0.07265939396305857,2017-01-30 14:00:00,,
21,svm_linear,classical,1,0,0.09751528720168472,2017-02-03 02:00:00,,
21,svm_linear,classical,0,0,0.07377062539558049,2017-02-09 06:00:00,,
21,svm_linear,classical,0,0,0.10019177623443724,2017-02-19 00:00:00,,
21,svm_linear,classical,0,0,0.09093968183422467,2017-02-20 01:00:00,,
21,svm_linear,classical,0,0,0.07468099626556597,2017-02-25 05:00:00,,
21,svm_linear,classical,0,0,0.09405657388546318,2017-02-27 14:00:00,,
21,svm_rbf,classical,0,0,0.09826353605888333,2016-05-16 08:00:00,,
21,svm_rbf,classical,0,0,0.0993295986535776,2016-05-22 11:00:00,,
21,svm_rbf,classical,0,0,0.096889196896588,2016-05-24 03:00:00,,
21,svm_rbf,classical,0,0,0.09969077061860937,2016-05-26 18:00:00,,
21,svm_rbf,classical,0,0,0.10057309646449754,2016-06-02 16:00:00,,
21,svm_rbf,classical,0,0,0.09939641708488704,2016-06-05 21:00:00,,
21,svm_rbf,classical,0,0,0.09955115347329489,2016-06-10 21:00:00,,
21,svm_rbf,classical,0,0,0.0996782035399466,2016-06-10 22:00:00,,
21,svm_rbf,classical,0,0,0.10787294583592538,2016-06-16 22:00:00,,
21,svm_rbf,classical,0,0,0.1009225293676781,2016-06-19 07:00:00,,
21,svm_rbf,classical,0,0,0.10284320866104192,2016-06-21 15:00:00,,
21,svm_rbf,classical,0,0,0.09974442589443926,2016-06-23 21:00:00,,
21,svm_rbf,classical,0,0,0.10556087313204737,2016-06-26 11:00:00,,
21,svm_rbf,classical,0,0,0.09904842316430784,2016-06-30 14:00:00,,
21,svm_rbf,classical,0,0,0.10294191496540732,2016-07-07 17:00:00,,
21,svm_rbf,classical,0,0,0.10441157460332488,2016-07-10 04:00:00,,
21,svm_rbf,classical,0,0,0.09661721085716796,2016-07-16 02:00:00,,
21,svm_rbf,classical,0,0,0.09684958294505619,2016-07-16 12:00:00,,
21,svm_rbf,classical,0,0,0.10024368410765645,2016-07-17 21:00:00,,
21,svm_rbf,classical,0,0,0.09658930021261534,2016-07-20 11:00:00,,
21,svm_rbf,classical,0,0,0.10261601301866712,2016-07-24 00:00:00,,
21,svm_rbf,classical,0,0,0.10189149772477064,2016-07-24 04:00:00,,
21,svm_rbf,classical,0,0,0.10360380851753553,2016-07-24 17:00:00,,
21,svm_rbf,classical,0,0,0.10082104380128971,2016-07-25 18:00:00,,
21,svm_rbf,classical,0,0,0.1039922002700171,2016-08-03 17:00:00,,
21,svm_rbf,classical,0,0,0.10269647580614312,2016-08-05 10:00:00,,
21,svm_rbf,classical,0,0,0.10192008152221588,2016-08-13 02:00:00,,
21,svm_rbf,classical,0,0,0.10318401340800627,2016-08-15 01:00:00,,
21,svm_rbf,classical,0,0,0.10093754552187369,2016-08-30 15:00:00,,
21,svm_rbf,classical,0,0,0.10177928028472212,2016-08-30 22:00:00,,
21,svm_rbf,classical,0,0,0.09934037838274012,2016-09-02 05:00:00,,
21,svm_rbf,classical,0,0,0.09990346942363398,2016-09-04 12:00:00,,
21,svm_rbf,classical,0,0,0.09775886574774673,2016-09-20 07:00:00,,
21,svm_rbf,classical,0,0,0.09757293759227119,2016-09-21 09:00:00,,
21,svm_rbf,classical,1,0,0.11113055822517481,2016-09-23 18:00:00,,
21,svm_rbf,classical,0,0,0.10117345887291833,2016-09-30 14:00:00,,
21,svm_rbf,classical,0,0,0.11283066346046268,2016-10-03 14:00:00,,
21,svm_rbf,classical,0,0,0.09836710427559454,2016-10-07 04:00:00,,
21,svm_rbf,classical,0,0,0.12076849775312959,2016-10-11 19:00:00,,
21,svm_rbf,classical,0,0,0.11152872006824016,2016-10-12 01:00:00,,
21,svm_rbf,classical,1,0,0.1355942292426327,2016-10-14 07:00:00,,
21,svm_rbf,classical,0,0,0.12791458531677377,2016-10-16 10:00:00,,
21,svm_rbf,classical,1,0,0.096014350394717,2016-10-18 11:00:00,,
21,svm_rbf,classical,0,0,0.10107923235908878,2016-10-20 23:00:00,,
21,svm_rbf,classical,0,0,0.1030534117249931,2016-10-25 04:00:00,,
21,svm_rbf,classical,0,0,0.11752452736443508,2016-10-25 15:00:00,,
21,svm_rbf,classical,0,0,0.09354853589534273,2016-10-27 01:00:00,,
21,svm_rbf,classical,0,0,0.09598661787684976,2016-10-29 14:00:00,,
21,svm_rbf,classical,0,0,0.09913247491994737,2016-11-02 01:00:00,,
21,svm_rbf,classical,0,0,0.10060187778406937,2016-11-02 03:00:00,,
21,svm_rbf,classical,0,0,0.1319024414584459,2016-11-05 04:00:00,,
21,svm_rbf,classical,0,0,0.14533365556074632,2016-11-05 07:00:00,,
21,svm_rbf,classical,0,0,0.09624822191999188,2016-11-15 15:00:00,,
21,svm_rbf,classical,1,0,0.13029786252260325,2016-11-18 01:00:00,,
21,svm_rbf,classical,1,0,0.1277272654676784,2016-11-18 03:00:00,,
21,svm_rbf,classical,0,0,0.13716568286759115,2016-11-19 01:00:00,,
21,svm_rbf,classical,0,0,0.10647303384808116,2016-11-20 13:00:00,,
21,svm_rbf,classical,0,0,0.09823230098946467,2016-11-28 19:00:00,,
21,svm_rbf,classical,0,0,0.09866911888803682,2016-11-28 20:00:00,,
21,svm_rbf,classical,0,0,0.12505217193418253,2016-11-29 16:00:00,,
21,svm_rbf,classical,0,0,0.1102139887574322,2016-12-04 18:00:00,,
21,svm_rbf,classical,0,0,0.10742739604739704,2016-12-05 02:00:00,,
21,svm_rbf,classical,0,0,0.12044208661693329,2016-12-13 10:00:00,,
21,svm_rbf,classical,0,0,0.09594663544903174,2016-12-14 22:00:00,,
21,svm_rbf,classical,0,0,0.09903909001166807,2016-12-15 08:00:00,,
21,svm_rbf,classical,1,0,0.12324814702903696,2016-12-20 07:00:00,,
21,svm_rbf,classical,0,0,0.11028245856440784,2016-12-22 01:00:00,,
21,svm_rbf,classical,0,0,0.09598225053457611,2016-12-27 08:00:00,,
21,svm_rbf,classical,1,0,0.12146998413231748,2016-12-30 18:00:00,,
21,svm_rbf,classical,0,0,0.15442264150405474,2017-01-08 01:00:00,,
21,svm_rbf,classical,0,0,0.09923371938732285,2017-01-11 20:00:00,,
21,svm_rbf,classical,0,0,0.09803889668889366,2017-01-20 13:00:00,,
21,svm_rbf,classical,0,0,0.11086491927050723,2017-01-28 03:00:00,,
21,svm_rbf,classical,0,0,0.09730422709126225,2017-01-30 14:00:00,,
21,svm_rbf,classical,1,0,0.11107282034218258,2017-02-03 02:00:00,,
21,svm_rbf,classical,0,0,0.09664910935718025,2017-02-09 06:00:00,,
21,svm_rbf,classical,0,0,0.11858790264897283,2017-02-19 00:00:00,,
21,svm_rbf,classical,0,0,0.11740798839624417,2017-02-20 01:00:00,,
21,svm_rbf,classical,0,0,0.09651841849768544,2017-02-25 05:00:00,,
21,svm_rbf,classical,0,0,0.10061632202431114,2017-02-27 14:00:00,,
21,Q_farooq_pipeline,qsvm,0,0,0.3099480099480869,2016-05-16 08:00:00,minmax_0_1,1.0
21,Q_farooq_pipeline,qsvm,0,0,0.40451304874872224,2016-05-22 11:00:00,minmax_0_1,1.0
21,Q_farooq_pipeline,qsvm,0,0,0.22236886747072476,2016-05-24 03:00:00,minmax_0_1,1.0
21,Q_farooq_pipeline,qsvm,0,0,0.2766134847394499,2016-05-26 18:00:00,minmax_0_1,1.0
21,Q_farooq_pipeline,qsvm,0,0,0.3651358751737211,2016-06-02 16:00:00,minmax_0_1,1.0
21,Q_farooq_pipeline,qsvm,0,0,0.3860075982775142,2016-06-05 21:00:00,minmax_0_1,1.0
21,Q_farooq_pipeline,qsvm,0,0,0.3127691459282959,2016-06-10 21:00:00,minmax_0_1,1.0
21,Q_farooq_pipeline,qsvm,0,0,0.3388308774024664,2016-06-10 22:00:00,minmax_0_1,1.0
21,Q_farooq_pipeline,qsvm,0,0,0.31480423736641977,2016-06-16 22:00:00,minmax_0_1,1.0
21,Q_farooq_pipeline,qsvm,0,0,0.34937039056216806,2016-06-19 07:00:00,minmax_0_1,1.0
21,Q_farooq_pipeline,qsvm,0,0,0.46876639700831146,2016-06-21 15:00:00,minmax_0_1,1.0
21,Q_farooq_pipeline,qsvm,0,1,0.6164201638674444,2016-06-23 21:00:00,minmax_0_1,1.0
21,Q_farooq_pipeline,qsvm,0,0,0.3033719856954949,2016-06-26 11:00:00,minmax_0_1,1.0
21,Q_farooq_pipeline,qsvm,0,0,0.4296984834872632,2016-06-30 14:00:00,minmax_0_1,1.0
21,Q_farooq_pipeline,qsvm,0,1,0.52091359828159,2016-07-07 17:00:00,minmax_0_1,1.0
21,Q_farooq_pipeline,qsvm,0,0,0.4961314131623917,2016-07-10 04:00:00,minmax_0_1,1.0
21,Q_farooq_pipeline,qsvm,0,0,0.34319464097514807,2016-07-16 02:00:00,minmax_0_1,1.0
21,Q_farooq_pipeline,qsvm,0,0,0.28103173793270275,2016-07-16 12:00:00,minmax_0_1,1.0
21,Q_farooq_pipeline,qsvm,0,0,0.4724664255276858,2016-07-17 21:00:00,minmax_0_1,1.0
21,Q_farooq_pipeline,qsvm,0,0,0.35740540267285104,2016-07-20 11:00:00,minmax_0_1,1.0
21,Q_farooq_pipeline,qsvm,0,0,0.46111985054383664,2016-07-24 00:00:00,minmax_0_1,1.0
21,Q_farooq_pipeline,qsvm,0,1,0.5864341516800001,2016-07-24 04:00:00,minmax_0_1,1.0
21,Q_farooq_pipeline,qsvm,0,1,0.5384266554589887,2016-07-24 17:00:00,minmax_0_1,1.0
21,Q_farooq_pipeline,qsvm,0,0,0.468426413333831,2016-07-25 18:00:00,minmax_0_1,1.0
21,Q_farooq_pipeline,qsvm,0,0,0.45410122862578634,2016-08-03 17:00:00,minmax_0_1,1.0
21,Q_farooq_pipeline,qsvm,0,1,0.586259872508906,2016-08-05 10:00:00,minmax_0_1,1.0
21,Q_farooq_pipeline,qsvm,0,0,0.3839467597942939,2016-08-13 02:00:00,minmax_0_1,1.0
21,Q_farooq_pipeline,qsvm,0,0,0.3412465843933014,2016-08-15 01:00:00,minmax_0_1,1.0
21,Q_farooq_pipeline,qsvm,0,0,0.2972929671059557,2016-08-30 15:00:00,minmax_0_1,1.0
21,Q_farooq_pipeline,qsvm,0,0,0.3472954150754065,2016-08-30 22:00:00,minmax_0_1,1.0
21,Q_farooq_pipeline,qsvm,0,0,0.31251448820720046,2016-09-02 05:00:00,minmax_0_1,1.0
21,Q_farooq_pipeline,qsvm,0,0,0.35103246676025424,2016-09-04 12:00:00,minmax_0_1,1.0
21,Q_farooq_pipeline,qsvm,0,0,0.3120978636793637,2016-09-20 07:00:00,minmax_0_1,1.0
21,Q_farooq_pipeline,qsvm,0,0,0.30982285976738144,2016-09-21 09:00:00,minmax_0_1,1.0
21,Q_farooq_pipeline,qsvm,1,0,0.44364021641724277,2016-09-23 18:00:00,minmax_0_1,1.0
21,Q_farooq_pipeline,qsvm,0,0,0.3395157500323345,2016-09-30 14:00:00,minmax_0_1,1.0
21,Q_farooq_pipeline,qsvm,0,0,0.47705115260799863,2016-10-03 14:00:00,minmax_0_1,1.0
21,Q_farooq_pipeline,qsvm,0,0,0.31879378621340915,2016-10-07 04:00:00,minmax_0_1,1.0
21,Q_farooq_pipeline,qsvm,0,0,0.3923826227482848,2016-10-11 19:00:00,minmax_0_1,1.0
21,Q_farooq_pipeline,qsvm,0,0,0.4312974912625059,2016-10-12 01:00:00,minmax_0_1,1.0
21,Q_farooq_pipeline,qsvm,1,0,0.485263939789571,2016-10-14 07:00:00,minmax_0_1,1.0
21,Q_farooq_pipeline,qsvm,0,0,0.48439841448449394,2016-10-16 10:00:00,minmax_0_1,1.0
21,Q_farooq_pipeline,qsvm,1,0,0.29129143440852484,2016-10-18 11:00:00,minmax_0_1,1.0
21,Q_farooq_pipeline,qsvm,0,1,0.5809445853277329,2016-10-20 23:00:00,minmax_0_1,1.0
21,Q_farooq_pipeline,qsvm,0,0,0.3924258473592511,2016-10-25 04:00:00,minmax_0_1,1.0
21,Q_farooq_pipeline,qsvm,0,0,0.44168778822697047,2016-10-25 15:00:00,minmax_0_1,1.0
21,Q_farooq_pipeline,qsvm,0,0,0.27539052306957024,2016-10-27 01:00:00,minmax_0_1,1.0
21,Q_farooq_pipeline,qsvm,0,0,0.21927780379164227,2016-10-29 14:00:00,minmax_0_1,1.0
21,Q_farooq_pipeline,qsvm,0,0,0.2976075510552632,2016-11-02 01:00:00,minmax_0_1,1.0
21,Q_farooq_pipeline,qsvm,0,0,0.37503444485468745,2016-11-02 03:00:00,minmax_0_1,1.0
21,Q_farooq_pipeline,qsvm,0,1,0.790684406270741,2016-11-05 04:00:00,minmax_0_1,1.0
21,Q_farooq_pipeline,qsvm,0,1,0.6295188290369158,2016-11-05 07:00:00,minmax_0_1,1.0
21,Q_farooq_pipeline,qsvm,0,0,0.2419661152825293,2016-11-15 15:00:00,minmax_0_1,1.0
21,Q_farooq_pipeline,qsvm,1,1,0.6639389864486895,2016-11-18 01:00:00,minmax_0_1,1.0
21,Q_farooq_pipeline,qsvm,1,1,0.5438513831368651,2016-11-18 03:00:00,minmax_0_1,1.0
21,Q_farooq_pipeline,qsvm,0,1,0.6419479966180924,2016-11-19 01:00:00,minmax_0_1,1.0
21,Q_farooq_pipeline,qsvm,0,1,0.5584679343680069,2016-11-20 13:00:00,minmax_0_1,1.0
21,Q_farooq_pipeline,qsvm,0,0,0.3431866773630732,2016-11-28 19:00:00,minmax_0_1,1.0
21,Q_farooq_pipeline,qsvm,0,0,0.3054319354203203,2016-11-28 20:00:00,minmax_0_1,1.0
21,Q_farooq_pipeline,qsvm,0,1,0.593040822929081,2016-11-29 16:00:00,minmax_0_1,1.0
21,Q_farooq_pipeline,qsvm,0,1,0.6132415526632916,2016-12-04 18:00:00,minmax_0_1,1.0
21,Q_farooq_pipeline,qsvm,0,1,0.7441901003870008,2016-12-05 02:00:00,minmax_0_1,1.0
21,Q_farooq_pipeline,qsvm,0,1,0.7129401414381799,2016-12-13 10:00:00,minmax_0_1,1.0
21,Q_farooq_pipeline,qsvm,0,0,0.2089640794533449,2016-12-14 22:00:00,minmax_0_1,1.0
21,Q_farooq_pipeline,qsvm,0,0,0.39077800087440334,2016-12-15 08:00:00,minmax_0_1,1.0
21,Q_farooq_pipeline,qsvm,1,1,0.7962914227713123,2016-12-20 07:00:00,minmax_0_1,1.0
21,Q_farooq_pipeline,qsvm,0,0,0.4620812672070616,2016-12-22 01:00:00,minmax_0_1,1.0
21,Q_farooq_pipeline,qsvm,0,0,0.26227022410922207,2016-12-27 08:00:00,minmax_0_1,1.0
21,Q_farooq_pipeline,qsvm,1,1,0.8229574939362022,2016-12-30 18:00:00,minmax_0_1,1.0
21,Q_farooq_pipeline,qsvm,0,1,0.6550483112612285,2017-01-08 01:00:00,minmax_0_1,1.0
21,Q_farooq_pipeline,qsvm,0,0,0.31967840113266704,2017-01-11 20:00:00,minmax_0_1,1.0
21,Q_farooq_pipeline,qsvm,0,0,0.27208830004611434,2017-01-20 13:00:00,minmax_0_1,1.0
21,Q_farooq_pipeline,qsvm,0,1,0.5791393812877133,2017-01-28 03:00:00,minmax_0_1,1.0
21,Q_farooq_pipeline,qsvm,0,0,0.20501473107578616,2017-01-30 14:00:00,minmax_0_1,1.0
21,Q_farooq_pipeline,qsvm,1,0,0.42954047112726024,2017-02-03 02:00:00,minmax_0_1,1.0
21,Q_farooq_pipeline,qsvm,0,0,0.19016429605749843,2017-02-09 06:00:00,minmax_0_1,1.0
21,Q_farooq_pipeline,qsvm,0,0,0.38139780291808717,2017-02-19 00:00:00,minmax_0_1,1.0
21,Q_farooq_pipeline,qsvm,0,1,0.6730551216775936,2017-02-20 01:00:00,minmax_0_1,1.0
21,Q_farooq_pipeline,qsvm,0,0,0.1724304350042473,2017-02-25 05:00:00,minmax_0_1,1.0
21,Q_farooq_pipeline,qsvm,0,0,0.28880556799821067,2017-02-27 14:00:00,minmax_0_1,1.0
21,Q_farooq_0pi,qsvm,0,1,0.8551429562380471,2016-05-16 08:00:00,minmax_0_pi,2.0
21,Q_farooq_0pi,qsvm,0,0,0.3334971350167352,2016-05-22 11:00:00,minmax_0_pi,2.0
21,Q_farooq_0pi,qsvm,0,1,0.7987589854242508,2016-05-24 03:00:00,minmax_0_pi,2.0
21,Q_farooq_0pi,qsvm,0,0,0.26869039125235444,2016-05-26 18:00:00,minmax_0_pi,2.0
21,Q_farooq_0pi,qsvm,0,0,0.20387423113489522,2016-06-02 16:00:00,minmax_0_pi,2.0
21,Q_farooq_0pi,qsvm,0,0,0.3231135116492117,2016-06-05 21:00:00,minmax_0_pi,2.0
21,Q_farooq_0pi,qsvm,0,0,0.32533447549191347,2016-06-10 21:00:00,minmax_0_pi,2.0
21,Q_farooq_0pi,qsvm,0,0,0.24129245984995334,2016-06-10 22:00:00,minmax_0_pi,2.0
21,Q_farooq_0pi,qsvm,0,0,0.14771758335332255,2016-06-16 22:00:00,minmax_0_pi,2.0
21,Q_farooq_0pi,qsvm,0,0,0.32095518148395524,2016-06-19 07:00:00,minmax_0_pi,2.0
21,Q_farooq_0pi,qsvm,0,1,0.5715103213702488,2016-06-21 15:00:00,minmax_0_pi,2.0
21,Q_farooq_0pi,qsvm,0,1,0.5266987501638796,2016-06-23 21:00:00,minmax_0_pi,2.0
21,Q_farooq_0pi,qsvm,0,0,0.15869139664279025,2016-06-26 11:00:00,minmax_0_pi,2.0
21,Q_farooq_0pi,qsvm,0,0,0.4004386023014931,2016-06-30 14:00:00,minmax_0_pi,2.0
21,Q_farooq_0pi,qsvm,0,1,0.571810611525848,2016-07-07 17:00:00,minmax_0_pi,2.0
21,Q_farooq_0pi,qsvm,0,1,0.6630580052445874,2016-07-10 04:00:00,minmax_0_pi,2.0
21,Q_farooq_0pi,qsvm,0,0,0.2820340478307616,2016-07-16 02:00:00,minmax_0_pi,2.0
21,Q_farooq_0pi,qsvm,0,0,0.4135941297661726,2016-07-16 12:00:00,minmax_0_pi,2.0
21,Q_farooq_0pi,qsvm,0,0,0.44637177897025626,2016-07-17 21:00:00,minmax_0_pi,2.0
21,Q_farooq_0pi,qsvm,0,0,0.34698872299634304,2016-07-20 11:00:00,minmax_0_pi,2.0
21,Q_farooq_0pi,qsvm,0,1,0.6939394243473609,2016-07-24 00:00:00,minmax_0_pi,2.0
21,Q_farooq_0pi,qsvm,0,1,0.5858992905209897,2016-07-24 04:00:00,minmax_0_pi,2.0
21,Q_farooq_0pi,qsvm,0,1,0.5940159994337307,2016-07-24 17:00:00,minmax_0_pi,2.0
21,Q_farooq_0pi,qsvm,0,0,0.42523615627246614,2016-07-25 18:00:00,minmax_0_pi,2.0
21,Q_farooq_0pi,qsvm,0,0,0.3088466051289037,2016-08-03 17:00:00,minmax_0_pi,2.0
21,Q_farooq_0pi,qsvm,0,1,0.6454125665404833,2016-08-05 10:00:00,minmax_0_pi,2.0
21,Q_farooq_0pi,qsvm,0,0,0.422625941975408,2016-08-13 02:00:00,minmax_0_pi,2.0
21,Q_farooq_0pi,qsvm,0,0,0.25165191918054325,2016-08-15 01:00:00,minmax_0_pi,2.0
21,Q_farooq_0pi,qsvm,0,0,0.2210408402683753,2016-08-30 15:00:00,minmax_0_pi,2.0
21,Q_farooq_0pi,qsvm,0,0,0.16072604412997252,2016-08-30 22:00:00,minmax_0_pi,2.0
21,Q_farooq_0pi,qsvm,0,0,0.21815170835596662,2016-09-02 05:00:00,minmax_0_pi,2.0
21,Q_farooq_0pi,qsvm,0,0,0.38397358748069554,2016-09-04 12:00:00,minmax_0_pi,2.0
21,Q_farooq_0pi,qsvm,0,1,0.7811556167593146,2016-09-20 07:00:00,minmax_0_pi,2.0
21,Q_farooq_0pi,qsvm,0,1,0.6682177131104542,2016-09-21 09:00:00,minmax_0_pi,2.0
21,Q_farooq_0pi,qsvm,1,0,0.4722674793041384,2016-09-23 18:00:00,minmax_0_pi,2.0
21,Q_farooq_0pi,qsvm,0,1,0.5689076986428331,2016-09-30 14:00:00,minmax_0_pi,2.0
21,Q_farooq_0pi,qsvm,0,0,0.4512731245567034,2016-10-03 14:00:00,minmax_0_pi,2.0
21,Q_farooq_0pi,qsvm,0,0,0.38283807069741493,2016-10-07 04:00:00,minmax_0_pi,2.0
21,Q_farooq_0pi,qsvm,0,0,0.3088719356767102,2016-10-11 19:00:00,minmax_0_pi,2.0
21,Q_farooq_0pi,qsvm,0,0,0.2791446053825349,2016-10-12 01:00:00,minmax_0_pi,2.0
21,Q_farooq_0pi,qsvm,1,1,0.6698374621187231,2016-10-14 07:00:00,minmax_0_pi,2.0
21,Q_farooq_0pi,qsvm,0,1,0.6204466750417427,2016-10-16 10:00:00,minmax_0_pi,2.0
21,Q_farooq_0pi,qsvm,1,1,0.636496176145073,2016-10-18 11:00:00,minmax_0_pi,2.0
21,Q_farooq_0pi,qsvm,0,1,0.6366987645387351,2016-10-20 23:00:00,minmax_0_pi,2.0
21,Q_farooq_0pi,qsvm,0,1,0.5257637960778128,2016-10-25 04:00:00,minmax_0_pi,2.0
21,Q_farooq_0pi,qsvm,0,0,0.47124315730782657,2016-10-25 15:00:00,minmax_0_pi,2.0
21,Q_farooq_0pi,qsvm,0,0,0.2725284448994877,2016-10-27 01:00:00,minmax_0_pi,2.0
21,Q_farooq_0pi,qsvm,0,1,0.7307206289372908,2016-10-29 14:00:00,minmax_0_pi,2.0
21,Q_farooq_0pi,qsvm,0,0,0.14496301451115282,2016-11-02 01:00:00,minmax_0_pi,2.0
21,Q_farooq_0pi,qsvm,0,0,0.12682577152870705,2016-11-02 03:00:00,minmax_0_pi,2.0
21,Q_farooq_0pi,qsvm,0,0,0.34750534928298704,2016-11-05 04:00:00,minmax_0_pi,2.0
21,Q_farooq_0pi,qsvm,0,0,0.24336660597651152,2016-11-05 07:00:00,minmax_0_pi,2.0
21,Q_farooq_0pi,qsvm,0,1,0.6246968294395663,2016-11-15 15:00:00,minmax_0_pi,2.0
21,Q_farooq_0pi,qsvm,1,1,0.8094184724208577,2016-11-18 01:00:00,minmax_0_pi,2.0
21,Q_farooq_0pi,qsvm,1,1,0.7908377060002808,2016-11-18 03:00:00,minmax_0_pi,2.0
21,Q_farooq_0pi,qsvm,0,1,0.6164082710190724,2016-11-19 01:00:00,minmax_0_pi,2.0
21,Q_farooq_0pi,qsvm,0,1,0.7000030345563881,2016-11-20 13:00:00,minmax_0_pi,2.0
21,Q_farooq_0pi,qsvm,0,0,0.1882373709033505,2016-11-28 19:00:00,minmax_0_pi,2.0
21,Q_farooq_0pi,qsvm,0,0,0.1753572634933089,2016-11-28 20:00:00,minmax_0_pi,2.0
21,Q_farooq_0pi,qsvm,0,1,0.5537615304356485,2016-11-29 16:00:00,minmax_0_pi,2.0
21,Q_farooq_0pi,qsvm,0,1,0.738731966547805,2016-12-04 18:00:00,minmax_0_pi,2.0
21,Q_farooq_0pi,qsvm,0,1,0.64725393727626,2016-12-05 02:00:00,minmax_0_pi,2.0
21,Q_farooq_0pi,qsvm,0,1,0.8146899741827822,2016-12-13 10:00:00,minmax_0_pi,2.0
21,Q_farooq_0pi,qsvm,0,0,0.19812834951671357,2016-12-14 22:00:00,minmax_0_pi,2.0
21,Q_farooq_0pi,qsvm,0,0,0.2587316505223204,2016-12-15 08:00:00,minmax_0_pi,2.0
21,Q_farooq_0pi,qsvm,1,0,0.244531623419024,2016-12-20 07:00:00,minmax_0_pi,2.0
21,Q_farooq_0pi,qsvm,0,0,0.3726620881378316,2016-12-22 01:00:00,minmax_0_pi,2.0
21,Q_farooq_0pi,qsvm,0,0,0.25426058900363574,2016-12-27 08:00:00,minmax_0_pi,2.0
21,Q_farooq_0pi,qsvm,1,0,0.4278809711660384,2016-12-30 18:00:00,minmax_0_pi,2.0
21,Q_farooq_0pi,qsvm,0,1,0.7861345527092386,2017-01-08 01:00:00,minmax_0_pi,2.0
21,Q_farooq_0pi,qsvm,0,0,0.21079767055597934,2017-01-11 20:00:00,minmax_0_pi,2.0
21,Q_farooq_0pi,qsvm,0,0,0.2413138582656742,2017-01-20 13:00:00,minmax_0_pi,2.0
21,Q_farooq_0pi,qsvm,0,1,0.5330584893537806,2017-01-28 03:00:00,minmax_0_pi,2.0
21,Q_farooq_0pi,qsvm,0,0,0.1988800295430865,2017-01-30 14:00:00,minmax_0_pi,2.0
21,Q_farooq_0pi,qsvm,1,1,0.564581244318319,2017-02-03 02:00:00,minmax_0_pi,2.0
21,Q_farooq_0pi,qsvm,0,0,0.30767415032991,2017-02-09 06:00:00,minmax_0_pi,2.0
21,Q_farooq_0pi,qsvm,0,0,0.32179120597025285,2017-02-19 00:00:00,minmax_0_pi,2.0
21,Q_farooq_0pi,qsvm,0,1,0.8525859984910514,2017-02-20 01:00:00,minmax_0_pi,2.0
21,Q_farooq_0pi,qsvm,0,1,0.5985551980384856,2017-02-25 05:00:00,minmax_0_pi,2.0
21,Q_farooq_0pi,qsvm,0,1,0.7670978194394175,2017-02-27 14:00:00,minmax_0_pi,2.0
